pair_key,annotator,breed,emotion,kp0_x,kp0_y,kp0_v,kp1_x,kp1_y,kp1_v,kp2_x,kp2_y,kp2_v,kp3_x,kp3_y,kp3_v,kp4_x,kp4_y,kp4_v,kp5_x,kp5_y,kp5_v,kp6_x,kp6_y,kp6_v,kp7_x,kp7_y,kp7_v,kp8_x,kp8_y,kp8_v,kp9_x,kp9_y,kp9_v,kp10_x,kp10_y,kp10_v,kp11_x,kp11_y,kp11_v,kp12_x,kp12_y,kp12_v,kp13_x,kp13_y,kp13_v,kp14_x,kp14_y,kp14_v,kp15_x,kp15_y,kp15_v,kp16_x,kp16_y,kp16_v,kp17_x,kp17_y,kp17_v,kp18_x,kp18_y,kp18_v,kp19_x,kp19_y,kp19_v,kp20_x,kp20_y,kp20_v,kp21_x,kp21_y,kp21_v,kp22_x,kp22_y,kp22_v,kp23_x,kp23_y,kp23_v,kp24_x,kp24_y,kp24_v,kp25_x,kp25_y,kp25_v,kp26_x,kp26_y,kp26_v,kp27_x,kp27_y,kp27_v,kp28_x,kp28_y,kp28_v,kp29_x,kp29_y,kp29_v,kp30_x,kp30_y,kp30_v,kp31_x,kp31_y,kp31_v,kp32_x,kp32_y,kp32_v,kp33_x,kp33_y,kp33_v,kp34_x,kp34_y,kp34_v,kp35_x,kp35_y,kp35_v,kp36_x,kp36_y,kp36_v,kp37_x,kp37_y,kp37_v,kp38_x,kp38_y,kp38_v,kp39_x,kp39_y,kp39_v,kp40_x,kp40_y,kp40_v,kp41_x,kp41_y,kp41_v,kp42_x,kp42_y,kp42_v,kp43_x,kp43_y,kp43_v,kp44_x,kp44_y,kp44_v,kp45_x,kp45_y,kp45_v,AU101,AU143,AU145,AU109,AU110,AU12,AU116,AU118,AU25,AU26,AU27,AD19,AD33,AD35,AD37,AD137,EAD101,EAD102,EAD103,EAD104,EAD105
DOGS/coverr-79CsLIfd1J__a-couple-walks-with-their-dog-in-the-city/coverr-79CsLIfd1J__a-couple-walks-with-their-dog-in-the-city_t0_000046.jpg,masha,collie,happy,-0.114044,-0.142077,0.8238,0.09611,-0.159326,0.849,-0.151175,-0.072719,0.8031,0.140946,-0.103528,1.0118,-0.175053,0.000996,0.9115,0.174887,-0.035047,0.8774,-0.238126,0.075163,0.9341,0.230932,0.031707,0.8904,-0.240657,-0.02741,0.9507,0.239905,-0.053474,0.8766,-0.222372,-0.114687,0.8468,0.202359,-0.139796,0.8909,-0.134373,-0.136232,0.7781,0.111853,-0.178881,0.7921,-0.047929,-0.111966,0.8689,0.004105,-0.117206,0.9098,-0.068028,-0.040562,0.9936,0.049853,-0.054817,0.9311,-0.10479,-0.039105,1.0,0.089256,-0.060736,0.9137,-0.086336,-0.052483,0.9689,0.066232,-0.070531,0.9498,-0.086679,-0.029595,0.9675,0.072939,-0.048307,0.9587,-0.003089,-0.015456,0.9718,0.002473,0.025248,0.9437,-0.030715,0.035563,0.9757,0.036998,0.028433,0.9787,-0.035694,-0.006332,0.945,0.030689,-0.013331,0.9645,-0.082272,0.006017,0.9458,0.077826,-0.012659,0.9412,0.006663,0.059997,0.9331,-0.030975,0.064319,0.9658,0.044139,0.056561,0.9433,0.011003,0.097419,0.9475,-0.05949,0.071298,0.8913,0.069047,0.057656,0.8802,0.012958,0.114291,0.9729,-0.098501,0.0803,0.989,0.109218,0.048904,0.9819,0.035189,0.235655,0.707,0.035486,0.24231,0.6831,-0.042809,0.119972,0.9835,0.065648,0.109209,1.0588,0.040867,0.238729,1.0184,0,0,0,0,0,0,0,1,1,0,1,1,0,0,0,0,0,0,0,0,0
DOGS/coverr-79CsLIfd1J__a-couple-walks-with-their-dog-in-the-city/coverr-79CsLIfd1J__a-couple-walks-with-their-dog-in-the-city_t0_000184.jpg,masha,collie,happy,-0.101341,-0.157303,0.8357,0.084084,-0.193113,0.8832,-0.137162,-0.116139,0.62,0.133569,-0.147982,0.8485,-0.171005,-0.048395,0.9114,0.173967,-0.084018,0.7835,-0.190519,-6e-05,0.9316,0.233725,-0.017998,0.9275,-0.171553,-0.03387,0.7157,0.229227,-0.107265,0.8737,-0.149455,-0.065934,0.5772,0.195241,-0.186074,0.8861,-0.128214,-0.078109,0.6525,0.099059,-0.21387,0.7885,-0.048628,-0.11833,0.8033,0.000863,-0.123512,0.7785,-0.067432,-0.04762,1.0199,0.044568,-0.061407,0.9424,-0.09611,-0.047736,0.9956,0.083286,-0.07315,1.0025,-0.082641,-0.059274,1.0077,0.059932,-0.079045,0.9874,-0.081916,-0.037817,0.9787,0.066769,-0.057645,0.9317,-0.014433,0.002945,0.9754,-0.016409,0.059728,0.9859,-0.046607,0.069365,0.9716,0.01783,0.062027,1.0025,-0.044724,0.01262,0.9199,0.01846,0.006489,0.9579,-0.078351,-0.001156,0.9274,0.071401,-0.020466,0.9036,-0.01369,0.095231,0.9955,-0.045565,0.100083,0.9608,0.023498,0.091246,0.986,-0.007865,0.12555,1.0106,-0.063529,0.094523,0.9189,0.054625,0.077645,0.8434,-0.005469,0.135977,1.0365,-0.078871,0.080997,0.8383,0.11895,0.017295,0.9625,0.005008,0.210486,0.7548,0.006744,0.220424,0.8029,-0.043367,0.132283,0.9149,0.053557,0.118325,0.9049,0.00627,0.278266,0.9866,0,0,0,0,0,0,0,0,0,0,0,0,0,0,0,0,0,0,0,0,0
DOGS/coverr-DdeaOJPiyM__golden-retriever-and-border-collie/coverr-DdeaOJPiyM__golden-retriever-and-border-collie_t0_000069.jpg,danek,golden retriever,neutral,-0.099188,-0.136988,0.9428,0.08122,-0.081465,0.0,-0.141504,-0.101086,0.8593,0.092494,-0.057966,0.0,-0.1688,-0.046137,0.8874,0.102279,-0.045,0.0,-0.234601,0.002842,0.8464,0.113115,-0.04055,0.0,-0.245805,-0.074372,0.8974,0.11336,-0.048817,0.0,-0.225841,-0.152027,0.8284,0.102635,-0.072356,0.0,-0.106629,-0.163079,0.87,0.082311,-0.08897,0.0,0.055718,-0.080887,0.5452,0.074812,-0.06963,0.5984,0.030887,-0.057084,0.8964,0.077507,-0.03671,0.0,-0.006082,-0.07766,0.886,0.090739,-0.035393,0.0,0.018995,-0.076725,0.8753,0.085008,-0.041502,0.0,0.009116,-0.060446,0.8727,0.084272,-0.027108,0.0,0.077821,0.009181,0.6769,0.122212,0.063395,0.8544,0.100002,0.060218,0.8724,0.135816,0.070291,0.7689,0.056027,0.006601,0.7819,0.097862,0.017055,0.6598,0.000216,-0.036115,0.7653,0.087417,-0.01133,0.7091,0.119492,0.084099,0.8236,0.094591,0.077626,0.9046,0.133155,0.087873,0.7673,0.111033,0.099356,0.7716,0.033454,0.059925,0.5046,0.13502,0.088551,0.4696,0.105107,0.104446,0.0,-0.073031,0.00614,0.8809,0.051795,0.118142,0.0,0.018559,0.168411,0.7026,-0.000145,0.163035,0.6538,0.012143,0.092405,0.7038,0.117134,0.104802,0.0,0.027025,0.236409,0.4919,,,,,,,,,,,,,,,,,,,,,
DOGS/coverr-GILyJwszFN__sitting-on-the-couch-with-dog/coverr-GILyJwszFN__sitting-on-the-couch-with-dog_t0_000120.jpg,danek,toy poodle,neutral,-0.201645,-0.236048,0.3744,0.075109,-0.188677,0.4937,-0.252567,-0.144767,0.5224,0.090226,-0.095059,0.6027,-0.251723,-0.06408,0.4648,0.090377,-0.02135,0.6821,-0.329344,-0.011481,0.3467,0.117284,0.05791,0.8921,-0.38278,-0.134787,0.4275,0.131379,-0.011196,0.8359,-0.365853,-0.234388,0.345,0.122386,-0.091253,0.7252,-0.243232,-0.269188,0.4463,0.098745,-0.177443,0.514,-0.057714,-0.154373,0.6425,0.006408,-0.150842,0.5503,-0.077833,-0.067671,0.8237,0.038799,-0.064439,0.938,-0.126515,-0.079061,0.7434,0.071714,-0.070079,0.9085,-0.10102,-0.089107,0.8564,0.053356,-0.079166,0.9037,-0.102738,-0.059423,0.8534,0.05694,-0.055364,0.9169,0.014554,-0.014629,0.9381,0.042135,0.049123,0.9147,0.00762,0.055585,0.9631,0.071509,0.054941,0.9508,-0.019733,-0.007542,0.8613,0.044968,-0.010869,0.9249,-0.102243,-0.022306,0.7471,0.062445,-0.023807,0.8842,0.043025,0.08366,0.9468,0.006823,0.083854,0.8889,0.074008,0.086251,1.0198,0.034953,0.115883,0.9907,-0.035067,0.077124,0.7913,0.087604,0.083253,0.8538,0.031429,0.125929,0.9735,-0.075097,0.084304,0.721,0.092777,0.086416,0.738,0.029062,0.132781,0.9157,0.027555,0.136749,0.8942,-0.024203,0.125409,0.8833,0.064811,0.127543,0.8521,0.030078,0.129631,0.9628,0,0,0,0,0,0,0,0,0,0,0,0,0,0,0,0,0,0,0,0,0
DOGS/coverr-GILyJwszFN__sitting-on-the-couch-with-dog/coverr-GILyJwszFN__sitting-on-the-couch-with-dog_t0_000240.jpg,danek,toy poodle,relaxed,-0.167785,-0.20125,0.5065,0.076026,-0.184479,0.744,-0.20449,-0.128848,0.5841,0.099431,-0.106842,0.7808,-0.19993,-0.040112,0.7068,0.10537,-0.019994,0.8467,-0.274626,0.026107,0.891,0.150612,0.063331,0.9677,-0.337844,-0.088111,0.5791,0.1677,-0.020434,0.9202,-0.31911,-0.193537,0.6003,0.148683,-0.109919,0.829,-0.202414,-0.23525,0.4545,0.09909,-0.199177,0.66,-0.042593,-0.139812,0.6323,0.01403,-0.139023,0.6294,-0.059378,-0.057196,0.9274,0.039638,-0.057222,0.9714,-0.108543,-0.06576,0.8796,0.072511,-0.065763,0.9342,-0.083359,-0.078748,0.9603,0.054363,-0.075282,0.9872,-0.085413,-0.047491,0.9641,0.058193,-0.047911,0.9647,0.012863,-0.005838,0.9426,0.03294,0.055956,0.9497,0.001442,0.063833,0.9329,0.061485,0.060375,0.9278,-0.019102,0.002396,0.9016,0.042693,-0.001218,0.9084,-0.085943,-0.008008,0.8656,0.062134,-0.009663,0.9534,0.036085,0.089901,0.9448,0.002758,0.091177,0.9211,0.065866,0.09035,1.0086,0.033201,0.118553,0.9989,-0.036739,0.086454,0.8699,0.082436,0.08397,0.8786,0.032038,0.126593,0.9636,-0.074117,0.096625,0.5723,0.091327,0.087936,0.7525,0.031115,0.132537,0.944,0.030423,0.136061,0.9203,-0.022244,0.131019,0.825,0.066511,0.127051,0.9134,0.031465,0.129762,0.974,0,0,0,0,0,0,0,0,0,0,0,0,0,0,0,0,0,0,0,0,0
DOGS/coverr-GILyJwszFN__sitting-on-the-couch-with-dog/coverr-GILyJwszFN__sitting-on-the-couch-with-dog_t0_000312.jpg,danek,toy poodle,relaxed,-0.176909,-0.212112,0.3518,0.077659,-0.192929,0.6618,-0.214795,-0.135968,0.5542,0.099884,-0.113042,0.7859,-0.206752,-0.0475,0.7,0.10055,-0.022489,0.7747,-0.288366,0.018211,0.7901,0.142694,0.058226,0.9605,-0.32706,-0.091738,0.5675,0.157474,-0.021204,0.8779,-0.326065,-0.209057,0.5264,0.142969,-0.112105,0.7596,-0.2161,-0.251497,0.3956,0.100217,-0.206591,0.503,-0.042518,-0.147546,0.653,0.015885,-0.144669,0.6408,-0.060589,-0.064883,0.8879,0.039825,-0.059755,0.9673,-0.110635,-0.073042,0.8754,0.070856,-0.068367,0.9553,-0.08455,-0.086561,0.9241,0.05401,-0.077144,0.9452,-0.087095,-0.055203,0.9935,0.057342,-0.051393,0.9538,0.013342,-0.007333,0.952,0.034445,0.058292,0.9548,0.002922,0.066503,0.9136,0.062144,0.061585,0.9232,-0.019694,0.001074,0.8879,0.043294,-0.003309,0.8683,-0.089228,-0.0153,0.8224,0.062052,-0.016806,0.9453,0.036977,0.092406,0.9591,0.004279,0.093848,0.9041,0.06594,0.092209,1.0034,0.03343,0.120801,0.9823,-0.035846,0.08698,0.8619,0.082391,0.082907,0.8562,0.032194,0.127999,0.9683,-0.074233,0.096214,0.5716,0.091906,0.081289,0.7407,0.031204,0.133663,0.9467,0.030502,0.137021,0.8994,-0.021782,0.131436,0.8336,0.065711,0.12492,0.9153,0.031541,0.13104,0.9715,0,0,0,0,0,0,0,0,0,0,0,0,0,0,0,0,0,0,0,0,0
DOGS/coverr-GILyJwszFN__sitting-on-the-couch-with-dog/coverr-GILyJwszFN__sitting-on-the-couch-with-dog_t0_000384.jpg,danek,toy poodle,relaxed,-0.177431,-0.214036,0.4279,0.075846,-0.191793,0.7678,-0.217747,-0.136469,0.6189,0.097628,-0.11286,0.7688,-0.20643,-0.046509,0.6173,0.097702,-0.019096,0.8823,-0.288776,0.016352,0.7399,0.140048,0.058914,0.9609,-0.330435,-0.090905,0.4906,0.152642,-0.019035,0.8812,-0.328563,-0.206765,0.5438,0.139116,-0.111149,0.8189,-0.217321,-0.256149,0.329,0.097876,-0.205845,0.6132,-0.042197,-0.147347,0.6617,0.015298,-0.144775,0.6629,-0.061278,-0.062546,0.9214,0.038141,-0.057983,0.9591,-0.113077,-0.071954,0.9566,0.068943,-0.065143,0.9595,-0.085894,-0.086086,0.9359,0.052596,-0.074902,0.9915,-0.088983,-0.052681,0.9765,0.055398,-0.049005,0.9608,0.012427,-0.004541,0.9337,0.033717,0.061062,0.9265,0.002331,0.069381,0.8934,0.061016,0.064511,0.9496,-0.020203,0.00353,0.8719,0.042027,-0.000475,0.9033,-0.090663,-0.011935,0.8744,0.060423,-0.01467,0.9692,0.03619,0.095314,0.9377,0.003622,0.096391,0.911,0.065008,0.095141,0.9817,0.032475,0.123621,0.9935,-0.03605,0.089558,0.8211,0.081289,0.085941,0.8485,0.030961,0.131277,0.9543,-0.074539,0.098028,0.6371,0.090491,0.082924,0.7192,0.029716,0.137384,0.9252,0.028912,0.140902,0.9098,-0.02226,0.134003,0.8627,0.064557,0.128948,0.8964,0.030172,0.134568,0.9393,0,0,0,0,0,0,0,0,0,0,0,0,0,0,0,0,0,0,0,0,0
DOGS/coverr-GILyJwszFN__sitting-on-the-couch-with-dog/coverr-GILyJwszFN__sitting-on-the-couch-with-dog_t0_000480.jpg,danek,toy poodle,relaxed,-0.146814,-0.201814,0.5746,0.078603,-0.177136,0.4969,-0.188173,-0.124453,0.8114,0.103765,-0.118124,0.5557,-0.196756,-0.039989,0.7606,0.111928,-0.017156,0.7518,-0.29042,0.019183,0.919,0.151432,0.05279,0.91,-0.326589,-0.09313,0.7466,0.159063,-0.023145,0.7878,-0.292402,-0.197185,0.6309,0.14211,-0.107339,0.5738,-0.169276,-0.234384,0.643,0.088923,-0.189645,0.486,-0.03124,-0.131372,0.5952,0.022367,-0.128839,0.6141,-0.043511,-0.056861,0.9295,0.048378,-0.050514,0.9837,-0.093984,-0.067509,0.8762,0.078653,-0.056763,0.8362,-0.067464,-0.077142,0.9553,0.061985,-0.065625,0.9339,-0.070286,-0.048414,0.9247,0.065467,-0.04203,0.9069,0.023511,-0.003281,0.9214,0.043799,0.056998,0.9162,0.013978,0.064585,0.8897,0.069977,0.060989,0.9326,-0.006653,0.004128,0.9004,0.05154,0.000733,0.8972,-0.072755,-0.009252,0.8476,0.070426,-0.008997,0.9126,0.045973,0.089016,0.9169,0.014658,0.089764,0.899,0.073195,0.08994,1.0014,0.041954,0.115265,0.9419,-0.021383,0.08296,0.8065,0.088992,0.084792,0.8466,0.040164,0.122809,0.9431,-0.058567,0.093189,0.5236,0.096936,0.08273,0.7489,0.038881,0.128388,0.9185,0.038042,0.131678,0.9309,-0.008536,0.124676,0.8796,0.071032,0.122119,0.8323,0.039396,0.125808,0.9482,0,0,0,0,0,0,0,0,0,0,0,0,0,0,0,0,0,0,0,0,0
DOGS/coverr-Li7ehoYpwm__golden-retriever-in-the-nature/coverr-Li7ehoYpwm__golden-retriever-in-the-nature_t0_000144.jpg,masha,golden retriever,relaxed,-0.129037,-0.121528,1.0249,0.119707,-0.176838,0.9773,-0.144562,-0.057946,0.9179,0.169873,-0.116456,0.8931,-0.134644,0.007413,0.8602,0.183952,-0.03279,0.8157,-0.154151,0.108372,0.8541,0.237322,0.044287,0.9008,-0.195603,0.021461,0.9337,0.255637,-0.048984,0.8658,-0.207083,-0.058353,0.9454,0.255968,-0.146521,0.8557,-0.143824,-0.160172,0.691,0.117829,-0.217235,0.7977,-0.051625,-0.131733,0.8218,0.000329,-0.140714,0.8232,-0.078086,-0.043358,0.988,0.043112,-0.064061,0.9565,-0.114987,-0.04224,0.9569,0.090513,-0.073258,0.9744,-0.098966,-0.059296,0.9577,0.062113,-0.089887,0.9594,-0.097024,-0.030023,0.9954,0.071817,-0.051693,0.9453,-0.012059,-0.009973,0.9404,-0.004946,0.037319,0.9765,-0.037102,0.046979,0.9623,0.029557,0.039827,0.961,-0.044224,0.002046,0.9707,0.023068,-0.009132,0.9707,-0.091769,0.013755,0.9579,0.079851,-0.011063,0.9124,0.000364,0.065128,0.9789,-0.037032,0.068098,0.9241,0.037473,0.064149,0.9388,0.003848,0.093366,0.9728,-0.070149,0.078338,0.8965,0.0722,0.065955,0.8738,0.005514,0.114555,1.0242,-0.099788,0.09042,0.848,0.10157,0.08122,0.7111,0.016318,0.190138,0.9136,0.017909,0.19875,0.9596,-0.053871,0.133755,0.9088,0.060129,0.120442,0.9043,0.01431,0.185915,0.7109,0,0,0,0,0,0,0,0,1,0,0,1,0,0,0,0,0,0,0,0,0
DOGS/coverr-cymU5AKro0__girl-touches-a-dog-s-nose/coverr-cymU5AKro0__girl-touches-a-dog-s-nose_t0_000072.jpg,danek,Shetland sheepdog,neutral,-0.09808,-0.139416,0.7592,0.10315,-0.176425,0.8539,-0.136854,-0.104264,0.6958,0.141715,-0.150735,0.7664,-0.155771,-0.072566,0.7274,0.189751,-0.124702,0.8454,-0.186368,-0.034691,0.9393,0.25836,-0.101798,0.9392,-0.219334,-0.076552,0.7024,0.25776,-0.170394,0.8646,-0.172075,-0.089436,0.6308,0.195012,-0.214479,0.8358,-0.112314,-0.090057,0.7782,0.11265,-0.206775,0.7316,-0.043238,-0.096529,0.6739,0.0022,-0.104423,0.652,-0.057287,-0.023684,0.9166,0.042575,-0.045656,0.968,-0.093399,-0.024741,0.9433,0.078317,-0.064874,0.9642,-0.075273,-0.036747,0.9944,0.054414,-0.068205,0.9618,-0.074746,-0.011265,0.9346,0.066526,-0.044907,0.9787,-0.014236,0.021748,0.9266,-0.023833,0.088654,0.9792,-0.046073,0.09682,0.9757,0.004741,0.086655,0.9648,-0.041596,0.033011,0.9531,0.01458,0.019512,0.8457,-0.065424,0.018133,0.9507,0.074846,-0.017788,0.9255,-0.020258,0.114075,0.9393,-0.044405,0.117262,0.9683,0.012038,0.107787,0.9626,-0.011992,0.132801,0.9627,-0.053348,0.114188,0.8433,0.043388,0.092228,0.7626,-0.00819,0.138396,0.9321,-0.059842,0.104611,0.8269,0.09199,0.079616,0.6773,-0.005759,0.142143,0.9484,-0.004534,0.144318,0.9134,-0.036017,0.138534,0.8497,0.044331,0.129109,0.7074,-0.006767,0.140451,0.9458,0,0,0,0,0,0,0,0,0,0,0,0,0,0,0,0,0,0,0,0,0
DOGS/coverr-cymU5AKro0__girl-touches-a-dog-s-nose/coverr-cymU5AKro0__girl-touches-a-dog-s-nose_t0_000240.jpg,danek,Australian terrier,neutral,-0.10118,-0.177972,0.5624,0.079269,-0.210608,0.7034,-0.124816,-0.124749,0.3491,0.120773,-0.178667,0.7507,-0.122966,-0.080079,0.4932,0.169086,-0.147347,0.8599,-0.188681,-0.089335,0.2253,0.225374,-0.122722,0.9451,-0.145915,-0.082645,0.376,0.234226,-0.197063,0.7596,-0.155508,-0.142043,0.2595,0.187675,-0.262171,0.4754,-0.117655,-0.178045,0.2778,0.091233,-0.244732,0.6877,-0.054183,-0.118226,0.5295,-0.014201,-0.121479,0.5808,-0.063713,-0.044703,0.9272,0.024977,-0.056968,0.9413,-0.093137,-0.054622,0.9341,0.066132,-0.077592,1.0017,-0.078181,-0.061545,0.9819,0.038494,-0.083307,0.9864,-0.078914,-0.038028,0.9956,0.053903,-0.054058,0.9262,-0.024437,0.023397,0.8736,-0.031423,0.101582,0.9697,-0.05282,0.109295,0.9065,-0.002037,0.097486,0.9494,-0.049457,0.030995,0.86,0.003787,0.024403,0.7843,-0.067767,-0.006548,0.8428,0.062098,-0.022653,0.8883,-0.025686,0.126877,0.9549,-0.047261,0.131697,0.91,0.003222,0.119569,0.9042,-0.02081,0.139068,0.9493,-0.059595,0.117921,0.8082,0.032674,0.099293,0.7108,-0.019567,0.141025,0.971,-0.065771,0.097352,0.7433,0.077309,0.075727,0.6079,-0.018412,0.143112,0.9485,-0.017764,0.144522,0.9112,-0.045636,0.141222,0.9462,0.032922,0.131206,0.7902,-0.018872,0.142172,0.9704,0,0,0,0,0,0,0,0,0,0,0,0,0,0,0,0,0,0,0,0,0
DOGS/coverr-gnHRh4j0F7__golden-retriever-on-a-mountain-top/coverr-gnHRh4j0F7__golden-retriever-on-a-mountain-top_t1_000504.jpg,danek,golden retriever,neutral,-0.076554,-0.222923,0.6074,0.042693,-0.190183,0.6475,-0.115424,-0.161037,0.5764,0.044382,-0.133262,0.4797,-0.162417,-0.104379,0.5491,0.040473,-0.093703,0.373,-0.216862,-0.035836,0.5007,0.018901,-0.041488,0.5045,-0.257352,-0.14895,0.6065,0.068326,-0.094797,0.5432,-0.270938,-0.242743,0.4107,0.070173,-0.152955,0.4918,-0.095573,-0.255747,0.4888,0.052478,-0.205715,0.524,0.010003,-0.097563,0.5628,0.029526,-0.089866,0.5014,-0.037604,-0.058287,0.7026,0.026821,-0.036458,0.4761,-0.070682,-0.082707,0.7104,0.048153,-0.031939,0.3702,-0.04567,-0.084864,0.6138,0.038793,-0.04313,0.3938,-0.059433,-0.059275,0.717,0.040664,-0.026384,0.4281,0.02373,0.018515,0.6397,0.061126,0.086024,0.7549,0.028502,0.084501,0.7363,0.086728,0.097203,0.7655,-0.000186,0.02158,0.699,0.042219,0.023799,0.6242,-0.071458,-0.025373,0.6712,0.049655,0.000352,0.4586,0.059479,0.116073,0.7923,0.024953,0.109035,0.8145,0.084609,0.123462,0.7166,0.050472,0.138918,0.8574,-0.023333,0.09879,0.5667,0.092227,0.122021,0.5955,0.045734,0.146544,0.7692,-0.09521,0.082038,0.3624,0.090148,0.109051,0.5393,0.042038,0.153004,0.6738,0.040102,0.15644,0.6276,-0.037859,0.14921,0.6206,0.060731,0.148659,0.7166,0.044079,0.149854,0.6842,0,0,0,0,0,0,0,0,0,0,0,0,0,0,0,0,0,0,0,0,0
DOGS/coverr-i6tGa7esVJ__adorable-corgi-puppy-s-mystic-quest/coverr-i6tGa7esVJ__adorable-corgi-puppy-s-mystic-quest_t0_000000.jpg,danek,Pembroke,neutral,-0.083328,-0.138039,0.9559,0.04779,-0.146046,0.9848,-0.119534,-0.170494,0.9058,0.079244,-0.183081,0.978,-0.154619,-0.197372,0.9714,0.112511,-0.213161,0.99,-0.208189,-0.208523,0.9966,0.164507,-0.229861,0.9912,-0.211803,-0.141681,0.9456,0.173913,-0.16842,0.9748,-0.198854,-0.077937,0.9373,0.16751,-0.102232,0.9662,-0.166748,-0.010799,0.8999,0.146817,-0.035293,0.8206,-0.025015,-0.062225,0.651,0.01539,-0.065178,0.6541,-0.043333,0.016898,0.9965,0.048748,0.009614,0.9785,-0.088775,0.014611,1.0055,0.087811,0.001053,0.9715,-0.06626,-0.006565,0.9611,0.065074,-0.016639,0.9768,-0.067679,0.036939,0.9814,0.073535,0.025418,0.9732,0.005379,0.030533,0.9388,0.009321,0.063801,0.9792,-0.016094,0.071469,0.9618,0.035053,0.06664,0.9485,-0.018102,0.037903,0.9371,0.029747,0.033566,0.9464,-0.067447,0.067532,0.957,0.078289,0.054878,0.9659,0.012146,0.089402,1.005,-0.016777,0.091847,0.9355,0.039668,0.086777,0.953,0.01447,0.116362,0.9986,-0.040704,0.099144,0.8691,0.061735,0.089059,0.9223,0.015574,0.130063,1.0044,-0.062925,0.110901,0.9075,0.080524,0.096581,0.9518,0.01696,0.146988,0.9841,0.017633,0.155993,0.9519,-0.029212,0.139895,0.9768,0.056559,0.129072,0.9034,0.016309,0.138367,1.0007,0,0,0,0,0,0,0,0,0,0,0,0,0,0,0,0,0,0,0,0,0
DOGS/coverr-i8bODoUJ03__dog-with-a-red-leash/coverr-i8bODoUJ03__dog-with-a-red-leash_t0_000024.jpg,danek,golden retriever,relaxed,-0.18482,-0.132417,0.8318,0.102613,-0.135823,0.7896,-0.229901,-0.083218,0.7679,0.129824,-0.077653,0.885,-0.248956,-0.023125,0.6491,0.142079,-0.006891,0.8994,-0.295715,0.03072,0.6276,0.172063,0.069387,0.9592,-0.334523,-0.031862,0.7936,0.18642,-0.01633,0.8934,-0.299895,-0.107032,0.6668,0.169545,-0.095199,0.8141,-0.204507,-0.141713,0.6447,0.113687,-0.146274,0.8043,-0.026545,-0.115463,0.7527,0.028222,-0.111639,0.7622,-0.066246,-0.042126,1.0042,0.05798,-0.041019,1.0044,-0.121787,-0.048622,0.9766,0.091969,-0.043961,0.9946,-0.090955,-0.065786,0.9646,0.075873,-0.061255,1.0122,-0.096171,-0.029516,0.964,0.076349,-0.027267,0.9659,0.017876,-0.02925,0.9224,0.038897,0.004342,0.9339,0.002672,0.012369,0.943,0.067123,0.012078,0.9557,-0.012012,-0.02278,0.9475,0.046544,-0.023814,0.9604,-0.097034,0.006994,0.9629,0.082419,0.006842,0.9753,0.043228,0.038844,0.9941,-0.000583,0.038455,0.964,0.074484,0.040572,0.9598,0.038491,0.076974,1.0122,-0.044836,0.052444,0.7952,0.092087,0.055631,0.904,0.034485,0.09996,0.9661,-0.130733,0.073744,0.8961,0.105988,0.079726,0.9277,0.021128,0.182343,0.998,0.019076,0.199043,0.959,-0.041641,0.110614,0.8782,0.077285,0.112501,0.9814,0.023248,0.156241,0.8916,0,0,0,0,0,0,0,0,0,0,0,0,0,0,0,0,0,0,0,0,0
DOGS/coverr-i8bODoUJ03__dog-with-a-red-leash/coverr-i8bODoUJ03__dog-with-a-red-leash_t0_000096.jpg,danek,kuvasz,happy,-0.053563,-0.221847,0.7867,0.020255,-0.200316,0.6217,-0.101038,-0.171496,0.9093,0.03227,-0.156668,0.7659,-0.139006,-0.120016,0.9246,0.035663,-0.109894,0.887,-0.193794,-0.08646,0.8698,0.055314,-0.046524,0.8004,-0.19992,-0.154557,0.7986,0.06179,-0.108254,0.9184,-0.169575,-0.232853,0.6057,0.063535,-0.162463,0.8774,-0.067282,-0.250949,0.7615,0.036445,-0.211121,0.4663,-7.5e-05,-0.057545,0.3545,0.01954,-0.056388,0.4218,-0.031415,-0.021382,0.9249,0.033038,-0.022194,0.7046,-0.07348,-0.039977,0.8665,0.050589,-0.025817,0.5958,-0.046192,-0.044643,0.8775,0.041003,-0.030765,0.6032,-0.056347,-0.02064,0.8602,0.04017,-0.018601,0.681,0.022057,0.03736,0.7397,0.062179,0.102918,0.8722,0.036359,0.106965,0.9022,0.07996,0.107391,0.8184,0.00014,0.042955,0.735,0.041809,0.040389,0.8151,-0.062576,0.010886,0.7414,0.040299,0.008821,0.7012,0.061518,0.132895,0.8931,0.032209,0.133875,0.9265,0.078795,0.131285,0.8058,0.054201,0.155805,0.8719,-0.007637,0.126723,0.6399,0.084404,0.123638,0.5928,0.050923,0.1606,0.8882,-0.144904,0.068623,0.8167,0.080747,0.090394,0.6663,0.049162,0.164552,0.8487,0.048127,0.167115,0.8068,-0.007406,0.159509,0.7075,0.067987,0.15691,0.6679,0.050249,0.162494,0.8572,0,0,0,0,0,0,0,0,0,0,0,0,0,0,0,0,0,0,0,0,0
DOGS/coverr-i8bODoUJ03__dog-with-a-red-leash/coverr-i8bODoUJ03__dog-with-a-red-leash_t0_000168.jpg,danek,golden retriever,neutral,-0.124066,-0.185905,0.8408,0.08252,-0.162913,0.7708,-0.160076,-0.144863,0.8504,0.114185,-0.137902,0.8947,-0.185936,-0.098025,0.9021,0.138813,-0.097102,0.9788,-0.229527,-0.05053,0.931,0.166487,-0.048584,0.9757,-0.266719,-0.105764,0.9117,0.166422,-0.124576,0.7142,-0.262047,-0.179831,0.7271,0.142295,-0.192187,0.6686,-0.13582,-0.20975,0.6221,0.082318,-0.180202,0.712,-0.026017,-0.09333,0.7974,0.023394,-0.093903,0.7944,-0.047761,-0.022525,0.986,0.05955,-0.031491,0.95,-0.097208,-0.030645,0.9541,0.085715,-0.047415,0.98,-0.070588,-0.043961,0.9537,0.070021,-0.048669,0.9863,-0.075668,-0.01053,0.9168,0.076207,-0.029609,0.9407,0.011793,0.014091,0.9387,0.024011,0.071971,0.9596,-0.007428,0.082304,0.9495,0.053836,0.073898,1.0162,-0.017477,0.024606,0.9812,0.040836,0.016488,0.9595,-0.071824,0.027756,0.926,0.076735,0.008234,0.9555,0.028309,0.104486,0.97,-0.005784,0.109825,0.9409,0.058996,0.102006,1.0546,0.030122,0.130948,1.015,-0.035841,0.106254,0.9173,0.071938,0.094856,0.9162,0.030174,0.138476,1.0204,-0.077711,0.098976,0.9156,0.082095,0.083313,0.9108,0.024517,0.15889,0.9522,0.02425,0.167634,0.8856,-0.020726,0.142105,0.8459,0.061902,0.127508,0.9225,0.026748,0.148004,0.8791,0,0,0,0,0,0,0,0,0,0,0,0,0,0,0,0,0,0,0,0,0
DOGS/coverr-l2PuW4L0jF__cute-dog/coverr-l2PuW4L0jF__cute-dog_t0_000118.jpg,danek,Border collie,relaxed,-0.098148,-0.115064,0.9581,0.087642,-0.133994,0.949,-0.141579,-0.144698,0.8338,0.116357,-0.190814,0.8669,-0.205503,-0.115159,0.8851,0.191234,-0.200148,0.878,-0.237678,-0.057381,1.0036,0.2601,-0.162006,0.928,-0.207913,-0.050816,0.8528,0.224561,-0.138289,0.9155,-0.176413,-0.048751,0.896,0.184434,-0.116253,0.8926,-0.145537,-0.033255,0.859,0.164373,-0.077042,0.7397,-0.029653,-0.077482,0.8634,0.017902,-0.081267,0.8245,-0.060643,-0.013121,0.9864,0.063976,-0.027032,0.9769,-0.099276,-0.01239,0.9576,0.10577,-0.036898,0.9463,-0.081115,-0.028454,0.9646,0.081242,-0.049309,0.9672,-0.080371,0.000958,0.9665,0.088765,-0.018055,1.0016,-0.00394,0.003697,0.9478,-0.007048,0.040608,1.0236,-0.038449,0.048496,0.9513,0.02741,0.046531,0.9884,-0.033171,0.010347,0.9722,0.026987,0.008158,0.9615,-0.078927,0.034976,0.9774,0.090646,0.015456,0.9479,-0.006068,0.076083,0.9806,-0.044611,0.078704,0.9605,0.036354,0.073821,0.9691,-0.002574,0.113838,1.0386,-0.066477,0.094106,0.8935,0.072744,0.085272,0.8737,-0.001516,0.136277,0.8968,-0.083977,0.114048,0.8055,0.111675,0.104958,0.7877,-0.000955,0.150632,1.0293,-0.000466,0.159032,0.9681,-0.057829,0.150967,0.9402,0.074212,0.146988,0.9089,-0.001263,0.144156,0.9749,0,0,0,0,0,0,0,0,0,0,0,0,0,0,0,0,0,0,0,0,0
DOGS/coverr-l2PuW4L0jF__cute-dog/coverr-l2PuW4L0jF__cute-dog_t0_000295.jpg,danek,Border collie,relaxed,-0.095773,-0.134956,0.9826,0.044023,-0.124777,0.9045,-0.143523,-0.178359,0.8197,0.080665,-0.179869,0.7672,-0.219606,-0.172037,0.896,0.156566,-0.184183,0.8849,-0.285622,-0.128179,0.9599,0.217743,-0.145438,0.9751,-0.250937,-0.104147,0.897,0.175688,-0.126713,0.9237,-0.219196,-0.065451,0.7165,0.1329,-0.104719,0.7628,-0.175073,-0.02624,0.7289,0.119115,-0.043583,0.8346,-0.020604,-0.075548,0.8627,0.023532,-0.073856,0.8764,-0.052849,-0.019157,0.966,0.059865,-0.012627,0.986,-0.098061,-0.024514,0.9866,0.093649,-0.017877,0.9579,-0.073443,-0.040147,0.9829,0.075805,-0.031967,0.9945,-0.07777,-0.00683,0.9597,0.079121,-0.000558,1.0067,0.015272,0.009228,0.9364,0.026552,0.047303,0.994,-0.006621,0.052104,0.9866,0.056693,0.056096,0.9691,-0.013079,0.013756,0.9483,0.042823,0.015616,0.9502,-0.079551,0.026692,0.9261,0.079525,0.030582,0.9467,0.028847,0.080661,0.9645,-0.011648,0.07935,0.9321,0.064814,0.083916,0.9764,0.025317,0.115439,1.0084,-0.049236,0.087684,0.8351,0.081103,0.096562,0.9245,0.022042,0.135574,0.8757,-0.095844,0.109654,0.8244,0.09388,0.111791,0.9069,0.02061,0.148272,0.9903,0.019651,0.155679,0.9381,-0.045506,0.14089,1.0133,0.070468,0.151957,0.96,0.021113,0.142622,0.9629,0,0,0,0,0,0,0,0,0,0,0,0,0,0,0,0,0,0,0,0,0
DOGS/coverr-l2PuW4L0jF__cute-dog/coverr-l2PuW4L0jF__cute-dog_t0_000649.jpg,danek,Border collie,sad,-0.087375,-0.137579,0.9561,0.040767,-0.127122,0.9723,-0.13206,-0.181989,0.8404,0.072278,-0.184894,0.7441,-0.205428,-0.180936,0.8695,0.150178,-0.192328,0.8287,-0.277995,-0.143218,0.9806,0.217883,-0.15438,0.9795,-0.245027,-0.11058,0.8627,0.173596,-0.13529,0.8999,-0.218454,-0.067577,0.7669,0.135234,-0.109491,0.7451,-0.171223,-0.029345,0.804,0.118476,-0.042055,0.6215,-0.018463,-0.075897,0.829,0.025781,-0.073323,0.8485,-0.049919,-0.019512,0.9799,0.060214,-0.013026,1.0477,-0.094361,-0.025469,0.9812,0.093414,-0.018238,0.9308,-0.069861,-0.041037,0.976,0.076209,-0.032192,0.9932,-0.074924,-0.007551,0.9691,0.078706,-0.001062,1.0136,0.016521,0.010828,0.9399,0.027869,0.051132,0.9971,-0.004805,0.055283,0.9944,0.057368,0.059693,0.942,-0.011511,0.015957,0.9218,0.044229,0.016741,0.9543,-0.077033,0.026399,0.9645,0.079749,0.02987,0.949,0.029721,0.083923,0.977,-0.010431,0.082387,0.9672,0.064131,0.087,0.9526,0.025521,0.118396,0.9639,-0.04665,0.089524,0.8152,0.080461,0.097936,0.9175,0.021942,0.138,0.9196,-0.092954,0.10934,0.9396,0.093466,0.108326,0.8809,0.020955,0.149429,0.9917,0.02018,0.156486,0.9719,-0.043565,0.141164,0.977,0.069961,0.15033,1.015,0.021212,0.144163,0.9737,0,0,0,0,0,0,0,0,0,0,0,0,0,0,0,0,0,0,0,0,0
DOGS/coverr-rKa8aH0jFk__two-dogs-playing-together/coverr-rKa8aH0jFk__two-dogs-playing-together_t2_000050.jpg,danek,Border collie,relaxed,-0.106356,-0.106821,0.5964,0.068821,-0.168375,0.6068,-0.173087,-0.12855,0.7175,0.161911,-0.181727,0.4426,-0.232443,-0.149305,0.9056,0.2203,-0.060379,0.6176,-0.296968,-0.108142,0.9416,0.278969,-0.022332,0.7934,-0.258644,-0.043389,0.6444,0.290053,-0.080142,0.6041,-0.213596,0.002059,0.5525,0.232683,-0.152911,0.3513,-0.167813,0.032739,0.7629,0.096025,-0.189806,0.1786,-0.024545,-0.105703,0.6024,0.030398,-0.111856,0.665,-0.06465,-0.015051,0.833,0.08609,-0.042743,0.845,-0.103828,-0.013428,0.7005,0.136574,-0.04328,0.8064,-0.085916,-0.028033,0.8108,0.110601,-0.056356,0.8419,-0.083999,-0.001231,0.7638,0.113249,-0.031743,0.8637,0.005436,-0.021924,0.8658,0.002588,0.018703,0.9492,-0.025895,0.031929,0.9472,0.034189,0.01997,0.9504,-0.025361,-0.010991,0.924,0.037221,-0.020865,0.9191,-0.0836,0.035149,0.7146,0.112791,0.001226,0.7799,0.006252,0.052632,0.9714,-0.025769,0.060468,0.9734,0.039021,0.047995,0.9876,0.010862,0.087198,0.943,-0.050509,0.072941,0.7747,0.076113,0.043861,0.8126,0.015438,0.110478,0.8829,-0.066677,0.094376,0.8416,0.117949,0.067371,0.7825,0.017322,0.124224,0.8489,0.018475,0.131621,0.7395,-0.02472,0.125601,0.9083,0.065443,0.093048,0.7624,0.016473,0.118302,0.8796,0,0,0,0,0,0,0,0,0,0,0,0,0,0,0,0,0,0,0,0,0
DOGS/coverr-xVN2kcB8Mf__cuddling-a-black-dog/coverr-xVN2kcB8Mf__cuddling-a-black-dog_t0_000024.jpg,danek,Staffordshire bullterrier,sad,-0.125787,-0.138455,0.9624,0.069165,-0.124095,0.942,-0.156014,-0.174865,0.7391,0.117294,-0.084614,0.7532,-0.195471,-0.148185,0.6106,0.128794,-0.012397,0.7868,-0.190904,-0.218391,0.6218,0.18185,0.035911,0.9856,-0.286573,-0.087687,0.59,0.209701,-0.019214,0.924,-0.27825,-0.029028,0.8382,0.170703,-0.067204,0.6657,-0.229089,0.004592,0.9677,0.117052,-0.008931,0.4972,-0.047849,-0.101264,0.8062,-0.001999,-0.106782,0.8745,-0.087851,-0.02928,0.9839,0.050847,-0.041862,0.9336,-0.139041,-0.024418,1.0242,0.083706,-0.044815,1.018,-0.115039,-0.047306,0.9495,0.066582,-0.05939,0.9876,-0.11241,-0.012622,0.9257,0.069496,-0.031199,0.9659,0.009188,-0.034293,0.932,0.034975,-0.011879,0.9493,-0.001663,0.002282,0.953,0.063862,-0.006351,0.9305,-0.017166,-0.023025,0.8952,0.036175,-0.033192,0.8477,-0.108356,0.021923,0.9208,0.080561,-0.006302,0.9291,0.042052,0.022416,0.9722,-0.003216,0.028934,0.9721,0.07599,0.020684,0.8914,0.042236,0.060516,0.9438,-0.041116,0.051266,0.7856,0.091046,0.043621,0.7361,0.04205,0.088068,0.977,-0.122973,0.124674,0.8292,0.110307,0.072246,0.8789,0.053823,0.225562,0.9794,0.054588,0.233114,0.918,-0.039908,0.123048,0.8575,0.088369,0.11089,0.9791,0.05371,0.220027,1.0128,0,0,0,0,0,0,0,0,1,0,0,1,0,0,1,0,0,0,0,0,0
DOGS/coverr-xVN2kcB8Mf__cuddling-a-black-dog/coverr-xVN2kcB8Mf__cuddling-a-black-dog_t0_000096.jpg,danek,Labrador retriever,neutral,-0.177864,-0.169421,0.9563,0.054861,-0.15701,0.7123,-0.199699,-0.168265,0.5466,0.115729,-0.109399,0.6381,-0.245387,-0.130781,0.312,0.115068,-0.042154,0.7586,-0.276884,-0.075428,0.4475,0.162609,0.003612,0.9357,-0.292627,-0.137875,0.5228,0.19247,-0.054336,0.9528,-0.270344,-0.133397,0.8018,0.164992,-0.130618,0.8804,-0.228282,-0.111183,0.8764,0.101401,-0.081139,0.6899,-0.043091,-0.127614,0.8256,0.00414,-0.128333,0.7613,-0.078339,-0.048048,0.9545,0.04873,-0.042374,0.9603,-0.120069,-0.052804,0.8824,0.078314,-0.045486,0.9863,-0.098075,-0.060937,0.9158,0.062862,-0.053884,0.98,-0.099235,-0.041741,0.9018,0.065318,-0.035013,0.9739,0.010119,-0.004758,0.9105,0.034474,0.05131,0.9527,0.001344,0.059817,0.9219,0.063784,0.055036,0.9732,-0.021375,0.003895,0.9373,0.039933,-0.000279,0.9195,-0.09666,-0.006286,0.8292,0.067407,-0.001559,0.9499,0.040008,0.087951,0.9446,0.000835,0.089585,0.9771,0.071494,0.085849,1.0069,0.037087,0.124624,0.8984,-0.038104,0.087507,0.7842,0.083413,0.08789,0.9321,0.035317,0.138635,0.9711,-0.126449,0.108612,0.8299,0.092756,0.078479,0.8016,0.03374,0.153184,0.9281,0.033978,0.159017,0.8857,-0.02879,0.141116,0.6746,0.071277,0.136148,0.922,0.034109,0.144809,0.9565,0,0,0,0,0,0,0,0,0,0,0,0,0,0,0,0,0,0,0,0,0
DOGS/coverr-xVN2kcB8Mf__cuddling-a-black-dog/coverr-xVN2kcB8Mf__cuddling-a-black-dog_t0_000192.jpg,danek,Staffordshire bullterrier,happy,-0.015821,-0.206465,0.7132,0.01175,-0.218475,0.7506,-0.041966,-0.198324,0.4863,0.036031,-0.226887,0.5416,-0.049774,-0.157576,0.9579,0.053931,-0.188553,0.9134,-0.070074,-0.115624,0.935,0.113313,-0.155256,0.7461,-0.122027,-0.127651,0.7997,0.133812,-0.226238,0.7675,-0.125563,-0.161627,0.7559,0.136948,-0.28347,0.6556,-0.038225,-0.175063,0.2319,0.106747,-0.199368,0.1854,-0.032365,-0.070313,0.5854,-0.009564,-0.090408,0.6348,-0.016917,-0.025579,0.7938,0.029785,-0.060868,0.9129,-0.034763,-0.020465,0.8842,0.055998,-0.086336,0.9114,-0.029853,-0.031543,0.9199,0.034529,-0.084389,0.964,-0.022611,-0.015632,0.9074,0.048143,-0.06302,0.9403,-0.015379,0.046013,0.6617,-0.025874,0.121794,0.9368,-0.041554,0.13176,0.9323,-0.002853,0.116385,0.9317,-0.032712,0.059413,0.6669,0.009571,0.037997,0.6334,-0.022745,0.015463,0.7574,0.061508,-0.035322,0.8265,-0.018973,0.145209,0.9051,-0.034907,0.152646,0.9327,0.002205,0.13531,0.9696,-0.009355,0.158443,0.9883,-0.04092,0.149317,0.7737,0.038293,0.111759,0.8059,-0.003668,0.162032,0.9483,-0.044965,0.125764,0.7414,0.101311,0.07382,0.5707,0.000977,0.165659,0.9201,0.003297,0.167398,0.9057,-0.013663,0.168386,0.8732,0.044795,0.142859,0.8038,-0.001247,0.164144,0.9129,0,0,0,0,0,0,0,0,0,0,0,1,0,0,0,0,0,0,0,0,0
DOGS/coverr-yphv71PfGm__golden-retriever-chewing-a-toy/coverr-yphv71PfGm__golden-retriever-chewing-a-toy_t0_000115.jpg,mafin,golden retriever,neutral,-0.114337,-0.109218,0.7978,0.138885,-0.206263,0.9166,-0.109038,-0.047959,0.7647,0.176423,-0.139336,0.8665,-0.078153,0.029589,0.8142,0.192022,-0.06252,0.8763,-0.108404,0.109472,0.944,0.272065,-0.000522,0.9764,-0.114969,0.028473,0.9031,0.295289,-0.096849,0.58,-0.133921,-0.045481,0.8455,0.236296,-0.182552,0.572,-0.122722,-0.117945,0.9464,0.15423,-0.239494,0.8277,-0.061037,-0.132912,0.7635,-0.024534,-0.146432,0.8365,-0.068356,-0.051728,0.95,0.027296,-0.092912,0.9313,-0.09437,-0.04785,0.9514,0.072676,-0.114858,0.945,-0.083799,-0.05968,0.9668,0.042785,-0.114516,0.9793,-0.080095,-0.040606,0.9526,0.055718,-0.093882,0.9761,-0.023149,0.006588,0.9724,-0.035778,0.069164,0.9569,-0.06442,0.079938,0.9518,0.003195,0.068416,0.8967,-0.04967,0.015485,0.8804,0.00873,0.00728,0.8283,-0.068926,-0.012839,1.0252,0.071656,-0.053413,0.8461,-0.032792,0.104103,0.9591,-0.062882,0.109244,0.9597,0.011774,0.098311,0.95,-0.022176,0.1298,1.0167,-0.072366,0.112172,0.8172,0.062856,0.092252,0.5793,-0.018704,0.137645,0.9635,-0.079138,0.111105,0.7071,0.12885,0.071703,0.9046,-0.017099,0.14247,0.9204,-0.016578,0.14522,0.9104,-0.05318,0.145021,0.9067,0.072557,0.142266,0.7627,-0.017818,0.140194,0.9464,0,0,0,0,0,0,0,0,0,0,0,0,0,0,0,0,0,0,0,0,0
DOGS/coverr-yphv71PfGm__golden-retriever-chewing-a-toy/coverr-yphv71PfGm__golden-retriever-chewing-a-toy_t0_000253.jpg,mafin,golden retriever,neutral,-0.119701,-0.094992,0.8656,0.146278,-0.20852,0.9032,-0.104542,-0.018771,0.5193,0.181505,-0.135293,0.8853,-0.079003,0.038007,0.7069,0.189119,-0.045459,0.7578,-0.085254,0.087867,0.7361,0.26413,0.024416,0.9822,-0.107939,0.038348,0.7561,0.292216,-0.076838,0.4627,-0.132561,-0.017332,0.6715,0.264579,-0.174508,0.525,-0.126699,-0.102354,0.8847,0.161196,-0.236032,0.887,-0.065004,-0.130492,0.743,-0.02801,-0.146799,0.7905,-0.070574,-0.047682,0.9479,0.027067,-0.102392,0.9346,-0.098929,-0.042491,0.9693,0.075665,-0.130086,0.9468,-0.088243,-0.05507,0.9999,0.043295,-0.128391,0.9932,-0.082599,-0.035299,0.9798,0.057257,-0.106518,0.9694,-0.028589,-0.001288,0.9026,-0.048101,0.061582,0.9314,-0.071075,0.075425,0.9043,-0.010171,0.054577,0.8777,-0.052296,0.010692,0.8975,0.00063,-0.003988,0.7846,-0.070015,-0.008966,0.9051,0.07187,-0.066729,0.8099,-0.04295,0.097666,0.9592,-0.069861,0.106377,0.9639,-0.00024,0.083092,0.9396,-0.027531,0.125854,0.9453,-0.07281,0.118947,0.8754,0.0572,0.075748,0.5984,-0.019053,0.138169,0.983,-0.073252,0.125411,0.7685,0.135529,0.065883,0.8498,-0.015663,0.144258,0.8685,-0.014034,0.148226,0.7769,-0.045246,0.158248,0.9171,0.072684,0.129784,0.7632,-0.017052,0.141024,0.959,0,0,0,0,0,0,0,0,0,0,0,0,0,0,0,0,0,0,0,0,0
DOGS/dog_10587035/dog_10587035_t0_000050.jpg,danek,Labrador retriever,neutral,-0.126882,-0.108435,0.9434,0.128823,-0.189013,0.9144,-0.155253,-0.071908,0.8801,0.162327,-0.142221,0.8709,-0.174035,-0.031231,1.0074,0.186688,-0.09125,0.9999,-0.194512,0.016362,1.0149,0.226227,-0.039451,0.9714,-0.215783,-0.038933,0.9646,0.271603,-0.115049,0.9083,-0.209678,-0.082918,0.8844,0.234414,-0.167235,0.7899,-0.147468,-0.025244,0.7445,0.141191,-0.201749,0.7684,-0.035313,-0.107352,0.7785,0.017044,-0.11886,0.7586,-0.061673,-0.032527,0.9773,0.060888,-0.046425,0.9549,-0.094881,-0.02993,0.9972,0.100916,-0.055976,0.9987,-0.078017,-0.042667,0.9814,0.077812,-0.066508,1.006,-0.078561,-0.020975,0.9285,0.082811,-0.038102,0.9508,-0.008595,-0.002455,0.9389,-0.011464,0.049261,0.9608,-0.041436,0.058746,0.9781,0.020942,0.050111,0.9629,-0.038146,0.008608,0.9243,0.022834,-0.001259,0.9334,-0.079059,0.011533,0.9154,0.085894,-0.005914,0.9633,-0.010324,0.081221,1.0011,-0.042443,0.08686,0.9658,0.025421,0.075811,1.004,-0.005486,0.11185,0.9854,-0.064571,0.092799,0.8698,0.061605,0.070982,0.838,-0.002372,0.128366,0.968,-0.085525,0.102106,0.9226,0.112505,0.075171,0.7773,0.001107,0.161243,0.948,0.002726,0.167373,0.9152,-0.04731,0.136883,0.9275,0.049247,0.123,0.8533,0.000335,0.156163,1.0191,0,0,0,0,0,0,0,0,0,0,0,0,0,0,0,0,0,0,0,0,0
DOGS/dog_10587035/dog_10587035_t2_000075.jpg,danek,chow,relaxed,-0.12617,-0.101424,0.9285,0.134886,-0.190801,0.8726,-0.15355,-0.065823,0.9149,0.169404,-0.146576,0.8279,-0.174153,-0.023362,1.0332,0.196609,-0.093265,0.99,-0.192819,0.023816,0.9558,0.238559,-0.040614,0.9762,-0.211911,-0.03338,0.9699,0.287638,-0.119782,0.9361,-0.20465,-0.07849,0.7545,0.24617,-0.172623,0.8271,-0.140068,-0.014485,0.8518,0.147235,-0.20695,0.8178,-0.040424,-0.102332,0.7315,0.016897,-0.114776,0.7473,-0.063056,-0.028458,0.9338,0.063849,-0.045116,0.9622,-0.095584,-0.024207,0.9698,0.104923,-0.055542,1.0026,-0.079647,-0.037723,1.0106,0.080289,-0.064303,0.9729,-0.079355,-0.016159,0.9532,0.087465,-0.038498,0.9683,-0.01507,0.000348,0.9675,-0.021916,0.052264,0.9589,-0.051854,0.061754,0.9434,0.012793,0.052322,0.9928,-0.045463,0.010663,0.9845,0.018416,-0.000283,0.9359,-0.078417,0.014296,0.9716,0.091234,-0.007181,0.9455,-0.018519,0.084285,0.963,-0.050733,0.090092,0.9826,0.019251,0.076892,0.961,-0.00973,0.114334,1.0147,-0.068302,0.096515,0.8923,0.055717,0.068768,0.8384,-0.005422,0.125913,0.9967,-0.080724,0.103289,0.9079,0.101334,0.077827,0.6492,-0.003305,0.132045,0.9821,-0.002028,0.135595,0.9436,-0.042131,0.135756,0.8856,0.045132,0.121101,0.8825,-0.004228,0.129193,1.0132,0,0,0,0,0,0,0,0,0,0,0,0,0,0,0,0,0,0,0,0,0
DOGS/dog_10587035/dog_10587035_t3_000075.jpg,danek,Tibetan mastiff,happy,-0.135878,-0.143621,0.9243,0.074361,-0.145666,0.8422,-0.155302,-0.163159,0.9781,0.12594,-0.143438,0.8913,-0.17885,-0.174696,0.9705,0.160644,-0.122989,0.9176,-0.207925,-0.168413,1.0344,0.19087,-0.095858,0.9707,-0.209531,-0.121885,0.9591,0.16987,-0.078248,0.775,-0.206131,-0.081104,0.8662,0.148658,-0.071903,0.8499,-0.199175,-0.046798,0.7673,0.129956,-0.072422,0.6196,-0.050025,-0.099051,0.8615,-0.002323,-0.106557,0.8835,-0.062269,0.000769,0.9708,0.051958,-0.021332,0.9514,-0.102272,0.011229,0.9272,0.086531,-0.025866,1.0058,-0.08548,-0.007852,0.9469,0.066206,-0.034553,0.983,-0.079641,0.017742,0.992,0.07177,-0.013951,0.9415,0.004509,0.002255,0.9358,0.007159,0.035262,0.9814,-0.018594,0.047427,0.9864,0.034775,0.036319,1.0244,-0.021583,0.014427,0.9378,0.031273,0.002907,0.932,-0.073832,0.050023,0.9301,0.082627,0.017551,0.9576,0.012018,0.064091,0.9426,-0.017757,0.072354,0.9913,0.040825,0.058562,0.9646,0.02114,0.094142,0.9765,-0.045154,0.084417,0.8771,0.072589,0.062282,0.8934,0.027599,0.111551,0.9317,-0.070345,0.107623,0.8588,0.108266,0.079303,0.7318,0.068218,0.202039,0.907,0.068691,0.211182,0.9251,-0.017312,0.128712,0.9192,0.07878,0.112035,0.9194,0.087852,0.261547,1.0281,0,0,0,0,0,0,0,0,0,0,1,0,0,0,0,0,0,0,0,0,0
DOGS/dog_10659283/dog_10659283_t0_000184.jpg,danek,Pomeranian,relaxed,-0.097014,-0.100782,0.9133,0.110715,-0.139913,0.8221,-0.140602,-0.116187,0.8902,0.141313,-0.175793,0.9226,-0.191335,-0.124679,0.9331,0.183167,-0.207314,0.9466,-0.253053,-0.117605,0.9507,0.246318,-0.230631,0.9601,-0.221264,-0.0622,0.9567,0.245266,-0.164238,0.9255,-0.184289,-0.02448,0.9501,0.235215,-0.106682,0.8592,-0.130015,-0.000311,0.7692,0.19999,-0.049862,0.5596,-0.025306,-0.052829,0.7588,0.01597,-0.061042,0.7138,-0.04256,0.006993,0.9601,0.044165,-0.008283,0.9211,-0.081614,0.010579,0.966,0.096485,-0.021855,0.9555,-0.063288,-0.005958,0.9873,0.065434,-0.03153,0.9586,-0.061468,0.025198,0.9455,0.076951,0.002721,0.9423,-0.008042,0.02063,0.9169,-0.01715,0.055925,0.9189,-0.038815,0.064333,0.957,0.007583,0.057259,0.9494,-0.030298,0.028413,0.8943,0.015067,0.021771,0.9258,-0.058974,0.05154,0.9559,0.082804,0.030456,0.8404,-0.017113,0.08207,0.9498,-0.040872,0.085857,0.957,0.012386,0.076892,0.9729,-0.010328,0.104841,0.9611,-0.050005,0.091593,0.7636,0.040768,0.073499,0.8236,-0.007434,0.113655,0.9911,-0.053577,0.093344,0.4875,0.08266,0.076125,0.9392,-0.004046,0.12494,1.0213,-0.002818,0.131613,0.934,-0.035094,0.116637,0.9294,0.041606,0.104918,0.9304,-0.005213,0.118433,1.0049,0,0,0,0,0,0,0,0,0,0,0,0,0,0,0,0,0,0,0,0,0
DOGS/dog_10752667/dog_10752667_t0_000319.jpg,danek,Samoyed,relaxed,-0.051468,-0.14191,0.9129,0.027499,-0.148467,0.9306,-0.064715,-0.180324,0.9258,0.042292,-0.187184,0.9571,-0.083573,-0.216635,0.9101,0.055414,-0.227109,0.9633,-0.116531,-0.24807,0.9632,0.08219,-0.260889,0.9585,-0.135325,-0.191907,0.8983,0.096191,-0.206819,0.9603,-0.13762,-0.150888,0.9211,0.097503,-0.161822,0.9046,-0.130211,-0.104501,0.7477,0.088258,-0.119339,0.8808,-0.031456,-0.06377,0.672,0.006793,-0.063094,0.767,-0.045707,0.004621,0.9607,0.032767,0.006908,0.9694,-0.083811,-0.008701,0.9534,0.063303,-0.002595,0.9678,-0.062664,-0.014446,0.9996,0.044197,-0.009111,0.9824,-0.068365,0.012163,0.9566,0.052119,0.012314,0.9591,0.004475,0.051598,0.9634,0.015988,0.110053,0.9647,-0.009234,0.115255,0.9679,0.039141,0.111792,1.0148,-0.019889,0.057603,0.9352,0.0286,0.056151,0.9572,-0.060738,0.045123,0.9684,0.050553,0.040908,0.9698,0.018363,0.135257,0.973,-0.00739,0.136743,0.987,0.042416,0.133174,0.9428,0.018994,0.150912,0.9616,-0.026177,0.127653,0.9169,0.051481,0.120906,0.9297,0.019188,0.153656,0.9514,-0.044364,0.124042,0.9518,0.05762,0.106531,1.009,0.01951,0.156247,0.9624,0.019743,0.157988,0.9857,-0.014253,0.150949,0.9261,0.045863,0.144954,0.9978,0.019372,0.155085,0.9567,0,0,0,0,0,0,0,0,0,0,0,0,0,0,0,0,0,0,0,0,0
DOGS/dog_10894183/dog_10894183_t0_000377.jpg,danek,toy poodle,relaxed,-0.123329,-0.178335,0.6153,0.093364,-0.19623,0.7726,-0.166377,-0.116083,0.7882,0.134446,-0.1359,0.8097,-0.166608,-0.026469,0.8441,0.162518,-0.049602,0.6357,-0.173909,0.087527,1.0065,0.202998,0.079325,0.6042,-0.268416,0.008799,0.9267,0.266283,-0.040136,0.7077,-0.276706,-0.10574,0.6286,0.229743,-0.159847,0.5795,-0.156139,-0.196932,0.6693,0.113564,-0.219015,0.783,-0.032589,-0.138181,0.6793,0.022521,-0.136061,0.7045,-0.054187,-0.061917,0.9544,0.057048,-0.055681,0.9703,-0.106352,-0.058961,0.9479,0.09986,-0.060528,0.9443,-0.080233,-0.075316,0.951,0.077652,-0.073303,0.9898,-0.080062,-0.048118,0.9419,0.080215,-0.044187,0.9746,0.006745,-0.007924,0.9278,0.010805,0.051111,0.9512,-0.021288,0.056017,0.9729,0.042537,0.055342,1.0012,-0.025412,-0.001272,0.931,0.039139,-0.001816,0.9385,-0.079305,-0.009623,0.9232,0.086122,-0.008172,0.9503,0.01293,0.083036,0.9878,-0.021501,0.084614,0.9607,0.046792,0.083128,0.9939,0.01453,0.114429,0.9782,-0.056621,0.082057,0.8207,0.080799,0.080644,0.8616,0.014955,0.125561,1.0021,-0.092875,0.093142,0.7838,0.116653,0.088186,0.7595,0.015228,0.133186,0.9653,0.015372,0.137889,0.9798,-0.040462,0.125419,0.8756,0.069891,0.1319,0.8843,0.015186,0.129533,1.0004,0,0,0,0,0,0,0,0,0,0,0,0,0,0,0,0,0,0,0,0,0
DOGS/dog_11500461/dog_11500461_t0_000270.jpg,masha,Pomeranian,relaxed,-0.148532,-0.172091,0.5303,0.138183,-0.21674,0.2911,-0.178317,-0.177338,0.6961,0.193697,-0.217495,0.1945,-0.203164,-0.177519,0.8469,0.234958,-0.218101,0.4326,-0.229974,-0.165724,0.8752,0.220548,-0.232244,0.2114,-0.231674,-0.134215,0.891,0.235779,-0.203897,0.2203,-0.230844,-0.109928,0.7834,0.229311,-0.196154,0.2496,-0.222302,-0.088951,0.7431,0.227127,-0.160618,0.3663,-0.025597,-0.082927,0.359,0.02894,-0.090426,0.4098,-0.040622,-0.011084,1.0143,0.071567,-0.02899,1.0015,-0.08498,-0.013098,0.944,0.115148,-0.044051,0.9364,-0.063159,-0.028126,1.0043,0.088935,-0.050215,0.9811,-0.06427,0.005231,0.9366,0.099252,-0.020674,0.9374,0.019685,0.005587,0.9071,0.026877,0.049521,0.958,0.002441,0.057045,0.9717,0.0521,0.051099,0.9832,-0.005644,0.013919,0.904,0.045915,0.006725,0.9696,-0.064029,0.034189,0.9104,0.104684,0.00829,0.887,0.030203,0.07552,1.0132,0.002418,0.079218,0.9933,0.057324,0.072457,0.9934,0.033601,0.10127,0.9971,-0.02403,0.079837,0.8174,0.08062,0.065462,0.8069,0.035167,0.114617,0.9854,-0.05258,0.094197,0.6557,0.105663,0.066514,0.8107,0.036259,0.123566,0.9481,0.037074,0.129559,0.928,-0.006862,0.114963,0.8555,0.076395,0.10196,0.8961,0.035699,0.119143,0.994,0,0,0,0,0,0,0,0,0,0,0,0,0,0,0,0,0,0,0,0,0
DOGS/dog_12130327/dog_12130327_t0_000000.jpg,danek,American Staffordshire terrier,neutral,-0.082237,-0.126656,0.8993,0.063852,-0.148656,0.9448,-0.130711,-0.148769,1.0045,0.109124,-0.181084,0.9236,-0.183237,-0.132823,0.9535,0.165087,-0.184401,0.9093,-0.251283,-0.094214,0.9636,0.234155,-0.160332,0.9629,-0.192397,-0.094722,0.9852,0.187086,-0.138024,0.9246,-0.165401,-0.07449,0.9992,0.161277,-0.115805,0.9206,-0.146507,-0.046887,0.8588,0.142177,-0.080237,0.8513,-0.031492,-0.076172,0.8208,0.019017,-0.083454,0.8452,-0.059878,-0.005139,0.9562,0.0589,-0.018368,0.9787,-0.09287,-0.004261,0.9841,0.093032,-0.024784,0.9221,-0.07711,-0.016268,0.9912,0.073968,-0.032343,1.0041,-0.076438,0.005538,0.9688,0.078438,-0.012297,0.9375,-1.8e-05,0.016761,0.9248,-3.4e-05,0.058369,0.9812,-0.027656,0.06567,0.9698,0.029615,0.061982,0.9585,-0.028837,0.024246,0.9645,0.030555,0.019912,0.9594,-0.073403,0.032595,0.9575,0.083541,0.017024,0.9273,0.002848,0.08647,0.929,-0.028266,0.089082,0.9854,0.034652,0.084166,0.9624,0.006918,0.112216,0.9442,-0.055328,0.096992,0.9385,0.069923,0.082343,0.9171,0.00927,0.129014,0.9041,-0.08058,0.111552,0.9028,0.119241,0.079275,0.825,0.018103,0.210508,0.9515,0.018566,0.225124,0.8821,-0.038833,0.142768,0.8784,0.064993,0.124714,0.9089,0.016442,0.186363,0.7055,0,0,0,0,0,0,0,0,0,0,0,0,0,0,0,0,0,0,0,0,0
DOGS/dog_12130327/dog_12130327_t0_000232.jpg,danek,American Staffordshire terrier,neutral,-0.106541,-0.129469,0.896,0.058534,-0.143264,0.9362,-0.166663,-0.138834,0.9722,0.120807,-0.160339,1.0205,-0.216173,-0.098321,0.9703,0.180184,-0.129258,1.0146,-0.26283,-0.03487,0.9687,0.223164,-0.075882,0.995,-0.222336,-0.047101,0.8981,0.191408,-0.073933,0.9516,-0.194979,-0.047376,0.9541,0.166061,-0.068927,0.9547,-0.177491,-0.031061,0.887,0.143381,-0.056773,1.0165,-0.03635,-0.089862,0.8409,0.011326,-0.092782,0.8673,-0.065681,-0.021594,1.0006,0.063905,-0.026811,0.9924,-0.104206,-0.020417,0.9613,0.096626,-0.028911,0.9562,-0.085947,-0.0349,0.9842,0.079284,-0.039196,0.976,-0.085114,-0.009709,0.9927,0.082052,-0.018436,0.9328,0.006007,-0.011909,0.9813,0.013393,0.019736,0.9931,-0.015254,0.027572,0.9672,0.041756,0.025722,0.986,-0.023058,-0.004027,0.9686,0.035914,-0.007324,0.9903,-0.085164,0.021944,0.9799,0.086699,0.011012,0.945,0.015921,0.047811,0.9748,-0.01802,0.050031,0.9649,0.049176,0.048156,0.9588,0.017941,0.079076,0.9768,-0.053824,0.068267,0.8392,0.080546,0.061161,0.8928,0.018741,0.103104,0.946,-0.119731,0.111968,0.8345,0.130545,0.089353,0.8851,0.012148,0.236467,0.8218,0.011775,0.242957,0.8456,-0.052235,0.13216,0.9547,0.083467,0.121129,1.013,0.007977,0.253086,0.8489,0,0,0,0,0,0,0,0,0,0,0,0,0,0,0,0,0,0,0,0,0
DOGS/dog_13260897/dog_13260897_t0_000180.jpg,danek,toy poodle,relaxed,-0.105693,-0.119894,0.3565,0.067468,-0.241465,0.727,-0.115562,-0.030161,0.5431,0.177082,-0.188066,0.5653,-0.104132,0.005552,0.332,0.213289,-0.08932,0.7461,-0.098327,0.046698,0.517,0.314492,0.009828,0.6507,-0.128893,-0.000365,0.4924,0.372602,-0.106662,0.2578,-0.138875,-0.039574,0.4215,0.305341,-0.223045,0.5807,-0.146509,-0.10845,0.6105,0.139095,-0.257598,0.4239,-0.066613,-0.132838,0.5591,-0.018916,-0.152867,0.6068,-0.067323,-0.028355,0.9069,0.045385,-0.077889,0.9066,-0.10013,-0.018737,0.9754,0.098522,-0.106414,0.9564,-0.09042,-0.038258,0.9246,0.061246,-0.114796,0.9066,-0.079924,-0.009073,0.9306,0.081108,-0.07488,0.9013,-0.03049,-0.010524,0.8303,-0.046179,0.053199,0.9051,-0.0667,0.06769,0.87,-0.010795,0.044862,0.8623,-0.052061,0.001957,0.8811,-8.1e-05,-0.012114,0.7847,-0.071523,0.022162,0.8667,0.095931,-0.032418,0.799,-0.039771,0.089371,0.8999,-0.060769,0.095598,0.9495,-0.002326,0.074477,0.8047,-0.023046,0.114832,0.8617,-0.07201,0.105103,0.7505,0.049456,0.062655,0.4746,-0.012033,0.130085,0.9309,-0.065643,0.130692,0.5213,0.110001,0.115119,0.1826,-0.004987,0.14174,0.8368,-0.00175,0.147391,0.7902,-0.033645,0.146608,0.8141,0.049356,0.128263,0.6097,-0.0079,0.137389,0.8679,0,0,0,0,0,0,0,0,0,0,0,0,0,0,0,0,0,0,0,0,0
DOGS/dog_13260897/dog_13260897_t0_000360.jpg,danek,toy poodle,neutral,-0.13568,-0.178583,0.6403,0.109449,-0.190831,0.558,-0.157689,-0.125021,0.7984,0.134442,-0.155567,0.7289,-0.166449,-0.06203,0.8455,0.149565,-0.105208,0.8704,-0.175915,0.022618,0.9468,0.173515,-0.019213,0.899,-0.212174,-0.057675,0.843,0.199675,-0.102608,0.9527,-0.213721,-0.133694,0.6816,0.187854,-0.176376,0.6052,-0.148856,-0.195229,0.5087,0.117026,-0.212588,0.6012,-0.034475,-0.131569,0.6556,0.019702,-0.136237,0.721,-0.068063,-0.036654,0.9888,0.060531,-0.051784,0.9731,-0.109673,-0.039823,1.004,0.098901,-0.063056,0.9732,-0.09003,-0.052917,0.98,0.077679,-0.071463,0.9738,-0.089635,-0.025131,0.9873,0.082546,-0.045261,0.9601,0.001584,0.016196,0.8912,0.004282,0.076504,0.8781,-0.021933,0.086606,0.9141,0.032975,0.076287,0.9468,-0.028049,0.027009,0.8456,0.031632,0.017013,0.8344,-0.085667,0.013418,0.8978,0.087502,-0.005399,0.8851,0.006556,0.108463,0.927,-0.02157,0.112273,0.9114,0.037694,0.103286,0.9532,0.010402,0.132656,0.9967,-0.051456,0.116393,0.6507,0.070979,0.09575,0.5821,0.012158,0.14314,0.9907,-0.06813,0.147216,0.3436,0.111121,0.124414,0.3727,0.013122,0.148765,0.9471,0.013714,0.15249,0.9205,-0.023702,0.156371,0.6687,0.060464,0.142837,0.6887,0.012622,0.14599,0.9738,0,0,0,0,0,0,0,0,0,0,0,0,0,0,0,0,0,0,0,0,0
DOGS/dog_13260897/dog_13260897_t0_000660.jpg,danek,toy poodle,neutral,-0.14727,-0.15253,0.6706,0.116324,-0.205804,0.7087,-0.166424,-0.098153,0.8592,0.156462,-0.14621,0.836,-0.172653,-0.040345,0.8249,0.172057,-0.06628,0.9284,-0.17311,0.047817,0.8447,0.217443,0.018681,0.8995,-0.210876,-0.028958,0.7459,0.23788,-0.079897,0.9127,-0.217143,-0.105101,0.7454,0.216977,-0.176125,0.8122,-0.155893,-0.170168,0.7294,0.123197,-0.230789,0.4926,-0.044797,-0.124793,0.713,0.008421,-0.133468,0.699,-0.075546,-0.027959,0.9334,0.055353,-0.052496,1.0156,-0.116164,-0.024174,0.9689,0.097144,-0.06656,0.9576,-0.098799,-0.041992,0.9368,0.072761,-0.074814,0.907,-0.094908,-0.011851,0.9352,0.08046,-0.046624,0.9391,-0.006936,0.008654,0.8876,-0.004987,0.057888,0.9126,-0.031045,0.07017,0.9739,0.024975,0.056967,0.9479,-0.0349,0.019196,0.9154,0.023324,0.008922,0.8789,-0.086818,0.025199,0.9354,0.087599,-0.006184,0.8894,-0.000658,0.091137,0.9697,-0.030959,0.09635,0.9737,0.032543,0.082272,0.9675,0.005985,0.116969,0.9752,-0.058533,0.105015,0.7585,0.06726,0.07872,0.7311,0.009393,0.128484,0.9828,-0.072195,0.134645,0.5617,0.095237,0.100499,0.4072,0.011449,0.136333,0.98,0.01268,0.141553,0.9571,-0.028831,0.144898,0.6338,0.058149,0.12772,0.6576,0.010452,0.132361,0.9805,0,0,0,0,0,0,0,0,0,0,0,0,0,0,0,0,0,0,0,0,0
DOGS/dog_13260897/dog_13260897_t0_000960.jpg,danek,affenpinscher,relaxed,-0.13221,-0.094881,0.7214,0.150076,-0.198114,0.7378,-0.144443,-0.031201,0.819,0.251188,-0.125873,0.4342,-0.141241,0.026029,0.9419,0.260092,-0.033779,0.4611,-0.147677,0.080784,0.9567,0.332141,0.085153,0.6279,-0.183103,0.031898,0.8919,0.332171,-0.037,0.6447,-0.184828,-0.039656,0.8785,0.28087,-0.142108,0.5738,-0.14311,-0.112251,0.8317,0.161094,-0.215206,0.7642,-0.043277,-0.131755,0.7684,0.013186,-0.145501,0.7536,-0.071132,-0.025791,0.9834,0.072229,-0.068602,0.9661,-0.112272,-0.011074,0.9495,0.130044,-0.086728,0.9916,-0.098459,-0.03814,0.997,0.095611,-0.100702,1.0028,-0.08796,0.001321,0.9163,0.107453,-0.060658,0.9516,-0.018047,-0.020026,0.8923,-0.027209,0.021587,0.9511,-0.053308,0.036295,0.9089,0.009751,0.018503,0.9975,-0.04509,-0.006751,0.9053,0.014877,-0.021484,0.8521,-0.084658,0.035208,0.9708,0.116604,-0.018642,0.8646,-0.023799,0.056522,0.9649,-0.054341,0.065591,0.9683,0.019348,0.044963,1.0095,-0.011726,0.085722,0.9716,-0.078034,0.089873,0.8481,0.068737,0.045418,0.7115,-0.003087,0.107351,0.9312,-0.072519,0.133958,0.39,0.112841,0.089216,0.4102,0.001155,0.116652,0.9671,0.003976,0.123079,0.9361,-0.034854,0.135924,0.7815,0.064013,0.105503,0.7948,-0.000925,0.112161,0.9748,0,0,0,0,0,0,0,0,0,0,0,0,0,0,0,0,0,0,0,0,0
DOGS/dog_13587959/dog_13587959_t0_000050.jpg,danek,miniature poodle,relaxed,-0.154866,-0.181805,0.651,0.125264,-0.204774,0.4575,-0.177895,-0.138221,0.6968,0.164136,-0.186053,0.6858,-0.179797,-0.075212,0.7598,0.172063,-0.117751,0.526,-0.168131,-0.016055,0.9367,0.20988,-0.065173,0.9274,-0.154821,-0.031536,0.8693,0.204265,-0.127679,0.8845,-0.149251,-0.052015,0.7563,0.176191,-0.174155,0.5843,-0.143441,-0.063379,0.8512,0.165866,-0.098298,0.644,-0.038001,-0.141788,0.372,0.018796,-0.143399,0.4623,-0.086813,-0.052889,0.6098,0.060366,-0.073042,0.94,-0.112208,-0.055857,0.6785,0.095464,-0.086514,0.9912,-0.100154,-0.064639,0.6423,0.075703,-0.093135,0.981,-0.099704,-0.044424,0.6736,0.080516,-0.067925,0.9257,-0.010215,0.001526,0.6918,-0.003994,0.072722,0.8811,-0.032391,0.079023,0.8758,0.02732,0.075966,0.9147,-0.041538,0.009153,0.6398,0.025045,0.009539,0.6391,-0.096699,-0.010295,0.6392,0.082194,-0.02723,0.8859,-0.000355,0.106749,0.9032,-0.031659,0.109336,0.889,0.030778,0.104264,0.9377,0.00276,0.128649,0.9954,-0.053317,0.106516,0.6385,0.059052,0.096475,0.6054,0.003505,0.135903,0.9674,-0.095,0.084918,0.5428,0.096154,0.100907,0.5106,0.00392,0.140894,0.954,0.004059,0.143916,0.9313,-0.039796,0.143559,0.8592,0.048373,0.135733,0.8191,0.003713,0.138478,0.9787,0,0,0,0,0,0,0,0,0,0,0,0,0,0,0,0,0,0,0,0,0
DOGS/dog_13588050/dog_13588050_t0_000075.jpg,danek,miniature poodle,neutral,-0.164047,-0.168271,0.8702,0.162399,-0.214396,0.7464,-0.181693,-0.123168,0.7568,0.188787,-0.166781,0.6476,-0.178405,-0.06051,0.7799,0.197647,-0.113397,0.8628,-0.163264,0.0112,0.9685,0.216774,-0.055969,0.7497,-0.147721,-0.009832,0.9165,0.197703,-0.083705,0.4653,-0.14357,-0.035307,0.7465,0.18565,-0.082108,0.6174,-0.144644,-0.059499,0.8443,0.170226,-0.139679,0.4641,-0.050746,-0.136087,0.5682,0.020432,-0.143444,0.5744,-0.076816,-0.049773,0.9804,0.076258,-0.069476,0.9632,-0.117001,-0.055278,0.9913,0.12045,-0.083963,0.9462,-0.097624,-0.068959,0.9515,0.095421,-0.092734,0.9818,-0.098383,-0.038706,0.9525,0.101764,-0.063398,0.9586,-0.00577,0.004061,0.8496,-0.001286,0.067419,0.8916,-0.032148,0.078275,0.9173,0.034052,0.069353,0.8891,-0.03924,0.01332,0.8801,0.033606,0.007179,0.776,-0.092008,-0.002159,0.8293,0.099906,-0.025217,0.8722,0.002971,0.103529,0.895,-0.029742,0.109153,0.9933,0.038452,0.098809,0.9137,0.00808,0.130247,0.9254,-0.055502,0.108141,0.6097,0.072307,0.094408,0.5581,0.010436,0.141874,0.8956,-0.080813,0.113798,0.6207,0.115679,0.087304,0.6167,0.011597,0.148189,0.8722,0.012317,0.1522,0.8618,-0.029408,0.149179,0.8569,0.057523,0.136352,0.7146,0.011067,0.145205,0.8925,0,0,0,0,0,0,0,0,0,0,0,0,0,0,0,0,0,0,0,0,0
DOGS/dog_13588050/dog_13588050_t0_000150.jpg,danek,miniature poodle,neutral,-0.179365,-0.173452,0.8709,0.134771,-0.19918,0.7989,-0.201241,-0.131385,0.7209,0.167543,-0.153986,0.8305,-0.19369,-0.06361,0.7143,0.179137,-0.103562,0.8016,-0.190169,0.004854,0.9714,0.19019,-0.040034,0.9657,-0.176262,-0.030263,0.4065,0.171005,-0.063511,0.7906,-0.165219,-0.045714,0.7459,0.158849,-0.077126,0.7034,-0.162444,-0.068162,0.8627,0.14609,-0.108899,0.7435,-0.055684,-0.135616,0.6086,0.009988,-0.141621,0.5893,-0.084017,-0.051727,0.9664,0.066058,-0.063935,0.943,-0.125041,-0.05734,0.9684,0.105711,-0.075835,0.9644,-0.104831,-0.07028,0.9725,0.082321,-0.086643,0.9577,-0.105315,-0.04063,0.917,0.088966,-0.056336,0.9473,-0.006125,0.008229,0.7783,0.002504,0.067954,0.8634,-0.027837,0.079456,0.9244,0.036555,0.07015,0.8208,-0.040516,0.016926,0.7496,0.031105,0.01037,0.7178,-0.099548,-0.002704,0.8739,0.089791,-0.020247,0.8819,0.007739,0.105024,0.9286,-0.025182,0.111594,0.9333,0.042254,0.101121,0.9043,0.012122,0.130707,0.9847,-0.05433,0.108912,0.5888,0.070457,0.092868,0.5884,0.013747,0.139886,0.9588,-0.09143,0.104374,0.4942,0.103412,0.097175,0.6744,0.014676,0.145352,0.9506,0.01524,0.148809,0.9469,-0.030955,0.148555,0.8197,0.059443,0.133228,0.8022,0.014231,0.14269,0.961,0,0,0,0,0,0,0,0,0,0,0,0,0,0,0,0,0,0,0,0,0
DOGS/dog_13588052/dog_13588052_t0_000100.jpg,danek,miniature poodle,relaxed,-0.175937,-0.177353,0.9521,0.136872,-0.197069,0.7701,-0.205591,-0.122431,0.9292,0.171803,-0.147213,0.5048,-0.210238,-0.060188,0.8128,0.193836,-0.094209,0.7015,-0.201853,0.005011,0.9753,0.195835,-0.031225,1.0022,-0.179612,-0.027169,0.88,0.176659,-0.051626,0.7773,-0.172702,-0.051947,0.7836,0.166405,-0.064568,0.7594,-0.162886,-0.067687,0.903,0.154178,-0.073403,0.6769,-0.040038,-0.128667,0.4814,0.026338,-0.14058,0.5696,-0.072759,-0.05236,0.9763,0.076482,-0.065978,0.9254,-0.113916,-0.060501,0.9725,0.116774,-0.078395,0.9373,-0.092061,-0.069796,0.9488,0.094166,-0.087179,0.9486,-0.096094,-0.044152,0.9363,0.100182,-0.058542,0.9573,0.008551,-0.005866,0.8565,0.017774,0.068794,0.9398,-0.013902,0.074717,0.957,0.051401,0.07196,0.8778,-0.025945,0.002194,0.8023,0.044547,0.001008,0.8439,-0.091723,-0.013106,0.8917,0.099031,-0.026444,0.8766,0.020554,0.103097,0.9005,-0.013989,0.104788,0.9431,0.05623,0.100735,0.8704,0.022221,0.127901,0.9684,-0.045352,0.099012,0.7424,0.085585,0.091328,0.7162,0.021998,0.134223,0.978,-0.094014,0.087555,0.7186,0.108771,0.095751,0.4975,0.021647,0.139046,0.9409,0.021435,0.142027,0.9028,-0.028792,0.14015,0.8329,0.065336,0.132433,0.7111,0.021804,0.136734,0.9622,0,0,0,0,0,0,0,0,0,0,0,0,0,0,0,0,0,0,0,0,0
DOGS/dog_13588052/dog_13588052_t0_000250.jpg,danek,miniature poodle,relaxed,-0.170197,-0.173457,0.9423,0.131493,-0.199809,0.8506,-0.19306,-0.124697,0.9136,0.164822,-0.160056,0.7865,-0.19597,-0.062312,0.934,0.181298,-0.10808,0.862,-0.187222,0.002737,0.9689,0.190907,-0.047294,0.9688,-0.170716,-0.026852,0.9282,0.170823,-0.063594,0.8176,-0.163969,-0.054572,0.8896,0.159119,-0.075151,0.8913,-0.157661,-0.072342,0.7996,0.148649,-0.075639,0.7412,-0.04133,-0.131213,0.5949,0.014193,-0.139199,0.5789,-0.074956,-0.046954,0.9566,0.071473,-0.064205,0.9519,-0.115042,-0.055269,0.928,0.107959,-0.077497,0.9382,-0.094567,-0.066271,0.9747,0.086669,-0.08336,0.9553,-0.09769,-0.037531,0.9396,0.09344,-0.059213,0.9276,0.001317,0.005621,0.837,0.011745,0.078875,0.9608,-0.01831,0.085663,0.9308,0.044512,0.080738,0.9007,-0.030812,0.016506,0.7934,0.037959,0.011027,0.8231,-0.091783,-0.00244,0.8656,0.093994,-0.022647,0.8645,0.014663,0.11064,0.9249,-0.017834,0.113105,0.8736,0.048876,0.10841,0.944,0.016393,0.132474,0.9757,-0.046672,0.107771,0.7218,0.077622,0.097136,0.6326,0.016642,0.138486,0.9919,-0.095262,0.090017,0.7471,0.105817,0.091021,0.5947,0.016795,0.142993,0.9506,0.016883,0.145682,0.9355,-0.030105,0.145858,0.8516,0.062779,0.135868,0.754,0.016721,0.140837,0.9527,0,0,0,0,0,0,0,0,0,0,0,0,0,0,0,0,0,0,0,0,0
DOGS/dog_15324323/dog_15324323_t0_000030.jpg,danek,American Staffordshire terrier,neutral,-0.096165,-0.149012,0.9239,0.060585,-0.167042,0.8789,-0.154864,-0.179328,0.9375,0.112006,-0.197951,0.771,-0.202603,-0.142204,0.8868,0.170483,-0.169065,0.9141,-0.219561,-0.047453,0.9983,0.230239,-0.088685,0.9628,-0.19185,-0.1038,0.9059,0.172581,-0.126461,0.8244,-0.168895,-0.097858,0.9764,0.143566,-0.126957,0.9096,-0.145239,-0.082309,0.9435,0.122793,-0.107946,0.9142,-0.033385,-0.092974,0.799,0.01425,-0.100995,0.8266,-0.06457,-0.019914,0.9687,0.05874,-0.033561,0.9933,-0.101504,-0.027596,0.9777,0.093633,-0.048862,0.9584,-0.082268,-0.039196,1.0011,0.072206,-0.055917,0.9707,-0.08476,-0.010476,0.9758,0.080991,-0.029171,0.9846,0.001356,0.014313,0.9438,0.006732,0.068276,0.978,-0.025178,0.081334,0.9591,0.040192,0.068619,0.9418,-0.028714,0.025145,0.9681,0.032004,0.015568,0.9874,-0.07871,0.021988,0.9805,0.08208,0.00455,0.9829,0.010734,0.102787,0.9738,-0.025011,0.109632,0.9556,0.047993,0.097227,0.9904,0.015237,0.135093,0.9748,-0.049908,0.114511,0.861,0.074622,0.096534,0.9508,0.016793,0.148395,1.0174,-0.074166,0.123333,0.8955,0.102808,0.097321,0.9516,0.018035,0.156536,1.0302,0.018995,0.161998,1.0316,-0.027022,0.158118,0.8981,0.072569,0.14815,0.8892,0.017458,0.152454,1.0034,0,0,0,0,0,0,0,0,0,0,0,0,0,0,0,0,0,0,0,0,0
DOGS/dog_15324323/dog_15324323_t0_000150.jpg,danek,American Staffordshire terrier,relaxed,-0.096562,-0.158273,0.8572,0.056739,-0.169497,0.9181,-0.139389,-0.18891,0.8167,0.093907,-0.196624,0.7397,-0.171643,-0.179738,0.6382,0.139515,-0.189183,0.9069,-0.211129,-0.115444,0.5783,0.187698,-0.127914,1.0028,-0.177694,-0.137514,0.7873,0.142481,-0.155599,0.9322,-0.161763,-0.1157,0.7888,0.119208,-0.145468,0.9039,-0.1413,-0.10661,0.8853,0.103305,-0.12426,0.9527,-0.034811,-0.091573,0.6722,0.011414,-0.097772,0.7199,-0.064335,-0.019152,0.957,0.052314,-0.028872,0.9513,-0.10042,-0.026304,0.9597,0.085105,-0.046172,0.996,-0.082211,-0.038186,0.9713,0.064272,-0.05247,0.981,-0.083686,-0.00968,0.9689,0.072986,-0.025703,0.9805,-0.001951,0.024786,0.8824,0.001718,0.091861,0.9125,-0.026643,0.09827,0.8456,0.031483,0.093496,0.9567,-0.029828,0.033311,0.8812,0.026989,0.029299,0.9141,-0.076257,0.022678,0.9133,0.069087,0.005372,0.9322,0.006704,0.12489,0.9808,-0.024861,0.128048,0.956,0.038822,0.12068,0.9661,0.007544,0.147132,0.9266,-0.049555,0.128697,0.781,0.058334,0.107753,0.8718,0.007593,0.154509,0.9861,-0.074539,0.126294,0.6977,0.081255,0.099441,0.8669,0.008196,0.15925,1.0028,0.008904,0.162121,1.0114,-0.035402,0.162639,0.8856,0.055904,0.144561,0.9084,0.007942,0.157074,0.988,0,0,0,0,0,0,0,0,0,0,0,0,0,0,0,0,0,0,0,0,0
DOGS/dog_15324323/dog_15324323_t0_000300.jpg,danek,American Staffordshire terrier,relaxed,-0.089378,-0.164223,0.5652,0.062496,-0.17072,0.8918,-0.137845,-0.192952,0.5276,0.101248,-0.19999,0.8657,-0.186297,-0.167375,0.7563,0.149642,-0.182233,0.8865,-0.210222,-0.120047,0.828,0.187099,-0.132489,0.9505,-0.189306,-0.123983,0.9246,0.151727,-0.148449,0.9649,-0.169401,-0.111916,0.8935,0.12912,-0.132791,0.9227,-0.140266,-0.098921,0.9586,0.105758,-0.113395,0.9409,-0.037282,-0.090329,0.6818,0.01163,-0.09814,0.6496,-0.065752,-0.022413,0.9431,0.048504,-0.033277,0.9523,-0.100986,-0.028828,0.9868,0.080965,-0.050681,0.993,-0.083421,-0.03975,0.973,0.06035,-0.055592,0.9925,-0.084404,-0.013608,1.0049,0.069245,-0.030201,0.9914,-0.00343,0.017698,0.9086,0.00294,0.083746,0.9011,-0.025102,0.091248,0.8757,0.031788,0.084882,0.9198,-0.030089,0.027223,0.9027,0.024725,0.021264,0.8988,-0.075707,0.01898,0.9083,0.068233,0.003704,0.913,0.008493,0.117143,0.9564,-0.022122,0.120852,0.9861,0.039217,0.11273,0.9876,0.012918,0.146766,0.9776,-0.04534,0.123042,0.8231,0.059982,0.10562,0.9022,0.014031,0.154882,1.0087,-0.065152,0.123846,0.7185,0.081318,0.099422,0.9294,0.014857,0.159896,1.0093,0.015487,0.162862,1.0241,-0.024782,0.161889,0.9102,0.05765,0.144164,0.9439,0.014462,0.157586,1.0416,0,0,0,0,0,0,0,0,0,0,0,0,0,0,0,0,0,0,0,0,0
DOGS/dog_15324323/dog_15324323_t0_000390.jpg,danek,American Staffordshire terrier,relaxed,-0.10941,-0.151028,0.6388,0.048453,-0.170216,0.9372,-0.148986,-0.177613,0.7957,0.097275,-0.201899,0.8247,-0.192464,-0.164391,0.8498,0.150634,-0.17189,0.9045,-0.221374,-0.103267,0.9621,0.193066,-0.107005,0.9618,-0.191699,-0.124469,0.9782,0.153748,-0.132254,0.9422,-0.170458,-0.111759,0.9551,0.130216,-0.117399,0.9429,-0.143858,-0.099122,0.9374,0.105828,-0.100404,0.9914,-0.040608,-0.083296,0.6459,0.012789,-0.09081,0.6592,-0.064013,-0.022964,0.952,0.049044,-0.029238,0.993,-0.102998,-0.028917,0.9601,0.082024,-0.044724,0.9988,-0.083714,-0.040521,0.9709,0.061674,-0.050989,0.9981,-0.084697,-0.013131,0.9301,0.070095,-0.024877,0.9745,0.000946,0.01878,0.8778,0.012504,0.082227,0.9156,-0.014237,0.089208,0.9034,0.039679,0.0839,0.908,-0.025305,0.027312,0.9152,0.028618,0.023181,0.949,-0.077573,0.018382,0.9537,0.069491,0.007461,0.95,0.018098,0.114438,0.9745,-0.012847,0.117434,0.9251,0.04811,0.111802,0.9691,0.021545,0.144132,0.9512,-0.04004,0.118,0.8193,0.067733,0.106455,0.9105,0.022146,0.152763,0.9883,-0.071336,0.118688,0.7234,0.086588,0.100384,0.989,0.022848,0.157884,1.0276,0.023392,0.16094,0.998,-0.018673,0.158358,0.9101,0.066453,0.14475,0.9888,0.022518,0.155514,1.0006,0,0,0,0,0,0,0,0,0,0,0,0,0,0,0,0,0,0,0,0,0
DOGS/dog_15324323/dog_15324323_t0_000480.jpg,danek,American Staffordshire terrier,neutral,-0.112031,-0.157733,0.8169,0.039972,-0.16966,0.8874,-0.151134,-0.190835,0.7303,0.085433,-0.188302,0.8155,-0.199813,-0.180929,0.9105,0.129247,-0.163451,0.8997,-0.238126,-0.117508,0.9882,0.148737,-0.120801,0.9475,-0.202348,-0.141893,0.9321,0.131536,-0.121257,0.8665,-0.176072,-0.12613,0.8824,0.108802,-0.119133,0.8481,-0.150648,-0.104116,0.8629,0.088227,-0.104087,0.8881,-0.022635,-0.08222,0.539,0.026644,-0.080377,0.6581,-0.050467,-0.024609,0.978,0.052621,-0.020922,0.9052,-0.084838,-0.03511,0.93,0.078611,-0.028909,0.9311,-0.065729,-0.04031,0.9776,0.064916,-0.035565,0.938,-0.070143,-0.02032,0.9572,0.066739,-0.0136,0.9436,0.016011,0.023437,0.8681,0.031204,0.082468,0.973,0.001375,0.087596,0.9023,0.054442,0.086302,0.8886,-0.008868,0.030331,0.8833,0.040432,0.028967,0.8787,-0.068793,0.01175,0.876,0.063317,0.017358,0.8915,0.034281,0.115971,0.9416,0.001231,0.114806,0.9866,0.05731,0.116618,0.9227,0.030602,0.146326,0.9722,-0.024196,0.115222,0.7538,0.06602,0.114201,0.8168,0.029445,0.155401,0.9741,-0.048685,0.122426,0.6099,0.072928,0.106395,0.8006,0.02874,0.160411,0.9652,0.028442,0.163378,0.9427,-0.007414,0.157633,0.9279,0.055519,0.151086,0.9474,0.029074,0.158109,0.9821,0,0,0,0,0,0,0,0,0,0,0,0,0,0,0,0,0,0,0,0,0
DOGS/dog_15540586/dog_15540586_t0_000120.jpg,mafin,Shih-Tzu,relaxed,-0.164162,-0.149745,0.8718,0.132571,-0.174141,0.7858,-0.191126,-0.125951,0.6269,0.152862,-0.1546,0.8518,-0.216,-0.104,0.5451,0.166791,-0.122493,0.7777,-0.257291,-0.087085,0.6805,0.189578,-0.096163,0.8319,-0.25773,-0.100429,0.7386,0.21507,-0.136057,0.8087,-0.223769,-0.110791,0.451,0.193465,-0.170352,0.7582,-0.193608,-0.096027,0.7687,0.14915,-0.177078,0.6908,-0.044278,-0.076829,0.5503,0.037665,-0.082731,0.5287,-0.077827,-0.00466,0.9258,0.073732,-0.020982,0.9005,-0.123017,-0.003636,0.9405,0.116445,-0.030238,0.9746,-0.100889,-0.017651,0.9245,0.093656,-0.036846,0.9239,-0.101453,0.007778,0.9719,0.097228,-0.015177,0.9335,-0.001819,0.003073,0.8551,-0.000102,0.043672,0.9709,-0.027454,0.052373,0.9674,0.028735,0.048259,0.9658,-0.032201,0.011735,0.8887,0.029688,0.006688,0.9423,-0.097732,0.035373,0.8885,0.097927,0.012568,0.8845,0.002314,0.071904,0.998,-0.02783,0.075371,0.9504,0.033453,0.070003,0.9619,0.005844,0.10172,0.9673,-0.058155,0.083307,0.8888,0.065906,0.073225,0.8885,0.007618,0.11817,0.9867,-0.088751,0.103875,0.8059,0.098656,0.085379,0.8747,0.008446,0.127669,0.9646,0.009013,0.133938,0.9385,-0.042727,0.128806,0.9381,0.056957,0.124527,0.9016,0.008062,0.122936,0.9847,0,0,0,0,0,0,0,0,0,0,0,0,0,0,0,0,0,0,0,0,0
DOGS/dog_15540586/dog_15540586_t0_000240.jpg,mafin,Shih-Tzu,relaxed,-0.194679,-0.118299,0.8103,0.158174,-0.16919,0.7881,-0.189463,-0.089149,0.6277,0.170684,-0.139566,0.8754,-0.237841,-0.105177,0.4951,0.185769,-0.176253,0.7687,-0.251995,-0.072118,0.7979,0.22768,-0.172219,0.7736,-0.220313,-0.058946,0.764,0.220525,-0.121378,0.864,-0.211952,-0.123299,0.5937,0.173425,-0.117899,0.7759,-0.189055,-0.061002,0.7038,0.183288,-0.09343,0.6711,-0.039038,-0.072407,0.5973,0.022712,-0.075662,0.5803,-0.066069,-0.01138,0.7939,0.057378,-0.015187,0.7472,-0.102644,-0.008922,0.6759,0.093336,-0.018491,0.7034,-0.084818,-0.021484,0.8215,0.0738,-0.0268,0.8099,-0.084006,-0.001262,0.8704,0.075088,-0.008798,0.7976,-0.003509,0.005663,0.8564,-0.001884,0.044679,0.9205,-0.027961,0.053026,0.9631,0.025502,0.049079,0.9567,-0.031101,0.01319,0.9117,0.02531,0.009199,0.9071,-0.083627,0.02665,0.8624,0.076307,0.017074,0.7834,0.000105,0.07176,0.9912,-0.028592,0.074766,0.9693,0.030351,0.069868,0.9594,0.002741,0.099907,0.9622,-0.058793,0.082832,0.8479,0.059916,0.073543,0.8601,0.004302,0.115359,0.9766,-0.089285,0.101418,0.69,0.087592,0.08566,0.8487,0.00504,0.124225,0.9724,0.008514,0.144783,0.9402,-0.035121,0.135874,0.9296,0.059664,0.119483,0.8403,0.004759,0.119844,0.0,,,1,1,,,,,,0,,,,,,,,,,,1
DOGS/dog_16622159/dog_16622159_t0_000000.jpg,masha,Tibetan terrier,neutral,-0.135811,-0.184864,0.8746,0.079464,-0.195326,0.7272,-0.202816,-0.130776,0.3642,0.124524,-0.147067,0.8704,-0.251962,-0.079028,0.594,0.14107,-0.071614,0.8612,-0.245444,0.015316,0.971,0.185162,0.019383,0.9559,-0.233183,-0.06112,0.4522,0.219691,-0.067475,0.9371,-0.204161,-0.072669,0.6686,0.206055,-0.152735,0.8799,-0.177701,-0.059307,0.7447,0.100974,-0.207884,0.6091,-0.042819,-0.131892,0.7432,0.013183,-0.134098,0.6899,-0.067102,-0.054309,0.9849,0.049379,-0.063374,0.9864,-0.103545,-0.057443,0.9891,0.084573,-0.067759,0.9414,-0.085069,-0.070218,0.9945,0.06585,-0.078519,0.984,-0.086835,-0.043834,0.9566,0.069649,-0.053701,0.9759,0.003006,-0.000564,0.9855,0.011007,0.061769,0.9796,-0.025597,0.067696,0.9419,0.047168,0.066196,0.9473,-0.031942,0.00708,0.9472,0.03845,0.002858,0.9655,-0.088002,-0.010547,0.9549,0.074162,-0.022195,0.9095,0.012391,0.098492,0.9545,-0.028947,0.098287,0.9753,0.051508,0.096156,0.9531,0.011856,0.12525,0.9742,-0.070354,0.094764,0.805,0.086209,0.091063,0.8545,0.011834,0.133352,0.9637,-0.114329,0.111865,0.796,0.116467,0.097956,0.7665,0.011852,0.140082,0.9493,0.011844,0.144192,0.9284,-0.05547,0.144674,0.877,0.066154,0.139703,0.8853,0.01188,0.136648,0.9841,0,0,0,0,0,0,0,0,0,0,0,0,0,0,0,0,0,0,0,0,0
DOGS/dog_16622159/dog_16622159_t0_000072.jpg,masha,Tibetan terrier,relaxed,-0.149394,-0.150737,0.9274,0.093758,-0.167498,0.9001,-0.189688,-0.078801,0.5468,0.140674,-0.10926,0.868,-0.249363,-0.009305,0.7496,0.15847,-0.020653,0.8886,-0.258164,0.089662,0.9979,0.20945,0.072816,0.9666,-0.277783,-0.010416,0.6693,0.248795,-0.014904,0.9212,-0.238792,-0.044045,0.5019,0.23219,-0.106227,0.863,-0.194813,0.001967,0.5524,0.110645,-0.179598,0.7429,-0.043417,-0.136761,0.7966,0.014453,-0.138343,0.7773,-0.074769,-0.05054,0.9861,0.056455,-0.058881,0.9865,-0.115616,-0.049627,0.9704,0.093817,-0.060807,0.9256,-0.096084,-0.06715,0.9678,0.07422,-0.073501,0.956,-0.095683,-0.035552,0.9939,0.076758,-0.047993,0.9596,0.00197,-0.020779,0.9427,0.007979,0.025859,0.9156,-0.028798,0.032225,0.9563,0.044409,0.030958,0.9523,-0.032408,-0.012393,0.9172,0.037797,-0.016191,0.9701,-0.096503,-0.000645,0.9402,0.08334,-0.015487,0.9026,0.009536,0.05853,0.9498,-0.032699,0.060669,0.9852,0.051098,0.057862,0.976,0.01053,0.091479,0.9831,-0.07424,0.069532,0.7868,0.093354,0.069428,0.8481,0.010821,0.1132,0.9438,-0.113152,0.104649,0.5043,0.129512,0.100869,0.6006,0.011002,0.124232,0.9593,0.01105,0.132055,0.9793,-0.056752,0.135093,0.8314,0.076106,0.139426,0.7836,0.011004,0.118672,0.9936,0,0,0,0,0,0,0,0,0,0,0,0,0,0,0,0,0,0,0,0,0
DOGS/dog_16622159/dog_16622159_t0_000144.jpg,masha,Tibetan terrier,relaxed,-0.134104,-0.137888,0.9169,0.094924,-0.158034,0.9048,-0.166832,-0.072008,0.8412,0.138889,-0.104861,0.8068,-0.196358,-0.000685,0.8405,0.160146,-0.020017,0.782,-0.228941,0.099535,0.9986,0.215524,0.062995,1.0029,-0.277998,0.017264,0.9085,0.25426,-0.021371,0.9274,-0.26363,-0.06728,0.651,0.242839,-0.114234,0.8511,-0.155614,-0.156911,0.9405,0.110511,-0.171146,0.8205,-0.03851,-0.124284,0.8576,0.018374,-0.129172,0.8242,-0.066462,-0.042074,0.9463,0.059051,-0.052064,0.9777,-0.108224,-0.040042,0.9883,0.095519,-0.053152,0.9813,-0.088788,-0.05753,0.9627,0.076644,-0.065601,0.9692,-0.087734,-0.027628,0.9563,0.078996,-0.041812,0.9653,0.005914,-0.013266,0.9567,0.011046,0.031328,0.9386,-0.024396,0.038044,0.9745,0.046657,0.035946,0.9324,-0.027376,-0.005799,0.9459,0.040145,-0.009838,0.9446,-0.0885,0.004744,0.9214,0.086492,-0.011238,0.9042,0.013055,0.064061,0.9546,-0.027778,0.066588,0.9542,0.05381,0.063154,0.9508,0.014568,0.09559,0.9784,-0.064401,0.074747,0.7892,0.093448,0.068761,0.7428,0.015252,0.11515,0.9966,-0.098956,0.104979,0.5675,0.126088,0.100216,0.509,0.015758,0.125811,0.9807,0.01601,0.13334,0.9447,-0.048883,0.141741,0.8184,0.076978,0.135753,0.8626,0.015598,0.120532,0.9938,0,0,0,0,0,0,0,0,0,0,0,0,0,0,0,0,0,0,0,0,0
DOGS/dog_16622159/dog_16622159_t0_000216.jpg,masha,toy poodle,relaxed,-0.130136,-0.121223,0.9228,0.108135,-0.170376,0.8864,-0.158929,-0.050459,0.8672,0.15017,-0.114855,0.8504,-0.170478,0.021161,0.9361,0.179566,-0.032176,0.8472,-0.180948,0.124649,0.9908,0.245386,0.060126,0.9604,-0.233256,0.034837,0.8877,0.284816,-0.039127,0.9184,-0.217083,-0.056079,0.7291,0.254408,-0.139104,0.7895,-0.142192,-0.139274,0.9366,0.119505,-0.187887,0.8868,-0.046018,-0.123768,0.8013,0.015198,-0.136696,0.8049,-0.067335,-0.040779,0.9757,0.060543,-0.060768,1.0009,-0.104191,-0.034536,0.9983,0.100441,-0.065547,1.0163,-0.08926,-0.053868,0.9692,0.078391,-0.079466,0.935,-0.085515,-0.024335,0.9497,0.08334,-0.050038,0.9306,-0.00659,-0.010668,0.9279,-0.008733,0.035578,0.9318,-0.043136,0.043304,0.9307,0.029873,0.037507,0.902,-0.040787,-0.00189,0.8685,0.029595,-0.009608,0.9331,-0.08584,0.009277,0.8704,0.089934,-0.018476,0.9285,-0.005829,0.067828,0.968,-0.04536,0.073264,0.9702,0.036649,0.063436,0.9311,-0.000656,0.098654,0.9931,-0.077335,0.084038,0.7571,0.075116,0.066427,0.7701,0.003486,0.118496,0.9647,-0.100029,0.109136,0.6235,0.1081,0.096653,0.4434,0.005668,0.128923,0.9284,0.007105,0.136338,0.918,-0.053313,0.146128,0.8148,0.06319,0.130102,0.7222,0.004625,0.123781,0.9778,0,0,0,0,0,0,0,0,0,0,0,0,0,0,0,0,0,0,0,0,0
DOGS/dog_17029737/dog_17029737_t0_000072.jpg,masha,American Staffordshire terrier,sad,-0.110329,-0.131767,0.9906,0.09007,-0.168896,1.0103,-0.159665,-0.127823,0.7849,0.145054,-0.200813,0.8901,-0.174203,-0.053723,0.7367,0.217817,-0.129393,0.8693,-0.198986,0.009425,0.8058,0.255858,-0.051287,0.9833,-0.208909,-0.010897,0.5254,0.229694,-0.076405,0.5608,-0.17084,0.00962,0.7446,0.225146,-0.08833,0.8887,-0.148943,0.00546,0.9087,0.181827,-0.055552,1.0177,-0.057048,-0.099398,0.8497,0.000241,-0.113405,0.8997,-0.086097,-0.025613,0.9824,0.055941,-0.058987,1.0081,-0.131582,-0.022761,1.0091,0.109617,-0.07992,0.9649,-0.112914,-0.044757,0.9905,0.07614,-0.093369,1.0046,-0.107388,-0.005713,0.9756,0.08878,-0.052787,0.9858,-0.022049,-0.016752,0.9669,-0.023733,0.020254,0.9531,-0.060856,0.037046,0.9111,0.018682,0.020245,0.9795,-0.054448,-0.004199,0.9427,0.013098,-0.016686,0.9815,-0.103342,0.030845,0.9526,0.098616,-0.0098,1.0045,-0.018134,0.05911,0.9864,-0.065189,0.071913,0.9949,0.032508,0.048944,0.954,-0.008866,0.102132,0.979,-0.089394,0.099297,0.8608,0.07889,0.062539,0.825,-0.002118,0.127487,0.9272,-0.107917,0.132378,0.7934,0.13162,0.104362,0.9,0.00096,0.140776,0.9197,0.003194,0.149856,0.9036,-0.066663,0.189755,0.9442,0.090922,0.147605,1.0636,-0.000573,0.134336,0.9367,0,0,0,0,0,0,0,0,0,0,0,0,0,0,0,0,0,0,0,0,0
DOGS/dog_17029737/dog_17029737_t0_000192.jpg,masha,American Staffordshire terrier,sad,-0.110329,-0.131767,0.9906,0.09007,-0.168896,1.0103,-0.159665,-0.127823,0.7849,0.145054,-0.200813,0.8901,-0.174203,-0.053723,0.7367,0.217817,-0.129393,0.8693,-0.198986,0.009425,0.8058,0.255858,-0.051287,0.9833,-0.208909,-0.010897,0.5254,0.229694,-0.076405,0.5608,-0.17084,0.00962,0.7446,0.225146,-0.08833,0.8887,-0.148943,0.00546,0.9087,0.181827,-0.055552,1.0177,-0.057048,-0.099398,0.8497,0.000241,-0.113405,0.8997,-0.086097,-0.025613,0.9824,0.055941,-0.058987,1.0081,-0.131582,-0.022761,1.0091,0.109617,-0.07992,0.9649,-0.112914,-0.044757,0.9905,0.07614,-0.093369,1.0046,-0.107388,-0.005713,0.9756,0.08878,-0.052787,0.9858,-0.022049,-0.016752,0.9669,-0.023733,0.020254,0.9531,-0.060856,0.037046,0.9111,0.018682,0.020245,0.9795,-0.054448,-0.004199,0.9427,0.013098,-0.016686,0.9815,-0.103342,0.030845,0.9526,0.098616,-0.0098,1.0045,-0.018134,0.05911,0.9864,-0.065189,0.071913,0.9949,0.032508,0.048944,0.954,-0.008866,0.102132,0.979,-0.089394,0.099297,0.8608,0.07889,0.062539,0.825,-0.002118,0.127487,0.9272,-0.107917,0.132378,0.7934,0.13162,0.104362,0.9,0.00096,0.140776,0.9197,0.003194,0.149856,0.9036,-0.066663,0.189755,0.9442,0.090922,0.147605,1.0636,-0.000573,0.134336,0.9367,0,0,0,0,0,0,0,0,0,0,0,0,0,0,0,0,0,0,0,0,0
DOGS/dog_17029739/dog_17029739_t0_000192.jpg,danek,miniature poodle,relaxed,-0.127904,-0.114105,0.8242,0.133556,-0.158297,0.8445,-0.145522,-0.035014,0.8771,0.178325,-0.108081,0.8466,-0.136411,0.049331,0.8543,0.224201,-0.038154,0.391,-0.138974,0.134413,1.0008,0.321425,0.047814,0.9364,-0.192672,0.058395,0.8451,0.298771,-0.057642,0.7958,-0.191234,-0.032738,0.8654,0.248404,-0.121389,0.7469,-0.140509,-0.125106,0.7907,0.146739,-0.155647,0.9214,-0.05275,-0.130731,0.77,-0.001842,-0.141977,0.7943,-0.075743,-0.057217,0.8314,0.057212,-0.079895,0.943,-0.110775,-0.04486,0.8159,0.095752,-0.088587,0.9414,-0.097623,-0.061807,0.8951,0.074653,-0.098041,0.9633,-0.092957,-0.040371,0.9273,0.079075,-0.072288,0.9482,-0.022062,-0.024795,0.8899,-0.023106,0.025834,0.9701,-0.055366,0.042141,0.9711,0.018405,0.025475,0.9699,-0.054775,-0.012296,0.864,0.013712,-0.025361,0.8864,-0.09048,-0.003143,0.8934,0.084358,-0.039348,0.8703,-0.018163,0.069071,0.9539,-0.054525,0.076872,0.9729,0.029894,0.058888,0.9373,-0.009431,0.102421,0.9594,-0.076801,0.087282,0.7911,0.066222,0.054615,0.7456,-0.004759,0.118221,1.0226,-0.080116,0.114152,0.6169,0.103197,0.081105,0.3896,-0.002421,0.125974,1.0117,-0.00075,0.131405,0.9812,-0.041303,0.137035,0.8931,0.051029,0.117198,0.7144,-0.003622,0.122115,1.0283,0,0,0,0,0,0,0,0,0,0,0,0,0,0,0,0,0,0,0,0,0
DOGS/dog_17413645/dog_17413645_t0_000000.jpg,danek,Eskimo dog,sad,-0.115085,-0.231747,0.8736,0.069927,-0.206542,0.7374,-0.140544,-0.182252,0.8208,0.087247,-0.180138,0.5752,-0.150815,-0.128963,0.9415,0.093392,-0.153673,0.3115,-0.183332,-0.082005,0.7944,0.096785,-0.111382,0.3898,-0.244834,-0.13666,0.9418,0.100865,-0.125009,0.9661,-0.240345,-0.220019,0.4132,0.125228,-0.159554,0.9172,-0.15672,-0.206182,0.712,0.07748,-0.175208,0.5092,-0.006531,-0.104148,0.5674,0.022358,-0.094149,0.4853,-0.032498,-0.039616,0.93,0.035117,-0.027857,0.8961,-0.078978,-0.058122,0.9348,0.056607,-0.033325,0.9511,-0.049935,-0.063424,0.9499,0.045189,-0.042355,0.8746,-0.060045,-0.034424,0.9577,0.048347,-0.018185,0.9024,0.021457,0.031216,0.8987,0.04337,0.101387,0.9573,0.017721,0.105112,0.9153,0.062963,0.101659,0.9927,-0.004981,0.035944,0.879,0.044927,0.035057,0.9392,-0.067153,-0.000455,0.8505,0.050248,0.009092,0.9341,0.045878,0.124947,0.9836,0.017628,0.127306,0.9298,0.064178,0.123207,1.0105,0.044076,0.138886,0.9629,-0.02379,0.117436,0.7264,0.072445,0.104244,0.8484,0.043214,0.141805,0.9752,-0.108119,0.089853,0.8244,0.073498,0.080401,0.9025,0.042216,0.144949,0.9418,0.041844,0.147023,0.9007,-0.023083,0.149817,0.8645,0.066523,0.130595,0.8979,0.042697,0.143553,0.9692,0,0,0,0,0,0,0,0,0,0,0,0,0,0,0,0,0,0,0,0,0
DOGS/dog_17413645/dog_17413645_t0_000087.jpg,danek,Eskimo dog,sad,-0.122591,-0.163356,0.8642,0.077587,-0.197982,0.8865,-0.141698,-0.121325,0.521,0.128221,-0.186053,0.766,-0.15377,-0.075748,0.6084,0.169536,-0.152477,0.9127,-0.169879,-0.02748,0.8467,0.196319,-0.100513,0.9116,-0.188053,-0.078677,0.7593,0.169882,-0.113301,0.8718,-0.165466,-0.122944,0.7981,0.155029,-0.117719,0.8404,-0.135838,-0.080695,0.5004,0.124263,-0.06857,0.8133,-0.049091,-0.112393,0.5463,-0.001041,-0.116784,0.6122,-0.070218,-0.031815,0.9738,0.028875,-0.035595,0.9726,-0.099899,-0.047632,0.9914,0.068873,-0.051879,0.9513,-0.085241,-0.056761,1.0238,0.043568,-0.059889,0.9378,-0.085466,-0.026928,0.9701,0.05342,-0.030976,0.9472,-0.016412,0.022887,0.8043,-0.002134,0.088799,0.6875,-0.024383,0.096628,0.6085,0.024435,0.092796,0.7784,-0.038907,0.028536,0.769,0.009193,0.028755,0.8089,-0.081974,0.008629,0.917,0.058377,0.007752,0.9021,0.004897,0.124157,0.7876,-0.018571,0.125116,0.7016,0.034769,0.125797,0.8283,0.012858,0.159324,0.7934,-0.029751,0.132611,0.5697,0.052449,0.129783,0.6062,0.015585,0.175485,0.8081,-0.051847,0.127474,0.4345,0.06488,0.122091,0.3924,0.018247,0.186719,0.7843,0.019705,0.192499,0.7102,-0.013401,0.173509,0.7957,0.046507,0.170155,0.5154,0.017017,0.181622,0.7932,0,0,0,0,0,0,0,0,0,0,0,0,0,0,0,0,0,0,0,0,0
DOGS/dog_17413645/dog_17413645_t0_000203.jpg,danek,collie,sad,-0.143748,-0.171706,0.904,0.087067,-0.182129,0.9434,-0.174521,-0.126738,0.8707,0.135486,-0.175979,0.7442,-0.190807,-0.089747,0.8656,0.17309,-0.150127,0.7054,-0.212183,-0.038067,0.8409,0.211415,-0.123206,0.9924,-0.241501,-0.087145,0.9422,0.207514,-0.147403,0.7255,-0.21828,-0.132677,0.8702,0.162613,-0.100115,0.9422,-0.176619,-0.125852,0.798,0.134577,-0.054985,0.9282,-0.036239,-0.102423,0.6991,0.019322,-0.104811,0.6838,-0.06267,-0.025758,0.9885,0.057546,-0.031735,0.9842,-0.105917,-0.036805,0.988,0.093994,-0.044112,1.0087,-0.082177,-0.046487,0.9906,0.071582,-0.053296,0.9631,-0.086753,-0.018891,0.9953,0.079514,-0.024565,0.9656,0.00703,0.019402,0.9681,0.014839,0.06731,0.9962,-0.014428,0.074021,1.0002,0.044078,0.071565,0.9536,-0.023151,0.026671,0.9575,0.036719,0.0226,0.9962,-0.083559,0.015946,0.944,0.083128,0.011858,0.9567,0.017687,0.095579,0.9775,-0.014011,0.097679,0.9883,0.048392,0.095454,0.997,0.019121,0.12197,0.9766,-0.04927,0.097504,0.8795,0.072091,0.093003,0.9655,0.01996,0.133078,0.9935,-0.086361,0.113189,0.8358,0.092775,0.093009,0.9795,0.020671,0.140851,1.0151,0.021282,0.145866,0.9647,-0.031071,0.134413,0.9787,0.063085,0.132592,0.9283,0.020365,0.136949,1.0125,0,0,0,0,0,0,0,0,0,0,0,0,0,0,0,0,0,0,0,0,0
DOGS/dog_17413645/dog_17413645_t0_000348.jpg,danek,Eskimo dog,sad,-0.142641,-0.177861,0.8373,0.082532,-0.184763,0.8753,-0.163379,-0.135733,0.8652,0.128748,-0.163022,0.8402,-0.175592,-0.086559,0.9152,0.163443,-0.123121,0.8848,-0.203116,-0.026614,0.8842,0.192145,-0.072088,0.8826,-0.244118,-0.083436,0.9274,0.164762,-0.094752,0.8227,-0.238295,-0.156976,0.8199,0.144955,-0.127622,0.8153,-0.166536,-0.210776,0.7564,0.107388,-0.136303,0.9121,-0.037745,-0.10415,0.633,0.015259,-0.106984,0.6021,-0.061314,-0.028892,0.9743,0.055488,-0.030992,0.9508,-0.111675,-0.038229,0.9224,0.083358,-0.039964,0.9716,-0.083352,-0.049334,0.9275,0.066334,-0.047919,0.9508,-0.088994,-0.019835,0.9536,0.072381,-0.02407,1.0133,0.011496,0.020807,0.9022,0.024456,0.077038,0.9945,-0.004183,0.084169,0.9961,0.051359,0.080306,0.9733,-0.019467,0.028656,0.9026,0.041115,0.02414,0.9354,-0.087342,0.015146,0.9432,0.073669,0.00941,0.9726,0.027019,0.104764,0.9722,-0.002635,0.108171,0.9743,0.053092,0.103777,0.9563,0.027607,0.12754,1.0071,-0.041718,0.105844,0.8581,0.06989,0.096464,0.9486,0.027728,0.134264,0.9674,-0.097102,0.10907,0.7583,0.084035,0.08974,0.9577,0.027774,0.139413,0.9961,0.027983,0.142531,0.9677,-0.02812,0.139859,0.911,0.061586,0.129687,0.9392,0.02775,0.136989,1.0058,0,0,0,0,0,0,0,0,0,0,0,0,0,0,0,0,0,0,0,0,0
DOGS/dog_17770511/dog_17770511_t0_000116.jpg,masha,American Staffordshire terrier,relaxed,-0.120096,-0.086275,0.6606,0.047486,-0.180134,0.9494,-0.134383,-0.154087,0.8172,0.095788,-0.196279,0.7726,-0.163507,-0.158645,0.8866,0.146742,-0.165356,0.9311,-0.206586,-0.146317,0.9284,0.200242,-0.112753,1.0047,-0.166419,-0.12197,0.7138,0.195897,-0.178884,0.8506,-0.152123,-0.062536,0.5722,0.171742,-0.164671,0.8582,-0.128502,-0.035451,0.8048,0.152759,-0.087899,0.9967,-0.043386,-0.081462,0.7863,0.006311,-0.093822,0.7813,-0.069715,-0.011242,1.0002,0.047511,-0.032179,0.9835,-0.107154,-0.012518,0.9945,0.096267,-0.049807,0.9853,-0.089091,-0.022201,0.9655,0.066773,-0.05323,0.9687,-0.088406,-0.002586,0.9688,0.074913,-0.030015,0.9523,-0.013969,0.012976,0.9333,-0.016138,0.060546,0.9797,-0.047406,0.071257,0.9537,0.021251,0.061383,0.9852,-0.04326,0.022858,0.966,0.017094,0.014906,0.9689,-0.081828,0.030189,0.9439,0.078815,0.008872,0.9936,-0.012649,0.097135,0.9572,-0.048505,0.103593,0.9818,0.030588,0.090915,0.9686,-0.004731,0.13087,0.9964,-0.067633,0.111185,0.8057,0.063387,0.088341,0.8792,-0.00042,0.144988,1.0625,-0.083852,0.131497,0.6094,0.098659,0.100547,0.9954,0.024101,0.204134,0.8578,0.02732,0.219813,0.8889,-0.044968,0.157763,0.7837,0.060798,0.131518,0.9132,0.014073,0.168022,0.7444,0,0,0,0,0,0,0,0,0,0,0,1,0,0,1,1,0,0,0,0,0
DOGS/dog_17770511/dog_17770511_t0_000203.jpg,masha,American Staffordshire terrier,happy,-0.11407,-0.1098,0.775,0.063162,-0.14982,0.772,-0.150459,-0.140829,0.7847,0.09774,-0.181314,0.8622,-0.191963,-0.174804,0.8639,0.154659,-0.150515,0.8313,-0.249849,-0.157389,1.0249,0.193619,-0.093024,0.9817,-0.198084,-0.143799,0.8276,0.181365,-0.109361,0.9477,-0.179625,-0.084382,0.7958,0.155616,-0.117832,0.9578,-0.152026,-0.015168,0.7485,0.137087,-0.076605,0.9241,-0.045823,-0.072404,0.8775,0.006042,-0.0811,0.7986,-0.07002,-0.004254,1.0064,0.051161,-0.025526,0.9922,-0.110462,-0.002434,1.0281,0.095538,-0.038619,1.0056,-0.090865,-0.016013,0.9683,0.06951,-0.046232,0.9446,-0.090311,0.007524,0.9747,0.077646,-0.020008,0.9976,-0.005098,0.002096,0.9633,0.005025,0.032403,0.94,-0.027951,0.044418,0.9862,0.038469,0.031509,0.9925,-0.03344,0.01244,0.9217,0.025047,0.001451,0.9907,-0.085051,0.043213,0.9825,0.084405,0.015438,0.9896,0.012494,0.065136,0.9652,-0.029471,0.073062,0.9815,0.052098,0.057357,0.9441,0.01848,0.100424,0.9656,-0.060761,0.089993,0.8408,0.080771,0.063327,0.8259,0.021121,0.119215,0.9825,-0.101936,0.115672,1.0927,0.124533,0.072429,0.9963,0.038935,0.217558,0.7459,0.039937,0.225008,0.7654,-0.040956,0.141743,1.0322,0.085714,0.116548,1.0526,0.045243,0.247683,0.9738,0,0,0,0,0,1,0,1,1,0,1,1,0,0,0,0,0,0,0,1,1
DOGS/dog_18336413/dog_18336413_t0_000000.jpg,masha,beagle,sad,-0.138234,-0.154701,0.9027,0.115846,-0.208941,0.8773,-0.139743,-0.0903,0.8326,0.135726,-0.117539,0.691,-0.082373,0.042824,0.65,0.125911,0.004025,0.7614,-0.085397,0.181882,0.9824,0.217386,0.131268,0.8789,-0.118624,0.058977,0.6409,0.292926,-0.01821,0.73,-0.149393,-0.076168,0.6622,0.24572,-0.15397,0.9073,-0.146826,-0.167139,0.8494,0.142006,-0.248785,0.9022,-0.072993,-0.130626,0.6708,-0.020764,-0.151658,0.6447,-0.081235,-0.058338,0.9431,0.031548,-0.088949,0.9891,-0.114511,-0.065332,0.9799,0.079741,-0.115395,0.9379,-0.098858,-0.075002,0.9749,0.048925,-0.118697,0.9529,-0.097013,-0.049528,0.9553,0.062495,-0.088969,0.9383,-0.02469,-0.00629,0.9237,-0.024602,0.059752,0.948,-0.050762,0.070809,0.9904,0.009997,0.055069,0.917,-0.05309,0.0074,0.9386,0.008471,-0.008414,0.937,-0.082486,-0.014619,1.0233,0.066826,-0.048022,0.9614,-0.01757,0.090515,0.9097,-0.044908,0.099684,0.9598,0.018847,0.079662,0.9523,-0.005774,0.115259,0.9843,-0.056286,0.101641,0.9247,0.064768,0.066261,0.6506,-0.001952,0.123659,1.0113,-0.065523,0.093067,0.981,0.125397,0.059751,0.7985,9.4e-05,0.128932,0.9928,0.001262,0.132334,0.9648,-0.033313,0.140586,0.9599,0.070336,0.119188,0.9051,-0.000852,0.126411,1.0103,0,0,0,0,0,0,0,0,0,0,0,0,0,0,0,0,0,0,0,0,0
DOGS/dog_18336413/dog_18336413_t0_000420.jpg,masha,beagle,relaxed,-0.142043,-0.122111,0.9015,0.125516,-0.146229,0.9663,-0.152374,-0.015179,0.927,0.144577,-0.050737,0.9229,-0.109635,0.087425,0.926,0.125766,0.070364,0.7047,-0.121937,0.252215,1.0087,0.200109,0.214418,0.9351,-0.208715,0.126447,0.9199,0.269669,0.08316,0.8918,-0.207585,-0.001833,0.8863,0.211257,-0.05121,0.8842,-0.15356,-0.137709,0.8954,0.135582,-0.159556,0.9181,-0.043798,-0.155095,0.8168,0.004197,-0.161949,0.8914,-0.076507,-0.075285,0.9903,0.05796,-0.093664,1.0153,-0.12644,-0.074694,0.9531,0.109059,-0.10386,0.9759,-0.104543,-0.099747,0.9893,0.080792,-0.124503,0.9393,-0.101106,-0.055398,0.9991,0.088381,-0.0779,0.9516,-0.007049,-0.049665,0.9767,-0.004704,-0.009137,0.9495,-0.037393,0.002467,1.0173,0.033338,-0.00588,0.9711,-0.039574,-0.03927,0.9708,0.028206,-0.047047,0.9705,-0.094935,-0.013736,0.9575,0.092574,-0.036204,0.9942,-0.001739,0.026217,0.986,-0.041764,0.031868,1.0139,0.043536,0.021788,0.9486,0.002909,0.066279,0.9843,-0.069055,0.056206,0.8264,0.079161,0.03709,0.828,0.006679,0.091336,0.9593,-0.09857,0.094872,0.9619,0.114961,0.061932,0.8176,0.008128,0.102709,0.9863,0.009234,0.110773,0.9445,-0.067458,0.143988,0.9649,0.096021,0.1263,0.8984,0.007476,0.097177,0.9843,1,0,0,0,0,0,0,0,0,0,0,0,0,0,0,0,0,0,0,0,0
DOGS/dog_19201624/dog_19201624_t0_000046.jpg,danek,Great Pyrenees,neutral,-0.09645,-0.133426,0.7946,0.091592,-0.215118,0.6903,-0.104461,-0.097898,0.7954,0.136744,-0.150798,0.8693,-0.099952,-0.060716,0.8194,0.158298,-0.078709,0.7957,-0.091673,-0.025133,0.67,0.221437,-0.034294,0.8343,-0.115714,-0.054054,0.8411,0.27254,-0.135462,0.6914,-0.123676,-0.099056,0.8959,0.254086,-0.234306,0.553,-0.106078,-0.13878,0.8189,0.096014,-0.249263,0.7563,-0.065584,-0.101802,0.6564,-0.024603,-0.118204,0.6277,-0.069565,-0.044688,0.8823,0.015499,-0.073782,0.9804,-0.089175,-0.039092,0.8415,0.055033,-0.102579,0.9922,-0.082533,-0.049129,0.9067,0.02843,-0.097962,0.9996,-0.07748,-0.035334,0.8992,0.041582,-0.079494,0.9364,-0.024837,0.027383,0.7787,-0.0288,0.112365,0.9434,-0.047751,0.126237,0.8915,0.001204,0.099273,0.8907,-0.049862,0.039218,0.8579,0.006927,0.022261,0.7934,-0.065133,-0.005929,0.8507,0.05414,-0.048364,0.8835,-0.020309,0.138758,0.952,-0.040347,0.147168,0.9617,0.010716,0.122048,0.8759,-0.007897,0.155122,0.8955,-0.051761,0.138338,0.59,0.049525,0.092297,0.6756,-0.003777,0.159008,0.9002,-0.059588,0.109853,0.8325,0.129411,0.011508,0.9248,0.000791,0.162231,0.8748,0.002778,0.164409,0.9026,-0.026158,0.164144,0.825,0.055738,0.131027,0.8138,-0.002147,0.160712,0.8973,0,0,0,0,0,0,0,0,0,0,0,0,0,0,0,0,0,0,0,0,0
DOGS/dog_19568439/dog_19568439_t0_000059.jpg,danek,Border collie,sad,-0.078303,-0.154832,0.891,0.059549,-0.18726,0.9223,-0.138688,-0.144988,0.9149,0.120303,-0.200235,0.8014,-0.181097,-0.100932,0.8173,0.17852,-0.173151,0.9369,-0.227024,-0.030606,1.0032,0.250362,-0.127044,0.9854,-0.183354,-0.046439,0.9099,0.198255,-0.123161,0.8884,-0.153147,-0.03496,0.9382,0.174249,-0.103796,0.9055,-0.12078,-0.017406,0.9434,0.159693,-0.064967,0.9145,-0.031275,-0.099431,0.8089,0.014916,-0.103935,0.7917,-0.057493,-0.032241,0.9719,0.055028,-0.046667,0.9997,-0.087382,-0.032998,0.9768,0.09125,-0.056165,0.95,-0.073296,-0.047741,0.9782,0.070644,-0.066296,0.9923,-0.072985,-0.020768,0.9632,0.075675,-0.039914,1.0036,-0.008708,0.004036,0.946,-0.016978,0.055719,0.9843,-0.047831,0.065083,0.9548,0.018127,0.059445,0.9347,-0.036602,0.012639,0.925,0.021307,0.0082,0.922,-0.070819,0.011047,0.9433,0.075255,-0.006426,0.9459,-0.016064,0.093223,0.9989,-0.049679,0.097132,0.9282,0.023055,0.088496,0.9665,-0.009564,0.124742,0.9791,-0.064091,0.095711,0.8238,0.056861,0.08077,0.8432,-0.007234,0.134269,1.0276,-0.080755,0.086382,0.827,0.11107,0.030914,0.8692,0.016051,0.218782,0.9821,0.01744,0.228979,0.9506,-0.047247,0.133261,0.9666,0.058899,0.124883,0.9524,0.013378,0.207045,0.981,0,0,0,0,0,0,0,0,0,0,0,0,0,0,0,0,0,0,0,0,0
DOGS/dog_19568439/dog_19568439_t0_000826.jpg,danek,Border collie,sad,-0.079573,-0.164684,0.9515,0.053698,-0.201061,0.9147,-0.137608,-0.154114,0.6583,0.115058,-0.207563,0.7933,-0.177104,-0.105956,0.704,0.170687,-0.184647,0.9198,-0.216644,-0.046155,1.0282,0.241352,-0.143224,0.9744,-0.171927,-0.062029,0.6919,0.188783,-0.141741,0.9138,-0.145341,-0.052295,0.9491,0.166441,-0.118819,0.8974,-0.112269,-0.031397,0.9299,0.152831,-0.082976,0.9072,-0.035441,-0.103509,0.7846,0.009645,-0.109282,0.8214,-0.057395,-0.036332,0.9837,0.049287,-0.050666,1.0072,-0.087281,-0.038957,1.0068,0.084876,-0.062569,0.9438,-0.073314,-0.052027,0.9995,0.063584,-0.071217,0.9737,-0.072525,-0.025681,0.9392,0.070062,-0.045349,0.9789,-0.009478,0.014275,0.9406,-0.015941,0.072362,0.9824,-0.045634,0.081025,0.9262,0.018824,0.07461,0.9669,-0.036553,0.023933,0.9461,0.019717,0.017708,0.9296,-0.067963,0.006101,0.9349,0.071507,-0.011179,0.9325,-0.014086,0.108076,0.9844,-0.045789,0.11322,0.9818,0.022722,0.103244,0.9699,-0.008997,0.138208,0.9662,-0.057841,0.116408,0.8437,0.05478,0.097103,0.866,-0.006535,0.148861,0.9601,-0.06791,0.117147,0.8804,0.103157,0.090614,0.8661,0.003087,0.180477,0.9321,0.004085,0.187239,0.9243,-0.043584,0.160069,0.9403,0.050646,0.146828,0.8953,0.001668,0.176162,0.964,0,0,0,0,0,0,0,0,0,0,0,0,0,0,0,0,0,0,0,0,0
DOGS/dog_19568446/dog_19568446_t0_000118.jpg,masha,Border collie,relaxed,-0.075619,-0.160688,0.8951,0.050643,-0.186764,0.8982,-0.138821,-0.144393,0.8118,0.123761,-0.191746,0.7841,-0.185055,-0.100414,0.9164,0.176672,-0.168614,0.8823,-0.231069,-0.037956,0.9013,0.251507,-0.126054,0.9664,-0.186551,-0.053805,0.9072,0.193492,-0.124576,0.9364,-0.157366,-0.039339,0.9558,0.171346,-0.102585,0.9447,-0.122611,-0.019347,0.9309,0.152897,-0.066208,0.9531,-0.03426,-0.101856,0.8404,0.012831,-0.106779,0.8102,-0.059594,-0.031791,1.0144,0.055616,-0.045814,0.9651,-0.091003,-0.03118,0.9946,0.092318,-0.055007,0.9808,-0.076255,-0.046373,1.006,0.071047,-0.064984,0.9956,-0.075062,-0.019686,0.9826,0.076739,-0.039287,0.9548,-0.007469,0.001079,0.9634,-0.013728,0.052037,0.9673,-0.044548,0.060838,0.9521,0.021724,0.055251,0.9651,-0.034929,0.00945,0.9962,0.02282,0.005232,0.9182,-0.071653,0.01376,0.9597,0.07808,-0.004959,0.9245,-0.013237,0.088999,0.9845,-0.048196,0.093324,0.9623,0.026835,0.084216,0.9924,-0.00695,0.122762,0.9492,-0.06295,0.095835,0.8705,0.059138,0.078775,0.868,-0.004579,0.13422,1.025,-0.07565,0.096341,0.7524,0.107681,0.043331,0.8218,0.014639,0.223799,0.9618,0.015778,0.230701,0.9239,-0.043522,0.135345,0.8987,0.060201,0.125136,0.9732,0.013273,0.221883,1.021,0,0,0,0,0,0,0,0,0,0,0,0,0,0,0,0,0,0,0,0,0
DOGS/dog_19568446/dog_19568446_t0_000295.jpg,masha,Border collie,neutral,-0.07446,-0.160005,0.9281,0.051345,-0.18426,0.9628,-0.139615,-0.144861,0.8568,0.113892,-0.199917,0.735,-0.184196,-0.096637,0.8713,0.1736,-0.167647,0.9732,-0.231649,-0.032532,0.9649,0.250104,-0.126607,0.9867,-0.18274,-0.044927,0.8694,0.19532,-0.120964,0.9192,-0.150747,-0.032547,1.0129,0.174919,-0.098003,0.9893,-0.117784,-0.013927,0.95,0.156501,-0.060593,0.9748,-0.033477,-0.102882,0.8412,0.010424,-0.107838,0.8607,-0.057239,-0.030738,0.9865,0.053438,-0.04387,0.9928,-0.087079,-0.029224,0.994,0.090551,-0.052654,0.9886,-0.073503,-0.045167,0.9877,0.069099,-0.063148,0.9994,-0.071679,-0.018208,0.9281,0.074547,-0.036828,0.9552,-0.010307,0.000788,0.9543,-0.018786,0.049043,0.9733,-0.04805,0.058869,0.9617,0.015983,0.052085,0.9598,-0.036216,0.008638,0.976,0.01913,0.004651,0.9784,-0.069421,0.01347,0.9795,0.076159,-0.00379,0.936,-0.018298,0.087457,0.9904,-0.051228,0.092607,0.9735,0.021594,0.081455,1.0139,-0.010433,0.122673,0.9958,-0.064601,0.098156,0.7777,0.055536,0.076264,0.8988,-0.007198,0.134478,1.0147,-0.077304,0.098383,0.6892,0.108798,0.041878,0.8651,0.01454,0.232879,0.942,0.015758,0.24146,0.8633,-0.045099,0.137618,0.8959,0.059084,0.124693,0.9441,0.01318,0.225999,1.0345,0,0,0,0,0,0,0,0,0,0,0,0,0,0,0,0,0,0,0,0,0
DOGS/dog_19568446/dog_19568446_t0_000590.jpg,masha,Border collie,neutral,-0.080054,-0.149869,0.9436,0.058019,-0.178464,0.9349,-0.143128,-0.136852,0.7614,0.120268,-0.191825,0.7162,-0.18561,-0.091827,0.9339,0.177381,-0.161404,0.9088,-0.229712,-0.025056,0.9774,0.258216,-0.120728,0.9474,-0.185979,-0.040034,1.0084,0.200778,-0.115672,0.9659,-0.154985,-0.027008,0.9587,0.179648,-0.08986,1.0202,-0.123402,-0.006899,1.0001,0.161795,-0.052856,0.9667,-0.030542,-0.109131,0.8697,0.012766,-0.113269,0.7924,-0.058483,-0.031835,0.9752,0.05856,-0.046628,0.9827,-0.089681,-0.029524,0.9975,0.095009,-0.054504,0.9504,-0.075799,-0.04569,0.9759,0.074088,-0.065401,0.9855,-0.0736,-0.018862,0.9873,0.079007,-0.039162,0.959,-0.007667,-0.0075,0.9836,-0.015426,0.039133,0.9794,-0.047403,0.049393,0.9886,0.02192,0.042477,0.9667,-0.035516,0.000717,0.9665,0.022351,-0.003503,0.9864,-0.072301,0.014665,0.9578,0.081743,-0.004241,0.9223,-0.014773,0.078467,0.9675,-0.052209,0.082383,0.9541,0.02846,0.072424,0.9784,-0.007231,0.114572,0.9715,-0.071629,0.090795,0.8771,0.062718,0.069847,0.8695,-0.004009,0.127976,1.0611,-0.095117,0.100667,0.7548,0.115183,0.045687,0.8129,0.020045,0.23346,0.9518,0.021349,0.242097,0.9202,-0.054699,0.135819,0.9304,0.063483,0.119712,0.9175,0.017664,0.224274,0.9875,0,0,0,0,0,0,0,0,0,0,0,0,0,0,0,0,0,0,0,0,0
DOGS/dog_19699718/dog_19699718_t0_000290.jpg,danek,English springer,neutral,-0.140884,-0.082925,0.9013,0.099931,-0.087583,0.9063,-0.176923,0.010822,0.9117,0.13383,0.010054,0.9694,-0.183415,0.108906,0.7416,0.135404,0.110703,0.7547,-0.251881,0.270635,0.8561,0.170884,0.245789,0.9711,-0.26866,0.106536,0.8507,0.21306,0.116208,0.94,-0.24798,-0.004759,0.8412,0.186566,-0.008095,0.8773,-0.151908,-0.098057,0.965,0.110907,-0.095921,0.8926,-0.031804,-0.134042,1.0175,0.0084,-0.135478,0.8739,-0.084052,-0.0571,0.9725,0.070669,-0.070147,0.8914,-0.11979,-0.054675,0.9644,0.102627,-0.062809,0.9874,-0.102734,-0.06932,0.9808,0.086499,-0.076282,0.9255,-0.101646,-0.044723,0.9258,0.08881,-0.056697,0.9635,0.008172,-0.092329,0.9131,0.023934,-0.065573,0.9738,-0.020534,-0.053401,0.9729,0.060997,-0.052608,0.9654,-0.023155,-0.083106,0.8561,0.040029,-0.087128,0.8858,-0.10631,-0.01105,0.8797,0.09752,-0.029579,1.0086,0.027038,-0.018094,0.9972,-0.028338,-0.017103,0.9833,0.071702,-0.016013,0.9206,0.023525,0.029312,0.9701,-0.060158,0.015895,0.756,0.092911,0.016319,0.9118,0.019619,0.062249,0.9304,-0.097218,0.06983,0.6445,0.119431,0.063844,0.9105,0.017857,0.07528,0.8959,0.017092,0.083359,0.8918,-0.065439,0.119415,0.9262,0.088615,0.122402,1.0024,0.019777,0.11874,0.9299,0,0,0,0,0,0,0,0,0,0,0,0,0,0,0,0,0,0,0,0,0
DOGS/dog_19887574/dog_19887574_t0_000115.jpg,masha,English setter,relaxed,-0.109504,-0.184374,0.9913,0.058601,-0.184374,0.9324,-0.138904,-0.122166,0.886,0.113685,-0.145693,0.916,-0.140154,-0.047601,0.9222,0.135906,-0.0694,0.8543,-0.141051,0.047758,1.0309,0.173002,0.022775,0.9582,-0.205363,-0.041317,0.9861,0.206425,-0.076933,0.973,-0.229936,-0.133085,0.9139,0.217955,-0.167122,0.979,-0.123724,-0.20878,0.9291,0.072858,-0.221328,0.8467,-0.048164,-0.11456,0.8123,0.004069,-0.117227,0.7887,-0.066527,-0.036561,0.9803,0.05181,-0.051394,0.9918,-0.104889,-0.043826,0.9733,0.084741,-0.064665,0.9612,-0.086009,-0.054961,0.9629,0.064815,-0.072351,0.9683,-0.086623,-0.025643,0.971,0.07339,-0.045717,1.0109,-0.00074,0.020405,0.929,0.005816,0.077423,0.967,-0.025293,0.08639,0.95,0.038759,0.080396,0.9375,-0.030959,0.030433,0.8998,0.031343,0.022817,0.941,-0.078475,0.00935,0.928,0.075849,-0.011295,0.968,0.009902,0.109745,0.9883,-0.024196,0.114292,0.9787,0.04609,0.106048,0.9456,0.015319,0.137295,0.9738,-0.045624,0.11492,0.9248,0.071546,0.099785,0.8663,0.016731,0.144598,0.9761,-0.066961,0.112967,0.9075,0.093125,0.090915,0.8948,0.017791,0.149387,0.9719,0.018355,0.152276,0.9581,-0.027391,0.155067,0.8948,0.072197,0.145343,0.9327,0.017288,0.147162,0.9966,0,0,0,0,0,0,0,0,0,0,0,0,0,0,0,0,0,0,0,0,0
DOGS/dog_19887574/dog_19887574_t0_000253.jpg,masha,German short-haired pointer,neutral,-0.101551,-0.173755,0.7819,0.076256,-0.188672,0.6855,-0.135684,-0.134086,0.6877,0.102798,-0.152999,0.6877,-0.160699,-0.092785,0.7046,0.116643,-0.093485,0.808,-0.178233,-0.015279,0.8979,0.127853,-0.0234,0.9677,-0.219684,-0.11981,0.946,0.153037,-0.114492,0.9117,-0.24652,-0.17896,0.8918,0.156529,-0.204439,0.9594,-0.105055,-0.224511,0.4638,0.09771,-0.205984,0.7807,-0.025653,-0.119403,0.7588,0.01784,-0.123122,0.6822,-0.053207,-0.029783,1.024,0.051104,-0.049579,0.9386,-0.09789,-0.04017,0.9679,0.079391,-0.063972,0.9463,-0.073744,-0.051034,0.9914,0.061611,-0.069392,0.9416,-0.078289,-0.019781,0.959,0.069402,-0.045157,0.9979,0.009464,0.032227,0.863,0.01713,0.10155,0.8349,-0.012635,0.107199,0.8689,0.04654,0.100773,0.8177,-0.021988,0.041095,0.9075,0.04009,0.033872,0.9007,-0.073552,0.014468,0.9141,0.067089,-0.006846,0.9663,0.018995,0.123763,0.9207,-0.01343,0.129145,0.943,0.047925,0.120114,0.9384,0.020426,0.139491,0.9895,-0.043786,0.119081,0.8038,0.070462,0.105122,0.8011,0.020622,0.143877,0.951,-0.07565,0.110371,0.7917,0.082703,0.08882,0.8908,0.020822,0.148095,0.9499,0.020944,0.15062,0.9393,-0.031954,0.151519,0.9238,0.061198,0.135935,0.8553,0.020666,0.146213,0.9482,0,0,0,0,0,0,0,0,0,0,0,0,0,0,0,0,0,0,0,0,0
DOGS/dog_19892886/dog_19892886_t0_000145.jpg,masha,dingo,sad,-0.128006,-0.104203,0.9585,0.073575,-0.09845,0.8956,-0.153691,-0.133656,0.9619,0.099363,-0.124284,0.9331,-0.178163,-0.165465,0.9958,0.123571,-0.149028,1.0041,-0.216046,-0.187011,0.9916,0.156847,-0.167113,0.9663,-0.231007,-0.132515,0.8866,0.1596,-0.115632,0.9372,-0.22728,-0.069087,0.8855,0.153841,-0.067463,0.9561,-0.210147,-0.002813,0.8776,0.137793,-0.021578,0.9197,-0.027472,-0.074161,0.6154,0.014777,-0.073439,0.625,-0.062088,-0.021604,0.9429,0.054196,-0.014467,1.0011,-0.115418,-0.025186,0.9169,0.094796,-0.021415,0.9878,-0.086743,-0.039218,0.9369,0.072432,-0.032955,0.9577,-0.090152,-0.010036,0.9018,0.077899,-0.005814,0.9585,0.009884,0.003944,0.8561,0.026657,0.035055,0.8718,-0.012171,0.048773,0.8821,0.06081,0.04372,0.8915,-0.018737,0.011247,0.8133,0.038241,0.006705,0.8647,-0.08927,0.029005,0.9239,0.085386,0.025739,0.9916,0.035409,0.07862,0.963,-0.0143,0.080876,0.9471,0.0751,0.079728,0.948,0.032455,0.123774,0.8614,-0.051288,0.094303,0.6819,0.095913,0.087799,0.847,0.031077,0.14335,0.9539,-0.096324,0.129696,0.9982,0.119486,0.103696,0.9502,0.031111,0.156482,0.912,0.031611,0.165452,0.8725,-0.048005,0.157805,0.7881,0.084507,0.150241,0.9679,0.03098,0.150053,0.9555,0,0,0,0,0,0,0,0,0,0,0,0,0,0,0,0,0,0,0,0,0
DOGS/dog_19892886/dog_19892886_t0_000261.jpg,masha,dingo,sad,-0.109551,-0.116674,0.8826,0.046265,-0.097402,0.8951,-0.125379,-0.151989,0.9859,0.066074,-0.124068,0.9236,-0.140337,-0.18914,0.9878,0.082975,-0.150431,0.936,-0.174411,-0.224609,0.93,0.110677,-0.171366,0.9744,-0.21522,-0.165584,0.8754,0.117283,-0.121691,0.9193,-0.225121,-0.097275,0.9142,0.118407,-0.075928,0.9193,-0.219351,-0.033401,0.863,0.108365,-0.027956,0.9272,-0.02573,-0.071253,0.638,0.015423,-0.067272,0.7255,-0.062226,-0.016957,0.9375,0.054741,-0.001481,1.0211,-0.120056,-0.023765,0.9826,0.092263,-0.009095,1.0264,-0.089845,-0.039899,0.9671,0.072513,-0.022614,0.971,-0.094365,-0.003957,0.9129,0.077224,0.009483,0.9564,0.01656,0.011258,0.8835,0.046006,0.044522,0.8363,0.002359,0.056653,0.8573,0.076495,0.05288,0.8624,-0.011026,0.019632,0.7821,0.04225,0.014489,0.8523,-0.094052,0.036163,0.884,0.084458,0.038175,0.8932,0.053453,0.087673,0.9242,0.001953,0.087453,0.9374,0.090589,0.091102,0.9183,0.046147,0.133568,0.8406,-0.041697,0.100388,0.5764,0.104768,0.10226,0.7866,0.041942,0.154902,0.9468,-0.105505,0.144077,0.9685,0.118372,0.117993,0.873,0.041038,0.168225,0.8836,0.041002,0.177274,0.7439,-0.051553,0.168147,0.7452,0.08751,0.165674,0.9098,0.041187,0.162071,0.9237,0,0,0,0,0,0,0,0,0,0,0,0,0,0,0,0,0,0,0,0,0
DOGS/dog_19892886/dog_19892886_t0_000406.jpg,masha,dingo,sad,-0.115723,-0.116217,0.9584,0.043218,-0.090573,0.921,-0.130097,-0.151928,0.9539,0.064687,-0.1175,0.9199,-0.145404,-0.189095,0.924,0.085106,-0.144381,0.9692,-0.177272,-0.224115,0.9478,0.11503,-0.163096,0.9741,-0.218685,-0.165419,0.8508,0.122974,-0.111612,0.9779,-0.230608,-0.096198,0.8627,0.121919,-0.061847,0.9194,-0.22673,-0.029854,0.8364,0.106318,-0.017624,0.9022,-0.026494,-0.069746,0.7187,0.013483,-0.066328,0.6744,-0.064611,-0.015878,0.9191,0.05305,0.001135,1.0087,-0.124515,-0.022601,0.9475,0.088466,-0.006331,0.9714,-0.092856,-0.040993,0.9202,0.070372,-0.018837,0.9692,-0.097381,-0.002781,0.9151,0.073974,0.011638,0.95,0.017034,0.009187,0.8379,0.048466,0.042113,0.7772,0.003998,0.053973,0.8481,0.079235,0.050949,0.8284,-0.009608,0.017236,0.8116,0.041746,0.011992,0.82,-0.095993,0.036723,0.8618,0.081893,0.0368,0.8809,0.057078,0.085837,0.948,0.00366,0.084583,0.9161,0.094541,0.089164,0.955,0.050221,0.129985,0.8017,-0.039919,0.099095,0.5728,0.107065,0.103093,0.7046,0.044035,0.154016,0.8978,-0.108414,0.149264,0.8813,0.117053,0.121963,0.8272,0.043132,0.165423,0.8684,0.043059,0.173144,0.7457,-0.051891,0.168517,0.6522,0.088031,0.168025,0.9073,0.04344,0.160376,0.9224,0,0,0,0,0,0,0,0,0,0,0,0,0,0,0,0,0,0,0,0,0
DOGS/dog_19892886/dog_19892886_t0_000493.jpg,masha,dingo,surprise,-0.120042,-0.114657,0.9271,0.046235,-0.086709,0.8876,-0.134802,-0.149496,0.898,0.068001,-0.111278,0.9056,-0.151601,-0.186617,0.9045,0.08859,-0.135156,0.9466,-0.18585,-0.219802,0.9581,0.116834,-0.150877,0.9821,-0.223022,-0.161356,0.9078,0.122548,-0.102355,0.9411,-0.233102,-0.094002,0.8471,0.121271,-0.056915,0.9343,-0.228868,-0.03,0.8976,0.107653,-0.016286,0.8492,-0.02407,-0.071734,0.6789,0.015205,-0.067642,0.6486,-0.062551,-0.017732,0.905,0.05429,-0.001716,0.9658,-0.119578,-0.026215,0.9221,0.08905,-0.00811,0.9766,-0.089665,-0.045635,0.9396,0.071245,-0.024058,0.9624,-0.09367,-0.005845,0.9478,0.07487,0.01013,0.9602,0.019504,0.008027,0.8475,0.052393,0.040754,0.7773,0.007882,0.052303,0.8728,0.082934,0.049327,0.8335,-0.006359,0.016305,0.783,0.043738,0.010364,0.8696,-0.092591,0.03468,0.8875,0.083264,0.033276,0.8239,0.060796,0.083465,0.9316,0.007428,0.082848,0.9183,0.097998,0.087741,0.897,0.053833,0.12938,0.8014,-0.036915,0.09801,0.553,0.110583,0.102893,0.6705,0.048372,0.152552,0.9221,-0.105715,0.148261,0.956,0.120222,0.121814,0.8097,0.047494,0.164271,0.7689,0.047682,0.171909,0.6855,-0.048808,0.168274,0.7226,0.092293,0.166491,0.8845,0.047719,0.159102,0.8528,1,0,0,0,0,0,0,0,0,0,0,0,0,0,0,0,0,0,0,0,0
DOGS/dog_20173475/dog_20173475_t0_000348.jpg,masha,bull mastiff,neutral,-0.108091,-0.174635,0.9162,0.06955,-0.176033,0.9721,-0.13281,-0.147909,0.7832,0.091169,-0.149218,0.7682,-0.14388,-0.114052,0.8206,0.108841,-0.116066,0.8852,-0.163652,-0.062538,0.9247,0.141882,-0.061906,0.9764,-0.178733,-0.110727,0.7259,0.145852,-0.106741,0.7693,-0.182594,-0.122972,0.5761,0.135112,-0.149457,0.6984,-0.13243,-0.14636,0.469,0.077198,-0.188126,0.7448,-0.034924,-0.099353,0.7284,0.011893,-0.098166,0.8091,-0.071743,-0.032376,0.9038,0.052615,-0.03955,0.9451,-0.103708,-0.033437,0.9675,0.084434,-0.043349,0.9455,-0.087448,-0.043319,0.937,0.066807,-0.051013,0.9484,-0.08716,-0.024351,0.9501,0.069343,-0.033294,0.9827,-0.003885,0.006033,0.904,0.017971,0.06648,0.9378,-0.038036,0.056663,0.8856,0.067705,0.087029,0.8282,-0.039248,0.013412,0.9189,0.033915,0.011597,0.864,-0.087123,0.004531,0.9124,0.073628,-0.003275,0.9086,0.027145,0.123383,0.8548,-0.012778,0.122632,0.8631,0.077156,0.129595,0.7918,0.035188,0.179536,0.8347,-0.071291,0.096137,0.7709,0.10268,0.131955,0.4956,0.034948,0.193413,0.7926,-0.10546,0.115973,0.8482,0.135213,0.133772,0.5401,0.034489,0.202084,0.7557,0.034313,0.207594,0.678,-0.063457,0.174145,0.7621,0.090723,0.196134,0.6927,0.034797,0.197628,0.7918,0,0,0,0,0,0,0,0,0,0,0,1,0,0,0,0,0,0,0,0,0
DOGS/dog_20486869/dog_20486869_t1_000435.jpg,masha,toy poodle,happy,-0.133553,-0.094517,0.7776,0.121322,-0.171165,0.8044,-0.142379,-0.032795,0.7042,0.177447,-0.131394,0.7884,-0.150544,0.031358,0.4868,0.228304,-0.06714,0.8745,-0.169859,0.064016,0.4017,0.296347,-0.004431,0.9364,-0.18489,0.041184,0.5551,0.2963,-0.106706,0.8325,-0.18744,-0.038059,0.7051,0.22669,-0.173778,0.65,-0.160415,-0.101686,0.7667,0.14036,-0.195325,0.8134,-0.05945,-0.121977,0.7302,-0.014686,-0.132092,0.7869,-0.075471,-0.013955,0.943,0.038079,-0.042807,0.9887,-0.106845,-0.001414,1.0613,0.084051,-0.053931,0.9727,-0.095154,-0.019813,0.9697,0.055739,-0.063245,0.9664,-0.088676,0.004245,0.9412,0.065434,-0.036525,0.9573,-0.035877,-0.024482,0.9357,-0.049712,0.008326,0.9523,-0.072227,0.021588,0.9155,-0.015542,0.007177,0.9366,-0.060324,-0.012785,0.9173,-0.008442,-0.023999,0.9326,-0.093419,0.035183,0.8863,0.081031,-0.006463,0.909,-0.047711,0.04017,1.0075,-0.075684,0.047791,0.9535,-0.006748,0.031241,0.9904,-0.033276,0.076683,0.9781,-0.092293,0.072679,0.7785,0.043804,0.037131,0.7302,-0.021876,0.097888,0.993,-0.093915,0.113649,0.5616,0.143357,0.062165,0.8838,0.013173,0.192102,0.853,0.01476,0.196936,0.8455,-0.053632,0.122737,0.8661,0.060571,0.093218,0.8732,0.01147,0.21617,0.9424,0,0,0,0,0,1,1,1,1,1,1,1,0,0,0,0,0,0,0,0,0
DOGS/dog_20486869/dog_20486869_t1_000522.jpg,masha,toy poodle,relaxed,-0.199272,-0.100007,0.5856,0.129107,-0.150755,0.8279,-0.226553,-0.086209,0.7174,0.156207,-0.112078,0.8357,-0.228656,-0.048646,0.6024,0.17324,-0.063355,0.8889,-0.253899,-0.043192,0.6859,0.222703,-0.013818,0.9343,-0.259702,-0.034961,0.6697,0.243857,-0.094786,0.8755,-0.226926,-0.050452,0.6106,0.210438,-0.16215,0.8385,-0.205725,-0.050993,0.7015,0.146766,-0.173373,0.7551,-0.034417,-0.117688,0.7703,0.014207,-0.118654,0.7365,-0.060254,-0.029578,0.9661,0.04769,-0.034909,0.9936,-0.102614,-0.02841,0.9557,0.087382,-0.041882,0.9468,-0.080781,-0.042879,0.9708,0.064691,-0.049317,0.9412,-0.081734,-0.016605,0.9312,0.069394,-0.028017,0.9463,-0.004952,0.004889,0.8868,0.000438,0.060372,0.8722,-0.023717,0.063673,0.8761,0.023274,0.062216,0.8208,-0.032557,0.012436,0.932,0.023703,0.008771,0.9418,-0.083138,0.018071,0.9438,0.076156,0.007471,0.949,0.002214,0.08189,0.7509,-0.023301,0.082198,0.7606,0.026614,0.078645,0.7404,0.004928,0.10038,0.6626,-0.054951,0.079173,0.6629,0.057084,0.067742,0.6697,0.006557,0.107147,0.5849,-0.09982,0.103721,0.6687,0.08412,0.085595,0.7639,0.007967,0.156223,0.9592,0.008133,0.165494,0.9323,-0.042831,0.117847,0.7116,0.04406,0.102994,0.7899,0.009702,0.147479,0.8394,0,0,0,0,0,0,0,0,0,0,0,1,0,0,0,1,0,0,0,0,0
DOGS/dog_20648415/dog_20648415_t0_000090.jpg,masha,toy poodle,relaxed,-0.101596,-0.141115,0.4735,0.147035,-0.20051,0.4388,-0.115264,-0.070218,0.7132,0.19114,-0.151192,0.6436,-0.116324,0.013017,0.8007,0.235254,-0.097022,0.8022,-0.122844,0.100828,0.703,0.316798,-0.060094,0.6402,-0.178424,0.035195,0.8247,0.346463,-0.166889,0.6638,-0.170697,-0.072979,0.7599,0.281542,-0.246227,0.5208,-0.12797,-0.157856,0.5658,0.163179,-0.227729,0.4332,-0.049466,-0.10365,0.6417,0.004358,-0.111352,0.6316,-0.057968,-0.015814,0.963,0.049643,-0.040299,0.9475,-0.086836,-0.002711,0.987,0.10279,-0.055114,0.8292,-0.075471,-0.019968,0.9364,0.07044,-0.062371,0.9115,-0.07114,0.002234,0.9566,0.081088,-0.034063,0.9211,-0.023301,-0.012126,0.8998,-0.050544,0.031883,0.8584,-0.078739,0.043593,0.8682,-0.009625,0.028416,0.7793,-0.049806,-0.000275,0.9595,0.007839,-0.012005,0.882,-0.07668,0.024756,0.9632,0.099792,-0.002967,0.8013,-0.049694,0.064453,0.9086,-0.077098,0.073414,0.9357,-0.005321,0.051455,0.8908,-0.03245,0.096151,0.9024,-0.083742,0.08675,0.6664,0.052295,0.04665,0.669,-0.014948,0.119226,0.9189,-0.072333,0.10829,0.411,0.128571,0.088045,0.23,0.008485,0.146099,0.8774,0.01629,0.160689,0.8138,-0.039662,0.134869,0.6577,0.056674,0.106771,0.641,0.001065,0.133441,0.8068,0,0,0,0,0,0,0,0,0,0,0,0,0,0,0,0,0,0,0,0,0
DOGS/dog_20648415/dog_20648415_t0_000450.jpg,masha,toy poodle,neutral,-0.11561,-0.146338,0.4841,0.129269,-0.212111,0.3997,-0.118512,-0.072023,0.6843,0.185892,-0.153048,0.6376,-0.115219,-0.004219,0.7722,0.236227,-0.09252,0.7812,-0.125124,0.07994,0.8958,0.305648,-0.048045,0.4136,-0.165563,0.010727,0.6827,0.339353,-0.147834,0.6808,-0.172103,-0.086634,0.8179,0.283509,-0.249202,0.732,-0.140756,-0.158827,0.5321,0.149477,-0.24646,0.3617,-0.051857,-0.113674,0.6266,0.000736,-0.123749,0.6705,-0.056106,-0.01941,0.9075,0.047332,-0.046008,0.9611,-0.082406,-0.005616,0.9743,0.097258,-0.060758,0.7318,-0.073316,-0.023872,0.9048,0.066794,-0.066664,0.8978,-0.067022,0.000332,0.9839,0.077563,-0.039711,0.8619,-0.023574,-0.013788,0.876,-0.044913,0.032628,0.878,-0.072134,0.044572,0.9435,-0.007546,0.03179,0.8624,-0.049063,-0.00217,0.9967,0.006922,-0.01387,0.8755,-0.071616,0.026276,0.9046,0.097546,-0.006264,0.8369,-0.042522,0.066625,0.9691,-0.070537,0.075651,0.9583,-0.00159,0.055054,0.925,-0.029592,0.096222,0.9507,-0.080698,0.093866,0.6717,0.048062,0.050653,0.6568,-0.017516,0.11431,0.8892,-0.084035,0.113456,0.4759,0.108779,0.086423,0.4985,0.018738,0.160716,0.9101,0.022892,0.17028,0.8281,-0.040947,0.13759,0.4768,0.052691,0.106913,0.7349,0.01482,0.151658,0.868,0,0,0,0,0,0,0,0,0,0,0,1,0,0,0,0,0,0,0,0,0
DOGS/dog_27134115/dog_27134115_t0_000024.jpg,danek,Labrador retriever,relaxed,-0.116541,-0.202417,0.8759,0.0463,-0.17676,1.0047,-0.160095,-0.22474,0.77,0.093049,-0.170907,0.9781,-0.198921,-0.175827,0.8263,0.120109,-0.138802,0.9878,-0.238992,-0.121807,0.8058,0.132418,-0.091236,0.9655,-0.26004,-0.184985,0.5524,0.119045,-0.102638,0.6266,-0.225451,-0.199588,0.5049,0.087515,-0.108723,0.4479,-0.191048,-0.130152,0.5512,0.066181,-0.112419,0.8367,-0.014566,-0.098383,0.6632,0.019475,-0.097087,0.6928,-0.03723,-0.021897,0.9974,0.032688,-0.030358,0.9677,-0.077249,-0.039186,0.9908,0.05128,-0.041061,0.9223,-0.052707,-0.041461,1.0005,0.040624,-0.043872,0.9168,-0.060665,-0.018431,0.9818,0.04354,-0.027091,0.9197,0.015746,0.03487,0.9474,0.040172,0.10359,0.942,0.012393,0.10829,0.8601,0.062159,0.104446,1.0185,-0.008309,0.043255,0.9426,0.0379,0.035071,0.8678,-0.058922,0.013924,0.9062,0.042269,0.000497,0.9085,0.040118,0.130402,0.9832,0.011363,0.130325,0.8839,0.062663,0.128449,0.9387,0.037364,0.14524,0.961,-0.020694,0.11692,0.7157,0.071007,0.11248,0.7854,0.036856,0.147782,0.9689,-0.096399,0.083481,0.943,0.065598,0.08343,0.6635,0.036357,0.150541,0.929,0.035993,0.152263,0.8948,-0.011208,0.142633,0.8471,0.062788,0.138054,0.8918,0.036538,0.149398,0.9597,0,0,0,0,0,0,0,0,0,0,0,0,0,0,0,0,0,0,0,0,0
DOGS/dog_27134115/dog_27134115_t0_000096.jpg,danek,Labrador retriever,relaxed,-0.104363,-0.194881,0.77,0.053483,-0.181107,0.9297,-0.126936,-0.228263,0.7142,0.092534,-0.180159,0.9889,-0.171226,-0.206356,0.6235,0.123944,-0.152123,0.906,-0.208376,-0.141593,0.9757,0.145425,-0.109915,0.9703,-0.210988,-0.179145,0.6789,0.120232,-0.123738,0.5527,-0.198705,-0.165162,0.8741,0.091755,-0.131317,0.6349,-0.19073,-0.117901,0.8094,0.069337,-0.13024,0.6514,-0.025901,-0.100582,0.7249,0.014115,-0.100953,0.747,-0.042692,-0.013147,0.9307,0.03039,-0.026577,0.9436,-0.085515,-0.029029,0.9308,0.050821,-0.035765,0.9242,-0.0619,-0.034718,0.8665,0.039241,-0.040957,0.9527,-0.066135,-0.007204,0.9613,0.042453,-0.021821,0.9647,0.012706,0.033929,0.9307,0.03714,0.101132,0.8796,0.007586,0.109813,0.8532,0.06073,0.101186,0.9962,-0.012128,0.042761,0.8964,0.037136,0.034645,0.9516,-0.062884,0.026863,0.9234,0.045077,0.007135,0.9527,0.038766,0.130692,0.9489,0.007696,0.133958,0.924,0.063743,0.126387,1.0067,0.037718,0.14541,1.0065,-0.021183,0.116935,0.823,0.070434,0.107798,0.77,0.037289,0.147723,1.0257,-0.080914,0.084709,0.9313,0.066535,0.083432,0.8464,0.036869,0.149869,0.989,0.036685,0.15141,0.9746,-0.011394,0.14356,0.8911,0.064625,0.134826,0.8717,0.036961,0.148978,1.013,0,0,0,0,0,0,0,0,0,0,0,0,0,0,0,0,0,0,0,0,0
DOGS/dog_27134115/dog_27134115_t0_000216.jpg,danek,Labrador retriever,relaxed,-0.102594,-0.19026,0.8654,0.052839,-0.162536,0.9781,-0.147276,-0.216068,0.7607,0.09466,-0.161388,1.0174,-0.187225,-0.174036,0.888,0.125142,-0.132048,0.9653,-0.233536,-0.122748,0.9876,0.153086,-0.094151,1.0439,-0.249787,-0.189326,0.8321,0.132039,-0.127075,0.5305,-0.207288,-0.174989,0.7682,0.092096,-0.132176,0.6146,-0.151697,-0.118434,0.7924,0.07205,-0.124343,0.8424,-0.02229,-0.086804,0.6673,0.015273,-0.087353,0.7398,-0.041501,-0.00527,0.9513,0.032488,-0.020197,1.0226,-0.079727,-0.021622,0.9886,0.053447,-0.034557,0.7643,-0.057277,-0.025222,0.9589,0.042141,-0.035029,0.8944,-0.0642,-0.000997,0.965,0.043583,-0.017017,0.8922,0.013736,0.037155,0.9468,0.040318,0.099165,0.992,0.014223,0.109156,0.992,0.060612,0.097109,0.9733,-0.009972,0.045521,0.9043,0.035847,0.037093,0.964,-0.062356,0.0298,0.9168,0.043124,0.009136,0.8973,0.043698,0.124468,0.9928,0.016134,0.130997,0.9226,0.063313,0.118865,0.9762,0.042841,0.139329,1.016,-0.009291,0.118453,0.8017,0.068886,0.104954,0.8221,0.042333,0.141992,1.0001,-0.084102,0.078879,0.7184,0.064337,0.07913,0.7526,0.042042,0.144458,0.967,0.041892,0.14607,0.9195,0.002126,0.142623,0.9433,0.06298,0.1302,0.9215,0.042127,0.143367,0.9888,0,0,0,0,0,0,0,0,0,0,0,0,0,0,0,0,0,0,0,0,0
DOGS/dog_27134115/dog_27134115_t0_000288.jpg,danek,Labrador retriever,relaxed,-0.094864,-0.22261,0.86,0.036068,-0.202132,0.7744,-0.11387,-0.249166,0.7516,0.077234,-0.207633,0.9625,-0.151501,-0.200965,0.4067,0.10889,-0.172849,0.8894,-0.20093,-0.119687,0.7275,0.13868,-0.116401,0.9713,-0.15585,-0.190588,0.6068,0.100491,-0.11691,0.7593,-0.15129,-0.170966,0.4492,0.072101,-0.12652,0.7348,-0.160605,-0.136969,0.4479,0.052159,-0.161801,0.638,-0.035126,-0.100216,0.6165,0.003515,-0.097806,0.5363,-0.05504,-0.025622,0.9515,0.027825,-0.025997,0.7985,-0.088022,-0.042227,0.921,0.052555,-0.028432,0.7185,-0.069176,-0.042683,0.8858,0.038773,-0.037931,0.7778,-0.074483,-0.024393,0.9176,0.042324,-0.017276,0.8092,0.004665,0.030243,0.8796,0.032728,0.104297,0.862,0.003178,0.11097,0.7955,0.056377,0.10394,0.9355,-0.021626,0.035753,0.8237,0.031012,0.035174,0.843,-0.075294,0.010364,0.8457,0.046612,0.013139,0.7818,0.033703,0.132966,0.9747,0.000676,0.134784,0.9226,0.058896,0.129473,0.9516,0.030144,0.149802,0.9888,-0.042077,0.11399,0.6581,0.06795,0.112001,0.8182,0.028982,0.153082,0.9801,-0.128518,0.069148,0.8304,0.068637,0.093145,0.5662,0.027802,0.156436,0.958,0.027419,0.15856,0.9546,-0.038747,0.146057,0.8854,0.057788,0.140807,0.8583,0.028193,0.155059,0.9553,0,0,0,0,0,0,0,0,0,0,0,0,0,0,0,0,0,0,0,0,0
DOGS/dog_27134115/dog_27134115_t0_000408.jpg,danek,whippet,neutral,-0.094766,-0.195449,0.9109,0.050168,-0.173086,0.9678,-0.148527,-0.207201,0.8586,0.088282,-0.179243,1.0185,-0.188953,-0.159442,0.8636,0.117482,-0.146788,0.9646,-0.240614,-0.117502,0.9897,0.129295,-0.090922,1.0183,-0.260737,-0.188052,0.8712,0.13507,-0.119242,0.8015,-0.195278,-0.160272,0.4526,0.086266,-0.140191,0.7718,-0.136225,-0.134034,0.5948,0.061491,-0.133273,0.9158,-0.012883,-0.09458,0.7406,0.019088,-0.092888,0.7642,-0.033483,-0.014109,0.9556,0.03097,-0.021306,0.9068,-0.068111,-0.032905,0.9776,0.050003,-0.030394,0.8644,-0.047053,-0.034099,0.9814,0.039748,-0.035044,0.9383,-0.05447,-0.012041,0.9614,0.042011,-0.017073,0.9195,0.013739,0.038179,0.9637,0.033839,0.105132,0.9468,0.006716,0.112214,0.9169,0.05609,0.105457,1.06,-0.008796,0.045428,0.9266,0.035691,0.039805,0.9214,-0.054299,0.020901,0.9109,0.043776,0.012375,0.9196,0.03369,0.130139,0.9809,0.00521,0.133227,0.9393,0.056473,0.127748,1.0279,0.031829,0.145939,0.9815,-0.020521,0.120283,0.8265,0.065216,0.113314,0.7892,0.031244,0.148799,0.9782,-0.056921,0.097787,0.879,0.063042,0.089926,0.6877,0.030742,0.151444,0.9335,0.030465,0.153217,0.9305,-0.010945,0.144855,0.9368,0.057529,0.13842,0.9313,0.03093,0.150258,0.9567,0,0,0,0,0,0,0,0,0,0,0,0,0,0,0,0,0,0,0,0,0
DOGS/dog_27875220/dog_27875220_t0_000090.jpg,masha,golden retriever,sad,-0.127238,-0.182294,0.7672,0.069471,-0.161199,0.796,-0.179928,-0.209201,0.8115,0.099017,-0.135553,0.8216,-0.235973,-0.177557,0.6925,0.114644,-0.089858,0.7571,-0.289035,-0.084571,0.9773,0.125055,-0.017054,0.7659,-0.231668,-0.139355,0.911,0.144205,-0.088259,0.806,-0.210487,-0.102822,0.8355,0.141967,-0.14013,0.8182,-0.171947,-0.060987,0.794,0.090986,-0.112218,0.439,-0.026988,-0.114792,0.7244,0.021765,-0.116299,0.7673,-0.047646,-0.040468,0.9669,0.056123,-0.047553,1.0004,-0.095719,-0.052141,0.9908,0.093944,-0.056871,0.9936,-0.069225,-0.063185,0.9789,0.073727,-0.069561,1.0058,-0.074358,-0.031948,0.9325,0.077762,-0.037412,0.9658,0.021237,0.008054,0.9514,0.039685,0.069176,0.9538,0.007021,0.076732,0.9338,0.067711,0.072273,0.9687,-0.008263,0.01727,0.9443,0.049996,0.011883,0.9324,-0.068929,0.008775,0.9276,0.075082,-0.0002,0.993,0.04187,0.102514,0.9956,0.005441,0.104085,0.9304,0.073058,0.102526,1.0137,0.039413,0.132656,0.9892,-0.029966,0.104354,0.851,0.084707,0.103386,0.9222,0.038119,0.140869,0.9989,-0.07062,0.108193,0.9478,0.090598,0.087936,0.8969,0.037416,0.146376,0.959,0.037139,0.14971,0.9777,-0.023245,0.147168,0.9614,0.077242,0.145367,0.9261,0.037763,0.143799,0.9982,0,0,0,0,0,0,0,0,0,0,0,0,0,0,0,0,0,0,0,0,0
DOGS/dog_27875220/dog_27875220_t0_000210.jpg,masha,golden retriever,neutral,-0.106285,-0.170372,0.9991,0.04748,-0.12973,0.8736,-0.136748,-0.203485,0.8832,0.090833,-0.155824,0.9397,-0.189885,-0.1502,0.9001,0.136146,-0.135634,0.9151,-0.249388,-0.110622,0.948,0.180385,-0.082913,0.9911,-0.263617,-0.168602,0.7904,0.13129,-0.115664,0.9302,-0.264164,-0.188508,0.6888,0.107868,-0.09899,0.8478,-0.182653,-0.070285,0.6174,0.088616,-0.074379,0.9058,-0.035474,-0.093103,0.8095,0.00662,-0.094284,0.8172,-0.05274,-0.023586,0.9718,0.035324,-0.028718,0.9454,-0.098996,-0.036463,0.9648,0.063252,-0.037069,1.01,-0.072757,-0.046411,0.9767,0.048097,-0.048259,0.988,-0.07882,-0.016427,1.0009,0.051339,-0.0195,0.9857,0.014599,0.022058,0.9945,0.044515,0.080838,0.9572,0.016044,0.086437,0.9694,0.067315,0.08496,0.9723,-0.012796,0.031088,0.8739,0.038811,0.025602,1.0111,-0.073608,0.018912,0.9548,0.052213,0.009992,0.9529,0.046724,0.111661,0.9679,0.014973,0.111688,0.9651,0.071987,0.111965,0.9808,0.042994,0.137556,0.9972,-0.025916,0.109701,0.8171,0.076497,0.112527,0.8286,0.041208,0.143834,0.9721,-0.082246,0.112982,1.019,0.075108,0.094552,0.7958,0.040044,0.148262,0.9858,0.039454,0.150961,0.96,-0.024127,0.149058,0.8356,0.065513,0.146523,0.9639,0.040618,0.146247,0.9987,0,0,0,0,0,0,0,0,0,0,0,0,0,0,0,0,0,0,0,0,0
DOGS/dog_27875220/dog_27875220_t0_000390.jpg,masha,golden retriever,neutral,-0.09681,-0.1807,1.0433,0.046851,-0.138889,0.9661,-0.130814,-0.198446,0.8022,0.084267,-0.164492,0.9897,-0.175823,-0.136404,0.917,0.120595,-0.139914,0.8939,-0.22646,-0.091736,0.914,0.178316,-0.093293,0.9682,-0.2518,-0.143143,0.8607,0.116959,-0.119486,0.8272,-0.252855,-0.186872,1.0066,0.096527,-0.10343,0.9861,-0.168084,-0.09227,0.6646,0.07497,-0.067859,0.814,-0.025356,-0.089482,0.7844,0.017762,-0.089068,0.7813,-0.046561,-0.026786,0.9634,0.043302,-0.031054,0.9783,-0.092478,-0.041252,0.9859,0.073093,-0.036479,1.0214,-0.065694,-0.049011,0.9608,0.057906,-0.046986,1.0439,-0.073472,-0.021563,0.9857,0.059381,-0.021482,0.9772,0.019251,0.027618,0.9798,0.043488,0.089611,0.9863,0.014304,0.094754,0.9078,0.066497,0.093303,0.9527,-0.008929,0.035656,0.9067,0.043826,0.030196,0.9149,-0.069099,0.014308,0.9513,0.056567,0.008149,0.9656,0.045046,0.119218,0.9425,0.012798,0.119723,0.9434,0.07029,0.119232,0.9733,0.041109,0.143098,0.9815,-0.027526,0.114751,0.7859,0.075915,0.114225,0.7906,0.039541,0.148775,1.0039,-0.08176,0.110875,1.032,0.074071,0.084714,0.9252,0.038529,0.15313,1.0032,0.038056,0.155745,0.9847,-0.027338,0.1515,0.8956,0.066174,0.147705,0.9213,0.039022,0.151156,1.0255,0,0,0,0,0,0,0,0,0,0,0,0,0,0,0,0,0,0,0,0,0
DOGS/dog_27875220/dog_27875220_t0_000570.jpg,masha,golden retriever,sad,-0.100072,-0.174306,1.0068,0.043322,-0.149462,0.9336,-0.134381,-0.193949,0.7453,0.098476,-0.17324,0.9422,-0.17519,-0.130669,0.9433,0.150842,-0.15307,0.8861,-0.223483,-0.083848,0.8973,0.205959,-0.096582,0.9481,-0.251168,-0.132736,0.8815,0.147308,-0.114043,0.9795,-0.252369,-0.175203,0.9903,0.120827,-0.083401,0.8972,-0.169408,-0.084003,0.6569,0.090192,-0.045503,0.687,-0.035806,-0.09793,0.844,0.007778,-0.099374,0.8205,-0.053145,-0.024553,0.9882,0.036905,-0.032833,0.9866,-0.098687,-0.036685,0.9726,0.069345,-0.040169,1.0169,-0.073142,-0.046327,0.9672,0.051952,-0.05212,0.9924,-0.078842,-0.016999,0.9665,0.055329,-0.023058,0.9585,0.011713,0.020853,0.9419,0.036827,0.080747,0.9801,0.007913,0.087855,0.9716,0.06104,0.08348,0.9516,-0.014785,0.029803,0.9534,0.037229,0.02418,0.9495,-0.072937,0.019139,0.9345,0.054671,0.009039,0.9702,0.040149,0.111876,0.9679,0.007645,0.113861,0.9706,0.06729,0.111195,1.0002,0.038352,0.137872,0.9991,-0.029424,0.110959,0.8257,0.073255,0.10835,0.8344,0.037203,0.144112,1.0189,-0.077717,0.11122,0.9938,0.072093,0.086837,0.9121,0.036434,0.148643,0.9936,0.036105,0.151405,1.0118,-0.026593,0.148894,0.9118,0.066071,0.145382,0.9234,0.036844,0.14658,0.9932,0,0,0,0,0,0,0,0,0,0,0,0,0,0,0,0,0,0,0,0,0
DOGS/dog_2795682/dog_2795682_t0_000100.jpg,masha,Rhodesian ridgeback,relaxed,-0.157153,-0.178834,0.7686,0.104478,-0.143626,1.0079,-0.252953,-0.137675,0.5347,0.163042,-0.091138,0.5736,-0.283425,-0.071801,0.9126,0.162615,-0.006953,0.7252,-0.263414,0.020358,0.9959,0.133173,0.072802,1.0503,-0.23694,0.001045,0.8419,0.118833,0.04264,0.627,-0.216874,-0.014183,0.8599,0.104977,0.012938,0.6295,-0.203425,-0.039759,0.8222,0.098976,-0.00665,0.4946,-0.026242,-0.147125,0.6329,0.025571,-0.138777,0.7246,-0.065554,-0.089956,0.869,0.075043,-0.07207,0.9504,-0.105756,-0.100016,0.8843,0.105911,-0.07803,0.9537,-0.082917,-0.109231,0.931,0.089307,-0.089314,1.0453,-0.087808,-0.083815,0.9326,0.091511,-0.06315,0.9548,0.02828,-0.032077,0.7364,0.052833,0.027996,0.9829,0.015662,0.030632,0.9193,0.080312,0.03844,0.8583,-0.005976,-0.026469,0.721,0.058132,-0.025036,0.7522,-0.091075,-0.046805,0.8436,0.085239,-0.029568,0.825,0.054449,0.064715,0.9696,0.010321,0.06234,0.909,0.087694,0.069161,0.915,0.046913,0.09977,0.9046,-0.032641,0.06821,0.654,0.091386,0.08649,0.838,0.040115,0.119169,0.9571,-0.101252,0.084343,0.5929,0.094764,0.104065,0.8785,0.037585,0.129416,0.9527,0.035883,0.136706,0.8989,-0.047638,0.129852,0.7768,0.075347,0.145937,1.0405,0.0388,0.124287,0.9931,0,0,0,0,0,0,0,0,0,0,0,0,0,0,0,0,0,0,0,0,0
DOGS/dog_28184913/dog_28184913_t0_000000.jpg,masha,bull mastiff,neutral,-0.150937,-0.112717,0.94,0.119377,-0.142492,0.7483,-0.219982,-0.085805,0.765,0.178677,-0.102334,0.6376,-0.231981,-0.024905,0.8405,0.204553,-0.034239,0.6488,-0.201384,0.030143,1.0086,0.259237,0.04296,0.9024,-0.203246,-0.002894,0.6342,0.299594,-0.052544,0.7436,-0.193199,-0.024386,0.6435,0.259916,-0.136227,0.8088,-0.184862,-0.039854,0.5175,0.139945,-0.158811,0.6963,-0.041077,-0.081994,0.7246,0.023274,-0.09501,0.6959,-0.092353,-0.007002,0.9592,0.077961,-0.033871,0.9581,-0.141451,-0.003304,0.9715,0.132333,-0.044628,0.9591,-0.116834,-0.019292,0.9758,0.104659,-0.056948,1.0033,-0.119173,0.006828,0.9706,0.108825,-0.022856,0.9581,-0.003444,-0.027052,0.957,0.001106,-0.003737,0.9309,-0.035482,0.009553,0.9281,0.036969,-0.001987,0.9477,-0.036768,-0.01479,0.9583,0.031878,-0.028725,0.9258,-0.121138,0.038032,0.8955,0.118687,0.005335,0.8961,0.00554,0.026021,1.0137,-0.039143,0.03745,0.9518,0.049459,0.020869,0.943,0.009261,0.062099,0.9779,-0.087092,0.074825,0.5788,0.089859,0.035942,0.7066,0.011856,0.089037,0.9789,-0.183581,0.130388,0.6444,0.145591,0.052389,0.4832,0.013289,0.096765,1.0456,0.014356,0.103323,0.9171,-0.097421,0.167224,0.9097,0.084801,0.099723,0.8216,0.012739,0.092911,1.1202,0,0,0,0,0,0,0,0,0,0,0,0,0,0,0,0,0,0,0,0,0
DOGS/dog_28225627/dog_28225627_t0_000087.jpg,danek,Newfoundland,relaxed,-0.147289,-0.135696,0.7125,0.071454,-0.201271,0.4309,-0.144179,-0.105398,0.5038,0.161104,-0.18014,0.5016,-0.12947,-0.062779,0.5779,0.211038,-0.124902,0.8731,-0.110052,0.03459,0.6021,0.262454,-0.027501,0.9496,-0.153776,-0.054944,0.646,0.258913,-0.13683,0.8536,-0.164575,-0.133483,0.3017,0.224165,-0.212708,0.8278,-0.155342,-0.157107,0.4717,0.077382,-0.228544,0.5008,-0.058361,-0.115751,0.3794,-0.015684,-0.133,0.5073,-0.066393,-0.037454,0.8274,0.032948,-0.074589,0.6905,-0.093572,-0.031054,0.8568,0.070206,-0.09267,0.6778,-0.08396,-0.044745,0.8469,0.048897,-0.095402,0.7426,-0.078928,-0.024215,0.8748,0.054933,-0.07174,0.8263,-0.029436,-0.003347,0.9035,-0.028853,0.062325,0.9616,-0.049607,0.073099,0.973,-0.00107,0.061748,0.8949,-0.053758,0.008699,0.822,0.0017,-0.003225,0.7817,-0.072584,0.011177,0.7375,0.068132,-0.0369,0.7501,-0.023124,0.096267,0.9436,-0.045076,0.103773,0.9479,0.003958,0.087825,0.9332,-0.01271,0.122227,0.9312,-0.061401,0.103694,0.8658,0.041389,0.077474,0.6646,-0.00828,0.13219,0.9168,-0.069229,0.118759,0.8828,0.126233,0.065891,0.3154,-0.006458,0.137352,0.9127,-0.005595,0.140498,0.8824,-0.034456,0.146794,0.7909,0.042945,0.128297,0.5801,-0.007376,0.134932,0.9324,0,0,0,0,0,0,0,0,0,0,0,0,0,0,0,0,0,0,0,0,0
DOGS/dog_28829624/dog_28829624_t0_000090.jpg,danek,toy terrier,relaxed,-0.073812,-0.121384,0.8538,0.062637,-0.163648,0.891,-0.115714,-0.164041,0.8821,0.083016,-0.20186,0.819,-0.156152,-0.190233,0.887,0.110537,-0.240871,0.9438,-0.221935,-0.194774,0.9443,0.16076,-0.27774,0.9766,-0.203334,-0.115172,0.9055,0.182964,-0.193708,0.91,-0.160129,-0.051645,0.863,0.171116,-0.11258,0.9266,-0.098021,-0.023976,0.8585,0.127331,-0.06608,0.9516,-0.020542,-0.063852,0.7543,0.016641,-0.069189,0.6929,-0.03807,-0.001076,0.9722,0.049839,-0.002148,1.0038,-0.071829,-0.005793,0.9505,0.086653,-0.016253,1.009,-0.054943,-0.017265,0.9757,0.065252,-0.025556,0.9454,-0.055274,0.009253,0.9527,0.072479,0.005164,0.916,-0.000501,0.039569,0.9637,-0.003388,0.08289,0.9496,-0.025391,0.089127,1.0053,0.020967,0.087257,0.9406,-0.021357,0.045288,0.9569,0.022178,0.043832,0.9361,-0.050585,0.040994,0.9555,0.070427,0.036485,0.9468,-0.002329,0.108131,0.9444,-0.026038,0.110758,0.9761,0.023263,0.106846,0.9471,0.000114,0.128576,0.9831,-0.039083,0.109597,0.8768,0.046806,0.102905,0.8498,0.001237,0.136517,1.0114,-0.04772,0.112955,0.8885,0.069494,0.110967,0.7618,0.002577,0.145602,1.0106,0.00334,0.151082,0.9904,-0.023838,0.136572,0.9383,0.035409,0.133117,0.902,0.001857,0.140869,0.9679,0,0,0,0,0,0,0,0,0,0,0,0,0,0,0,0,0,0,0,0,0
DOGS/dog_28829624/dog_28829624_t0_000180.jpg,danek,toy terrier,relaxed,-0.125404,-0.181022,0.733,0.094312,-0.187451,0.7677,-0.17226,-0.208546,0.4497,0.120263,-0.160267,0.3954,-0.224029,-0.253471,0.6181,0.140671,-0.178654,0.2831,-0.268825,-0.185074,0.5167,0.159233,-0.146826,0.4448,-0.288137,-0.153201,0.6023,0.195909,-0.209958,0.4526,-0.226027,-0.078011,0.495,0.165816,-0.144788,0.5587,-0.144614,-0.05354,0.6527,0.133438,-0.131711,0.7723,-0.037654,-0.121706,0.6525,0.007201,-0.130944,0.7278,-0.057521,-0.034261,0.9535,0.061105,-0.047198,0.9541,-0.10132,-0.036976,0.9791,0.105056,-0.067444,0.9231,-0.080746,-0.053226,0.9941,0.07805,-0.078171,0.9568,-0.078365,-0.019623,0.9743,0.089303,-0.038674,0.998,0.004668,0.00872,0.9743,0.010307,0.059526,0.9559,-0.018979,0.071158,0.9609,0.041261,0.062829,0.9645,-0.02181,0.018708,0.9501,0.033047,0.011155,0.9807,-0.067067,0.020156,0.9486,0.089217,0.001374,0.8841,0.014982,0.092491,0.9538,-0.01763,0.098809,0.9338,0.046806,0.088013,0.9339,0.019744,0.120531,0.9813,-0.037486,0.10524,0.8628,0.071882,0.085663,0.8828,0.021864,0.132562,0.94,-0.048216,0.121588,0.8384,0.090405,0.103397,0.8196,0.02374,0.145213,0.9819,0.025002,0.1528,0.9512,-0.010296,0.140307,0.9652,0.057357,0.128645,0.9401,0.02281,0.138598,0.9765,0,0,0,0,0,0,0,0,0,0,0,0,0,0,0,0,0,0,0,0,0
DOGS/dog_28829624/dog_28829624_t0_000330.jpg,danek,toy terrier,neutral,-0.08501,-0.139882,0.6312,0.057275,-0.160114,0.5875,-0.117935,-0.177333,0.8291,0.080823,-0.195427,0.5715,-0.154704,-0.201116,0.8634,0.109,-0.232679,0.8372,-0.219574,-0.219062,0.8898,0.160805,-0.265585,0.9579,-0.210774,-0.135833,0.8797,0.178888,-0.181988,0.8343,-0.173159,-0.060498,0.6894,0.158417,-0.105131,0.6756,-0.11287,-0.024768,0.8981,0.113588,-0.051267,0.8059,-0.02122,-0.079168,0.7242,0.012185,-0.083466,0.7566,-0.040397,-0.002461,1.0107,0.04981,-0.006285,0.9752,-0.076455,-0.01023,0.9234,0.086449,-0.021391,0.9116,-0.057669,-0.02264,0.9416,0.064863,-0.030444,0.9595,-0.05977,0.009316,0.9819,0.073195,0.001747,0.9419,0.004275,0.035126,0.9677,0.007251,0.081285,0.8757,-0.021861,0.085105,0.8894,0.036295,0.086038,0.936,-0.017327,0.04114,0.9221,0.027509,0.039099,0.9354,-0.05387,0.041622,0.9131,0.069915,0.033758,0.9218,0.01011,0.108294,0.894,-0.022583,0.107957,0.8594,0.041318,0.10865,0.8348,0.013559,0.129872,0.8484,-0.040065,0.107917,0.7949,0.059267,0.10519,0.721,0.014726,0.137891,0.9237,-0.051669,0.115137,0.7636,0.072083,0.10867,0.6854,0.01539,0.150453,0.948,0.015897,0.157857,0.8771,-0.018222,0.135422,0.9838,0.047534,0.133892,0.87,0.015195,0.142312,0.8894,0,0,0,0,0,0,0,0,0,0,0,0,0,0,0,0,0,0,0,0,0
DOGS/dog_28850338/dog_28850338_t0_000120.jpg,danek,miniature poodle,neutral,-0.10257,-0.069142,0.6992,0.137881,-0.188034,0.7759,-0.093649,-0.021053,0.7073,0.183936,-0.164075,0.8526,-0.085928,0.030714,0.8162,0.224716,-0.117161,0.8088,-0.084351,0.082503,0.9387,0.312199,-0.097252,0.9561,-0.11436,0.0257,0.9534,0.31783,-0.181304,0.9239,-0.119189,-0.024343,0.8199,0.230205,-0.2156,0.9287,-0.106362,-0.086358,0.7317,0.141278,-0.214098,0.89,-0.044102,-0.110246,0.7463,-0.004795,-0.119908,0.736,-0.055597,-0.031315,0.9659,0.016636,-0.054387,0.9052,-0.079025,-0.02813,0.9295,0.07395,-0.080362,0.9261,-0.069534,-0.040946,0.9789,0.040906,-0.085073,0.9593,-0.065731,-0.020845,0.9289,0.04915,-0.052,0.9662,-0.044319,0.015145,0.9528,-0.052496,0.06422,0.9807,-0.073096,0.075369,0.9532,-0.024676,0.064718,0.9859,-0.064893,0.020858,0.8728,-0.016451,0.015702,0.8875,-0.06576,0.003771,0.8486,0.053502,-0.019306,0.9143,-0.04878,0.09415,0.9153,-0.07011,0.099775,0.9507,-0.020418,0.088623,0.9816,-0.037922,0.116532,0.9714,-0.078508,0.100942,0.879,0.015487,0.078414,0.7367,-0.033893,0.122931,0.9441,-0.083884,0.097484,0.8992,0.066018,0.075405,0.7038,-0.031419,0.127607,0.9805,-0.029802,0.130354,0.9751,-0.055995,0.129053,0.9007,0.015137,0.119578,0.7427,-0.032549,0.125479,0.9604,0,0,0,0,0,0,0,0,0,0,0,0,0,0,0,0,0,0,0,0,0
DOGS/dog_28880652/dog_28880652_t0_000115.jpg,anton,American Staffordshire terrier,neutral,-0.063107,-0.173093,0.9765,0.094098,-0.182889,0.8801,-0.085968,-0.171643,0.7668,0.111792,-0.216761,0.8184,-0.11023,-0.156385,0.8853,0.135666,-0.248267,0.827,-0.137713,-0.139255,0.8248,0.171911,-0.24414,0.8499,-0.134089,-0.121771,0.9165,0.163969,-0.203876,0.7612,-0.12043,-0.104976,0.9021,0.166959,-0.166808,0.874,-0.100435,-0.092191,0.9097,0.147604,-0.130579,0.7803,-0.056816,-0.062024,0.6484,-0.018647,-0.071983,0.6536,-0.051623,0.015432,0.9756,0.025039,-0.010134,1.0058,-0.075956,0.012684,0.868,0.067316,-0.032273,0.9877,-0.067015,0.002815,0.92,0.037954,-0.032837,0.9596,-0.060581,0.026419,0.9437,0.051408,-0.009003,0.9266,-0.017416,0.033651,0.8966,-0.026102,0.081781,0.9614,-0.042611,0.093158,0.9534,0.002159,0.079803,0.9392,-0.035295,0.043318,0.8532,0.005343,0.033262,0.8888,-0.048761,0.056635,0.8977,0.066747,0.023998,0.9694,-0.020617,0.109655,0.9435,-0.037527,0.116031,0.9818,0.008648,0.101929,0.96,-0.009192,0.134942,0.9425,-0.038501,0.128728,0.8918,0.049148,0.097814,0.7329,-0.000778,0.150894,0.9653,-0.033929,0.143168,0.7832,0.111378,0.107655,0.6179,0.003317,0.158762,0.9594,0.006164,0.164102,0.9111,-0.014341,0.174612,1.0103,0.066045,0.149024,0.8049,0.00133,0.155003,0.9622,0,0,0,0,0,0,0,0,0,0,0,0,0,0,0,0,0,0,0,0,0
DOGS/dog_28880652/dog_28880652_t0_000253.jpg,anton,American Staffordshire terrier,neutral,-0.165842,-0.107719,1.0107,0.142292,-0.112257,0.9855,-0.229214,-0.10025,0.9273,0.17916,-0.09813,0.9718,-0.265635,-0.039483,0.8903,0.19722,-0.046751,0.9955,-0.276413,0.03595,0.9924,0.189156,0.020376,0.8677,-0.249091,0.013135,0.8432,0.182531,0.009557,1.0266,-0.22651,0.017057,0.8816,0.172752,0.008673,0.783,-0.193114,0.028572,0.9382,0.162035,-0.003421,0.6298,-0.023186,-0.11424,0.742,0.033735,-0.116066,0.7777,-0.072677,-0.040162,0.9696,0.083282,-0.047957,0.9934,-0.124089,-0.040307,0.9767,0.133804,-0.045812,0.9838,-0.098557,-0.063075,0.9977,0.110127,-0.074218,1.0205,-0.09949,-0.022488,0.9136,0.109795,-0.025864,0.972,0.012674,-0.041331,0.994,0.016366,-0.015234,0.954,-0.019574,-0.005835,0.986,0.050842,-0.006522,0.9805,-0.018452,-0.034868,0.9847,0.043553,-0.036265,0.9335,-0.102457,0.020286,0.9291,0.111348,0.014758,0.9752,0.018758,0.017059,0.9809,-0.028019,0.019978,0.9344,0.062276,0.019627,0.9658,0.020491,0.052878,0.9991,-0.068712,0.056543,0.6031,0.089485,0.048687,0.7598,0.021088,0.07725,0.9611,-0.117806,0.12204,0.5991,0.118871,0.094321,0.7669,0.021865,0.093181,0.9574,0.022108,0.104516,0.88,-0.068071,0.183607,0.9716,0.098719,0.175576,0.9199,0.021438,0.085211,0.9722,0,0,0,0,0,0,0,0,0,0,0,0,0,0,0,0,0,0,0,0,0
DOGS/dog_29576555/dog_29576555_t0_000138.jpg,masha,American Staffordshire terrier,neutral,-0.159697,-0.174014,0.7942,0.028915,-0.15301,0.3626,-0.199755,-0.193395,0.8279,0.056084,-0.093128,0.4153,-0.232236,-0.203275,0.9619,0.057422,-0.101351,0.4634,-0.266503,-0.207756,0.8945,0.078805,-0.039521,0.5136,-0.254858,-0.1705,0.7864,0.053027,-0.144537,0.2026,-0.239409,-0.139225,0.7002,0.086749,-0.060395,0.2853,-0.221739,-0.101741,0.2665,0.094963,-0.051748,0.4995,-0.012016,-0.087739,0.5837,0.031544,-0.090561,0.7221,-0.038221,-0.021951,0.982,0.067337,-0.028209,0.9684,-0.095314,-0.033398,0.9383,0.092908,-0.033333,0.9121,-0.063861,-0.046125,1.0029,0.080485,-0.04502,0.9819,-0.06991,-0.009949,0.8717,0.080911,-0.017747,0.9602,0.03515,-0.002409,0.8983,0.061488,0.039037,0.9406,0.028579,0.044594,0.9131,0.083583,0.045575,0.9469,0.00831,0.006108,0.9038,0.058627,0.000994,0.9117,-0.068552,0.028693,0.9022,0.079727,0.007678,1.0331,0.067373,0.06939,0.9268,0.028447,0.070612,0.9525,0.090508,0.070204,0.9791,0.066031,0.098438,0.9517,-0.023539,0.087624,0.5945,0.099208,0.087584,0.8028,0.06494,0.118083,0.9553,-0.086507,0.109722,0.7216,0.10687,0.105881,0.7886,0.064285,0.127333,0.9592,0.0633,0.133584,0.9557,-0.022984,0.15657,0.9268,0.096786,0.15075,0.9868,0.064775,0.123154,0.9851,0,0,0,0,0,0,0,0,0,0,0,0,0,0,0,0,0,0,0,0,0
DOGS/dog_29576555/dog_29576555_t0_000207.jpg,masha,American Staffordshire terrier,relaxed,-0.173821,-0.180435,0.8605,0.060558,-0.185322,0.7163,-0.196669,-0.167219,0.8435,0.082359,-0.179154,0.5585,-0.214929,-0.182913,0.9301,0.089424,-0.111103,0.6576,-0.241058,-0.183839,0.9062,0.098915,0.014338,0.8784,-0.244347,-0.11303,0.6763,0.108848,-0.045763,0.8104,-0.254043,-0.130211,0.7017,0.119082,-0.079902,0.5188,-0.214863,-0.123495,0.6468,0.106663,-0.06514,0.9511,-0.028244,-0.09817,0.5555,0.025719,-0.104111,0.574,-0.050001,-0.021928,0.9686,0.069555,-0.037705,0.9605,-0.105912,-0.030989,0.9339,0.100501,-0.050749,0.9525,-0.075687,-0.045033,0.9832,0.082922,-0.061122,1.0289,-0.079219,-0.007386,0.9159,0.087992,-0.028034,0.9198,0.022144,0.001131,0.9289,0.038146,0.045843,0.9915,0.006448,0.055949,0.9548,0.067132,0.051295,0.9294,-0.007366,0.011981,0.9159,0.051965,0.003781,0.9495,-0.072972,0.034462,0.9395,0.085175,0.006801,0.9268,0.0442,0.079384,0.9892,0.00731,0.084466,0.9547,0.074586,0.077965,0.9824,0.046742,0.112518,0.9426,-0.034991,0.099844,0.7099,0.091114,0.087548,0.9317,0.047898,0.132284,0.9558,-0.090086,0.12655,0.649,0.106816,0.090393,0.9053,0.048355,0.142272,0.9607,0.048501,0.148651,0.9548,-0.026511,0.164307,1.0285,0.097951,0.146225,0.9431,0.048213,0.13754,0.9609,0,0,0,0,0,0,0,0,0,0,0,0,0,0,0,0,0,0,0,0,0
DOGS/dog_29576555/dog_29576555_t0_000299.jpg,masha,boxer,neutral,-0.13562,-0.191593,0.7944,0.087997,-0.226951,0.6768,-0.150232,-0.219663,0.6989,0.108061,-0.214223,0.5865,-0.190338,-0.217514,0.3077,0.113319,-0.193083,0.6457,-0.179969,-0.121965,0.8119,0.11248,-0.214302,0.9403,-0.227852,-0.153492,0.7239,0.136319,-0.121531,0.8096,-0.225741,-0.181039,0.4844,0.150987,-0.171635,0.6515,-0.166713,-0.078976,0.5904,0.111495,-0.155328,0.566,-0.022343,-0.086196,0.5947,0.028572,-0.089384,0.535,-0.052323,-0.022552,0.9745,0.063455,-0.022786,0.9852,-0.095908,-0.037595,0.9976,0.09681,-0.03704,1.0013,-0.070719,-0.042754,0.9605,0.078358,-0.042204,0.9601,-0.077286,-0.015138,0.9239,0.083296,-0.015472,0.9628,0.009026,0.013944,0.9506,0.014815,0.066845,0.9532,-0.016062,0.074434,0.9911,0.044062,0.071837,1.0205,-0.020237,0.021168,0.9541,0.037767,0.019253,0.9365,-0.073766,0.02326,0.956,0.076986,0.018401,0.9032,0.015805,0.099224,0.9738,-0.017147,0.10029,0.9519,0.045925,0.099929,0.9289,0.014679,0.130294,0.9594,-0.051203,0.103154,0.9172,0.06365,0.102359,0.908,0.013588,0.141692,1.0078,-0.086996,0.100163,0.8989,0.079789,0.098278,0.8937,0.013507,0.148063,1.0096,0.013567,0.152202,0.9735,-0.04826,0.153065,0.9813,0.056938,0.15185,0.9236,0.013473,0.144921,0.9791,0,0,0,0,0,0,0,0,0,0,0,0,0,0,0,0,0,0,0,0,0
DOGS/dog_29576555/dog_29576555_t0_000368.jpg,masha,American Staffordshire terrier,neutral,-0.185262,-0.167374,0.9714,0.1226,-0.112836,0.3946,-0.196489,-0.128077,0.6148,0.147088,-0.045742,0.362,-0.198126,-0.100231,0.55,0.171841,0.024805,0.2365,-0.22338,-0.034062,0.6926,0.179576,0.060069,0.5856,-0.262985,-0.051458,0.7271,0.189323,0.009534,0.229,-0.251881,-0.130682,0.6289,0.161657,-0.028776,0.5641,-0.224778,-0.142572,0.8401,0.138695,-0.036363,0.3558,-0.031445,-0.141358,0.5379,0.029018,-0.142244,0.498,-0.073437,-0.051794,0.9766,0.082792,-0.057363,0.9263,-0.13503,-0.061877,1.0086,0.124991,-0.064424,0.922,-0.103341,-0.081306,0.9977,0.104894,-0.083428,1.0105,-0.106596,-0.035065,0.8745,0.105883,-0.039578,1.001,0.023862,-0.03158,0.8969,0.04072,0.00888,0.9402,-0.002389,0.019556,0.9806,0.074955,0.018449,0.931,-0.012828,-0.021558,0.897,0.057894,-0.026281,0.9119,-0.103397,0.010523,0.8833,0.107753,0.000618,1.0141,0.047007,0.047424,1.0132,-0.006861,0.049449,0.9491,0.088263,0.048205,0.9691,0.048501,0.08752,1.0011,-0.057247,0.074738,0.6064,0.109995,0.070575,0.7834,0.049887,0.115187,0.892,-0.109494,0.105113,0.7882,0.131264,0.088635,0.7727,0.050345,0.144663,0.924,0.050448,0.156973,0.761,-0.056802,0.155544,0.794,0.122476,0.149222,0.8866,0.050447,0.131196,1.0567,0,0,0,0,0,0,0,0,0,0,0,0,0,0,0,0,0,0,0,0,0
DOGS/dog_29576555/dog_29576555_t0_000460.jpg,masha,American Staffordshire terrier,neutral,-0.137994,-0.119657,0.5353,0.112332,-0.216167,0.945,-0.134988,-0.09844,0.5064,0.157823,-0.185161,0.8655,-0.125315,-0.058432,0.6251,0.195361,-0.157392,0.9121,-0.132663,-0.042126,0.5739,0.239994,-0.129558,0.9763,-0.147648,-0.081869,0.7187,0.277006,-0.186979,0.9388,-0.149609,-0.089402,0.475,0.188335,-0.230918,0.5384,-0.14771,-0.090017,0.8097,0.134922,-0.225252,0.4309,-0.053829,-0.091509,0.7018,-0.002782,-0.09938,0.6916,-0.080692,-0.023749,0.9511,0.035718,-0.036033,0.9559,-0.115232,-0.033058,1.0063,0.08692,-0.057629,0.9929,-0.096783,-0.042039,0.9919,0.056408,-0.062977,0.9537,-0.097858,-0.013608,0.9318,0.067985,-0.027235,0.9356,-0.022607,0.005117,0.9706,-0.023811,0.051919,0.9823,-0.050897,0.06267,0.9505,0.009215,0.054869,0.9541,-0.050604,0.015089,0.9659,0.008319,0.007975,0.982,-0.087413,0.022901,0.9247,0.072074,0.010897,0.8874,-0.021359,0.085242,1.007,-0.0518,0.089911,0.9828,0.014066,0.081387,0.9569,-0.016775,0.118348,0.9874,-0.06861,0.100843,0.9464,0.052874,0.084248,0.8516,-0.013342,0.135797,1.0148,-0.083632,0.112842,0.9739,0.092601,0.084678,0.7907,-0.011979,0.145829,1.0014,-0.011051,0.153396,1.0092,-0.060784,0.159303,0.9393,0.056093,0.140751,0.9492,-0.012603,0.140564,1.0296,0,0,0,0,0,0,0,0,0,0,0,0,0,0,0,0,0,0,0,0,0
DOGS/dog_30182200/dog_30182200_t0_000000.jpg,masha,German short-haired pointer,happy,-0.141911,-0.143345,0.8734,0.105112,-0.173759,0.9531,-0.171458,-0.057853,0.7904,0.153158,-0.09375,0.8469,-0.143871,0.028385,0.8716,0.142749,0.002144,0.8461,-0.13361,0.140943,0.8756,0.164287,0.126004,0.9587,-0.199031,0.049998,0.8416,0.209114,0.009441,0.8792,-0.250798,-0.032626,0.9313,0.240703,-0.07672,0.8479,-0.157642,-0.150621,0.7983,0.11933,-0.186573,0.8979,-0.039396,-0.146569,0.892,0.005163,-0.151951,0.9086,-0.073811,-0.064368,0.9903,0.055645,-0.082032,0.9672,-0.115822,-0.066343,0.9858,0.094298,-0.092599,1.0036,-0.095438,-0.083925,0.9249,0.071142,-0.10499,0.9553,-0.095291,-0.052898,0.9653,0.077971,-0.07462,0.9615,-0.003177,-0.030888,0.966,0.00415,0.013398,0.9504,-0.03357,0.025823,0.9922,0.042201,0.019187,0.9674,-0.033525,-0.021054,0.9773,0.029011,-0.027624,0.9576,-0.086718,-0.01308,0.9205,0.079556,-0.032929,0.9707,0.009103,0.057252,0.9801,-0.037178,0.061579,0.9714,0.054912,0.054554,0.9432,0.012839,0.099488,0.9528,-0.062574,0.081363,0.8468,0.076783,0.069927,0.8038,0.01372,0.122367,1.0132,-0.081247,0.106564,0.8829,0.089852,0.087578,0.7378,0.024417,0.218626,0.7545,0.026375,0.232136,0.8008,-0.038631,0.14499,0.8871,0.063046,0.13476,0.9162,0.017749,0.174509,0.8021,0,0,0,0,0,0,0,0,0,0,0,0,0,0,0,0,0,0,0,0,0
DOGS/dog_30182200/dog_30182200_t0_000115.jpg,masha,German short-haired pointer,happy,-0.140746,-0.145545,0.9152,0.10831,-0.17409,0.9036,-0.172423,-0.06053,0.7352,0.155743,-0.094421,0.7776,-0.144992,0.026985,0.8888,0.145528,-0.00242,0.8255,-0.13836,0.136586,0.953,0.16429,0.124153,0.9802,-0.199805,0.049461,0.8693,0.207325,0.009109,0.7926,-0.250012,-0.03383,0.9158,0.238525,-0.0772,0.8662,-0.159053,-0.148904,0.645,0.12593,-0.183941,0.8272,-0.037074,-0.150472,0.9153,0.006717,-0.154849,0.9098,-0.072066,-0.066499,0.9868,0.057364,-0.082072,0.9664,-0.114285,-0.069166,0.9957,0.095828,-0.092603,0.9672,-0.093841,-0.086886,0.9926,0.073312,-0.104493,0.9732,-0.093606,-0.055367,0.958,0.079531,-0.075817,0.9323,-0.001836,-0.033912,0.942,0.005017,0.009145,0.9381,-0.032552,0.021292,0.9401,0.043409,0.014875,0.964,-0.031212,-0.024599,0.9677,0.029239,-0.030741,0.9763,-0.086016,-0.014908,0.9409,0.081761,-0.033544,0.9142,0.009243,0.053698,0.9985,-0.036705,0.057741,0.9765,0.055176,0.051437,0.9493,0.012472,0.096379,0.9909,-0.062798,0.071174,0.8484,0.077665,0.064127,0.8194,0.013604,0.117726,0.9739,-0.086906,0.0857,0.8649,0.096657,0.079324,0.7721,0.025338,0.2272,0.8128,0.027087,0.240021,0.8776,-0.041777,0.137556,0.9834,0.065875,0.127136,0.9346,0.019242,0.17657,0.8205,0,0,0,0,0,0,0,0,0,0,1,1,0,0,0,0,0,0,0,0,0
DOGS/dog_30182200/dog_30182200_t0_000276.jpg,masha,German short-haired pointer,happy,-0.139971,-0.146634,0.8637,0.106383,-0.172676,0.8889,-0.170157,-0.066543,0.8044,0.14844,-0.09478,0.7355,-0.146855,0.014526,0.8914,0.139046,-0.004156,0.7048,-0.145285,0.123576,0.9437,0.15732,0.117657,0.9493,-0.203919,0.032731,0.8799,0.194073,0.003573,0.7201,-0.250933,-0.050294,0.9019,0.225095,-0.083582,0.9159,-0.153929,-0.160578,1.0138,0.119528,-0.188062,0.8499,-0.033115,-0.14588,0.9111,0.010847,-0.149399,0.8586,-0.068769,-0.06455,0.9537,0.060617,-0.07531,0.925,-0.108632,-0.066048,0.9984,0.094271,-0.0826,0.9731,-0.088336,-0.078682,0.9409,0.075315,-0.091267,0.9522,-0.089017,-0.055934,0.9055,0.078951,-0.070033,0.953,0.003584,-0.023323,0.966,0.013475,0.024941,0.9371,-0.024812,0.035975,0.9263,0.050142,0.031244,0.973,-0.027584,-0.013964,0.9127,0.036252,-0.019922,0.9508,-0.083058,-0.015268,0.9065,0.079813,-0.02898,0.9429,0.017257,0.068989,1.0089,-0.027849,0.072271,0.9829,0.060304,0.067497,0.9485,0.018788,0.108766,0.9701,-0.054259,0.082123,0.8342,0.079829,0.076037,0.8217,0.019556,0.12727,1.035,-0.080931,0.087044,0.7698,0.094538,0.085062,0.85,0.025955,0.237666,0.7333,0.026909,0.250464,0.7441,-0.037183,0.139208,0.8457,0.065958,0.135336,0.9027,0.023034,0.199101,0.4563,0,0,0,0,0,0,0,0,0,0,0,0,0,0,0,0,0,0,0,0,0
DOGS/dog_30182283/dog_30182283_t0_000000.jpg,masha,German short-haired pointer,neutral,-0.163587,-0.165432,0.9603,0.094055,-0.187898,0.964,-0.196862,-0.086603,0.8429,0.139904,-0.111358,0.851,-0.165886,0.000257,0.8231,0.124676,-0.007076,0.8957,-0.191297,0.084596,0.9049,0.177496,0.119698,0.9362,-0.257465,0.034865,0.8826,0.213749,0.009748,0.9823,-0.266687,-0.035564,0.7329,0.240839,-0.073066,0.9901,-0.167167,-0.043863,0.4952,0.12447,-0.071699,0.8368,-0.049087,-0.148269,0.8337,0.002378,-0.153294,0.8939,-0.081926,-0.072136,0.9995,0.051449,-0.085235,0.9867,-0.120736,-0.07318,0.9613,0.087231,-0.093089,0.9714,-0.1015,-0.086292,0.9405,0.066966,-0.102753,0.9588,-0.101607,-0.061405,0.9583,0.071775,-0.077866,0.9821,-0.000336,-0.029412,0.9238,0.017402,0.017666,0.9751,-0.020122,0.029693,0.9707,0.052862,0.02335,0.9478,-0.031676,-0.018418,0.9144,0.033009,-0.027194,0.9768,-0.096489,-0.025257,0.9426,0.073222,-0.04136,0.9294,0.025593,0.059985,0.9689,-0.020829,0.064286,1.0,0.061937,0.059225,0.951,0.02588,0.097319,0.9561,-0.052691,0.086334,0.8158,0.077624,0.077245,0.8486,0.02428,0.120906,0.943,-0.08574,0.114231,0.9221,0.091137,0.100888,0.8947,0.023606,0.132214,0.9375,0.023063,0.140451,0.9046,-0.045317,0.17143,0.993,0.072435,0.162996,1.0143,0.023936,0.126551,0.9357,0,0,0,0,0,0,0,0,0,0,0,0,0,0,0,0,0,0,0,0,0
DOGS/dog_30182283/dog_30182283_t0_000299.jpg,masha,German short-haired pointer,neutral,-0.161524,-0.160902,0.9508,0.105053,-0.182358,0.9575,-0.193426,-0.082894,0.9527,0.147584,-0.109018,0.9062,-0.158091,0.011047,0.8356,0.13559,-0.008637,0.8689,-0.189277,0.095612,0.9445,0.180494,0.132799,0.89,-0.252447,0.044325,0.921,0.22265,0.018778,0.8666,-0.268281,-0.02258,0.7718,0.24949,-0.063005,0.8734,-0.163236,-0.048102,0.5328,0.131118,-0.058691,0.7108,-0.04375,-0.147732,0.847,0.008379,-0.151509,0.8838,-0.077465,-0.072933,0.9774,0.057701,-0.083296,0.9899,-0.118118,-0.073606,0.9627,0.094708,-0.088864,0.9516,-0.097892,-0.087728,0.979,0.074289,-0.10034,0.9372,-0.098127,-0.061978,0.9632,0.078457,-0.074676,0.9458,0.003007,-0.036263,0.9579,0.019158,0.007151,0.937,-0.01946,0.01846,0.9282,0.055021,0.014272,0.9459,-0.028698,-0.026582,0.9172,0.036483,-0.032803,0.9439,-0.094239,-0.025668,0.9991,0.078938,-0.037913,0.921,0.02648,0.050829,1.0098,-0.020768,0.054714,0.9642,0.063798,0.051048,0.9809,0.025937,0.090679,0.9729,-0.052891,0.079048,0.8408,0.079429,0.072587,0.8522,0.024281,0.117639,0.927,-0.086256,0.111698,0.8838,0.093166,0.101221,0.8492,0.023572,0.131226,0.9404,0.022909,0.140869,0.8969,-0.046723,0.170198,1.0087,0.072713,0.163098,1.0163,0.023964,0.124476,0.9478,0,0,0,0,0,0,0,0,0,0,0,0,0,0,0,0,0,0,0,0,0
DOGS/dog_30214834/dog_30214834_t0_000059.jpg,danek,bull mastiff,neutral,-0.093788,-0.118111,0.8373,0.06045,-0.134908,0.8349,-0.134784,-0.148036,0.5583,0.08623,-0.168241,0.862,-0.170456,-0.157486,0.6202,0.119195,-0.191777,0.843,-0.182365,-0.165158,0.449,0.148352,-0.18156,0.8924,-0.175581,-0.138146,0.3961,0.157906,-0.140424,0.8329,-0.145874,-0.100395,0.7832,0.139487,-0.110193,0.9456,-0.115674,-0.096421,0.7846,0.112614,-0.08619,0.8366,-0.033078,-0.040179,0.4237,0.012967,-0.046045,0.3474,-0.054979,0.009575,0.8817,0.037809,0.002687,0.9441,-0.087449,-0.003177,0.8763,0.073094,-0.015596,0.8586,-0.068625,-0.010468,0.9448,0.051037,-0.019604,0.9417,-0.073724,0.014862,0.9494,0.0599,0.005802,0.8813,-0.007251,0.065841,0.6872,-0.017103,0.096615,0.2204,-0.033615,0.102409,0.3548,0.015194,0.119736,0.2582,-0.026148,0.072165,0.6433,0.014478,0.068508,0.659,-0.070046,0.04619,0.7888,0.062462,0.038783,0.8422,-0.02049,0.104606,0.2504,-0.04236,0.09991,0.3255,0.017245,0.1337,0.2602,-0.013067,0.127739,0.5052,-0.046731,0.113744,0.5277,0.03766,0.125957,0.4067,-0.010115,0.139092,0.597,-0.057389,0.131241,0.5732,0.062387,0.136353,0.5603,0.010234,0.211115,0.8653,0.013695,0.219003,0.7861,-0.022693,0.178507,0.645,0.037572,0.174112,0.59,0.008085,0.196768,0.5756,0,0,0,0,0,0,0,0,0,0,0,0,0,0,0,0,0,0,0,0,0
DOGS/dog_30214834/dog_30214834_t0_000472.jpg,danek,Afghan hound,relaxed,-0.102305,-0.165157,0.4913,0.089489,-0.202136,0.6346,-0.144519,-0.186308,0.5116,0.039557,-0.19024,0.5533,-0.150053,-0.17499,0.5581,0.101875,-0.158897,0.5946,-0.149501,-0.136951,0.7804,-0.16472,-0.277255,0.5891,-0.14969,-0.102179,0.5056,0.112635,-0.185521,0.3983,-0.141245,-0.178284,0.5078,0.141745,-0.200859,0.4991,-0.116333,-0.165472,0.5383,0.128287,-0.164507,0.3905,-0.029371,-0.113883,0.3331,0.025286,-0.113542,0.4341,-0.053518,-0.055522,0.695,0.060187,-0.054909,0.928,-0.082939,-0.066315,0.6683,0.10391,-0.074996,0.8753,-0.065761,-0.073214,0.6716,0.076664,-0.078918,0.939,-0.06944,-0.050433,0.6762,0.086877,-0.051487,0.9208,0.002837,0.016254,0.8826,0.006415,0.093254,0.7518,-0.020382,0.097566,0.7324,0.033846,0.095189,0.8433,-0.026466,0.023172,0.8513,0.033634,0.022916,0.863,-0.063115,-0.019907,0.7057,0.089549,-0.013835,0.8469,0.007724,0.1171,0.8654,-0.018451,0.118786,0.7912,0.037331,0.115929,0.9098,0.009956,0.138031,0.9688,-0.046446,0.104968,0.8026,0.064439,0.106307,0.7838,0.010776,0.146481,0.955,-0.070915,0.086873,0.727,0.099155,0.093667,0.7982,0.013587,0.16324,0.9495,0.014622,0.169921,0.9043,-0.028152,0.15011,0.8284,0.060826,0.149606,0.8249,0.012581,0.155238,0.949,0,0,0,0,0,0,0,0,0,0,0,0,0,0,0,0,0,0,0,0,0
DOGS/dog_30318269/dog_30318269_t0_000060.jpg,danek,Border collie,relaxed,-0.077123,-0.135446,0.9303,0.025825,-0.142322,0.9922,-0.102454,-0.172966,0.9303,0.054095,-0.186201,0.969,-0.132059,-0.205166,0.9831,0.097889,-0.219628,0.966,-0.177556,-0.225995,0.9177,0.162312,-0.234486,0.9625,-0.20395,-0.166701,0.9601,0.16277,-0.171694,0.9554,-0.199773,-0.101632,0.8212,0.137166,-0.112056,0.8628,-0.176059,-0.045205,0.7785,0.095133,-0.03786,0.8047,-0.019607,-0.060996,0.728,0.023208,-0.060138,0.7937,-0.046911,0.001195,0.9562,0.045516,0.001777,0.9762,-0.088823,-0.010107,1.0198,0.074234,-0.008799,0.9704,-0.064176,-0.020804,0.9759,0.058695,-0.018112,0.9699,-0.071029,0.008096,0.9612,0.062065,0.008564,0.9524,0.011134,0.036676,0.9804,0.025019,0.083916,0.9561,-0.00023,0.088792,0.9632,0.046815,0.088809,0.9701,-0.011459,0.04287,0.9573,0.033183,0.040824,0.9029,-0.06857,0.042921,0.9337,0.059324,0.042294,0.9554,0.026198,0.11138,0.9972,-0.000934,0.110653,1.0047,0.049713,0.112985,0.9987,0.023161,0.135482,1.0267,-0.030688,0.10955,0.912,0.059383,0.111965,0.8556,0.021854,0.143882,1.0263,-0.068529,0.115962,0.8769,0.064077,0.107567,0.7632,0.02107,0.149638,1.0045,0.020528,0.153395,0.9644,-0.027473,0.145799,0.9056,0.049472,0.143028,0.916,0.021473,0.146798,0.9985,0,0,0,0,0,0,0,0,0,0,0,0,0,0,0,0,0,0,0,0,0
DOGS/dog_30318269/dog_30318269_t0_000150.jpg,danek,Border collie,relaxed,-0.075946,-0.134659,0.955,0.02603,-0.140836,0.999,-0.100748,-0.171617,0.9375,0.053206,-0.184451,0.96,-0.129809,-0.203665,0.9795,0.095643,-0.217982,0.9745,-0.174832,-0.224872,0.9561,0.159958,-0.233744,0.9448,-0.201249,-0.167265,0.9408,0.161321,-0.170367,0.9413,-0.198896,-0.101967,0.8883,0.136602,-0.11225,0.9302,-0.180437,-0.043918,0.8642,0.095177,-0.036726,0.765,-0.019243,-0.060103,0.7091,0.023994,-0.058875,0.7704,-0.047067,0.002045,0.9477,0.047035,0.003309,0.9741,-0.088181,-0.009404,0.9564,0.074406,-0.006605,1.0038,-0.063969,-0.018298,0.9829,0.059232,-0.013408,0.9895,-0.070468,0.008132,0.9578,0.062716,0.009019,0.9499,0.012589,0.037846,0.9297,0.026281,0.08462,0.9811,0.001394,0.089432,0.9697,0.04767,0.089402,0.9449,-0.010149,0.043668,0.9494,0.034656,0.042115,0.9446,-0.067993,0.043063,0.91,0.059418,0.042456,0.9176,0.027433,0.111706,0.9883,0.000616,0.110906,0.9839,0.050546,0.113421,0.9744,0.024138,0.135367,1.0002,-0.029601,0.109524,0.8674,0.05986,0.112361,0.8604,0.022774,0.143869,1.0109,-0.068093,0.116193,0.9089,0.064559,0.108372,0.7678,0.021905,0.149538,0.9813,0.021348,0.153244,0.9509,-0.026456,0.145468,0.8925,0.050589,0.142588,0.9377,0.022329,0.146737,1.029,0,0,0,0,0,0,0,0,0,0,0,0,0,0,0,0,0,0,0,0,0
DOGS/dog_30318269/dog_30318269_t0_000270.jpg,danek,Border collie,relaxed,-0.062655,-0.131941,0.9876,0.038492,-0.150464,0.9461,-0.094848,-0.167137,0.9622,0.060633,-0.194845,0.9189,-0.132457,-0.196189,0.9921,0.092444,-0.235789,0.9715,-0.190104,-0.206016,0.9787,0.150397,-0.264732,0.949,-0.19938,-0.14426,0.8952,0.173061,-0.198302,0.9044,-0.179549,-0.081677,0.8888,0.164581,-0.12983,0.8299,-0.1344,-0.01768,0.8304,0.13751,-0.027018,0.8058,-0.021716,-0.063727,0.8358,0.02053,-0.067129,0.806,-0.042134,0.006009,0.9986,0.050899,-0.004588,0.9605,-0.078428,-0.000691,1.001,0.086927,-0.020432,0.9825,-0.058758,-0.01268,0.9633,0.064861,-0.025872,0.9875,-0.062089,0.015259,0.9973,0.072847,-0.001258,0.9542,0.003948,0.03649,0.9305,0.003574,0.084196,0.9909,-0.0197,0.091465,0.9682,0.028601,0.087182,0.9649,-0.019633,0.044419,0.9671,0.028069,0.039698,0.9952,-0.058131,0.049789,0.9577,0.072534,0.034117,0.9385,0.005026,0.111814,0.9603,-0.020054,0.113998,0.9484,0.032733,0.110091,0.9676,0.007112,0.135457,1.003,-0.036235,0.113843,0.9029,0.054848,0.105477,0.9442,0.008138,0.143522,1.0103,-0.049847,0.115601,0.9157,0.078471,0.102994,0.9156,0.008497,0.149318,0.9693,0.008619,0.153123,0.932,-0.026413,0.147455,0.9174,0.049691,0.138758,0.984,0.00835,0.146428,1.0089,0,0,0,0,0,0,0,0,0,0,0,0,0,0,0,0,0,0,0,0,0
DOGS/dog_31365634/dog_31365634_t0_000138.jpg,masha,Staffordshire bullterrier,relaxed,-0.099354,-0.163595,0.8648,0.058217,-0.18768,0.9019,-0.137784,-0.152827,0.6755,0.119947,-0.190859,0.7525,-0.157965,-0.119701,0.7533,0.164621,-0.15273,0.8807,-0.171236,-0.073981,0.9828,0.214852,-0.100512,0.9816,-0.153775,-0.082427,0.7981,0.193714,-0.171567,0.7318,-0.140434,-0.090766,0.7691,0.173304,-0.156161,0.9031,-0.13164,-0.093598,0.5157,0.163617,-0.105701,0.9604,-0.055499,-0.097008,0.674,-0.009447,-0.106262,0.6058,-0.071362,-0.026412,0.9793,0.040756,-0.045563,0.93,-0.100856,-0.027993,0.973,0.078966,-0.061524,0.9949,-0.087514,-0.037875,0.9632,0.05343,-0.068206,0.9644,-0.085872,-0.017541,0.9443,0.064663,-0.041419,0.9551,-0.018178,0.022659,0.8972,-0.017781,0.077538,0.9372,-0.046185,0.088794,0.9961,0.016394,0.0736,0.9187,-0.048146,0.033597,0.9354,0.014981,0.02155,0.8778,-0.079095,0.015094,0.9529,0.070488,-0.009769,0.8787,-0.011035,0.109109,0.9545,-0.041584,0.116683,0.9915,0.024096,0.100126,0.9471,-0.000737,0.137408,1.0027,-0.057283,0.116169,0.9054,0.051289,0.085201,0.7639,0.002757,0.145917,1.0286,-0.065029,0.119416,0.7924,0.107964,0.040804,0.7275,0.024727,0.204584,0.7842,0.026851,0.210278,0.7619,-0.034777,0.146315,0.8691,0.054017,0.125919,0.8033,0.028661,0.21656,0.9196,0,0,0,0,0,0,0,0,0,0,0,0,0,0,0,0,0,0,0,0,0
DOGS/dog_31365634/dog_31365634_t0_000299.jpg,masha,Cardigan,relaxed,-0.065296,-0.176326,0.9576,0.04193,-0.191716,0.8773,-0.108499,-0.154496,0.8603,0.096978,-0.174025,0.8358,-0.11258,-0.107805,0.9552,0.131109,-0.130825,0.8971,-0.12358,-0.060974,0.9984,0.18417,-0.085866,0.9584,-0.145815,-0.095239,0.9744,0.192995,-0.152499,0.9726,-0.164473,-0.139214,0.9782,0.188445,-0.215646,1.0402,-0.103303,-0.062448,0.7121,0.142694,-0.127716,0.292,-0.051032,-0.088925,0.6757,-0.006279,-0.101167,0.6583,-0.061207,-0.017587,0.9965,0.043218,-0.042027,0.976,-0.083095,-0.021385,1.0002,0.082955,-0.063476,0.9736,-0.076136,-0.031647,0.9964,0.055585,-0.068661,0.9502,-0.071758,-0.008271,0.9563,0.068346,-0.039293,0.9401,-0.020301,0.030563,0.8676,-0.025724,0.088071,0.9688,-0.045304,0.10117,0.9446,0.006622,0.083041,0.8846,-0.045972,0.041924,0.8907,0.01023,0.029772,0.8361,-0.063255,0.023365,0.9916,0.074261,-0.008079,0.8923,-0.019083,0.12021,0.9774,-0.040498,0.128991,1.0111,0.015824,0.108391,0.9735,-0.004809,0.146089,0.9512,-0.044979,0.133907,0.7317,0.048725,0.094888,0.7003,0.000537,0.154101,1.0175,-0.054513,0.112187,0.5089,0.117443,0.043986,0.7555,0.031244,0.209342,0.8336,0.033356,0.214197,0.8217,-0.024349,0.15752,0.8907,0.053554,0.130974,0.7997,0.033883,0.2201,0.9713,0,0,0,0,0,0,0,0,0,0,0,0,0,0,0,0,0,0,0,0,0
DOGS/dog_31572934/dog_31572934_t0_000024.jpg,masha,American Staffordshire terrier,relaxed,-0.12786,-0.128986,0.9392,0.113344,-0.145647,0.8921,-0.179597,-0.07293,0.8751,0.171,-0.089409,0.9195,-0.190642,-0.002345,1.0203,0.190375,-0.015486,0.8729,-0.199846,0.081614,0.9838,0.221687,0.05683,0.9713,-0.257357,0.011526,1.031,0.258902,-0.021369,0.9302,-0.276779,-0.061966,1.0589,0.238232,-0.109472,0.876,-0.147288,-0.102851,0.6818,0.12534,-0.147693,0.499,-0.036239,-0.088951,0.7917,0.018674,-0.095486,0.8299,-0.077724,-0.017406,0.9778,0.076807,-0.034999,1.0261,-0.121598,-0.013961,0.9487,0.11898,-0.04272,0.9356,-0.101382,-0.031072,0.9595,0.095933,-0.052431,1.0115,-0.099944,-0.004066,0.9878,0.100941,-0.027699,0.9806,-0.001341,-0.035779,0.9415,0.001438,-0.012564,0.9145,-0.031746,-0.000945,0.9408,0.036516,-0.007248,0.9117,-0.029298,-0.027474,0.926,0.027632,-0.033836,1.0117,-0.098935,0.028691,0.8795,0.108574,0.003777,0.9112,0.005877,0.018982,0.9683,-0.03692,0.027772,0.97,0.049084,0.018057,0.9697,0.011198,0.058218,0.9778,-0.067077,0.072582,0.7882,0.086752,0.05442,0.8199,0.014736,0.088846,0.9679,-0.142092,0.119995,0.6215,0.150314,0.088205,0.6999,0.01669,0.099926,1.0023,0.018409,0.108271,0.9538,-0.067723,0.175052,0.8927,0.115973,0.158246,0.9125,0.015699,0.094596,1.0188,0,0,0,0,0,0,0,0,0,0,0,0,0,0,0,0,0,0,0,0,0
DOGS/dog_31572934/dog_31572934_t0_000216.jpg,masha,EntleBucher,relaxed,-0.167389,-0.10012,0.9755,0.139109,-0.094776,0.9619,-0.244498,-0.053825,0.751,0.182942,-0.030072,0.7908,-0.278481,0.019218,0.8211,0.18509,0.054579,0.964,-0.267072,0.119245,0.9724,0.234491,0.134251,0.9757,-0.23835,0.094001,0.8822,0.237364,0.058821,0.9463,-0.220299,0.052045,0.8194,0.209558,-0.032991,0.9615,-0.198492,0.040405,0.7942,0.154715,-0.086928,0.6068,-0.031302,-0.103949,0.9329,0.018887,-0.106045,0.9076,-0.079441,-0.041039,0.9754,0.077744,-0.046028,1.0065,-0.125563,-0.039717,0.9733,0.120143,-0.048023,0.9725,-0.10364,-0.055661,0.9581,0.098146,-0.061108,0.9867,-0.103066,-0.028353,0.9505,0.100869,-0.034531,0.9922,0.001646,-0.069579,0.8853,0.006216,-0.04783,0.9572,-0.025887,-0.038107,0.9708,0.040168,-0.043238,1.0075,-0.025209,-0.062194,0.8887,0.029561,-0.06665,0.8962,-0.104694,0.005703,0.9111,0.107387,-0.003864,0.9655,0.009408,-0.01931,0.9465,-0.031478,-0.012924,0.9709,0.050729,-0.018331,0.9401,0.011599,0.018327,0.9625,-0.063596,0.026243,0.8111,0.079664,0.016158,0.75,0.014107,0.057199,0.9743,-0.116795,0.112438,0.8383,0.139403,0.083144,0.8549,0.014529,0.068761,0.9901,0.014873,0.077282,0.9263,-0.065394,0.113223,0.9531,0.093902,0.109085,1.0593,0.014342,0.063437,0.9916,0,0,0,0,0,0,0,0,0,0,0,0,0,0,0,0,0,0,0,0,0
DOGS/dog_31572934/dog_31572934_t0_000312.jpg,masha,American Staffordshire terrier,neutral,-0.189549,-0.065695,0.9738,0.133058,-0.0803,0.8911,-0.251721,-0.029693,0.7522,0.17293,-0.017048,0.8475,-0.283033,0.038788,0.6541,0.178805,0.069294,0.8583,-0.286949,0.140901,0.9831,0.247052,0.140753,1.0093,-0.275029,0.081218,0.4883,0.248612,0.049719,0.9153,-0.246225,0.041369,0.3637,0.202011,-0.023641,0.9233,-0.209932,-0.019687,0.8651,0.143186,-0.082145,0.7357,-0.042404,-0.094513,1.0077,0.007182,-0.100019,0.9865,-0.087143,-0.031441,0.9871,0.072215,-0.050914,0.8672,-0.132727,-0.026109,0.9682,0.106414,-0.051777,0.946,-0.112162,-0.042842,0.9765,0.088148,-0.063746,0.879,-0.109644,-0.017375,0.9535,0.091705,-0.040627,0.9022,-0.003462,-0.072262,0.867,0.006726,-0.053733,0.9544,-0.024997,-0.041701,0.9199,0.040151,-0.051165,0.9396,-0.028404,-0.062934,0.8755,0.024567,-0.071875,0.9616,-0.109662,0.014803,0.8892,0.099932,-0.010834,0.9011,0.013123,-0.024905,0.9467,-0.028859,-0.016278,0.9371,0.05245,-0.027071,0.8993,0.01639,0.01573,0.9597,-0.059856,0.026455,0.7684,0.079814,0.00859,0.8648,0.019164,0.055005,0.9758,-0.116294,0.113837,0.9101,0.135384,0.078506,0.784,0.019695,0.072246,0.9597,0.020204,0.083875,0.8935,-0.056145,0.115626,0.9512,0.094345,0.103701,1.0399,0.019532,0.064121,0.9513,0,0,0,0,0,0,0,0,1,0,0,0,0,0,0,0,0,0,0,0,0
DOGS/dog_32208337/dog_32208337_t0_000059.jpg,masha,Labrador retriever,sad,-0.158812,-0.117048,0.8965,0.139004,-0.172243,0.949,-0.176625,-0.044049,0.8747,0.208393,-0.119984,0.7972,-0.164703,0.028541,0.9145,0.246132,-0.049217,0.9684,-0.160776,0.130842,0.9699,0.264505,0.059011,0.9983,-0.256113,0.063433,0.9273,0.263555,-0.044668,0.8562,-0.237746,-0.037294,0.8147,0.222112,-0.043149,0.5151,-0.174112,-0.125252,0.8546,0.205243,-0.019037,0.9409,-0.057524,-0.122168,0.878,-0.004605,-0.134883,0.957,-0.076574,-0.040067,0.9717,0.049333,-0.071003,0.9988,-0.119738,-0.032218,1.0225,0.098739,-0.085824,0.9451,-0.100874,-0.051192,0.964,0.068012,-0.095544,0.989,-0.096506,-0.023554,0.9715,0.078691,-0.064106,0.981,-0.014373,-0.030701,0.9765,-0.014381,0.007657,1.0017,-0.0464,0.020971,0.9423,0.022659,0.007633,0.9313,-0.043744,-0.018804,1.003,0.01786,-0.03096,0.9741,-0.088986,0.014285,0.9306,0.08907,-0.024924,0.9159,-0.010045,0.042706,0.9964,-0.048415,0.050974,0.9603,0.033035,0.034275,1.0065,-0.001229,0.078974,0.9941,-0.066492,0.072206,0.8375,0.072799,0.041925,0.9016,0.003989,0.100588,0.9715,-0.07708,0.099084,0.9382,0.118643,0.068216,0.9349,0.006948,0.112913,0.9849,0.009078,0.121376,0.9571,-0.044004,0.143041,0.9865,0.080445,0.111968,0.9812,0.005389,0.106762,0.9702,0,0,0,0,0,0,0,0,0,0,0,0,0,0,0,0,0,0,0,0,0
DOGS/dog_32208337/dog_32208337_t0_000236.jpg,masha,Labrador retriever,sad,-0.170937,-0.117578,0.9504,0.135364,-0.161342,0.9849,-0.192202,-0.043531,0.8532,0.206376,-0.10403,0.7881,-0.184282,0.030085,0.8812,0.247938,-0.029982,0.8559,-0.179009,0.134955,0.9886,0.253476,0.077609,0.9908,-0.280397,0.063461,0.9379,0.219123,0.038863,0.7924,-0.257549,-0.040932,0.8237,0.211557,-0.004831,0.7849,-0.187063,-0.128394,0.6656,0.193285,-0.005857,0.8331,-0.055935,-0.125358,0.8686,-0.00233,-0.137354,0.9497,-0.077932,-0.044447,0.9443,0.051564,-0.071294,0.9781,-0.125935,-0.036807,1.0127,0.099678,-0.083391,0.9991,-0.104182,-0.056072,0.996,0.070551,-0.094974,0.962,-0.099698,-0.028107,0.942,0.079406,-0.062611,0.9706,-0.007773,-0.036625,0.9516,-0.001541,-0.002644,0.9571,-0.035033,0.01035,0.9819,0.033707,-0.00178,0.9769,-0.03729,-0.025083,0.9893,0.023791,-0.036419,0.9888,-0.092803,0.010647,0.9699,0.089649,-0.024349,0.9873,0.00529,0.031596,0.995,-0.03794,0.039409,0.9492,0.046963,0.024387,0.9778,0.012289,0.0696,0.9607,-0.060823,0.064521,0.8516,0.079426,0.037607,0.877,0.016495,0.093173,0.9284,-0.080667,0.095193,0.8377,0.109943,0.065962,0.8867,0.019126,0.106966,0.9744,0.020693,0.116291,0.9333,-0.041479,0.13788,0.9864,0.083902,0.112196,0.9643,0.017888,0.099964,0.9663,0,0,0,0,0,0,0,0,0,0,0,0,0,0,0,0,0,0,0,0,0
DOGS/dog_32208337/dog_32208337_t0_000472.jpg,masha,Labrador retriever,sad,-0.170937,-0.117578,0.9504,0.135364,-0.161342,0.9849,-0.192202,-0.043531,0.8532,0.206376,-0.10403,0.7881,-0.184282,0.030085,0.8812,0.247938,-0.029982,0.8559,-0.179009,0.134955,0.9886,0.253476,0.077609,0.9908,-0.280397,0.063461,0.9379,0.219123,0.038863,0.7924,-0.257549,-0.040932,0.8237,0.211557,-0.004831,0.7849,-0.187063,-0.128394,0.6656,0.193285,-0.005857,0.8331,-0.055935,-0.125358,0.8686,-0.00233,-0.137354,0.9497,-0.077932,-0.044447,0.9443,0.051564,-0.071294,0.9781,-0.125935,-0.036807,1.0127,0.099678,-0.083391,0.9991,-0.104182,-0.056072,0.996,0.070551,-0.094974,0.962,-0.099698,-0.028107,0.942,0.079406,-0.062611,0.9706,-0.007773,-0.036625,0.9516,-0.001541,-0.002644,0.9571,-0.035033,0.01035,0.9819,0.033707,-0.00178,0.9769,-0.03729,-0.025083,0.9893,0.023791,-0.036419,0.9888,-0.092803,0.010647,0.9699,0.089649,-0.024349,0.9873,0.00529,0.031596,0.995,-0.03794,0.039409,0.9492,0.046963,0.024387,0.9778,0.012289,0.0696,0.9607,-0.060823,0.064521,0.8516,0.079426,0.037607,0.877,0.016495,0.093173,0.9284,-0.080667,0.095193,0.8377,0.109943,0.065962,0.8867,0.019126,0.106966,0.9744,0.020693,0.116291,0.9333,-0.041479,0.13788,0.9864,0.083902,0.112196,0.9643,0.017888,0.099964,0.9663,0,0,0,0,0,0,0,0,0,0,0,0,0,0,0,0,0,0,0,0,0
DOGS/dog_32562247/dog_32562247_t0_000060.jpg,danek,golden retriever,relaxed,-0.117919,-0.109146,0.9404,0.112074,-0.154542,0.976,-0.181926,-0.049945,0.9152,0.15595,-0.108097,1.0208,-0.168047,0.018106,0.9438,0.174941,-0.032145,0.902,-0.217017,0.095487,0.9902,0.237996,0.026382,0.9674,-0.238622,0.013094,0.9236,0.263965,-0.057449,0.9227,-0.243001,-0.066354,0.9274,0.24921,-0.125966,0.789,-0.130805,-0.146006,0.7931,0.117497,-0.1884,0.921,-0.038824,-0.125585,0.9468,0.005907,-0.130252,0.9785,-0.064247,-0.041369,0.9962,0.050928,-0.059012,1.0035,-0.095319,-0.036297,0.9661,0.095986,-0.065958,0.9669,-0.0684,-0.051758,0.9725,0.070971,-0.075937,0.9854,-0.06523,-0.026778,0.9611,0.075951,-0.052033,1.0029,-0.008458,-0.020015,0.9891,-0.007724,0.017012,0.9139,-0.04095,0.027063,0.9652,0.028679,0.021777,0.9742,-0.038634,-0.011292,1.0012,0.023149,-0.016856,0.9973,-0.067253,0.012639,0.9497,0.082234,-0.012569,0.9179,-0.004816,0.05291,1.0017,-0.045525,0.057528,0.9678,0.037599,0.04906,0.9694,2.7e-05,0.090186,0.9829,-0.070197,0.07064,0.8982,0.070024,0.057481,0.8986,0.002948,0.107169,1.003,-0.096259,0.082208,0.9673,0.108615,0.067098,0.9998,0.010834,0.197619,0.991,0.011289,0.209053,0.9455,-0.051242,0.120231,0.9812,0.066648,0.111677,0.9948,0.009107,0.186048,1.0165,0,0,0,0,0,0,0,0,0,0,0,0,0,0,0,0,0,0,0,0,0
DOGS/dog_32562247/dog_32562247_t0_000150.jpg,danek,golden retriever,neutral,-0.105846,-0.107518,0.9634,0.101353,-0.175572,0.968,-0.118241,-0.042137,0.8397,0.150465,-0.12588,0.9322,-0.106614,0.029067,0.8535,0.183816,-0.057214,0.9189,-0.136009,0.104497,0.926,0.260738,-0.011189,0.9474,-0.178759,0.024275,0.8611,0.290343,-0.09599,0.8759,-0.165298,-0.055142,0.836,0.271319,-0.179218,0.7411,-0.116538,-0.129805,0.9434,0.09813,-0.20988,0.8602,-0.04429,-0.121211,0.8615,-0.004301,-0.128314,0.915,-0.056191,-0.03212,1.0074,0.045655,-0.063665,0.9722,-0.085209,-0.02397,1.0005,0.089014,-0.077347,0.9731,-0.074254,-0.042692,0.9734,0.061902,-0.083191,0.9656,-0.069434,-0.015798,0.9543,0.070748,-0.061289,0.9426,-0.023602,-0.017174,0.952,-0.051029,0.022883,0.8406,-0.076263,0.033954,0.8614,-0.015171,0.023166,0.8979,-0.047637,-0.008031,0.8714,0.004664,-0.014334,0.9136,-0.072516,0.01364,0.9214,0.082752,-0.019744,0.9152,-0.052723,0.057619,0.9497,-0.079477,0.066698,0.8967,-0.00991,0.047812,0.9658,-0.037532,0.093863,0.9351,-0.079545,0.085554,0.8398,0.045991,0.056134,0.7063,-0.025806,0.114619,1.0245,-0.078381,0.102064,0.9165,0.140034,0.05963,0.9191,0.006615,0.211537,0.9913,0.007461,0.217751,0.9286,-0.048007,0.141157,0.9315,0.061429,0.11333,0.963,0.006155,0.217341,1.0004,0,0,0,0,0,0,0,0,0,0,0,0,0,0,0,0,0,0,0,0,0
DOGS/dog_34688823/dog_34688823_t0_000087.jpg,danek,Border collie,neutral,-0.151708,-0.140702,0.8077,0.075336,-0.137498,0.896,-0.189422,-0.090189,0.8879,0.117159,-0.109698,0.9389,-0.201523,-0.03552,0.6722,0.157448,-0.052883,0.8932,-0.259178,0.010624,0.6618,0.201179,0.029015,0.8698,-0.276124,-0.04278,0.6463,0.205936,-0.046505,0.8873,-0.259023,-0.12403,0.677,0.207462,-0.113725,0.8369,-0.191572,-0.154397,0.7994,0.097668,-0.161844,0.8846,-0.044425,-0.109547,0.8788,0.01195,-0.11548,0.8069,-0.072555,-0.035643,1.0138,0.063145,-0.045708,0.9835,-0.120891,-0.031499,0.9609,0.100643,-0.054543,0.9373,-0.100165,-0.052423,0.999,0.078885,-0.068407,1.027,-0.096148,-0.018247,0.9336,0.085734,-0.035983,1.0026,0.001706,-0.026457,1.0089,0.009258,0.006982,0.9616,-0.023629,0.018921,1.0092,0.044172,0.012032,0.9866,-0.02773,-0.016647,0.9926,0.032657,-0.022575,0.9823,-0.092048,0.024319,0.9477,0.091985,0.001351,1.0147,0.012868,0.043605,0.9886,-0.028866,0.049272,0.9709,0.053949,0.042,0.9597,0.012867,0.079141,1.0175,-0.059119,0.0713,0.8958,0.08127,0.059976,0.8829,0.01411,0.105641,0.9802,-0.071894,0.118482,0.8374,0.103027,0.094411,0.8345,0.025899,0.220763,1.0128,0.028235,0.238709,0.9403,-0.03579,0.143044,0.9537,0.070989,0.137847,0.9258,0.021624,0.18794,0.9691,0,0,0,0,0,0,0,0,0,0,0,0,0,0,0,0,0,0,0,0,0
DOGS/dog_34688823/dog_34688823_t0_000174.jpg,danek,Border collie,neutral,-0.094003,-0.144486,0.8228,0.026607,-0.126922,0.7835,-0.126871,-0.188094,0.9432,0.09444,-0.189347,0.6072,-0.16354,-0.222575,0.9784,0.14808,-0.178073,0.904,-0.223209,-0.229029,0.9593,0.197984,-0.12967,0.9811,-0.211769,-0.158844,0.9022,0.171846,-0.126925,0.8799,-0.197122,-0.092833,0.8585,0.146441,-0.117288,0.8483,-0.154091,-0.023701,0.7132,0.103316,-0.083259,0.5952,-0.048078,-0.068548,0.8563,-0.001042,-0.082054,0.7596,-0.059841,-0.000495,0.9596,0.041326,-0.025036,0.9785,-0.097385,0.003582,0.9369,0.073346,-0.040451,0.9393,-0.081476,-0.012678,0.9668,0.052413,-0.045924,0.9783,-0.077023,0.013625,0.9603,0.061542,-0.022245,0.977,0.001562,0.020902,0.9682,0.01348,0.062523,0.9938,-0.011046,0.07469,0.9684,0.041136,0.063026,0.9779,-0.021875,0.031974,0.9957,0.027815,0.020631,0.9434,-0.067336,0.052339,0.9277,0.070205,0.012595,0.9799,0.021042,0.091995,0.9887,-0.008849,0.100051,0.9945,0.049922,0.085917,0.9817,0.026686,0.117849,0.9864,-0.030273,0.108181,0.9307,0.072472,0.084084,0.9116,0.030009,0.132944,0.9673,-0.043835,0.125862,0.9269,0.092009,0.092586,0.9242,0.03703,0.167936,0.9774,0.040657,0.181776,0.9187,-0.00959,0.150749,0.9651,0.071296,0.130451,0.9611,0.033471,0.151071,1.0177,0,0,0,0,0,0,0,0,0,0,0,0,0,0,0,0,0,0,0,0,0
DOGS/dog_34688823/dog_34688823_t0_000261.jpg,danek,Border collie,relaxed,-0.098339,-0.139333,0.8557,0.017807,-0.125406,0.854,-0.129465,-0.19156,0.9619,0.074774,-0.179961,0.5244,-0.164892,-0.230138,0.9864,0.132799,-0.172999,0.9085,-0.223733,-0.251509,1.0226,0.185911,-0.116733,0.9574,-0.21622,-0.174996,0.9004,0.15735,-0.111853,0.9258,-0.198729,-0.099136,0.863,0.135756,-0.087559,0.8859,-0.170124,-0.02811,0.7366,0.104223,-0.052804,0.574,-0.048576,-0.067117,0.8436,-0.001829,-0.077812,0.7732,-0.063577,0.000597,0.997,0.037196,-0.018742,0.9622,-0.108354,0.005501,0.9832,0.067076,-0.030268,0.9914,-0.087751,-0.013339,0.9936,0.048329,-0.038229,0.995,-0.084116,0.016266,0.905,0.056171,-0.012864,0.9643,0.008077,0.018356,0.9617,0.029369,0.057466,0.9806,0.004611,0.06862,0.9986,0.054679,0.059751,0.9512,-0.013951,0.029375,0.9536,0.032338,0.019238,1.0252,-0.076022,0.054821,0.9191,0.06396,0.020608,0.9534,0.038784,0.087054,0.9693,0.007345,0.09345,0.9949,0.065848,0.083613,0.9744,0.042658,0.114898,1.0,-0.021392,0.104508,0.8648,0.079519,0.088617,0.8571,0.044368,0.13284,0.9763,-0.054871,0.138389,0.9737,0.091374,0.097447,0.8947,0.04604,0.152956,1.0186,0.047425,0.164314,0.9638,-0.009066,0.152963,0.9582,0.082268,0.136381,0.9423,0.045085,0.142443,1.0045,0,0,0,0,0,0,0,0,0,0,0,0,0,0,0,0,0,0,0,0,0
DOGS/dog_34829819/dog_34829819_t0_000000.jpg,masha,dingo,relaxed,-0.086659,-0.126328,0.9392,0.040908,-0.136334,0.9175,-0.117413,-0.161209,0.9939,0.068861,-0.171397,0.9647,-0.149068,-0.190011,0.9866,0.104662,-0.198003,1.0201,-0.194214,-0.216299,1.0067,0.150275,-0.223817,1.0208,-0.203737,-0.153786,0.972,0.157201,-0.165942,0.9873,-0.191062,-0.087356,0.9399,0.137061,-0.115073,1.0719,-0.136133,-0.027051,0.9497,0.096258,-0.058169,0.9924,-0.023167,-0.065095,0.7982,0.019447,-0.064964,0.8203,-0.043442,-0.012116,0.9758,0.048223,-0.012236,0.9792,-0.084098,-0.01945,1.0044,0.078516,-0.023555,0.9823,-0.060961,-0.028233,0.9746,0.060908,-0.027364,0.957,-0.065636,-0.005826,0.9531,0.066236,-0.008611,0.9878,0.009737,0.037968,0.9585,0.020267,0.094002,0.9515,-0.00786,0.099599,0.9804,0.047519,0.096434,0.9638,-0.017215,0.044586,0.9119,0.036413,0.042217,0.9411,-0.061496,0.025436,0.9701,0.063619,0.022534,0.9707,0.021213,0.121725,0.9677,-0.008027,0.122012,0.9522,0.050153,0.122646,0.9576,0.021061,0.144975,0.9333,-0.036579,0.118672,0.9062,0.060743,0.118664,0.9475,0.020854,0.150576,0.9888,-0.070127,0.11301,0.9743,0.066353,0.103281,0.8334,0.020632,0.154886,0.9981,0.020538,0.157499,0.9852,-0.029759,0.152351,0.9003,0.054216,0.150985,0.999,0.020831,0.152859,1.0058,0,0,0,0,0,0,0,0,0,0,0,0,0,0,0,0,0,0,0,0,0
DOGS/dog_34850881/dog_34850881_t0_000000.jpg,masha,Border collie,neutral,-0.06914,-0.168028,0.9138,0.011917,-0.179667,0.8671,-0.088599,-0.199935,0.9174,0.054835,-0.209817,0.7675,-0.110208,-0.22395,0.9412,0.099385,-0.193903,0.796,-0.151048,-0.229767,1.0042,0.14706,-0.164837,0.9849,-0.159946,-0.178992,0.8888,0.112478,-0.16426,0.7998,-0.15753,-0.127711,0.8129,0.091254,-0.15214,0.9176,-0.149161,-0.086338,0.6602,0.076713,-0.122458,0.7275,-0.035585,-0.082469,0.7241,0.001419,-0.091235,0.6638,-0.050529,-0.004519,0.9713,0.028574,-0.018024,0.973,-0.087459,-0.009915,1.0042,0.051021,-0.034133,0.9275,-0.068063,-0.02131,0.9805,0.036366,-0.036866,0.9617,-0.069877,0.006077,0.9536,0.043597,-0.015744,1.019,0.007605,0.045325,0.9602,0.02168,0.101164,0.9863,0.001158,0.110858,0.9372,0.04242,0.102493,0.9806,-0.012632,0.055689,0.9237,0.029083,0.04641,0.9397,-0.061796,0.043307,0.8617,0.048223,0.022,0.8911,0.025971,0.127921,0.9699,0.002878,0.132987,0.9721,0.046327,0.125167,0.9765,0.027316,0.147735,0.9987,-0.015923,0.129599,0.8737,0.056338,0.115531,0.9214,0.027257,0.154439,0.9757,-0.031502,0.135791,0.7916,0.064765,0.106925,0.9032,0.027488,0.160619,0.9752,0.027851,0.164532,0.955,-0.001615,0.158569,0.8724,0.051202,0.145435,0.9621,0.027348,0.157475,0.9724,0,0,0,0,0,0,0,0,0,0,0,0,0,0,0,0,0,0,0,0,0
DOGS/dog_34850881/dog_34850881_t0_000145.jpg,masha,Border collie,neutral,-0.055099,-0.168294,0.7755,0.024406,-0.176558,0.9434,-0.080731,-0.203546,0.8161,0.051607,-0.209661,0.9278,-0.110712,-0.235424,0.7984,0.088004,-0.216717,0.9179,-0.155644,-0.235387,0.9151,0.118582,-0.212068,1.0109,-0.154442,-0.185152,0.784,0.109102,-0.190662,0.7219,-0.154642,-0.131827,0.792,0.102456,-0.163877,0.6267,-0.134611,-0.086034,0.4705,0.095867,-0.123961,0.578,-0.033061,-0.081726,0.7098,0.006485,-0.089735,0.7221,-0.049433,-0.004926,0.9687,0.036244,-0.017039,0.9575,-0.080817,-0.0118,0.9825,0.062766,-0.031743,0.9265,-0.064046,-0.021599,0.9461,0.045642,-0.035328,0.9723,-0.066026,0.00465,0.9561,0.052987,-0.014884,0.9913,0.003561,0.041917,1.0305,0.010378,0.09604,1.0131,-0.01315,0.104523,0.9721,0.035032,0.098667,0.9632,-0.019008,0.050259,0.9358,0.027476,0.04441,0.9748,-0.058105,0.042015,0.8841,0.058572,0.020553,0.8476,0.014338,0.123681,0.9949,-0.011616,0.128457,1.0068,0.039637,0.121668,0.9756,0.016551,0.144334,0.9913,-0.028346,0.12314,0.8635,0.056499,0.11403,0.897,0.017216,0.151713,0.9691,-0.041891,0.123361,0.9351,0.071249,0.114658,0.923,0.017858,0.158717,0.9974,0.018268,0.162973,0.9641,-0.013575,0.151752,0.9376,0.049248,0.147888,0.9474,0.017508,0.155228,1.0024,0,0,0,0,0,0,0,0,0,0,0,0,0,0,0,0,0,0,0,0,0
DOGS/dog_34850881/dog_34850881_t0_000232.jpg,masha,Border collie,neutral,-0.056829,-0.155336,0.887,0.012439,-0.168827,0.7228,-0.088742,-0.192185,0.9193,0.0453,-0.204442,0.7757,-0.122584,-0.226151,0.9644,0.094441,-0.209442,0.9009,-0.178737,-0.23835,1.0046,0.141048,-0.200711,0.9349,-0.176841,-0.181352,0.9489,0.126873,-0.179851,0.637,-0.176582,-0.111323,0.8286,0.121824,-0.145317,0.4665,-0.155329,-0.030038,0.3148,0.115626,-0.111009,0.3057,-0.033924,-0.075375,0.6702,0.008918,-0.087429,0.6692,-0.053449,-0.004756,0.9546,0.041684,-0.02386,0.9558,-0.089663,-0.004307,0.9893,0.068294,-0.039966,0.969,-0.071661,-0.020226,0.9995,0.050234,-0.043558,0.96,-0.071807,0.008326,0.9169,0.058893,-0.022568,0.9818,0.008152,0.032238,0.9872,0.01875,0.081736,0.9725,-0.005544,0.092319,0.9712,0.044187,0.083766,0.9859,-0.014821,0.042464,0.9294,0.032439,0.033383,0.9817,-0.063201,0.045935,0.8872,0.066489,0.017461,0.8782,0.02573,0.112563,0.9851,-0.004408,0.1191,0.9635,0.052761,0.108155,0.9727,0.029098,0.136915,1.045,-0.026157,0.119252,0.8487,0.067951,0.102255,0.8684,0.030125,0.14576,1.0195,-0.043494,0.126677,0.9146,0.080751,0.098552,0.956,0.031122,0.154604,1.011,0.031764,0.160337,0.9729,-0.011025,0.155894,0.9008,0.065998,0.140248,0.9839,0.030673,0.150014,0.998,0,0,0,0,0,0,0,0,0,0,0,0,0,0,0,0,0,0,0,0,0
DOGS/dog_35199741/dog_35199741_t0_000000.jpg,danek,English foxhound,neutral,-0.106589,-0.076663,0.9265,0.112163,-0.112336,0.9853,-0.186962,-0.058486,0.9404,0.177704,-0.07998,0.8329,-0.231649,-0.008036,0.9806,0.222178,-0.009654,1.0253,-0.261482,0.06897,0.9594,0.280133,0.048888,0.9505,-0.213546,0.034726,0.9146,0.278027,-0.031039,0.8777,-0.175208,0.033652,0.8792,0.253556,-0.066506,0.6106,-0.141187,0.048434,0.9594,0.187452,-0.015761,0.9015,-0.037317,-0.085144,0.848,0.008837,-0.093539,0.9287,-0.077196,-0.036803,0.9933,0.062369,-0.062443,0.9768,-0.115843,-0.030497,0.9526,0.105833,-0.072938,1.0052,-0.098541,-0.050095,0.9881,0.081337,-0.083878,0.9787,-0.096991,-0.021533,0.99,0.088285,-0.05552,0.9929,-0.016857,-0.052808,0.9325,-0.019742,-0.029619,0.9448,-0.05371,-0.015506,0.9615,0.020416,-0.029727,1.0079,-0.044914,-0.042966,0.9927,0.012307,-0.053074,1.003,-0.098678,0.009456,0.8735,0.096147,-0.024814,0.9026,-0.015882,0.003858,0.9892,-0.061064,0.012511,0.9693,0.033759,-0.006469,0.9386,-0.006974,0.044292,0.9376,-0.079269,0.044381,0.832,0.072841,0.01532,0.7276,-0.000463,0.074178,0.9197,-0.097851,0.103702,0.9598,0.143957,0.05756,1.0074,0.032786,0.200489,0.8261,0.03476,0.208585,0.7937,-0.051875,0.114473,0.9788,0.075902,0.084695,0.9212,0.03141,0.196974,0.6874,0,0,0,0,0,0,0,0,0,0,0,0,0,0,0,0,0,0,0,0,0
DOGS/dog_35199741/dog_35199741_t0_000150.jpg,danek,American Staffordshire terrier,relaxed,-0.096055,-0.104046,1.012,0.088183,-0.142574,0.893,-0.164501,-0.105364,0.987,0.154661,-0.122797,0.7761,-0.218749,-0.05986,1.0096,0.214337,-0.050377,0.6999,-0.255682,0.016313,0.9556,0.283892,-0.007257,0.9765,-0.201773,-0.022587,0.8877,0.273352,-0.090178,0.7676,-0.164751,-0.010105,0.8929,0.226915,-0.10349,0.6938,-0.132492,0.006951,1.0408,0.180081,-0.052678,0.8818,-0.034351,-0.092674,0.8308,0.011629,-0.102356,0.8216,-0.070078,-0.034924,0.9939,0.059908,-0.058744,0.9652,-0.107444,-0.031987,0.9975,0.102904,-0.072871,1.0294,-0.090745,-0.050999,0.9661,0.076773,-0.082431,0.9517,-0.088534,-0.021012,0.9539,0.085322,-0.053209,0.992,-0.011067,-0.020756,0.9251,-0.014025,0.01512,0.9459,-0.04851,0.027825,0.9261,0.025773,0.014894,0.9689,-0.042261,-0.010411,0.9516,0.021658,-0.020641,0.9401,-0.083664,0.012168,0.8975,0.090531,-0.016445,0.9681,-0.010696,0.051935,0.9577,-0.052654,0.059174,0.9813,0.03615,0.042721,0.9815,-0.002485,0.089803,0.9507,-0.070268,0.075854,0.8605,0.073569,0.049281,0.8081,0.003294,0.111847,0.9571,-0.086267,0.095332,0.8797,0.137854,0.049894,1.0286,0.033845,0.216746,0.6459,0.035928,0.223969,0.6045,-0.04704,0.13496,0.9342,0.069212,0.108945,0.8727,0.039783,0.238842,0.8726,0,0,0,0,0,0,0,0,0,0,0,0,0,0,0,0,0,0,0,0,0
DOGS/dog_35199741/dog_35199741_t0_000300.jpg,danek,American Staffordshire terrier,neutral,-0.094653,-0.104037,0.9817,0.082048,-0.146209,0.8871,-0.159785,-0.106337,1.0042,0.149698,-0.127803,0.8125,-0.211361,-0.065052,0.9068,0.212518,-0.05879,0.7173,-0.244859,0.012309,0.9462,0.282163,-0.016474,0.9754,-0.195771,-0.027074,0.923,0.268108,-0.093891,0.7832,-0.160201,-0.014567,0.946,0.225532,-0.114553,0.7862,-0.1303,0.001835,1.0386,0.176797,-0.059208,0.8543,-0.03607,-0.095711,0.8326,0.009038,-0.104837,0.8135,-0.070958,-0.035411,1.0074,0.056508,-0.059033,0.9774,-0.106925,-0.033504,0.9497,0.099337,-0.074451,1.0167,-0.090868,-0.050996,0.9561,0.073306,-0.082656,0.975,-0.088945,-0.022297,0.9239,0.082014,-0.054389,0.9977,-0.013485,-0.017743,0.9298,-0.015969,0.020194,0.987,-0.04938,0.033475,0.9158,0.022868,0.019445,0.9735,-0.043519,-0.006829,0.9503,0.019093,-0.016965,0.9765,-0.083362,0.012058,0.9165,0.086787,-0.016218,0.9264,-0.012428,0.056564,0.9924,-0.052848,0.064593,0.9731,0.033358,0.047122,0.971,-0.003692,0.093852,0.9748,-0.069555,0.080641,0.9256,0.070637,0.051857,0.8222,0.002332,0.114221,0.9962,-0.085378,0.093112,0.87,0.13685,0.047777,0.9419,0.038419,0.243333,0.7442,0.040167,0.251685,0.7637,-0.046361,0.134164,1.0339,0.06869,0.108867,0.927,0.03825,0.243535,0.4802,0,0,0,0,0,0,0,0,0,0,0,0,0,0,0,0,0,0,0,0,0
DOGS/dog_35199741/dog_35199741_t0_000450.jpg,danek,American Staffordshire terrier,neutral,-0.095686,-0.100069,0.988,0.086371,-0.147579,0.9935,-0.157185,-0.102638,0.9695,0.151349,-0.129402,0.8627,-0.207273,-0.06162,0.9273,0.215806,-0.06442,0.6874,-0.236747,0.0137,0.9357,0.285065,-0.020611,0.9593,-0.190292,-0.027519,0.9359,0.272384,-0.100657,0.7116,-0.154508,-0.014477,0.8981,0.222864,-0.11695,0.6861,-0.126152,0.003544,0.9728,0.179735,-0.061636,0.8978,-0.035166,-0.094786,0.8721,0.009985,-0.104638,0.8492,-0.07028,-0.034495,1.0465,0.057066,-0.059361,1.0143,-0.105836,-0.03197,0.9952,0.099922,-0.075285,0.9596,-0.090189,-0.049716,0.9651,0.073654,-0.083337,0.9716,-0.087937,-0.021128,0.9495,0.082348,-0.055367,0.9711,-0.014702,-0.01585,0.9547,-0.019589,0.022018,0.9169,-0.052486,0.034839,0.8799,0.019925,0.020962,0.9244,-0.044453,-0.005329,0.981,0.017509,-0.01557,0.9266,-0.08214,0.012107,0.9647,0.086605,-0.017901,0.9235,-0.01641,0.058441,0.9628,-0.055965,0.066598,0.9842,0.029977,0.04836,1.0071,-0.006874,0.094963,0.9421,-0.07019,0.082614,0.8796,0.068661,0.052571,0.8019,0.000282,0.115613,0.9593,-0.081853,0.094065,0.8311,0.139779,0.044699,0.9935,0.037338,0.253647,0.7519,0.038365,0.264051,0.7806,-0.045406,0.134632,1.0228,0.067745,0.108487,0.8873,0.038287,0.242764,0.4634,0,0,0,0,0,0,0,0,0,0,0,0,0,0,0,0,0,0,0,0,0
DOGS/dog_35199741/dog_35199741_t0_000600.jpg,danek,American Staffordshire terrier,relaxed,-0.093489,-0.110351,0.9534,0.077219,-0.152142,0.9185,-0.151835,-0.118274,0.9797,0.142566,-0.137936,0.8468,-0.202688,-0.079614,0.9353,0.205977,-0.068999,0.6434,-0.237076,-0.000952,0.9888,0.275924,-0.03191,0.9734,-0.184419,-0.042314,0.9461,0.26751,-0.11406,0.8258,-0.153885,-0.025729,1.0093,0.219795,-0.133277,0.719,-0.12331,-0.009519,0.995,0.172749,-0.071365,0.8686,-0.035882,-0.095472,0.83,0.009323,-0.104518,0.7913,-0.068991,-0.034952,0.9947,0.055528,-0.057616,0.9875,-0.104306,-0.034938,1.0029,0.09645,-0.074233,1.027,-0.08876,-0.052328,0.9572,0.070737,-0.082178,0.9456,-0.086485,-0.021563,0.9443,0.080315,-0.05392,0.9749,-0.013788,-0.008758,0.9351,-0.01909,0.033454,0.9573,-0.051796,0.046489,0.9083,0.01984,0.032723,0.9689,-0.043176,0.001542,0.942,0.01832,-0.0077,0.9371,-0.079764,0.013171,0.9268,0.083623,-0.015274,0.9485,-0.015572,0.07053,0.9893,-0.053118,0.078119,0.984,0.029194,0.06086,0.9814,-0.005719,0.106367,0.9377,-0.063817,0.092043,0.8518,0.067255,0.06273,0.7642,0.000382,0.125285,1.0175,-0.074444,0.099274,0.7962,0.132224,0.043557,1.0149,0.036595,0.227636,0.7391,0.038541,0.236007,0.6168,-0.040158,0.139287,0.9405,0.066234,0.118901,0.8873,0.038483,0.230397,0.8608,0,0,0,0,0,0,0,0,0,0,0,0,0,0,0,0,0,0,0,0,0
DOGS/dog_35235643/dog_35235643_t0_000058.jpg,danek,Border collie,sad,-0.038861,-0.131974,0.9682,0.03238,-0.130033,0.9884,-0.060401,-0.176773,1.0399,0.04553,-0.17494,0.9672,-0.086023,-0.217333,1.0002,0.062086,-0.217764,0.9898,-0.133553,-0.242022,0.9627,0.090073,-0.256737,0.9738,-0.146416,-0.178632,0.9983,0.115077,-0.201757,0.9974,-0.150563,-0.114045,0.9413,0.121615,-0.144007,0.9182,-0.15117,-0.047405,0.8056,0.126218,-0.090076,0.7892,-0.030217,-0.052434,0.9584,0.012554,-0.057993,0.8713,-0.053255,0.012895,0.9201,0.041161,-0.000595,0.9866,-0.08718,0.013418,0.9613,0.070965,-0.008547,0.9308,-0.071011,0.000635,0.9654,0.053606,-0.016498,0.9625,-0.069783,0.024836,0.9785,0.058653,0.005606,0.938,0.002478,0.034796,0.9378,0.008922,0.080027,0.9922,-0.012607,0.087833,0.9634,0.031653,0.082433,0.9624,-0.019912,0.042612,1.0009,0.025969,0.038273,0.9739,-0.063761,0.055376,0.9957,0.06262,0.03648,0.9655,0.012447,0.107445,0.9775,-0.011503,0.111218,1.0066,0.036095,0.105796,1.0073,0.015104,0.130547,0.9823,-0.033566,0.108626,0.9656,0.05496,0.098775,0.9704,0.016303,0.139588,0.9811,-0.058352,0.102567,0.9143,0.076674,0.088688,0.9315,0.028085,0.223874,0.9846,0.029915,0.234917,0.9252,-0.025017,0.141262,0.9724,0.053465,0.132292,0.9733,0.028401,0.225114,0.9236,0,0,0,0,0,0,0,0,0,0,0,0,0,0,0,0,0,0,0,0,0
DOGS/dog_35235643/dog_35235643_t0_000145.jpg,danek,Border collie,sad,-0.041319,-0.125935,0.957,0.033904,-0.129985,0.9519,-0.066488,-0.171488,1.0581,0.05693,-0.176081,1.0002,-0.095709,-0.212332,0.9561,0.080395,-0.218348,0.9624,-0.146436,-0.236557,0.9842,0.117779,-0.252638,0.9788,-0.156321,-0.1693,0.9552,0.125383,-0.195503,0.9925,-0.155167,-0.099987,0.9429,0.130306,-0.13848,0.9479,-0.150532,-0.021527,0.7891,0.138248,-0.086035,0.8755,-0.031083,-0.056225,0.9362,0.01089,-0.062877,0.8662,-0.053894,0.01116,0.9605,0.041657,-0.003997,0.994,-0.089556,0.014554,0.937,0.074379,-0.013811,0.943,-0.073228,-0.001197,0.9596,0.054728,-0.022513,0.96,-0.071093,0.02549,0.9505,0.061033,0.002622,0.9767,-0.002393,0.030825,0.9813,0.00118,0.074648,0.9834,-0.021376,0.083665,0.9593,0.025271,0.075707,0.9693,-0.025515,0.039135,1.0127,0.022545,0.03393,1.0252,-0.065622,0.056165,0.9843,0.065014,0.033154,0.9746,0.004929,0.102195,0.9333,-0.020437,0.107189,0.9631,0.030629,0.099082,0.9765,0.008497,0.126056,0.9858,-0.04114,0.106607,1.0006,0.052757,0.090856,0.9731,0.010357,0.135457,0.9763,-0.063396,0.102315,0.9127,0.085973,0.076424,1.0328,0.027866,0.228124,0.9833,0.030177,0.239235,0.9721,-0.031017,0.138727,0.956,0.052784,0.125056,0.9693,0.028776,0.228713,0.9403,0,0,0,0,0,0,0,0,0,0,0,0,0,0,0,0,0,0,0,0,0
DOGS/dog_35235643/dog_35235643_t0_000232.jpg,danek,Border collie,neutral,-0.050285,-0.127766,0.9458,0.024191,-0.134635,0.9792,-0.071537,-0.175911,0.9954,0.050552,-0.181749,0.9218,-0.09952,-0.216208,0.9685,0.09228,-0.211792,0.9132,-0.150926,-0.238267,0.9663,0.156295,-0.21474,0.9924,-0.1608,-0.171951,0.9652,0.121217,-0.181,1.0032,-0.166652,-0.102162,0.9344,0.115124,-0.139962,0.9371,-0.163702,-0.028006,0.7633,0.118755,-0.092677,0.8196,-0.031523,-0.061669,0.8884,0.010094,-0.066953,0.8575,-0.055046,0.005604,0.9609,0.039758,-0.008424,1.0036,-0.092873,0.007219,0.9346,0.069512,-0.017132,0.9444,-0.075066,-0.008526,0.9409,0.051531,-0.026288,0.9666,-0.073319,0.020071,0.9344,0.057274,-0.00113,0.9953,0.001908,0.027518,0.9976,0.009274,0.071976,1.0012,-0.013888,0.080287,0.9212,0.032896,0.074441,0.98,-0.021209,0.035938,0.9794,0.025924,0.031005,1.0034,-0.067742,0.051284,1.0053,0.062039,0.031302,0.9534,0.013248,0.100527,0.9213,-0.013129,0.104535,0.9766,0.038088,0.098791,1.0056,0.016178,0.125244,0.9614,-0.036004,0.102861,1.0021,0.056911,0.092667,1.016,0.017277,0.135506,0.9988,-0.064889,0.0974,0.9109,0.077697,0.083783,0.9349,0.02813,0.232157,1.0109,0.030251,0.244347,0.9982,-0.026212,0.137419,0.9593,0.055593,0.127927,0.9781,0.02793,0.228316,0.9187,0,0,0,0,0,0,0,0,0,0,0,0,0,0,0,0,0,0,0,0,0
DOGS/dog_35235643/dog_35235643_t0_000348.jpg,danek,Border collie,neutral,-0.064085,-0.145998,0.8999,0.032302,-0.152743,0.8034,-0.093121,-0.191167,0.9874,0.063909,-0.175494,0.7789,-0.126302,-0.23183,0.9513,0.101895,-0.157774,0.9061,-0.183623,-0.251865,0.99,0.140824,-0.13577,0.9811,-0.187759,-0.173269,0.9723,0.143545,-0.131951,0.9623,-0.179648,-0.101393,0.887,0.128579,-0.150813,0.9166,-0.164931,-0.031716,0.8214,0.074702,-0.155293,0.2736,-0.039062,-0.067818,0.8286,0.0054,-0.077759,0.7823,-0.057234,0.003519,0.9254,0.040813,-0.020713,0.979,-0.095752,0.006861,0.9493,0.069845,-0.032778,0.9511,-0.078354,-0.00927,0.9676,0.051348,-0.039469,0.9972,-0.075105,0.019283,0.9386,0.059193,-0.015497,0.984,0.004662,0.022221,0.9275,0.015913,0.069077,0.9875,-0.007263,0.079922,0.9568,0.040384,0.068987,0.9664,-0.018843,0.03253,0.9666,0.029903,0.023548,0.9792,-0.064798,0.052475,0.997,0.066455,0.0175,1.0087,0.022211,0.097621,0.9732,-0.004101,0.104397,1.0175,0.047364,0.093393,0.9906,0.027241,0.122875,0.9974,-0.028318,0.106598,0.9461,0.066587,0.086426,0.9758,0.029983,0.133556,1.0053,-0.056121,0.104271,0.9254,0.086531,0.075632,0.9549,0.046738,0.203008,0.8406,0.049168,0.212597,0.8891,-0.016464,0.142473,0.9623,0.068533,0.122148,0.9809,0.057751,0.242606,1.0076,0,0,0,0,0,0,0,0,0,0,0,0,0,0,0,0,0,0,0,0,0
DOGS/dog_35290086/dog_35290086_t0_000087.jpg,masha,Border collie,neutral,-0.067168,-0.153508,0.8698,0.027714,-0.149041,0.7499,-0.083234,-0.193055,0.9288,0.05757,-0.186254,0.8574,-0.108977,-0.226235,0.9196,0.096139,-0.203379,0.9393,-0.158598,-0.246112,0.9916,0.148976,-0.200011,1.015,-0.169448,-0.177318,0.9315,0.112709,-0.175652,0.9047,-0.167559,-0.113418,0.8194,0.104738,-0.145317,0.8616,-0.152237,-0.047018,0.4386,0.104228,-0.105206,0.7606,-0.042934,-0.060413,0.8354,0.00088,-0.068073,0.8124,-0.057806,0.00303,0.9442,0.03557,-0.013087,0.9442,-0.090619,0.001378,0.9727,0.064533,-0.025913,0.9958,-0.076023,-0.013311,0.9633,0.045876,-0.032502,0.9967,-0.073535,0.016251,0.9468,0.054054,-0.008126,0.968,-0.000895,0.030988,1.0088,0.010786,0.077231,0.9809,-0.013152,0.086372,0.9874,0.03615,0.07868,0.9853,-0.024631,0.041052,0.9639,0.023939,0.032352,0.9796,-0.066547,0.05184,0.9462,0.058602,0.026197,0.9224,0.016841,0.106014,0.975,-0.009884,0.111272,1.0094,0.041584,0.102316,0.9805,0.021268,0.128583,0.9981,-0.03133,0.110003,0.919,0.058377,0.095751,0.9726,0.022967,0.138773,1.0031,-0.054388,0.107723,0.8756,0.07433,0.088724,0.961,0.031943,0.21331,1.0374,0.034197,0.227014,1.0071,-0.016858,0.1425,0.9664,0.056739,0.128592,0.933,0.029039,0.189946,0.9026,0,0,0,0,0,0,0,0,0,0,0,0,0,0,0,0,0,0,0,0,0
DOGS/dog_35290086/dog_35290086_t0_000174.jpg,masha,Border collie,neutral,-0.067168,-0.153508,0.8698,0.027714,-0.149041,0.7499,-0.083234,-0.193055,0.9288,0.05757,-0.186254,0.8574,-0.108977,-0.226235,0.9196,0.096139,-0.203379,0.9393,-0.158598,-0.246112,0.9916,0.148976,-0.200011,1.015,-0.169448,-0.177318,0.9315,0.112709,-0.175652,0.9047,-0.167559,-0.113418,0.8194,0.104738,-0.145317,0.8616,-0.152237,-0.047018,0.4386,0.104228,-0.105206,0.7606,-0.042934,-0.060413,0.8354,0.00088,-0.068073,0.8124,-0.057806,0.00303,0.9442,0.03557,-0.013087,0.9442,-0.090619,0.001378,0.9727,0.064533,-0.025913,0.9958,-0.076023,-0.013311,0.9633,0.045876,-0.032502,0.9967,-0.073535,0.016251,0.9468,0.054054,-0.008126,0.968,-0.000895,0.030988,1.0088,0.010786,0.077231,0.9809,-0.013152,0.086372,0.9874,0.03615,0.07868,0.9853,-0.024631,0.041052,0.9639,0.023939,0.032352,0.9796,-0.066547,0.05184,0.9462,0.058602,0.026197,0.9224,0.016841,0.106014,0.975,-0.009884,0.111272,1.0094,0.041584,0.102316,0.9805,0.021268,0.128583,0.9981,-0.03133,0.110003,0.919,0.058377,0.095751,0.9726,0.022967,0.138773,1.0031,-0.054388,0.107723,0.8756,0.07433,0.088724,0.961,0.031943,0.21331,1.0374,0.034197,0.227014,1.0071,-0.016858,0.1425,0.9664,0.056739,0.128592,0.933,0.029039,0.189946,0.9026,0,0,0,0,0,0,0,0,0,0,0,0,0,0,0,0,0,0,0,0,0
DOGS/dog_35290086/dog_35290086_t0_000261.jpg,masha,Border collie,neutral,-0.067168,-0.153508,0.8698,0.027714,-0.149041,0.7499,-0.083234,-0.193055,0.9288,0.05757,-0.186254,0.8574,-0.108977,-0.226235,0.9196,0.096139,-0.203379,0.9393,-0.158598,-0.246112,0.9916,0.148976,-0.200011,1.015,-0.169448,-0.177318,0.9315,0.112709,-0.175652,0.9047,-0.167559,-0.113418,0.8194,0.104738,-0.145317,0.8616,-0.152237,-0.047018,0.4386,0.104228,-0.105206,0.7606,-0.042934,-0.060413,0.8354,0.00088,-0.068073,0.8124,-0.057806,0.00303,0.9442,0.03557,-0.013087,0.9442,-0.090619,0.001378,0.9727,0.064533,-0.025913,0.9958,-0.076023,-0.013311,0.9633,0.045876,-0.032502,0.9967,-0.073535,0.016251,0.9468,0.054054,-0.008126,0.968,-0.000895,0.030988,1.0088,0.010786,0.077231,0.9809,-0.013152,0.086372,0.9874,0.03615,0.07868,0.9853,-0.024631,0.041052,0.9639,0.023939,0.032352,0.9796,-0.066547,0.05184,0.9462,0.058602,0.026197,0.9224,0.016841,0.106014,0.975,-0.009884,0.111272,1.0094,0.041584,0.102316,0.9805,0.021268,0.128583,0.9981,-0.03133,0.110003,0.919,0.058377,0.095751,0.9726,0.022967,0.138773,1.0031,-0.054388,0.107723,0.8756,0.07433,0.088724,0.961,0.031943,0.21331,1.0374,0.034197,0.227014,1.0071,-0.016858,0.1425,0.9664,0.056739,0.128592,0.933,0.029039,0.189946,0.9026,0,0,0,0,0,0,0,0,0,0,0,0,0,0,0,0,0,0,0,0,0
DOGS/dog_35290086/dog_35290086_t0_000348.jpg,masha,Border collie,neutral,-0.067168,-0.153508,0.8698,0.027714,-0.149041,0.7499,-0.083234,-0.193055,0.9288,0.05757,-0.186254,0.8574,-0.108977,-0.226235,0.9196,0.096139,-0.203379,0.9393,-0.158598,-0.246112,0.9916,0.148976,-0.200011,1.015,-0.169448,-0.177318,0.9315,0.112709,-0.175652,0.9047,-0.167559,-0.113418,0.8194,0.104738,-0.145317,0.8616,-0.152237,-0.047018,0.4386,0.104228,-0.105206,0.7606,-0.042934,-0.060413,0.8354,0.00088,-0.068073,0.8124,-0.057806,0.00303,0.9442,0.03557,-0.013087,0.9442,-0.090619,0.001378,0.9727,0.064533,-0.025913,0.9958,-0.076023,-0.013311,0.9633,0.045876,-0.032502,0.9967,-0.073535,0.016251,0.9468,0.054054,-0.008126,0.968,-0.000895,0.030988,1.0088,0.010786,0.077231,0.9809,-0.013152,0.086372,0.9874,0.03615,0.07868,0.9853,-0.024631,0.041052,0.9639,0.023939,0.032352,0.9796,-0.066547,0.05184,0.9462,0.058602,0.026197,0.9224,0.016841,0.106014,0.975,-0.009884,0.111272,1.0094,0.041584,0.102316,0.9805,0.021268,0.128583,0.9981,-0.03133,0.110003,0.919,0.058377,0.095751,0.9726,0.022967,0.138773,1.0031,-0.054388,0.107723,0.8756,0.07433,0.088724,0.961,0.031943,0.21331,1.0374,0.034197,0.227014,1.0071,-0.016858,0.1425,0.9664,0.056739,0.128592,0.933,0.029039,0.189946,0.9026,0,0,0,0,0,0,0,0,0,0,0,0,0,0,0,0,0,0,0,0,0
DOGS/dog_35290086/dog_35290086_t0_000435.jpg,masha,Border collie,neutral,-0.067168,-0.153508,0.8698,0.027714,-0.149041,0.7499,-0.083234,-0.193055,0.9288,0.05757,-0.186254,0.8574,-0.108977,-0.226235,0.9196,0.096139,-0.203379,0.9393,-0.158598,-0.246112,0.9916,0.148976,-0.200011,1.015,-0.169448,-0.177318,0.9315,0.112709,-0.175652,0.9047,-0.167559,-0.113418,0.8194,0.104738,-0.145317,0.8616,-0.152237,-0.047018,0.4386,0.104228,-0.105206,0.7606,-0.042934,-0.060413,0.8354,0.00088,-0.068073,0.8124,-0.057806,0.00303,0.9442,0.03557,-0.013087,0.9442,-0.090619,0.001378,0.9727,0.064533,-0.025913,0.9958,-0.076023,-0.013311,0.9633,0.045876,-0.032502,0.9967,-0.073535,0.016251,0.9468,0.054054,-0.008126,0.968,-0.000895,0.030988,1.0088,0.010786,0.077231,0.9809,-0.013152,0.086372,0.9874,0.03615,0.07868,0.9853,-0.024631,0.041052,0.9639,0.023939,0.032352,0.9796,-0.066547,0.05184,0.9462,0.058602,0.026197,0.9224,0.016841,0.106014,0.975,-0.009884,0.111272,1.0094,0.041584,0.102316,0.9805,0.021268,0.128583,0.9981,-0.03133,0.110003,0.919,0.058377,0.095751,0.9726,0.022967,0.138773,1.0031,-0.054388,0.107723,0.8756,0.07433,0.088724,0.961,0.031943,0.21331,1.0374,0.034197,0.227014,1.0071,-0.016858,0.1425,0.9664,0.056739,0.128592,0.933,0.029039,0.189946,0.9026,0,0,0,0,0,0,0,0,0,0,0,0,0,0,0,0,0,0,0,0,0
DOGS/dog_35290088/dog_35290088_t0_000058.jpg,masha,Bernese mountain dog,surprise,-0.0677,-0.11285,0.9716,0.044902,-0.117822,0.9945,-0.10466,-0.149672,0.9981,0.073539,-0.170117,0.9682,-0.135193,-0.172939,0.9995,0.102647,-0.200913,0.9875,-0.188401,-0.214676,0.9742,0.135512,-0.251459,1.0034,-0.182814,-0.138535,0.9526,0.156508,-0.172212,0.9903,-0.185932,-0.077008,0.8873,0.160674,-0.111031,0.8668,-0.161715,0.005731,0.8236,0.148617,-0.04054,0.8649,-0.024801,-0.066197,0.9096,0.014029,-0.069185,0.9159,-0.05006,0.002009,0.9978,0.054399,-0.004633,0.9684,-0.082158,0.000316,0.9668,0.082945,-0.010378,0.9455,-0.066964,-0.012618,0.9698,0.067195,-0.02274,0.9749,-0.066581,0.01351,0.9571,0.072045,0.005602,0.9615,0.001851,0.014312,0.9101,0.003894,0.059094,0.9291,-0.023086,0.069158,0.8659,0.033468,0.063385,0.8963,-0.022511,0.022229,0.9453,0.02762,0.019663,0.9405,-0.065565,0.048316,0.9389,0.076058,0.039215,0.9364,0.007651,0.098695,0.9077,-0.025076,0.101323,0.9401,0.040307,0.095409,0.9115,0.011826,0.133196,0.9579,-0.048352,0.104846,0.7555,0.063066,0.095125,0.8147,0.013074,0.147231,0.9183,-0.058358,0.123112,0.7083,0.077428,0.109506,0.7804,0.019071,0.205836,0.9999,0.021372,0.220629,0.9276,-0.02425,0.150305,0.8804,0.050635,0.143814,0.9183,0.016875,0.187458,0.9479,1,0,0,0,0,0,1,0,1,1,1,0,0,0,0,0,0,0,0,0,0
DOGS/dog_35290088/dog_35290088_t0_000145.jpg,masha,Bernese mountain dog,surprise,-0.0677,-0.11285,0.9716,0.044902,-0.117822,0.9945,-0.10466,-0.149672,0.9981,0.073539,-0.170117,0.9682,-0.135193,-0.172939,0.9995,0.102647,-0.200913,0.9875,-0.188401,-0.214676,0.9742,0.135512,-0.251459,1.0034,-0.182814,-0.138535,0.9526,0.156508,-0.172212,0.9903,-0.185932,-0.077008,0.8873,0.160674,-0.111031,0.8668,-0.161715,0.005731,0.8236,0.148617,-0.04054,0.8649,-0.024801,-0.066197,0.9096,0.014029,-0.069185,0.9159,-0.05006,0.002009,0.9978,0.054399,-0.004633,0.9684,-0.082158,0.000316,0.9668,0.082945,-0.010378,0.9455,-0.066964,-0.012618,0.9698,0.067195,-0.02274,0.9749,-0.066581,0.01351,0.9571,0.072045,0.005602,0.9615,0.001851,0.014312,0.9101,0.003894,0.059094,0.9291,-0.023086,0.069158,0.8659,0.033468,0.063385,0.8963,-0.022511,0.022229,0.9453,0.02762,0.019663,0.9405,-0.065565,0.048316,0.9389,0.076058,0.039215,0.9364,0.007651,0.098695,0.9077,-0.025076,0.101323,0.9401,0.040307,0.095409,0.9115,0.011826,0.133196,0.9579,-0.048352,0.104846,0.7555,0.063066,0.095125,0.8147,0.013074,0.147231,0.9183,-0.058358,0.123112,0.7083,0.077428,0.109506,0.7804,0.019071,0.205836,0.9999,0.021372,0.220629,0.9276,-0.02425,0.150305,0.8804,0.050635,0.143814,0.9183,0.016875,0.187458,0.9479,1,0,0,0,0,0,1,0,1,1,1,0,0,0,0,0,0,0,0,0,0
DOGS/dog_35290089/dog_35290089_t0_000087.jpg,masha,Border collie,relaxed,-0.092197,-0.14531,0.8334,0.05396,-0.146878,0.7383,-0.124748,-0.167054,0.9152,0.092421,-0.170196,0.9477,-0.161184,-0.185361,0.969,0.123666,-0.197516,0.9733,-0.196969,-0.213177,0.8105,0.158282,-0.239251,1.0014,-0.192404,-0.144132,0.9199,0.144062,-0.1756,0.8883,-0.183968,-0.101875,0.8821,0.130605,-0.127374,0.9018,-0.16343,-0.053735,0.8414,0.111572,-0.075818,0.4358,-0.019819,-0.071253,0.8619,0.01932,-0.071283,0.8237,-0.041034,-0.004508,1.0047,0.048368,-0.007359,0.9714,-0.078663,-0.015812,0.9807,0.075788,-0.016656,0.9764,-0.057235,-0.023675,0.9862,0.060894,-0.026146,0.9922,-0.061638,0.001764,0.9423,0.063948,0.000347,0.9523,0.010437,0.03331,0.9754,0.019139,0.07647,0.9878,-0.007539,0.079551,0.9736,0.044762,0.083255,0.9514,-0.014134,0.037575,0.9829,0.033903,0.038346,1.0031,-0.060647,0.033116,0.9432,0.06227,0.03166,0.9774,0.02134,0.10344,0.9465,-0.008281,0.103355,1.0071,0.048421,0.10548,0.9975,0.020293,0.12468,0.9875,-0.033233,0.096215,0.8805,0.060835,0.101701,0.988,0.019438,0.133046,0.961,-0.070702,0.089228,0.7705,0.070548,0.091577,0.8949,0.010577,0.205939,0.9835,0.010276,0.216458,0.932,-0.02965,0.124289,0.9409,0.05102,0.130529,0.9165,0.010469,0.192629,0.899,0,0,0,0,0,1,1,1,1,1,1,1,0,0,0,0,0,0,0,0,0
DOGS/dog_35290089/dog_35290089_t0_000174.jpg,masha,Border collie,relaxed,-0.067735,-0.122678,1.0581,0.040582,-0.130987,0.9731,-0.117452,-0.175879,0.8028,0.084252,-0.17441,0.9683,-0.197829,-0.201752,0.7005,0.13086,-0.206075,0.9936,-0.248164,-0.188992,0.7649,0.174784,-0.238418,0.9945,-0.217544,-0.134308,0.8246,0.182046,-0.165428,0.997,-0.208567,-0.075327,0.8671,0.171927,-0.096242,0.83,-0.170758,-0.016473,0.856,0.141474,-0.003169,0.7352,-0.021561,-0.069637,0.9686,0.018393,-0.069442,0.9233,-0.051504,0.000621,0.9644,0.051512,-0.002055,0.9924,-0.08988,-0.006835,0.9725,0.086315,-0.008956,0.9698,-0.070161,-0.018636,0.9751,0.068628,-0.023365,0.9889,-0.072047,0.011283,0.9712,0.071153,0.009575,0.9875,0.004628,0.016798,0.9709,0.009864,0.046217,0.9694,-0.018663,0.053019,0.9607,0.037603,0.051417,0.9521,-0.019754,0.023246,0.9964,0.029272,0.020216,1.0156,-0.070221,0.044968,0.9957,0.071849,0.041644,0.9805,0.012189,0.075631,0.9352,-0.021272,0.077059,1.0016,0.044332,0.076137,0.962,0.012566,0.105799,1.0237,-0.044309,0.088004,0.8915,0.062079,0.087263,0.9377,0.012216,0.124001,0.9876,-0.07424,0.105573,0.9552,0.079387,0.09884,0.8671,0.009788,0.195365,0.8355,0.009065,0.200761,0.7784,-0.038003,0.136119,1.0622,0.054599,0.135412,0.9588,0.00944,0.205877,1.0619,0,0,0,0,0,0,0,0,0,0,0,0,0,0,0,0,0,0,0,0,0
DOGS/dog_35290089/dog_35290089_t0_000261.jpg,masha,Border collie,relaxed,-0.092197,-0.14531,0.8334,0.05396,-0.146878,0.7383,-0.124748,-0.167054,0.9152,0.092421,-0.170196,0.9477,-0.161184,-0.185361,0.969,0.123666,-0.197516,0.9733,-0.196969,-0.213177,0.8105,0.158282,-0.239251,1.0014,-0.192404,-0.144132,0.9199,0.144062,-0.1756,0.8883,-0.183968,-0.101875,0.8821,0.130605,-0.127374,0.9018,-0.16343,-0.053735,0.8414,0.111572,-0.075818,0.4358,-0.019819,-0.071253,0.8619,0.01932,-0.071283,0.8237,-0.041034,-0.004508,1.0047,0.048368,-0.007359,0.9714,-0.078663,-0.015812,0.9807,0.075788,-0.016656,0.9764,-0.057235,-0.023675,0.9862,0.060894,-0.026146,0.9922,-0.061638,0.001764,0.9423,0.063948,0.000347,0.9523,0.010437,0.03331,0.9754,0.019139,0.07647,0.9878,-0.007539,0.079551,0.9736,0.044762,0.083255,0.9514,-0.014134,0.037575,0.9829,0.033903,0.038346,1.0031,-0.060647,0.033116,0.9432,0.06227,0.03166,0.9774,0.02134,0.10344,0.9465,-0.008281,0.103355,1.0071,0.048421,0.10548,0.9975,0.020293,0.12468,0.9875,-0.033233,0.096215,0.8805,0.060835,0.101701,0.988,0.019438,0.133046,0.961,-0.070702,0.089228,0.7705,0.070548,0.091577,0.8949,0.010577,0.205939,0.9835,0.010276,0.216458,0.932,-0.02965,0.124289,0.9409,0.05102,0.130529,0.9165,0.010469,0.192629,0.899,0,0,0,0,0,1,1,1,1,1,1,1,0,0,0,0,0,0,0,0,0
DOGS/dog_35290089/dog_35290089_t0_000435.jpg,masha,Border collie,surprise,-0.113011,-0.157674,0.9245,0.05185,-0.181758,0.7697,-0.15016,-0.175223,0.9074,0.091408,-0.185294,0.5119,-0.188087,-0.185195,0.94,0.123484,-0.1527,0.4674,-0.227037,-0.199544,0.9104,0.162002,-0.141793,0.7247,-0.217373,-0.144486,0.9262,0.15831,-0.129716,0.6683,-0.205351,-0.116957,0.9356,0.145999,-0.119007,0.8079,-0.16193,-0.086383,0.8267,0.118357,-0.108799,0.695,-0.032116,-0.090151,0.895,0.008621,-0.094381,0.8725,-0.045569,-0.013169,0.9779,0.047743,-0.027487,0.9167,-0.084633,-0.023407,0.9463,0.0787,-0.042549,0.975,-0.064728,-0.03508,0.9812,0.059508,-0.051666,0.9572,-0.065751,-0.002814,0.9872,0.067834,-0.020553,0.9937,0.015342,0.023048,0.9636,0.030374,0.068191,0.9813,0.002059,0.073993,0.9366,0.059452,0.074681,1.016,-0.01042,0.028702,0.974,0.041695,0.026574,0.9762,-0.058723,0.0282,0.9424,0.071083,0.014435,0.9805,0.037043,0.096148,0.9591,0.004909,0.099037,0.996,0.066782,0.096889,0.9512,0.039573,0.119759,0.9763,-0.021342,0.095703,0.9305,0.079111,0.093242,0.971,0.040033,0.12945,1.0091,-0.053827,0.095935,0.9019,0.088186,0.080761,0.9331,0.042717,0.193165,1.0101,0.043433,0.201707,0.9897,-0.010813,0.127422,0.9024,0.074119,0.125952,0.9467,0.041434,0.185805,0.9923,1,0,0,0,0,0,0,0,0,0,0,0,0,0,0,0,0,0,0,0,1
DOGS/dog_35290091/dog_35290091_t0_000058.jpg,masha,Border collie,fearful,-0.091045,-0.105652,0.9391,0.021818,-0.104724,0.9553,-0.127565,-0.16578,0.9772,0.065375,-0.142654,0.9634,-0.175053,-0.203926,0.9439,0.116558,-0.163828,0.9501,-0.250227,-0.233693,0.997,0.179722,-0.181648,0.9966,-0.234417,-0.145821,0.9846,0.142619,-0.123502,1.0098,-0.232975,-0.077054,0.9288,0.135876,-0.057207,0.8378,-0.211798,-0.004161,0.7192,0.114842,0.024891,0.6989,-0.031335,-0.06533,0.9502,0.008356,-0.067204,0.8895,-0.054622,-0.00503,1.0098,0.048374,0.002956,0.9805,-0.090846,-0.008998,0.9215,0.075551,0.00345,0.9003,-0.073363,-0.021323,0.9889,0.061463,-0.009291,0.9299,-0.072362,0.004249,0.9779,0.064407,0.015066,0.9659,0.014563,0.003884,0.9212,0.041461,0.034813,0.973,0.011415,0.041704,0.9467,0.06813,0.041878,0.9717,-0.009936,0.011675,0.9705,0.039373,0.008637,0.9101,-0.070024,0.036591,0.9293,0.071925,0.038779,0.9634,0.046982,0.066699,0.9981,0.01114,0.065976,0.9439,0.075838,0.069345,0.9717,0.042722,0.097137,0.9691,-0.025184,0.075236,0.8181,0.085686,0.085704,0.904,0.037779,0.115,1.0419,-0.077001,0.105396,0.8364,0.089241,0.104673,0.9177,0.031826,0.201436,1.012,0.032431,0.2114,0.9037,-0.023789,0.122318,0.9076,0.068109,0.134218,0.8827,0.032494,0.194345,1.0728,0,0,0,0,0,0,0,0,0,0,0,0,0,0,0,0,0,0,0,0,0
DOGS/dog_35390209/dog_35390209_t0_000069.jpg,danek,Walker hound,neutral,-0.110652,-0.122823,0.99,0.102873,-0.204469,0.9303,-0.131402,-0.078252,0.9021,0.149762,-0.168617,0.9279,-0.13199,-0.028348,0.7884,0.17273,-0.115083,0.9528,-0.130791,0.039603,1.0003,0.225587,-0.056111,0.9678,-0.11582,0.003606,0.8963,0.244402,-0.130451,0.9221,-0.108774,-0.014028,0.5924,0.206959,-0.179189,0.7513,-0.106151,-0.038261,0.3909,0.122994,-0.197953,0.7871,-0.038654,-0.136359,0.6806,0.004983,-0.144229,0.7564,-0.05454,-0.064,0.9832,0.034866,-0.076245,0.9279,-0.090735,-0.064675,0.9801,0.08109,-0.100014,0.9587,-0.074728,-0.081789,0.9809,0.051231,-0.108301,0.9334,-0.07162,-0.049102,0.9229,0.063268,-0.072374,0.9549,-0.023502,0.021604,0.8631,-0.041844,0.084326,0.9211,-0.064471,0.093767,0.9591,-0.009865,0.083323,0.8501,-0.047905,0.030381,0.846,0.005255,0.025088,0.8046,-0.061631,-0.008895,0.8908,0.067767,-0.028644,0.8746,-0.03919,0.116278,0.9274,-0.062728,0.120679,0.9903,-0.006888,0.109967,0.9042,-0.028023,0.144082,0.9271,-0.06371,0.130812,0.8437,0.04195,0.103224,0.652,-0.022964,0.15301,0.9569,-0.065829,0.118935,0.5779,0.106512,0.080695,0.9392,-0.020317,0.157933,0.9556,-0.018706,0.161124,0.9046,-0.043898,0.166676,0.8599,0.045417,0.147683,0.8036,-0.021599,0.155695,0.9586,0,0,0,0,0,0,0,0,0,0,0,0,0,0,0,0,0,0,0,0,0
DOGS/dog_35390209/dog_35390209_t1_000276.jpg,danek,Saint Bernard,relaxed,-0.12041,-0.147825,0.9714,0.086178,-0.200667,0.9753,-0.141949,-0.091755,0.8701,0.133279,-0.155974,0.9935,-0.138807,-0.034384,0.7127,0.158945,-0.093478,0.9779,-0.140984,0.03753,0.9986,0.207615,-0.042664,0.9556,-0.130041,-0.015018,0.7321,0.241387,-0.116494,0.9828,-0.122607,-0.040832,0.7309,0.236866,-0.19623,0.9033,-0.113051,-0.071812,0.7237,0.096196,-0.233314,0.8682,-0.039052,-0.12918,0.7853,0.008893,-0.137029,0.7445,-0.057386,-0.056976,0.9501,0.038394,-0.066722,0.99,-0.097542,-0.059346,0.9652,0.085941,-0.09116,0.986,-0.07863,-0.075346,0.9449,0.056484,-0.096213,0.9578,-0.077659,-0.043178,0.9768,0.067207,-0.065053,0.9785,-0.019639,0.018346,0.9575,-0.029736,0.081547,0.927,-0.056366,0.091208,0.9473,0.003858,0.081157,0.9564,-0.047737,0.027464,0.9582,0.011265,0.021106,0.9401,-0.069159,-0.005019,0.9632,0.071501,-0.021046,0.9017,-0.028518,0.114196,0.9655,-0.056131,0.118983,0.995,0.008358,0.109063,0.949,-0.021004,0.142651,0.9952,-0.06252,0.125058,0.91,0.050726,0.103393,0.7462,-0.018091,0.149719,0.9741,-0.069681,0.110124,0.892,0.102206,0.081888,0.9537,-0.016306,0.154173,0.9925,-0.015334,0.156884,0.9904,-0.047382,0.16571,0.98,0.055214,0.149684,0.8729,-0.017178,0.152164,1.0004,0,0,0,0,0,0,0,0,0,0,0,0,0,0,0,0,0,0,0,0,0
DOGS/dog_35390210/dog_35390210_t0_000138.jpg,masha,bluetick,happy,-0.12261,-0.153023,0.9494,0.092081,-0.20061,1.0035,-0.135616,-0.093856,0.8352,0.137272,-0.149025,0.9318,-0.131515,-0.034474,0.6503,0.159835,-0.082009,0.971,-0.126413,0.043539,0.9966,0.201566,-0.019299,1.0109,-0.116608,-0.009947,0.9048,0.238934,-0.104145,0.9312,-0.11396,-0.038674,0.7558,0.21995,-0.194732,0.7123,-0.117198,-0.096944,0.8196,0.110846,-0.239646,0.7663,-0.047328,-0.142571,0.789,0.0003,-0.151042,0.7633,-0.062954,-0.06667,0.989,0.031724,-0.082326,0.9807,-0.097915,-0.068095,0.9813,0.075429,-0.107001,0.9854,-0.082523,-0.084801,0.9882,0.047118,-0.114395,0.9828,-0.079486,-0.052275,0.9923,0.058553,-0.079574,0.9821,-0.016801,0.017975,0.9296,-0.022381,0.089768,0.9504,-0.050817,0.099286,0.9895,0.012369,0.090239,0.9216,-0.043457,0.026719,0.9611,0.013445,0.022764,0.9067,-0.066173,-0.012166,0.9772,0.063655,-0.033886,0.8376,-0.017911,0.127622,0.9559,-0.048832,0.133261,0.9724,0.017949,0.123923,0.9611,-0.011153,0.148559,0.9959,-0.062232,0.123875,0.8541,0.054698,0.102194,0.7947,-0.009154,0.152763,1.0009,-0.070104,0.105607,0.7865,0.100684,0.073917,0.9036,-0.005839,0.164727,0.9823,-0.004852,0.16854,0.9374,-0.044987,0.158121,0.8814,0.05259,0.146911,0.8989,-0.007012,0.161544,1.0083,0,0,0,0,0,0,0,0,1,1,0,1,0,0,0,1,0,0,0,0,0
DOGS/dog_35605514/dog_35605514_t0_000138.jpg,danek,Labrador retriever,neutral,-0.13087,-0.163321,0.8519,0.082945,-0.206717,0.9341,-0.150451,-0.099804,0.8427,0.136651,-0.152104,0.9261,-0.138597,-0.031833,0.8649,0.149019,-0.078649,0.9202,-0.133046,0.056241,0.9778,0.169846,0.001027,1.0126,-0.173714,-0.023446,0.9362,0.208352,-0.086781,0.9436,-0.179697,-0.102558,0.8646,0.225247,-0.165544,0.9399,-0.139296,-0.178322,0.867,0.100943,-0.232646,0.683,-0.047723,-0.121437,0.6749,0.008772,-0.129517,0.7156,-0.062595,-0.050286,1.0061,0.046374,-0.071082,1.0027,-0.100016,-0.055718,0.9936,0.087647,-0.086362,0.9367,-0.081732,-0.069543,0.9874,0.062706,-0.091864,0.9711,-0.081879,-0.040262,0.9427,0.070234,-0.068674,0.976,-0.006092,0.015695,0.9295,-0.007601,0.078268,0.9743,-0.044762,0.089095,0.9912,0.033985,0.076573,0.9462,-0.040016,0.026609,0.9297,0.028113,0.015852,0.9149,-0.071819,-0.004115,0.9186,0.074724,-0.029517,0.9298,-0.003296,0.114226,0.9304,-0.044606,0.122193,1.0078,0.039976,0.106822,0.9805,0.003148,0.140435,0.9599,-0.058173,0.12028,0.8684,0.06932,0.09792,0.8025,0.005551,0.150662,0.9834,-0.068189,0.105599,0.8148,0.095784,0.092495,0.7365,0.006985,0.157637,0.9754,0.00766,0.16217,0.975,-0.03843,0.156982,0.9374,0.059949,0.144153,0.8955,0.006264,0.15418,1.013,0,0,0,0,0,0,0,0,0,0,0,0,0,0,0,0,0,0,0,0,0
DOGS/dog_35605514/dog_35605514_t0_000207.jpg,danek,Saint Bernard,neutral,-0.126933,-0.162648,0.9188,0.089878,-0.193696,0.9367,-0.155829,-0.09166,0.9416,0.137754,-0.136635,0.9298,-0.147196,-0.024281,0.9183,0.150422,-0.069891,1.0297,-0.146407,0.052371,1.0205,0.182347,0.009126,1.0091,-0.186812,-0.016773,0.9295,0.204129,-0.075598,0.9471,-0.206673,-0.086976,0.9904,0.219666,-0.140991,0.9848,-0.141037,-0.176903,0.8145,0.098255,-0.2146,0.8718,-0.044552,-0.124808,0.6997,0.010918,-0.130049,0.669,-0.062698,-0.052799,0.9868,0.045073,-0.067357,0.983,-0.102774,-0.059393,0.9717,0.088143,-0.079615,0.9755,-0.082603,-0.073284,0.9921,0.062134,-0.089852,0.9653,-0.083386,-0.043222,0.9624,0.069642,-0.06072,0.9819,-0.005863,0.00976,0.9208,-0.002304,0.072012,0.9548,-0.040345,0.082019,0.9338,0.038279,0.070333,0.982,-0.040246,0.019844,0.9011,0.027868,0.00991,0.9385,-0.077608,-0.005192,0.9379,0.073024,-0.022477,0.9449,0.002172,0.10895,0.9453,-0.039539,0.114472,0.9757,0.046706,0.102008,0.9739,0.006974,0.138914,0.9561,-0.062285,0.113509,0.8342,0.071448,0.093117,0.8114,0.00902,0.151578,1.003,-0.078605,0.110974,0.8854,0.094604,0.089916,0.9316,0.010563,0.160315,0.9918,0.011627,0.165966,0.9542,-0.040763,0.155522,0.8232,0.061897,0.14188,0.9461,0.009793,0.155944,0.9787,0,0,0,0,0,0,0,0,0,0,0,0,0,0,0,0,0,0,0,0,0
DOGS/dog_35605514/dog_35605514_t0_000276.jpg,danek,Saint Bernard,relaxed,-0.136701,-0.159163,0.9927,0.104552,-0.18978,0.8581,-0.171946,-0.08999,0.8894,0.146739,-0.119116,0.9071,-0.166827,-0.016719,0.9724,0.14982,-0.043374,0.9148,-0.166399,0.08156,0.9888,0.158658,0.049251,0.971,-0.221337,0.004154,0.9775,0.19922,-0.036332,0.962,-0.223567,-0.085073,0.8738,0.223864,-0.107315,0.9021,-0.148781,-0.175982,0.8367,0.120062,-0.206744,0.7862,-0.047408,-0.133616,0.7102,0.012768,-0.136037,0.777,-0.06874,-0.063216,1.0129,0.048309,-0.068477,0.9804,-0.115078,-0.065972,0.9831,0.094908,-0.074357,0.9623,-0.092339,-0.083655,0.9673,0.069387,-0.089878,0.9639,-0.093103,-0.051288,0.9573,0.074688,-0.057328,0.9897,-7.4e-05,-0.007553,0.9225,0.014237,0.047729,0.9767,-0.026071,0.05695,0.9534,0.053243,0.050259,0.9733,-0.034078,-0.000401,0.9551,0.036036,-0.003558,0.952,-0.088716,-0.010846,0.9033,0.078284,-0.017119,0.9535,0.022018,0.086776,1.0019,-0.026436,0.089815,0.9853,0.06378,0.083314,0.9453,0.022527,0.126196,0.9748,-0.063635,0.09364,0.8425,0.086197,0.086984,0.835,0.021667,0.14384,0.9939,-0.096092,0.097855,0.9475,0.104973,0.088488,0.9029,0.02164,0.154015,1.0133,0.021763,0.160577,0.9715,-0.045643,0.147393,0.9069,0.07586,0.145571,0.9666,0.021597,0.148962,0.9805,0,0,0,0,0,0,0,0,0,0,0,0,0,0,0,0,0,0,0,0,0
DOGS/dog_35605516/dog_35605516_t0_000207.jpg,danek,Tibetan mastiff,neutral,-0.129454,-0.172948,0.912,0.092873,-0.174169,0.9127,-0.183508,-0.143558,0.8732,0.113069,-0.132085,0.7462,-0.22027,-0.098488,0.8302,0.115464,-0.06949,0.8424,-0.263358,-0.029561,0.9635,0.109362,-0.012243,0.9622,-0.25966,-0.118788,1.0135,0.117633,-0.063306,0.6605,-0.217279,-0.186209,0.388,0.123141,-0.128136,0.6016,-0.19886,-0.090153,0.8409,0.099712,-0.173426,0.427,-0.0161,-0.137179,0.5108,0.036351,-0.121548,0.3964,-0.031645,-0.069843,0.7883,0.053809,-0.057907,0.8972,-0.060462,-0.081272,0.7259,0.077547,-0.061408,0.8876,-0.04497,-0.083516,0.7908,0.065897,-0.066764,0.9165,-0.047853,-0.068102,0.7241,0.066526,-0.051918,0.9165,0.026579,0.020624,0.9093,0.04142,0.091342,0.9405,0.011379,0.093613,0.9186,0.064911,0.094299,0.968,-6e-06,0.026343,0.8268,0.050076,0.024219,0.9314,-0.051818,-0.038794,0.6689,0.061153,-0.019313,0.9042,0.041455,0.118016,1.0042,0.008127,0.118418,0.8878,0.06599,0.11832,0.9945,0.037259,0.133023,0.9338,-0.020672,0.103739,0.6688,0.07322,0.100181,0.6943,0.036111,0.136086,0.9473,-0.090327,0.062106,0.637,0.072233,0.070611,0.8093,0.034645,0.149578,0.918,0.034159,0.155554,0.9046,-0.016927,0.132747,0.8904,0.064589,0.126644,0.8062,0.035172,0.142158,0.9439,0,0,0,0,0,0,0,0,0,0,0,0,0,0,0,0,0,0,0,0,0
DOGS/dog_37130597/dog_37130597_t0_000069.jpg,masha,American Staffordshire terrier,relaxed,-0.095071,-0.110922,1.0154,0.075584,-0.144502,1.0288,-0.13572,-0.148705,0.9876,0.097138,-0.192377,0.9459,-0.191479,-0.155705,0.9857,0.140167,-0.201774,0.6984,-0.247624,-0.092274,0.9519,0.18616,-0.180087,0.6154,-0.205258,-0.080424,0.9258,0.203752,-0.141792,0.8421,-0.177598,-0.036364,1.0123,0.19093,-0.09706,0.8824,-0.132026,0.000658,0.9606,0.163211,-0.046131,0.9591,-0.019328,-0.082495,0.8631,0.026577,-0.087398,0.8489,-0.058286,-0.015885,0.9595,0.070258,-0.028128,0.9648,-0.094748,-0.017075,0.9526,0.106001,-0.039026,1.0026,-0.077115,-0.031708,0.9757,0.084486,-0.04913,0.9602,-0.076579,-0.004987,1.0013,0.090748,-0.023022,0.9645,0.00475,0.002706,0.981,0.002423,0.038277,0.9393,-0.030931,0.048492,0.96,0.03881,0.042896,0.9239,-0.024529,0.009745,0.9436,0.035103,0.006111,0.9737,-0.071518,0.030434,0.9272,0.094086,0.014439,0.9295,0.003976,0.076046,0.9673,-0.038794,0.082433,1.0165,0.047123,0.072841,0.9638,0.008559,0.119918,0.9854,-0.067252,0.107655,0.7902,0.082871,0.092361,0.8947,0.01237,0.147935,0.9285,-0.101422,0.137341,0.5403,0.124625,0.118617,0.807,0.013705,0.157881,0.9374,0.014874,0.164873,0.9297,-0.046042,0.202194,0.9024,0.089378,0.16929,0.9287,0.012958,0.15332,0.9673,0,0,0,0,0,0,0,0,0,0,0,0,0,0,0,0,0,0,0,0,0
DOGS/dog_37132254/dog_37132254_t0_000100.jpg,masha,Shih-Tzu,surprise,-0.151538,-0.044185,0.3061,0.157372,-0.14513,0.8118,-0.150233,0.04265,0.7165,0.196409,-0.094146,0.7645,-0.14209,0.111032,0.6563,0.231794,-0.005072,0.798,-0.095366,0.237866,0.6336,0.301185,0.094995,0.8966,-0.174488,0.130009,0.5975,0.323268,-0.021989,0.8702,-0.185364,0.027638,0.5592,0.238194,-0.120802,0.7233,-0.171791,-0.05353,0.3833,0.154316,-0.165972,0.6225,-0.084418,-0.093795,0.6462,-0.03068,-0.11226,0.504,-0.095017,-0.001794,0.9815,0.049156,-0.047967,0.9049,-0.135656,0.015275,0.9315,0.11399,-0.069639,0.8998,-0.121652,-0.013405,0.9812,0.071276,-0.087537,0.9231,-0.10933,0.028637,0.8517,0.093428,-0.038986,0.8148,-0.047271,-0.042184,0.9005,-0.045223,-0.01938,0.9746,-0.070953,-0.003506,0.9041,-0.011624,-0.021371,0.9558,-0.071318,-0.029795,0.9991,-0.018203,-0.043996,0.89,-0.107646,0.061933,0.8016,0.110008,-0.000147,0.7642,-0.03904,0.007862,0.9916,-0.072453,0.023087,0.8938,0.000879,-0.000522,0.8932,-0.030779,0.03998,0.9914,-0.08602,0.054686,0.6601,0.036788,0.016332,0.5251,-0.024075,0.07208,0.762,-0.085679,0.108,0.1959,0.095295,0.078196,0.2256,-0.021499,0.08395,0.6287,-0.019687,0.089785,0.5455,-0.054254,0.113139,0.332,0.028861,0.083307,0.2058,-0.02276,0.078966,0.6938,0,0,0,0,0,0,0,0,0,0,0,0,0,0,0,0,0,0,0,0,0
DOGS/dog_37132254/dog_37132254_t0_000225.jpg,masha,Shih-Tzu,surprise,-0.158444,-0.044785,0.5013,0.163386,-0.102088,0.5284,-0.163663,0.034461,0.6619,0.205243,-0.044969,0.7945,-0.16973,0.102173,0.6218,0.234172,0.032281,0.7976,-0.155523,0.266199,0.9327,0.275915,0.12583,0.9457,-0.208735,0.116292,0.7984,0.306428,0.03184,0.9202,-0.203203,0.012852,0.7443,0.238699,-0.060764,0.6915,-0.173964,-0.062586,0.5938,0.151996,-0.1296,0.697,-0.06824,-0.100331,0.6368,-0.009137,-0.11499,0.5986,-0.092873,-0.012921,0.8865,0.061946,-0.047007,0.9058,-0.1409,0.004445,0.8115,0.127165,-0.055194,0.8748,-0.120917,-0.023259,0.9524,0.087111,-0.078981,0.8955,-0.114281,0.014037,0.8153,0.104961,-0.024354,0.8204,-0.030021,-0.068305,0.935,-0.024073,-0.046979,0.9833,-0.05306,-0.032831,0.9412,0.007797,-0.046865,0.956,-0.055258,-0.056346,0.983,-0.001883,-0.069312,0.8871,-0.114697,0.046907,0.7017,0.119638,0.014276,0.7091,-0.018098,-0.020614,0.9542,-0.057385,-0.008458,0.9276,0.021232,-0.024706,0.8907,-0.01287,0.009463,0.9375,-0.074094,0.022967,0.7423,0.05399,-0.000517,0.5529,-0.008016,0.043397,0.8564,-0.068537,0.09145,0.2684,0.109181,0.064599,0.203,-0.007384,0.051777,0.95,-0.00663,0.057141,0.9234,-0.041887,0.074585,0.5128,0.024449,0.060689,0.4609,-0.007606,0.048126,0.9119,1,0,0,0,0,0,0,0,0,0,0,0,0,0,0,0,0,0,0,0,0
DOGS/dog_37807714/dog_37807714_t0_000000.jpg,danek,Border collie,sad,-0.078127,-0.150458,0.8826,0.030309,-0.151694,0.7921,-0.118135,-0.19575,0.94,0.0794,-0.195051,0.7081,-0.163966,-0.220911,0.9393,0.145409,-0.179575,0.7694,-0.224275,-0.222862,0.968,0.19742,-0.133815,1.0094,-0.21678,-0.161901,0.9297,0.169389,-0.131369,0.8062,-0.199,-0.086809,0.8291,0.143317,-0.119491,0.704,-0.142625,-0.033434,0.6899,0.12049,-0.085455,0.5826,-0.043857,-0.075104,0.7921,-6.1e-05,-0.087824,0.7737,-0.056439,0.004294,0.9825,0.042574,-0.024468,0.9632,-0.093047,0.009994,0.9891,0.073301,-0.038046,0.9804,-0.078032,-0.007946,0.9802,0.053051,-0.045058,0.968,-0.072544,0.020588,0.9556,0.062029,-0.019855,0.987,0.000961,0.018613,0.9622,0.008099,0.055145,0.9789,-0.015646,0.068183,0.972,0.035114,0.055464,0.9485,-0.022216,0.02972,0.9706,0.026868,0.018874,0.9731,-0.062249,0.058227,0.9661,0.071689,0.017139,0.9384,0.014672,0.084427,0.9783,-0.013684,0.092959,0.9713,0.04319,0.077629,1.0064,0.021557,0.110816,0.9787,-0.032578,0.104672,0.8995,0.067843,0.078689,0.9181,0.025858,0.125852,0.9683,-0.028281,0.138802,0.917,0.095144,0.103627,0.9803,0.042169,0.177873,1.055,0.045527,0.189677,1.002,-0.001218,0.140869,0.8799,0.063081,0.123376,0.9452,0.038278,0.164226,1.0792,0,0,0,0,0,0,0,0,0,0,0,0,0,0,0,0,0,0,0,0,0
DOGS/dog_37807714/dog_37807714_t0_000145.jpg,danek,Border collie,relaxed,-0.085051,-0.131737,0.8531,0.049656,-0.153073,0.8923,-0.130286,-0.147731,0.8976,0.102424,-0.206201,0.785,-0.166955,-0.16786,0.8676,0.182195,-0.212483,0.8518,-0.215237,-0.1521,0.9689,0.251775,-0.17226,0.9602,-0.204583,-0.10486,0.8966,0.219479,-0.145612,0.8479,-0.179288,-0.052121,0.8085,0.184612,-0.123613,0.7382,-0.128201,-0.060428,0.4282,0.145566,-0.082497,0.6974,-0.041451,-0.075926,0.8858,0.004091,-0.089159,0.8141,-0.0593,-0.000926,0.9738,0.047017,-0.02874,0.951,-0.093407,0.004516,0.9781,0.084227,-0.045011,0.9455,-0.080542,-0.013756,1.0008,0.059929,-0.052479,0.9618,-0.074823,0.014904,0.9574,0.069874,-0.02523,0.9655,-0.011113,0.014033,0.9567,-0.013642,0.051398,0.9842,-0.037642,0.06398,1.0054,0.015525,0.051835,0.9753,-0.035296,0.023955,1.0336,0.015483,0.01532,0.9997,-0.06759,0.050165,0.9675,0.078604,0.010815,0.9431,-0.010024,0.082687,0.9661,-0.038655,0.091604,0.9739,0.023146,0.075343,1.0087,-0.001567,0.111803,0.9704,-0.052755,0.107814,0.9344,0.058128,0.079818,0.8802,0.004878,0.130697,0.9525,-0.051955,0.138684,0.8356,0.10503,0.109727,1.0093,0.016941,0.164946,1.0283,0.022016,0.179512,0.9543,-0.026463,0.156771,0.9013,0.062183,0.129655,0.8953,0.011071,0.145862,1.0005,0,0,0,0,0,0,0,0,0,0,0,0,0,0,0,0,0,0,0,0,0
DOGS/dog_37807714/dog_37807714_t0_000348.jpg,danek,Border collie,relaxed,-0.095097,-0.153499,0.8171,0.069325,-0.155268,0.8426,-0.152324,-0.186874,0.5807,0.137958,-0.199058,0.8409,-0.195774,-0.160117,0.3642,0.206465,-0.206135,0.7861,-0.21323,-0.067509,0.5735,0.26151,-0.191587,0.8976,-0.230156,-0.144329,0.6186,0.239291,-0.145199,0.8955,-0.206974,-0.037521,0.6567,0.205106,-0.112687,0.7139,-0.161277,0.002868,0.4852,0.137631,-0.108509,0.4057,-0.044724,-0.087941,0.8827,0.006453,-0.09842,0.8703,-0.07223,-0.012819,0.9851,0.04562,-0.030515,0.9899,-0.114329,-0.008723,0.9822,0.086667,-0.041118,1.0025,-0.096096,-0.030011,0.9577,0.062488,-0.053031,0.9438,-0.092223,0.004557,0.9345,0.068998,-0.022433,0.9555,-0.014816,0.001699,0.993,-0.016674,0.035871,0.9698,-0.044426,0.04654,0.9625,0.014414,0.04016,0.9586,-0.041911,0.009896,0.9997,0.013371,0.005361,1.0061,-0.087737,0.044834,0.9681,0.074449,0.016586,0.9032,-0.014611,0.068619,0.9784,-0.048383,0.074794,0.9803,0.021254,0.065692,1.0035,-0.009626,0.1017,0.9474,-0.070222,0.093979,0.8713,0.055161,0.077504,0.8655,-0.005234,0.124738,0.994,-0.068418,0.146152,0.8201,0.089612,0.126395,1.0144,-0.000654,0.148032,0.9882,0.001363,0.160304,0.9502,-0.040426,0.145944,0.7714,0.044053,0.133159,0.8858,-0.002321,0.137567,0.9868,0,0,0,0,0,0,0,0,0,0,0,0,0,0,0,0,0,0,0,0,0
DOGS/dog_37923083/dog_37923083_t1_000480.jpg,masha,American Staffordshire terrier,sad,-0.098537,-0.168096,0.9743,0.073785,-0.17333,0.9723,-0.140547,-0.148419,0.8966,0.13152,-0.164729,0.9024,-0.197927,-0.086729,0.8028,0.167303,-0.124329,0.9496,-0.220616,-0.033156,1.001,0.201823,-0.063855,0.9522,-0.259831,-0.085673,0.9759,0.202054,-0.131777,0.8723,-0.203684,-0.115829,0.8497,0.190224,-0.174427,0.8717,-0.140928,-0.065638,0.9243,0.130416,-0.098012,0.9266,-0.038083,-0.090349,0.7541,0.016727,-0.095719,0.7413,-0.065319,-0.021472,0.988,0.057963,-0.039918,0.9783,-0.108612,-0.026868,0.9564,0.097789,-0.055538,1.0141,-0.085851,-0.040064,0.9996,0.074351,-0.061658,1.0245,-0.089421,-0.009844,0.9424,0.083141,-0.034373,0.9773,0.002304,0.016273,0.9128,0.00863,0.076996,0.9598,-0.022489,0.083352,0.9655,0.040234,0.07733,0.9766,-0.028329,0.024694,0.9154,0.033532,0.019221,0.9301,-0.083187,0.018606,0.9806,0.082667,0.000105,0.9196,0.012096,0.107983,0.9769,-0.021133,0.111458,0.9973,0.045075,0.103887,0.9697,0.014969,0.132024,1.0099,-0.049369,0.104474,0.9196,0.068218,0.09246,0.9326,0.015773,0.137801,0.98,-0.079619,0.097204,0.9668,0.090564,0.081939,0.9698,0.016416,0.142466,0.9977,0.016828,0.145334,0.9724,-0.036936,0.13942,0.9333,0.06255,0.128948,0.9482,0.016112,0.140286,1.0176,0,0,0,0,0,0,0,0,0,0,0,0,0,0,0,0,0,0,0,0,0
DOGS/dog_4066062/dog_4066062_t0_000100.jpg,masha,boxer,sad,-0.059611,-0.156818,0.9777,0.049441,-0.186843,0.9882,-0.120153,-0.132654,0.74,0.120684,-0.214572,0.7823,-0.152219,-0.039465,0.5433,0.204153,-0.19411,0.7278,-0.146054,0.04181,1.0187,0.263271,-0.100063,0.9733,-0.179333,-0.026619,0.675,0.211425,-0.143243,0.8764,-0.145211,-0.042915,0.4995,0.193886,-0.120628,0.9169,-0.123559,-0.031291,0.9694,0.179046,-0.068052,0.8835,-0.043709,-0.100224,0.7051,0.003081,-0.11012,0.6672,-0.069372,-0.021422,0.9351,0.04892,-0.046574,0.9085,-0.103903,-0.022548,0.9187,0.095969,-0.065695,0.9549,-0.08938,-0.04029,0.937,0.066681,-0.077727,0.9641,-0.086004,-0.007964,0.9027,0.078666,-0.041086,0.9844,-0.018199,-0.001757,0.9424,-0.037539,0.041967,0.9371,-0.067607,0.056132,0.8683,0.003518,0.042331,0.8888,-0.045209,0.007575,0.9042,0.011145,-0.001072,0.8983,-0.07915,0.024809,0.9396,0.08597,-0.004942,0.8357,-0.035836,0.082714,0.9858,-0.071825,0.093535,0.8937,0.013964,0.072292,0.8992,-0.027604,0.11767,0.9587,-0.075111,0.116472,0.7149,0.065964,0.091061,0.4679,-0.021868,0.141756,0.9269,-0.077454,0.142638,0.6671,0.132004,0.109893,0.3788,-0.018167,0.152696,0.9561,-0.015112,0.160183,0.9178,-0.058418,0.193863,0.8449,0.107108,0.178923,0.8798,-0.020173,0.147591,0.9313,0,0,0,0,0,0,0,0,0,0,0,0,0,0,0,0,0,0,0,0,0
DOGS/dog_4066062/dog_4066062_t0_000200.jpg,masha,boxer,sad,-0.058939,-0.158417,0.949,0.049378,-0.186934,0.9858,-0.12133,-0.133463,0.7778,0.119721,-0.214257,0.7914,-0.155341,-0.055676,0.6017,0.200156,-0.195136,0.765,-0.147059,0.038084,0.8653,0.259125,-0.096613,0.9012,-0.188152,-0.041154,0.6534,0.208746,-0.142597,0.9122,-0.144655,-0.045064,0.778,0.190965,-0.119188,0.8847,-0.122818,-0.032168,0.9867,0.177122,-0.07166,0.916,-0.043553,-0.09782,0.7267,0.004077,-0.107785,0.6616,-0.068695,-0.021132,0.9508,0.049341,-0.045942,0.9585,-0.103825,-0.022374,0.9253,0.095134,-0.065006,0.9841,-0.088696,-0.040005,0.9473,0.066471,-0.076791,0.9693,-0.085931,-0.007742,0.9311,0.078607,-0.040625,1.0001,-0.017632,-0.001596,0.9198,-0.036561,0.04259,0.9741,-0.067849,0.056631,0.8527,0.005022,0.042615,0.8991,-0.04517,0.007833,0.9038,0.011786,-0.000993,0.9111,-0.079916,0.025338,0.9563,0.085402,-0.005184,0.8883,-0.034709,0.083216,0.9588,-0.071188,0.093689,0.9007,0.015212,0.072653,0.955,-0.026175,0.119607,0.9778,-0.072068,0.118295,0.7046,0.070336,0.095565,0.4428,-0.020441,0.144164,0.9116,-0.074118,0.147665,0.7808,0.128774,0.109002,0.6611,-0.016227,0.156744,0.9052,-0.013484,0.165069,0.7883,-0.059357,0.191185,0.8814,0.110169,0.179433,0.8796,-0.018201,0.150824,0.9638,0,0,0,0,0,0,0,0,0,0,0,0,0,0,0,0,0,0,0,0,0
DOGS/dog_4066062/dog_4066062_t0_000475.jpg,masha,boxer,sad,-0.059655,-0.154906,0.9374,0.053288,-0.185719,0.9395,-0.126031,-0.116181,0.7978,0.133834,-0.21366,0.821,-0.155456,-0.026347,0.6792,0.218364,-0.189303,0.6616,-0.141674,0.056462,0.9818,0.276264,-0.093724,0.9816,-0.177983,-0.018642,0.7175,0.235368,-0.139894,0.7902,-0.144284,-0.02972,0.6771,0.206985,-0.115394,0.8762,-0.124239,-0.021979,0.9795,0.191028,-0.061564,0.9178,-0.041661,-0.097489,0.632,0.005191,-0.108447,0.7614,-0.069129,-0.01877,0.9139,0.05355,-0.048863,0.9413,-0.103192,-0.016817,0.9106,0.100731,-0.068316,0.9598,-0.089496,-0.036005,1.0209,0.071559,-0.080537,0.963,-0.085231,-0.003749,0.9344,0.083515,-0.043682,0.9711,-0.018955,-0.00454,0.955,-0.035175,0.034633,0.9799,-0.067791,0.04949,0.8589,0.005583,0.034625,0.9045,-0.046886,0.005375,0.9518,0.01161,-0.004253,0.9069,-0.081052,0.02807,0.9389,0.091473,-0.005447,0.9217,-0.034914,0.075271,0.9512,-0.073959,0.08707,0.9574,0.016576,0.064354,0.9304,-0.025978,0.11315,0.956,-0.076369,0.114099,0.6516,0.068698,0.085503,0.4513,-0.020178,0.139787,0.8878,-0.078013,0.150286,0.7915,0.120671,0.113683,0.521,-0.017275,0.150317,0.9371,-0.015218,0.157263,0.8948,-0.061361,0.192632,0.7698,0.107898,0.186248,0.5489,-0.018498,0.145604,0.9806,0,0,0,0,0,0,0,0,0,0,0,0,0,0,0,0,0,0,0,0,0
DOGS/dog_4070325/dog_4070325_t0_000050.jpg,masha,boxer,relaxed,-0.118366,-0.09722,1.005,0.116327,-0.16112,0.9812,-0.156055,-0.059611,0.9274,0.201375,-0.154094,0.7845,-0.172801,-0.007795,0.9766,0.261126,-0.108874,0.8154,-0.168357,0.079285,0.8857,0.299051,-0.033242,0.9438,-0.15332,0.041858,0.8153,0.258944,-0.038243,0.9609,-0.136046,0.0364,0.8712,0.218687,-0.039851,0.8926,-0.118259,0.035613,0.8891,0.185058,-0.034554,0.9149,-0.057897,-0.104116,0.7644,-0.009683,-0.116395,0.7864,-0.088901,-0.02375,1.0003,0.052516,-0.065882,0.9593,-0.121374,-0.011542,0.9737,0.098017,-0.077933,0.9868,-0.110179,-0.033125,0.978,0.071636,-0.088233,0.9871,-0.102702,-0.004319,0.9598,0.078938,-0.061152,0.9586,-0.036152,-0.050828,0.9548,-0.042834,-0.024106,0.9587,-0.069473,-0.008201,0.9428,-0.004631,-0.021822,1.0042,-0.061547,-0.039359,0.9558,-0.00788,-0.049913,0.9349,-0.097302,0.023078,0.8957,0.090414,-0.024828,0.9029,-0.038835,0.011861,0.9209,-0.071045,0.022779,0.9528,0.005435,0.004732,0.9269,-0.029727,0.050814,0.9697,-0.077924,0.059951,0.7171,0.049466,0.029905,0.6343,-0.020556,0.085094,0.9998,-0.077512,0.111928,0.8207,0.143441,0.08561,0.8929,0.009946,0.206749,0.9237,0.015679,0.233193,0.8561,-0.040022,0.167867,0.9629,0.075158,0.135882,0.9117,-0.006101,0.138977,0.9642,0,0,0,0,0,0,0,0,0,0,0,0,0,0,0,0,0,0,0,0,0
DOGS/dog_4070325/dog_4070325_t0_000500.jpg,masha,boxer,relaxed,-0.107874,-0.10802,0.9626,0.106104,-0.163928,1.0169,-0.155049,-0.073858,0.9179,0.186353,-0.175301,0.8911,-0.176462,-0.015934,0.9102,0.259149,-0.138985,0.8266,-0.178339,0.058345,0.9099,0.321488,-0.068084,0.91,-0.153183,0.040775,0.8988,0.263422,-0.076213,0.942,-0.13438,0.028546,0.8437,0.219435,-0.063114,0.9727,-0.116028,0.020749,0.8919,0.185473,-0.036955,0.9011,-0.056221,-0.094334,0.7991,-0.008122,-0.106798,0.8277,-0.085187,-0.016895,0.9359,0.048918,-0.055687,0.9645,-0.115847,-0.006997,0.9279,0.094925,-0.068414,1.0138,-0.105524,-0.026166,0.9993,0.068224,-0.077133,0.9715,-0.098778,0.001105,0.9549,0.075367,-0.05166,0.9931,-0.034759,-0.034126,0.9382,-0.044929,-0.004569,0.9388,-0.07113,0.009978,1.0039,-0.008384,-0.003474,0.966,-0.060324,-0.02332,0.9316,-0.005699,-0.033304,0.9463,-0.093613,0.027691,0.953,0.085442,-0.014801,0.9308,-0.043351,0.029404,0.9951,-0.072871,0.038965,0.9059,-0.000478,0.022508,0.9429,-0.034715,0.067245,0.9962,-0.076997,0.072427,0.8085,0.046837,0.048594,0.6782,-0.024848,0.101584,1.0128,-0.079067,0.110213,0.8388,0.14115,0.095872,0.9454,-0.002743,0.174907,0.8869,0.00313,0.194166,0.8328,-0.050385,0.152914,0.9519,0.086146,0.149584,0.9506,-0.009725,0.149244,0.778,0,0,0,0,0,0,0,0,0,0,0,0,0,0,0,0,0,0,0,0,0
DOGS/dog_4107564/dog_4107564_t0_000030.jpg,danek,dingo,neutral,-0.077291,-0.125647,0.9746,0.02548,-0.105972,0.9978,-0.09822,-0.159679,0.9557,0.059221,-0.135564,0.971,-0.115185,-0.19655,0.9896,0.089523,-0.163064,0.9436,-0.147905,-0.231228,1.0023,0.128696,-0.190208,0.9669,-0.1842,-0.169591,0.9774,0.122906,-0.120347,0.9376,-0.18362,-0.098899,0.848,0.099656,-0.071345,0.7575,-0.152275,-0.034146,0.7882,0.075569,-0.003201,0.7841,-0.025663,-0.052829,0.6938,0.013215,-0.048421,0.7168,-0.057257,0.007309,0.722,0.049438,0.017361,0.4977,-0.093851,-0.001335,0.7893,0.071558,0.016159,0.4029,-0.073108,-0.009401,0.6606,0.06216,0.005504,0.5121,-0.076017,0.014043,0.7546,0.060681,0.026825,0.4212,0.01117,0.033875,0.7138,0.042017,0.074367,0.7391,0.017916,0.08784,0.6817,0.067238,0.073218,0.754,-0.01398,0.043826,0.8096,0.035403,0.029873,0.7163,-0.074707,0.051233,0.8231,0.062857,0.051116,0.5388,0.051318,0.113292,0.8611,0.020846,0.117125,0.8404,0.077414,0.108093,0.8128,0.050565,0.141198,0.8142,-0.01605,0.121178,0.684,0.088068,0.106779,0.6983,0.051172,0.157495,0.751,-0.082092,0.130143,0.9034,0.091172,0.100499,0.536,0.050556,0.176104,0.7065,0.05009,0.184007,0.707,-0.002354,0.174704,0.78,0.076034,0.151942,0.5409,0.051389,0.16698,0.6955,0,0,0,0,0,0,0,0,0,0,0,0,0,0,0,0,0,0,0,0,0
DOGS/dog_4114413/dog_4114413_t0_000075.jpg,masha,boxer,relaxed,-0.06813,-0.151773,0.8963,0.065011,-0.192603,0.9856,-0.125668,-0.091637,0.7956,0.158877,-0.2161,0.8217,-0.143562,-0.007909,0.9111,0.233327,-0.185699,0.7775,-0.118512,0.064974,0.8762,0.288246,-0.105293,1.0015,-0.109774,0.041198,1.0278,0.264331,-0.150729,0.9494,-0.109409,0.01185,0.6802,0.221595,-0.111601,0.9262,-0.109357,-0.020042,1.0095,0.209152,-0.059895,0.8059,-0.04601,-0.092686,0.7516,-0.003167,-0.102829,0.8409,-0.071645,-0.017193,1.004,0.044376,-0.041251,0.9998,-0.103727,-0.014876,0.9789,0.089759,-0.059395,0.975,-0.091502,-0.03223,0.9934,0.060773,-0.069403,0.9906,-0.086346,-0.002196,0.959,0.072221,-0.037029,0.9724,-0.031674,-0.001242,1.0327,-0.054099,0.03867,0.9627,-0.082408,0.053709,0.8675,-0.013464,0.037404,0.9765,-0.055634,0.0061,0.9019,-0.005019,0.001612,0.9343,-0.082712,0.029081,0.9149,0.082446,0.00284,0.8901,-0.052736,0.077207,0.9803,-0.084273,0.088459,0.9049,-0.003939,0.0679,0.918,-0.042495,0.112285,0.9311,-0.084002,0.113537,0.7215,0.036905,0.08678,0.7353,-0.030239,0.137302,0.9132,-0.07834,0.144696,0.4993,0.087353,0.12468,0.4911,-0.022953,0.151276,0.9292,-0.018317,0.159852,0.8514,-0.055629,0.17791,0.2476,0.076061,0.175712,0.7387,-0.026438,0.144733,0.9265,0,0,0,0,0,0,0,0,0,0,0,0,0,0,0,0,0,0,0,0,0
DOGS/dog_4114415/dog_4114415_t0_000200.jpg,danek,boxer,sad,-0.106826,-0.161744,0.8273,0.081838,-0.19772,0.8802,-0.134183,-0.158846,0.4353,0.11286,-0.23939,0.6967,-0.128026,-0.129708,0.3333,0.188716,-0.24539,0.6066,-0.112142,-0.089932,0.7369,0.210358,-0.160552,0.9612,-0.131848,-0.122859,0.5906,0.19374,-0.225385,0.7206,-0.136247,-0.130957,0.2421,0.164632,-0.165887,0.9194,-0.116964,-0.111011,0.2548,0.149024,-0.124195,0.8765,-0.058312,-0.094214,0.3351,-0.018543,-0.104539,0.4909,-0.069848,-0.019655,0.951,0.027132,-0.043322,1.0038,-0.093366,-0.021962,0.9202,0.062487,-0.06436,0.9872,-0.082144,-0.028181,0.9491,0.036971,-0.063906,1.0016,-0.08147,-0.013904,0.9597,0.049995,-0.046564,0.9385,-0.025614,0.016484,0.9561,-0.032833,0.070478,0.8902,-0.055688,0.079987,0.917,0.000311,0.06816,0.9453,-0.046986,0.024696,0.9446,0.000504,0.01759,0.9227,-0.068425,0.012596,0.8831,0.060633,-0.011235,0.9014,-0.02941,0.105056,1.0134,-0.055511,0.109755,0.9729,0.009963,0.096015,0.97,-0.020394,0.132573,0.9739,-0.06598,0.119466,0.8855,0.055525,0.099716,0.6405,-0.016336,0.149835,0.9523,-0.075843,0.120054,0.5855,0.118309,0.103157,0.5458,-0.01558,0.156027,0.9804,-0.014948,0.160571,0.9205,-0.057401,0.162368,1.0178,0.063662,0.155241,0.9065,-0.015923,0.15314,0.9887,0,0,0,0,0,0,0,0,0,0,0,0,0,0,0,0,0,0,0,0,0
DOGS/dog_4114415/dog_4114415_t0_000350.jpg,danek,boxer,relaxed,-0.10711,-0.162945,0.7645,0.078126,-0.20018,0.7574,-0.130348,-0.151593,0.3614,0.108628,-0.243138,0.74,-0.124292,-0.127251,0.5187,0.188266,-0.248693,0.5357,-0.113661,-0.097783,0.6107,0.208794,-0.165163,1.031,-0.128113,-0.121624,0.568,0.190229,-0.229602,0.6691,-0.131779,-0.13568,0.3213,0.161859,-0.16936,0.8003,-0.113157,-0.115688,0.2717,0.146331,-0.128878,0.8399,-0.059206,-0.09002,0.2858,-0.017928,-0.102427,0.3956,-0.067342,-0.019783,0.8117,0.027432,-0.045299,0.9244,-0.091746,-0.018822,0.7961,0.060718,-0.063747,0.8667,-0.080899,-0.026244,0.7459,0.039453,-0.061448,0.9506,-0.078467,-0.012728,0.7405,0.0478,-0.049003,0.8686,-0.026845,0.014145,0.9296,-0.035975,0.068127,0.9315,-0.057979,0.078093,0.879,-0.003113,0.065392,0.9069,-0.047037,0.022214,0.9005,-0.000616,0.014921,0.8949,-0.065709,0.012684,0.8812,0.062011,-0.01388,0.8659,-0.031856,0.102202,0.9866,-0.05687,0.107438,0.9653,0.006788,0.092333,0.9105,-0.021801,0.129006,0.9593,-0.066195,0.11772,0.7887,0.053151,0.095744,0.6065,-0.017612,0.146127,0.9433,-0.075288,0.11921,0.5709,0.117843,0.094075,0.6304,-0.016711,0.152262,0.9542,-0.0159,0.156777,0.9254,-0.056579,0.158655,1.0399,0.062348,0.15021,0.9353,-0.017155,0.149379,0.9684,0,0,0,0,0,0,0,0,0,0,0,0,0,0,0,0,0,0,0,0,0
DOGS/dog_4114415/dog_4114415_t0_000550.jpg,danek,boxer,sad,-0.107604,-0.171733,0.8023,0.074219,-0.206725,0.796,-0.095599,-0.171555,0.3193,0.10628,-0.247563,0.7298,-0.115136,-0.109837,0.2608,0.184238,-0.249652,0.574,-0.10935,-0.070815,0.2333,0.211467,-0.172598,1.0443,-0.125626,-0.130792,0.1998,0.192498,-0.228145,0.4323,-0.128535,-0.146499,0.2733,0.160567,-0.174296,0.7823,-0.118662,-0.146032,0.3635,0.148429,-0.134438,0.8533,-0.061846,-0.089891,0.2484,-0.016447,-0.104987,0.3116,-0.070672,-0.023561,0.6887,0.025757,-0.050103,0.871,-0.095148,-0.02174,0.5974,0.058475,-0.067249,0.8469,-0.084643,-0.029578,0.6472,0.039218,-0.065135,0.8804,-0.081337,-0.015253,0.6233,0.045879,-0.052643,0.8238,-0.031911,0.008061,0.9062,-0.043319,0.06278,0.9183,-0.064879,0.072559,0.8613,-0.010706,0.06078,0.8513,-0.052577,0.015421,0.9287,-0.005858,0.009937,0.894,-0.070159,0.011137,0.835,0.059807,-0.016304,0.8051,-0.039547,0.097105,0.9351,-0.063552,0.101687,0.9527,-0.000781,0.088248,0.919,-0.030371,0.123483,0.9707,-0.072009,0.112195,0.7884,0.047704,0.091209,0.6185,-0.025709,0.141227,0.9299,-0.080367,0.114034,0.6223,0.112583,0.091524,0.6285,-0.024673,0.148213,0.9381,-0.023832,0.15328,0.8657,-0.062508,0.152091,0.9795,0.053685,0.146634,0.9302,-0.025103,0.14501,0.9699,0,0,0,0,0,0,0,0,0,0,0,0,0,0,0,0,0,0,0,0,0
DOGS/dog_4210977/dog_4210977_t0_000225.jpg,masha,kelpie,sad,-0.110934,-0.114737,0.9974,0.064919,-0.123194,0.9625,-0.167814,-0.138772,0.9723,0.112136,-0.146916,0.9657,-0.221124,-0.157856,0.9825,0.163239,-0.162987,0.9051,-0.273073,-0.180409,1.0036,0.217022,-0.189672,0.9988,-0.255427,-0.112973,0.9865,0.186706,-0.13038,0.9632,-0.214402,-0.051218,0.8616,0.171165,-0.071608,0.9154,-0.159548,0.016398,0.7499,0.140882,-0.00838,0.8719,-0.022959,-0.06712,0.805,0.016841,-0.068005,0.8312,-0.04863,-0.008328,0.9815,0.048354,-0.015303,0.9535,-0.095041,-0.011402,0.9434,0.090953,-0.023213,0.9569,-0.071749,-0.028002,0.9834,0.066848,-0.033044,0.9554,-0.073293,0.005521,0.9392,0.073324,-0.003813,0.9807,0.008687,0.019255,0.9737,0.02242,0.059487,0.9928,-0.005359,0.064391,0.9574,0.048519,0.063527,0.945,-0.015483,0.025468,0.9602,0.033819,0.023259,0.9465,-0.070088,0.034451,0.9629,0.071823,0.025835,0.936,0.025788,0.087691,0.979,-0.006541,0.086908,0.966,0.054562,0.087787,0.9683,0.024523,0.115511,0.8964,-0.033925,0.089731,0.9163,0.070356,0.089321,0.8913,0.02256,0.127841,0.9592,-0.064242,0.09233,0.9614,0.082841,0.095638,0.843,0.02213,0.135863,0.9547,0.022039,0.141445,0.9622,-0.025503,0.127631,0.9384,0.059118,0.128196,0.9501,0.022234,0.131825,0.9537,0,0,0,0,0,0,0,0,0,0,0,0,0,0,0,0,0,0,0,0,0
DOGS/dog_4316347/dog_4316347_t0_000060.jpg,danek,Maltese dog,neutral,-0.177851,-0.126526,0.859,0.115086,-0.118775,0.7782,-0.208057,-0.078843,0.951,0.133401,-0.064603,0.983,-0.230581,-0.032566,0.8821,0.153913,-0.004719,0.9188,-0.25855,0.019296,0.9173,0.218672,0.031765,0.8956,-0.304716,-0.045422,0.875,0.189567,-0.022629,0.911,-0.29183,-0.125115,0.8537,0.157419,-0.077289,0.8918,-0.193246,-0.149725,0.825,0.127429,-0.132465,0.7666,-0.030953,-0.116741,0.7952,0.020947,-0.121622,0.811,-0.063243,-0.040819,0.9597,0.064531,-0.037525,0.9982,-0.114268,-0.041381,0.9803,0.102479,-0.039897,0.975,-0.087834,-0.056697,0.9508,0.0833,-0.056539,0.995,-0.089923,-0.028057,0.9674,0.086605,-0.02261,0.9703,0.0173,-0.009106,0.9938,0.029998,0.03346,0.9904,0.001106,0.041967,0.9591,0.056828,0.040068,0.9308,-0.013293,-0.000272,0.9817,0.04706,-0.004131,0.9156,-0.093332,0.011209,0.8795,0.093885,0.013052,0.9431,0.034419,0.06594,0.9548,0.002957,0.067115,0.9333,0.062408,0.067025,0.9695,0.033978,0.098137,1.0054,-0.040159,0.074957,0.7586,0.09386,0.073706,0.8207,0.032628,0.11478,0.9515,-0.090002,0.11474,0.4432,0.122079,0.093642,0.5662,0.032388,0.122837,0.9628,0.032578,0.128,0.9729,-0.024204,0.128097,0.7469,0.080223,0.121548,0.8244,0.032542,0.11891,0.9787,0,0,0,0,0,0,0,0,0,0,0,0,0,0,0,0,0,0,0,0,0
DOGS/dog_4316347/dog_4316347_t0_000150.jpg,danek,Maltese dog,neutral,-0.179775,-0.126012,0.8175,0.115593,-0.117164,0.7595,-0.211009,-0.07849,0.9042,0.133868,-0.064846,0.9518,-0.235142,-0.031975,0.8888,0.155259,-0.006718,0.8553,-0.264841,0.018861,0.8442,0.21826,0.02466,0.9043,-0.311182,-0.045022,0.8648,0.186881,-0.024677,0.9521,-0.295577,-0.124329,0.824,0.156843,-0.078138,0.9162,-0.195439,-0.150013,0.8277,0.127515,-0.131145,0.8216,-0.030541,-0.115375,0.8568,0.021327,-0.119092,0.8071,-0.06425,-0.041444,0.9578,0.063616,-0.037717,0.9671,-0.115199,-0.042629,0.9696,0.101968,-0.039569,0.9769,-0.087727,-0.056275,0.9895,0.08285,-0.055237,0.9766,-0.0913,-0.030233,0.966,0.085688,-0.023026,0.9886,0.016561,-0.010353,0.9688,0.029932,0.032798,1.0035,0.000515,0.040774,0.9948,0.056775,0.039316,0.9434,-0.013994,-0.001468,0.935,0.046245,-0.005272,0.9234,-0.09521,0.008862,0.8784,0.093188,0.012434,0.9438,0.034092,0.065167,0.9732,0.001895,0.065993,0.9437,0.062171,0.066452,0.9798,0.033071,0.097645,0.9997,-0.041742,0.073833,0.7919,0.092744,0.073198,0.8282,0.031269,0.115082,0.9684,-0.091906,0.11253,0.5118,0.117637,0.09427,0.6748,0.030902,0.123316,0.9515,0.031062,0.128531,0.9068,-0.02596,0.126412,0.7386,0.076339,0.121617,0.8539,0.031115,0.119372,0.9772,0,0,0,0,0,0,0,0,0,0,0,0,0,0,0,0,0,0,0,0,0
DOGS/dog_4772987/dog_4772987_t0_000072.jpg,masha,dingo,neutral,-0.086974,-0.100618,0.9697,0.101534,-0.13997,0.9272,-0.128838,-0.110503,1.0027,0.127108,-0.169014,0.9522,-0.167249,-0.124907,1.0277,0.150989,-0.199132,0.9705,-0.214834,-0.127594,0.9984,0.191121,-0.2238,0.9656,-0.198316,-0.080243,0.9995,0.209425,-0.17195,1.0026,-0.170357,-0.044267,0.9577,0.207956,-0.117902,0.9588,-0.141796,-0.009289,0.9271,0.205752,-0.057737,0.9413,-0.031892,-0.066626,0.9063,0.009032,-0.073694,0.9056,-0.048691,0.000942,0.9667,0.046596,-0.014096,0.9997,-0.079126,0.000646,0.9784,0.089973,-0.026789,0.9883,-0.06508,-0.014248,0.9782,0.064457,-0.03511,0.9942,-0.063645,0.013036,0.9742,0.071661,-0.008939,1.0101,-0.010164,0.020114,0.9815,-0.021677,0.057838,0.9544,-0.04805,0.067423,0.9686,0.010181,0.058894,0.9718,-0.034328,0.027857,0.9321,0.016305,0.021962,0.982,-0.060697,0.04304,0.9502,0.075764,0.023037,0.9817,-0.020505,0.087326,1.0026,-0.050444,0.093127,0.9774,0.016695,0.081717,0.9492,-0.012649,0.115763,0.9984,-0.06432,0.098675,0.9031,0.051302,0.076973,0.8658,-0.008829,0.126483,1.0306,-0.078413,0.097359,0.9944,0.118088,0.064223,1.0449,0.029532,0.203657,0.7406,0.032818,0.230285,0.7465,-0.045469,0.13352,1.0087,0.05572,0.114368,0.9307,0.000731,0.194311,0.7842,0,0,0,0,0,0,0,0,1,1,1,1,0,0,0,0,0,0,0,0,0
DOGS/dog_4772987/dog_4772987_t0_000144.jpg,masha,dingo,neutral,-0.054005,-0.069597,1.0143,0.099881,-0.130244,0.7477,-0.083146,-0.075432,0.9135,0.114614,-0.169842,0.8808,-0.112336,-0.084116,1.0025,0.12841,-0.203181,0.9483,-0.132726,-0.083804,0.9597,0.156638,-0.244093,0.994,-0.1095,-0.063412,0.9408,0.185374,-0.19512,0.9695,-0.081787,-0.04369,0.8972,0.19351,-0.150301,0.9325,-0.058581,-0.026507,0.9292,0.198032,-0.098274,0.7047,-0.036218,-0.028352,0.6867,-0.013718,-0.033645,0.7727,-0.03825,0.018537,0.3957,0.024392,0.001074,0.9084,-0.052927,0.019419,0.3444,0.058807,-0.023137,0.9439,-0.04631,0.012252,0.3806,0.022314,-0.019303,0.9526,-0.04457,0.024091,0.3575,0.04735,-0.004324,0.9465,-0.024083,0.047921,0.5135,-0.073697,0.108613,0.8471,-0.087502,0.119654,0.7877,-0.05104,0.103107,0.8894,-0.035311,0.052166,0.5256,-0.007668,0.047677,0.5959,-0.042933,0.043353,0.3887,0.061153,0.017882,0.7884,-0.067635,0.132499,0.9309,-0.093897,0.139151,0.8383,-0.046726,0.126784,0.9391,-0.052148,0.152709,0.8075,-0.074853,0.156451,0.5129,0.012905,0.10036,0.6003,-0.014781,0.152919,0.8447,-0.07714,0.139933,0.2353,0.125933,0.046401,0.5437,0.018641,0.212557,0.2767,0.022493,0.219957,0.2646,-0.052964,0.164272,0.6219,0.036147,0.119887,0.664,0.020444,0.228612,0.314,0,0,0,0,0,0,0,0,1,1,1,1,0,0,0,0,0,0,0,0,0
DOGS/dog_4836664/dog_4836664_t0_000025.jpg,masha,pug,sad,-0.135013,-0.143526,0.7592,0.081621,-0.148811,0.8205,-0.198424,-0.101153,0.3917,0.162012,-0.125254,0.4959,-0.231933,-0.049296,0.5068,0.180922,-0.062262,0.7288,-0.268353,0.025882,0.9928,0.210275,-0.000529,0.982,-0.282796,-0.050608,0.8662,0.203144,-0.062162,0.7395,-0.260564,-0.112068,0.6876,0.190681,-0.115525,0.7328,-0.203946,-0.063669,0.2806,0.110758,-0.121766,0.4404,-0.033725,-0.087029,0.6683,0.03659,-0.082969,0.738,-0.101838,0.005647,0.9046,0.090702,-0.007275,0.9342,-0.164998,0.007054,0.8637,0.146605,-0.006602,0.9404,-0.135464,-0.013735,0.956,0.119508,-0.027523,1.0123,-0.133563,0.026363,0.8458,0.122644,0.011905,0.9201,0.001286,-0.02751,0.9003,0.003407,-0.006277,0.9284,-0.029925,0.00036,0.9258,0.037539,0.001725,0.9707,-0.029027,-0.024188,0.8755,0.033438,-0.020943,0.9138,-0.132382,0.060901,0.8044,0.129609,0.048389,0.7637,0.007121,0.021933,0.9784,-0.035161,0.023291,0.8791,0.048163,0.02355,0.9416,0.011288,0.058904,0.9927,-0.073665,0.060734,0.4609,0.085553,0.054477,0.4139,0.015741,0.084087,0.9251,-0.1162,0.135464,0.1986,0.152493,0.122734,0.6691,0.0168,0.091096,0.9686,0.017438,0.096176,0.9038,-0.045294,0.144819,0.5611,0.113988,0.166232,0.6745,0.016238,0.08784,0.9611,0,0,0,0,0,0,0,0,0,0,0,0,0,0,0,0,0,0,0,0,0
DOGS/dog_4836664/dog_4836664_t0_000100.jpg,masha,pug,sad,-0.129911,-0.139539,0.7549,0.083006,-0.146189,0.8388,-0.18923,-0.098382,0.5662,0.147167,-0.112396,0.6065,-0.224295,-0.045496,0.6165,0.179433,-0.066651,0.826,-0.2571,0.029262,0.9958,0.210382,-0.005169,1.0023,-0.27137,-0.047205,0.8624,0.204615,-0.066292,0.8557,-0.248174,-0.108016,0.7481,0.188417,-0.121301,0.8861,-0.181386,-0.086861,0.3635,0.114893,-0.119679,0.5026,-0.034562,-0.08357,0.6231,0.034582,-0.080269,0.7168,-0.098898,0.009497,0.8956,0.088325,-0.006151,0.9016,-0.159602,0.012286,0.859,0.145547,-0.008174,0.9278,-0.13121,-0.008956,0.929,0.116624,-0.028577,0.9697,-0.129309,0.031474,0.8361,0.121237,0.012765,0.89,0.000197,-0.024282,0.8727,0.001744,-0.002719,0.9491,-0.031055,0.0043,0.9399,0.035872,0.004608,0.9068,-0.030239,-0.020435,0.8885,0.031373,-0.017875,0.9093,-0.128699,0.064609,0.79,0.127922,0.048531,0.7876,0.005692,0.02471,0.9779,-0.035645,0.026901,0.8567,0.046718,0.026022,0.8926,0.010055,0.063035,0.8882,-0.07361,0.064583,0.4822,0.092236,0.069618,0.4541,0.014024,0.087476,0.9404,-0.148515,0.163783,0.3012,0.151972,0.122118,0.5021,0.015513,0.093624,1.0042,0.016387,0.098568,0.9197,-0.046175,0.147678,0.5105,0.112226,0.16168,0.7029,0.01473,0.090684,1.0517,0,0,0,0,0,0,0,0,0,0,0,0,0,0,0,0,0,0,0,0,0
DOGS/dog_4836664/dog_4836664_t0_000225.jpg,masha,pug,sad,-0.124419,-0.140479,0.8346,0.082715,-0.15049,0.8569,-0.182936,-0.099932,0.578,0.144256,-0.116964,0.6765,-0.219592,-0.045583,0.6158,0.181482,-0.072937,0.7729,-0.250025,0.030839,1.0121,0.216873,-0.009593,0.9678,-0.263924,-0.046835,0.8119,0.211623,-0.07124,0.8728,-0.240461,-0.106168,0.6766,0.193049,-0.128474,0.9047,-0.193098,-0.060918,0.35,0.125463,-0.1208,0.4232,-0.034823,-0.084434,0.6465,0.031956,-0.081884,0.7648,-0.098169,0.009712,0.9198,0.086608,-0.007365,0.9227,-0.156305,0.013455,0.8657,0.147889,-0.011222,0.9405,-0.129223,-0.007466,0.9218,0.11664,-0.03193,0.9553,-0.126234,0.031443,0.8008,0.122752,0.011818,0.8527,-0.001793,-0.023634,0.8543,-0.000797,-0.001769,0.9573,-0.033253,0.005694,0.9146,0.033582,0.004673,0.9396,-0.032506,-0.019088,0.906,0.029181,-0.017676,0.8985,-0.127524,0.06424,0.8244,0.131192,0.048681,0.8236,0.003479,0.025938,0.9901,-0.037807,0.028323,0.8696,0.043626,0.026122,0.9278,0.00722,0.062704,0.9264,-0.076641,0.067384,0.4564,0.080188,0.050976,0.3333,0.011175,0.088305,0.9374,-0.149951,0.157975,0.3336,0.152733,0.124253,0.3923,0.012497,0.095138,0.9696,0.013398,0.100294,0.9485,-0.051512,0.1827,0.5921,0.113802,0.160699,0.7513,0.011673,0.09193,1.0219,0,0,0,0,0,0,0,0,0,0,0,0,0,0,0,0,0,0,0,0,0
DOGS/dog_4838317/dog_4838317_t0_000072.jpg,danek,French bulldog,sad,-0.090196,-0.095604,0.8893,0.093351,-0.133627,0.9698,-0.136885,-0.119533,0.9746,0.13447,-0.172942,0.9419,-0.188215,-0.135593,0.9391,0.18075,-0.211548,0.9953,-0.252624,-0.118065,0.9766,0.247633,-0.220508,0.963,-0.222732,-0.052651,0.8777,0.257746,-0.141199,0.8725,-0.168159,-0.006549,0.9839,0.229567,-0.062856,0.859,-0.103138,0.030615,1.0278,0.162248,-0.013245,0.9621,-0.043963,-0.061521,0.7381,0.007059,-0.070796,0.69,-0.066693,0.004944,0.9602,0.054881,-0.014212,0.9996,-0.100563,0.00595,0.9054,0.101046,-0.030361,0.9664,-0.087058,-0.009249,0.9412,0.073728,-0.039824,0.9715,-0.083067,0.019065,0.939,0.082281,-0.009022,0.9741,-0.012257,0.007447,1.0007,-0.012108,0.036718,0.9623,-0.039208,0.046261,0.9433,0.016834,0.039117,0.9162,-0.037693,0.015776,0.954,0.016897,0.008809,0.9607,-0.077339,0.045348,0.8771,0.086398,0.021959,0.8588,-0.009028,0.063197,0.9335,-0.041978,0.070871,0.9533,0.022117,0.059617,0.9028,-0.004966,0.093099,0.9513,-0.057737,0.096181,0.8696,0.057836,0.075869,0.7603,-0.002342,0.111144,0.9843,-0.070987,0.118937,0.9697,0.112272,0.100443,0.7657,-0.001172,0.119495,0.9879,-0.000323,0.125223,0.9452,-0.048128,0.162173,0.9492,0.070382,0.136371,0.8655,-0.001798,0.115405,0.9698,0,0,0,0,0,0,0,0,0,0,0,0,0,0,0,0,0,0,0,0,0
DOGS/dog_4838317/dog_4838317_t0_000192.jpg,danek,French bulldog,neutral,-0.055972,-0.076742,0.9616,0.106924,-0.133406,0.9545,-0.090943,-0.09284,1.0067,0.135355,-0.181552,0.9553,-0.12424,-0.091606,0.9717,0.159784,-0.236369,0.9892,-0.146175,-0.067834,0.884,0.21963,-0.283347,0.9814,-0.144188,-0.030576,0.9485,0.272944,-0.209326,0.9433,-0.115717,-0.007805,0.9716,0.282383,-0.115823,0.7199,-0.085301,0.004018,0.918,0.230614,-0.019542,0.8036,-0.046458,-0.02261,0.6892,-0.007863,-0.042123,0.5978,-0.062748,0.029645,0.9279,0.034857,-0.002359,0.988,-0.083128,0.035409,0.9662,0.09167,-0.029627,0.9177,-0.075837,0.023985,0.9837,0.054548,-0.039899,0.9171,-0.07131,0.041274,0.9286,0.071584,-0.00045,0.9395,-0.031727,0.022131,0.851,-0.047697,0.050029,0.8981,-0.065005,0.060276,0.9394,-0.019915,0.047217,0.8453,-0.050081,0.030389,0.942,-0.009192,0.020999,0.9133,-0.070824,0.058454,0.8719,0.078238,0.032816,0.8439,-0.049595,0.073639,0.9642,-0.068273,0.081767,0.8779,-0.018217,0.065706,0.8911,-0.045093,0.100027,0.8528,-0.071105,0.099393,0.6867,0.026942,0.07856,0.7351,-0.037868,0.11957,0.9368,-0.065488,0.12913,0.5728,0.093031,0.117559,0.6241,-0.025151,0.142821,0.7168,-0.022073,0.149149,0.6897,-0.051315,0.145511,0.4402,0.046727,0.149381,0.8322,-0.036768,0.128522,0.6974,0,0,0,0,0,0,0,0,0,0,0,0,0,0,0,0,0,0,0,0,0
DOGS/dog_4838317/dog_4838317_t0_000336.jpg,danek,French bulldog,sad,-0.089547,-0.087417,0.9184,0.091327,-0.117126,0.9582,-0.137359,-0.115928,0.9676,0.131526,-0.157768,0.9425,-0.189072,-0.14049,0.9865,0.178235,-0.196154,0.976,-0.256843,-0.131104,0.9436,0.247832,-0.207072,0.9176,-0.243304,-0.054156,0.9649,0.25873,-0.119916,0.9387,-0.194483,0.016087,0.9258,0.2291,-0.031603,0.7851,-0.11754,0.061438,0.8992,0.164459,0.017988,0.9102,-0.040823,-0.059773,0.7901,0.01352,-0.07018,0.7857,-0.070598,0.007523,0.9826,0.064662,-0.011767,0.9859,-0.108514,0.011945,0.9731,0.109764,-0.023071,0.9931,-0.093125,-0.007132,0.983,0.082909,-0.038064,0.959,-0.088875,0.023845,0.9516,0.091398,-0.002197,0.9582,-0.007801,-0.001143,1.0314,-0.006353,0.021957,0.9639,-0.036474,0.033211,0.9444,0.024708,0.025512,0.8983,-0.035559,0.007681,0.9911,0.023112,-7.8e-05,0.959,-0.082654,0.054062,0.9442,0.096069,0.02929,0.9016,-0.002645,0.046839,0.9486,-0.040435,0.055769,0.9751,0.030323,0.045373,0.9491,3.3e-05,0.076231,0.9174,-0.058728,0.088114,0.8253,0.065922,0.067518,0.7453,0.00223,0.100472,0.941,-0.075126,0.127073,0.8468,0.120995,0.099576,0.6411,0.004224,0.113352,0.8607,0.005666,0.121685,0.8444,-0.048421,0.174845,0.9175,0.080522,0.138413,0.9014,0.003273,0.107354,0.8893,0,0,0,0,0,0,0,0,0,0,0,0,0,0,0,0,0,0,0,0,0
DOGS/dog_4847114/dog_4847114_t0_000025.jpg,masha,pug,sad,-0.126192,-0.159201,0.8163,0.143516,-0.127974,0.4179,-0.184359,-0.12558,0.7624,0.186055,-0.073174,0.4971,-0.214125,-0.060752,0.5444,0.203731,-0.013306,0.3987,-0.250176,0.032095,1.0015,0.216755,0.026258,0.1425,-0.277012,-0.057601,0.7871,0.211833,-0.024122,0.4749,-0.263223,-0.1213,0.8772,0.189099,-0.09941,0.3297,-0.201845,-0.072317,0.5287,0.156117,-0.122009,0.6955,-0.023678,-0.091894,0.5721,0.054774,-0.091599,0.6179,-0.080512,0.001032,0.9405,0.116551,-0.005945,0.9786,-0.14793,-0.000388,0.9844,0.170694,-0.005926,0.9059,-0.116151,-0.020821,0.9446,0.1458,-0.023916,0.973,-0.116165,0.021926,0.9609,0.143715,0.012497,0.8885,0.024651,-0.0317,0.9163,0.026743,-0.00787,0.9855,-0.008564,-0.000678,0.9226,0.060886,0.000471,0.9587,-0.008347,-0.026413,0.9078,0.058212,-0.025184,0.9285,-0.120194,0.059324,0.8609,0.144947,0.047785,0.7959,0.028176,0.019739,0.9559,-0.015227,0.0224,0.9316,0.067805,0.022103,0.9034,0.029467,0.051295,0.9404,-0.052158,0.049558,0.5088,0.09762,0.043518,0.5455,0.030996,0.088337,0.9132,-0.116509,0.128362,0.2429,0.166985,0.11389,0.6184,0.030877,0.097681,0.9815,0.031108,0.104317,0.901,-0.042561,0.151849,0.4035,0.111372,0.159772,0.4583,0.03075,0.093445,1.0629,0,0,0,0,0,0,0,0,0,0,0,0,0,0,0,0,0,0,0,0,0
DOGS/dog_4847114/dog_4847114_t0_000125.jpg,masha,pug,sad,-0.125579,-0.156355,0.8574,0.114068,-0.153742,0.6267,-0.183549,-0.124383,0.6756,0.183435,-0.102301,0.5097,-0.207493,-0.062227,0.5773,0.210746,-0.049636,0.3981,-0.240241,0.037658,0.9881,0.222798,0.032609,0.6421,-0.266424,-0.053437,0.8155,0.260312,-0.025702,0.4492,-0.25414,-0.116004,0.7054,0.184337,-0.116196,0.2424,-0.203841,-0.042673,0.626,0.155543,-0.139367,0.6662,-0.030327,-0.089749,0.5893,0.048594,-0.094654,0.6427,-0.085015,0.004491,1.0056,0.113339,-0.009464,0.9525,-0.149884,0.004123,0.9954,0.171156,-0.011121,0.9049,-0.119205,-0.016413,0.9522,0.143645,-0.030017,0.9081,-0.118231,0.024228,0.9307,0.143634,0.009336,0.8825,0.0188,-0.029994,0.9191,0.020878,-0.006721,0.934,-0.013704,0.001868,0.9432,0.055711,0.000392,0.9731,-0.013684,-0.023948,0.8999,0.052573,-0.024953,0.9489,-0.119811,0.0614,0.8317,0.145583,0.045527,0.8045,0.022311,0.021006,0.9617,-0.019876,0.024835,0.9481,0.063176,0.022067,0.9214,0.024074,0.052442,0.9166,-0.054289,0.05064,0.5635,0.095553,0.043165,0.4599,0.025547,0.089154,0.9329,-0.11706,0.137067,0.3376,0.165271,0.114338,0.4217,0.025573,0.098957,1.0454,0.026029,0.105451,0.958,-0.046843,0.156854,0.4592,0.104072,0.157139,0.3943,0.025298,0.094692,1.0316,0,0,0,0,0,0,0,0,0,0,0,0,0,0,0,0,0,0,0,0,0
DOGS/dog_5001204/dog_5001204_t0_000275.jpg,danek,Labrador retriever,neutral,-0.135138,-0.164399,0.8207,0.090754,-0.149349,0.9349,-0.208568,-0.149576,0.7344,0.125673,-0.131475,0.8749,-0.250606,-0.128478,0.875,0.138232,-0.103259,0.8517,-0.283749,-0.074723,0.9238,0.143408,-0.073358,0.932,-0.238081,-0.087186,0.8275,0.130863,-0.080676,0.9979,-0.212845,-0.065203,0.8871,0.120822,-0.088019,0.7121,-0.176773,-0.05575,0.8067,0.106783,-0.084491,0.5729,-0.013697,-0.111952,0.7091,0.038348,-0.104072,0.6685,-0.044265,-0.056663,0.9843,0.063947,-0.044111,0.9362,-0.090367,-0.076809,1.0162,0.097911,-0.051937,0.962,-0.062283,-0.081314,0.9495,0.080093,-0.062073,1.0037,-0.071069,-0.056065,0.9194,0.082846,-0.035907,0.9949,0.024999,0.018578,0.8886,0.041964,0.084494,0.9443,0.007911,0.08275,0.9272,0.069099,0.088934,0.9437,-0.006874,0.021593,0.8752,0.054616,0.026251,0.9341,-0.069845,-0.018056,0.8929,0.074405,-0.004047,1.0075,0.041125,0.109954,0.914,0.006979,0.104979,0.9217,0.06843,0.112983,0.9976,0.036145,0.124156,0.9318,-0.03685,0.095705,0.7759,0.082385,0.100049,0.8219,0.033407,0.129791,0.9496,-0.081158,0.097291,0.9508,0.085767,0.076028,0.8823,0.018547,0.174055,0.8417,0.016536,0.178676,0.8055,-0.035026,0.143217,0.9276,0.071592,0.12821,0.8008,0.020728,0.173601,0.769,0,0,0,0,0,0,0,0,0,0,0,0,0,0,0,0,0,0,0,0,0
DOGS/dog_5226990/dog_5226990_t0_000000.jpg,masha,West Highland white terrier,neutral,-0.138842,-0.084693,0.9026,0.151439,-0.145256,0.6936,-0.164859,-0.013516,0.855,0.227771,-0.120588,0.7189,-0.163379,0.05442,0.7913,0.25493,-0.052473,0.7742,-0.118704,0.123904,0.9907,0.280379,0.032616,0.9051,-0.144705,0.066584,0.6213,0.27687,-0.058285,0.787,-0.148765,0.029473,0.5746,0.247807,-0.110852,0.4724,-0.135429,-0.000916,0.584,0.219473,-0.072206,0.7064,-0.047482,-0.122345,0.8492,-0.000442,-0.134365,0.7595,-0.074772,-0.054964,0.989,0.046733,-0.082429,1.0118,-0.117348,-0.041434,0.9914,0.097797,-0.098978,0.9807,-0.101671,-0.067001,0.9982,0.068005,-0.109521,0.9491,-0.093852,-0.032378,1.0117,0.076592,-0.076632,0.9839,-0.029635,-0.042535,0.9555,-0.04202,-0.002649,1.0059,-0.070841,0.011328,0.9749,-0.004577,-0.003457,0.9803,-0.058697,-0.032531,0.9505,0.001413,-0.040688,0.9302,-0.094703,0.001826,1.0193,0.086625,-0.039334,0.9117,-0.039676,0.035142,0.965,-0.070438,0.043466,1.0342,0.003061,0.026125,0.9991,-0.028755,0.072658,0.9159,-0.088061,0.05509,0.7572,0.043894,0.022748,0.7994,-0.022224,0.088914,0.9404,-0.092507,0.080604,0.765,0.138051,0.039253,0.9917,0.017746,0.217009,0.6491,0.021399,0.222798,0.681,-0.059813,0.102004,0.769,0.046852,0.081261,0.8144,0.021674,0.270825,0.955,0,0,0,0,0,0,1,1,1,1,1,1,0,0,0,0,0,0,0,0,0
DOGS/dog_5263066/dog_5263066_t0_000150.jpg,masha,Pembroke,happy,-0.088703,-0.097507,0.9087,0.05709,-0.119146,0.8389,-0.130147,-0.143468,0.9725,0.091346,-0.168022,0.9221,-0.171949,-0.185624,0.9497,0.120038,-0.207412,0.9557,-0.231008,-0.199096,0.9469,0.165319,-0.233752,0.9787,-0.246951,-0.115989,0.8549,0.213672,-0.146399,0.8719,-0.221438,-0.02226,0.7735,0.199471,-0.0483,0.7164,-0.162325,0.042004,0.7168,0.159586,0.046058,0.7983,-0.030683,-0.066833,0.8065,0.01603,-0.068788,0.8233,-0.054114,-0.007792,0.9848,0.050485,-0.012296,0.9775,-0.098367,-0.004184,0.9594,0.096466,-0.018831,0.996,-0.079705,-0.027846,0.9936,0.073101,-0.040848,0.9896,-0.075755,0.009642,0.9655,0.076859,0.004516,1.0178,0.001817,0.002045,0.9254,0.008576,0.031838,0.9559,-0.018661,0.041185,0.9202,0.036204,0.035404,0.9862,-0.021614,0.010066,0.9337,0.026441,0.005039,0.9767,-0.074101,0.045401,0.942,0.082034,0.039563,0.9642,0.013173,0.063414,1.0041,-0.020825,0.066211,1.008,0.045891,0.05995,0.9771,0.015011,0.095699,0.9663,-0.047552,0.077993,0.8425,0.069808,0.069396,0.8623,0.015733,0.110059,0.9898,-0.080834,0.112305,0.9463,0.097497,0.094134,0.9611,0.022077,0.194158,0.9073,0.022536,0.199267,0.8849,-0.034426,0.123397,0.9803,0.062076,0.115305,1.0192,0.021866,0.197827,0.959,0,0,0,0,0,0,0,0,0,0,0,0,0,0,0,0,0,0,0,0,0
DOGS/dog_5279819/dog_5279819_t0_000174.jpg,mafin,Rhodesian ridgeback,neutral,-0.065889,-0.14949,0.8447,0.031403,-0.146577,0.8667,-0.087659,-0.189159,0.9085,0.049361,-0.184533,0.9615,-0.112034,-0.223732,0.9229,0.069793,-0.21609,0.9784,-0.144511,-0.246385,1.0194,0.105945,-0.234817,0.9734,-0.145161,-0.194424,0.8965,0.124504,-0.180363,0.9676,-0.126178,-0.140772,0.8107,0.126684,-0.127466,0.9438,-0.105564,-0.07747,0.8491,0.093638,-0.072952,0.9396,-0.047741,-0.053326,0.7958,-0.012701,-0.062435,0.8968,-0.050334,0.007248,0.9542,0.022937,-0.018369,0.989,-0.076282,0.001245,0.9516,0.053694,-0.040844,0.987,-0.064143,-0.00385,0.9666,0.031075,-0.04057,0.977,-0.06211,0.012866,0.9668,0.043301,-0.020317,0.9782,-0.004099,0.050658,0.9018,0.004723,0.114527,0.9569,-0.013396,0.12011,0.9123,0.028071,0.112355,0.892,-0.021948,0.060158,0.9638,0.01792,0.05018,0.9003,-0.04734,0.039493,0.8984,0.049878,0.010148,0.9476,0.012292,0.139065,0.9918,-0.007081,0.143285,0.9564,0.036048,0.132825,1.0017,0.019341,0.154964,1.0056,-0.019114,0.134111,0.8899,0.05172,0.115009,0.8507,0.021195,0.158426,1.0167,-0.028161,0.116836,0.9243,0.073225,0.09973,0.8939,0.022864,0.161441,0.9857,0.02391,0.163402,0.9622,-0.002353,0.161025,0.9396,0.053294,0.146129,0.9347,0.022121,0.160092,1.0031,1,1,0,0,0,0,0,0,0,0,0,0,0,0,0,0,0,0,0,0,1
DOGS/dog_5279819/dog_5279819_t0_000261.jpg,mafin,malinois,neutral,-0.107443,-0.144783,0.8793,0.014162,-0.125707,0.8346,-0.128331,-0.187381,0.9411,0.036169,-0.152251,0.6874,-0.153735,-0.22538,1.0509,0.060263,-0.187153,0.5503,-0.19712,-0.252265,0.9658,0.113791,-0.217797,0.3187,-0.203593,-0.188529,0.8564,0.083022,-0.129625,0.1928,-0.187775,-0.115861,0.8352,0.067272,-0.106653,0.6657,-0.166208,-0.055025,0.8112,0.047468,-0.078612,0.8632,-0.012349,-0.061674,0.6881,0.017189,-0.063398,0.7037,-0.018901,-0.00376,0.9525,0.044098,-0.007929,0.7907,-0.049306,-0.010803,0.8312,0.060202,-0.017788,0.741,-0.034232,-0.015683,0.9618,0.05022,-0.021963,0.7691,-0.033774,0.000992,0.9132,0.054241,-0.004355,0.8253,0.032139,0.045573,0.8615,0.054778,0.100705,0.8194,0.036188,0.107688,0.7886,0.071163,0.099934,0.7577,0.013079,0.05277,0.826,0.051736,0.04804,0.8363,-0.031262,0.032721,0.8596,0.058487,0.022863,0.808,0.059341,0.123535,0.866,0.040135,0.128714,0.7905,0.085079,0.119752,0.7726,0.063129,0.142695,0.8807,0.009665,0.122682,0.7112,0.093666,0.106976,0.8783,0.063268,0.148847,0.8854,-0.064951,0.100489,0.9476,0.093048,0.090889,0.7213,0.06343,0.154714,0.8616,0.063866,0.157857,0.8095,0.022685,0.155735,0.6781,0.096043,0.135816,0.7833,0.06637,0.158805,0.0,0,0,0,0,0,0,0,0,0,0,0,0,0,0,0,0,0,0,0,0,0
DOGS/dog_5279819/dog_5279819_t0_000348.jpg,mafin,malinois,angry,-0.106766,-0.16139,0.8166,0.019155,-0.145161,0.9391,-0.124189,-0.203314,0.8552,0.035281,-0.16705,0.8718,-0.148046,-0.238795,0.9374,0.058628,-0.191656,0.7293,-0.185258,-0.261915,1.0167,0.104047,-0.214763,0.4943,-0.199761,-0.190761,0.9304,0.068733,-0.14464,0.3661,-0.185328,-0.124766,0.7918,0.05976,-0.108668,0.6842,-0.157112,-0.062477,0.8646,0.044343,-0.077088,0.9086,-0.019026,-0.065955,0.7439,0.013858,-0.065163,0.7616,-0.030786,-0.004887,0.9813,0.039825,-0.00477,0.9632,-0.066214,-0.025445,0.8443,0.060764,-0.01427,0.8888,-0.048378,-0.026079,0.9577,0.04835,-0.017815,0.9688,-0.049329,-0.009164,0.9541,0.052159,-0.000755,0.97,0.023049,0.047048,0.9052,0.050809,0.106792,0.8627,0.029755,0.114326,0.9206,0.069079,0.104507,0.8568,0.001283,0.054909,0.8983,0.043548,0.048313,0.9206,-0.045014,0.02189,0.9044,0.0537,0.024319,0.8895,0.056326,0.127995,0.9645,0.031549,0.133576,0.9177,0.074141,0.124702,0.9803,0.055941,0.142523,0.9298,-0.010009,0.123505,0.6871,0.07793,0.110227,0.8024,0.055579,0.145829,0.9833,-0.066808,0.104834,0.7871,0.074757,0.089649,0.9289,0.054928,0.152188,0.7933,0.055123,0.154651,0.7725,0.000874,0.151394,0.7957,0.076464,0.131963,0.8878,0.055091,0.151149,0.79,0,0,0,0,0,0,0,0,0,0,0,0,0,0,0,0,0,0,0,0,0
DOGS/dog_5279819/dog_5279819_t0_000435.jpg,mafin,Rhodesian ridgeback,relaxed,-0.074423,-0.150642,0.9297,0.025953,-0.14733,0.9305,-0.094026,-0.188769,0.9683,0.045848,-0.182436,0.9803,-0.117412,-0.220338,1.0083,0.071787,-0.212107,0.9886,-0.150967,-0.240724,1.0141,0.111871,-0.231381,0.9841,-0.161491,-0.185136,0.9404,0.114586,-0.170427,0.9635,-0.149887,-0.127895,0.91,0.102336,-0.121888,0.9073,-0.124162,-0.064277,0.8972,0.073111,-0.071735,0.9768,-0.029074,-0.05524,0.7668,0.007383,-0.056719,0.8492,-0.04127,0.00211,0.9804,0.033921,-0.004181,0.9793,-0.074312,-0.008934,0.9192,0.05622,-0.016308,0.9259,-0.056982,-0.011233,0.9712,0.042519,-0.017837,0.9573,-0.058075,0.004605,0.9554,0.047304,-0.002579,0.9315,0.008655,0.050054,0.923,0.02204,0.116123,0.9348,0.00126,0.121045,0.9017,0.042663,0.115779,0.8836,-0.012748,0.057364,0.9097,0.030388,0.053471,0.9251,-0.050247,0.037471,0.9059,0.048242,0.027334,0.921,0.026027,0.140499,0.9309,0.002934,0.142321,0.9548,0.046436,0.137242,0.886,0.026331,0.155241,0.9441,-0.018404,0.128907,0.8573,0.055739,0.117798,0.8403,0.026343,0.157771,0.988,-0.043905,0.118863,0.8443,0.061824,0.099789,0.9639,0.026492,0.160776,0.975,0.026627,0.162773,0.9441,-0.008938,0.155597,0.9981,0.052906,0.141401,0.9143,0.026393,0.159568,0.9935,0,0,0,0,0,0,0,0,0,0,0,0,0,0,0,0,0,0,0,0,0
DOGS/dog_5340598/dog_5340598_t0_000090.jpg,masha,dingo,relaxed,-0.079988,-0.137337,1.0113,0.071157,-0.170262,0.8149,-0.135912,-0.143673,0.8855,0.11974,-0.20289,0.9511,-0.189349,-0.124075,0.8683,0.179266,-0.206856,0.8612,-0.214642,-0.053111,0.9068,0.245425,-0.150412,0.8259,-0.174976,-0.086002,0.7898,0.18837,-0.160966,1.0126,-0.150023,-0.068366,0.9216,0.168323,-0.117637,0.9305,-0.118725,-0.03961,0.9582,0.141296,-0.072132,0.942,-0.030189,-0.088212,0.9392,0.012353,-0.094221,0.9685,-0.054963,-0.030949,0.9689,0.049314,-0.042375,0.9794,-0.088112,-0.033291,0.9704,0.085361,-0.056654,0.9499,-0.07178,-0.044866,0.9669,0.062931,-0.062021,0.9612,-0.071646,-0.021931,0.9707,0.069641,-0.039478,0.9297,-0.010134,0.016177,0.9605,-0.014558,0.070393,1.0164,-0.039903,0.077902,0.9669,0.013102,0.077186,0.8863,-0.035419,0.023624,0.9633,0.017193,0.021779,0.9349,-0.065027,0.012343,0.9977,0.069567,0.001026,0.8985,-0.009061,0.107189,0.9263,-0.036182,0.109029,0.9629,0.018716,0.103309,0.9738,-0.003305,0.133091,0.866,-0.050662,0.108987,0.9117,0.045882,0.096315,0.9378,-0.000916,0.143691,0.9128,-0.061544,0.105665,0.9071,0.104884,0.046928,0.9881,0.010945,0.20043,1.0587,0.01295,0.211165,1.0511,-0.034021,0.144979,0.955,0.039672,0.13726,0.8775,0.008686,0.187347,1.0389,0,0,0,0,0,0,0,0,0,0,0,0,0,0,0,0,0,0,0,0,0
DOGS/dog_5384954/dog_5384954_t0_000125.jpg,masha,French bulldog,relaxed,-0.098349,-0.056016,0.8192,0.107005,-0.139089,0.8925,-0.104465,-0.066729,0.8449,0.139328,-0.165842,0.9203,-0.114442,-0.077416,0.8114,0.167409,-0.198054,0.9359,-0.126333,-0.100556,0.9203,0.207219,-0.227657,0.9504,-0.12337,-0.06882,0.8335,0.243573,-0.178749,0.93,-0.118039,-0.058164,0.6192,0.241106,-0.110624,0.6062,-0.116057,-0.029926,0.5589,0.218506,-0.064512,0.9112,-0.066361,-0.022846,0.4379,-0.017293,-0.038418,0.42,-0.094063,0.046764,0.8432,0.041082,-0.001764,0.8313,-0.120353,0.05555,0.8392,0.095753,-0.032984,0.9003,-0.11185,0.04671,0.8888,0.062138,-0.032453,0.9463,-0.105059,0.061659,0.8866,0.083772,-0.002607,0.8581,-0.04425,0.009458,0.8854,-0.044502,0.034663,0.9171,-0.066635,0.049932,0.9112,-0.022129,0.041133,0.8933,-0.068491,0.021274,0.9316,-0.015499,0.00728,0.8952,-0.096479,0.078739,0.8847,0.101243,0.023945,0.7494,-0.049854,0.067805,0.9233,-0.07417,0.076075,0.898,-0.022096,0.062616,0.7503,-0.037704,0.099821,0.5951,-0.076486,0.081393,0.5774,0.032225,0.056241,0.3689,-0.02487,0.122599,0.6292,-0.083319,0.112432,0.3546,0.183255,0.083921,0.8732,-0.019931,0.14605,0.8096,-0.017436,0.151622,0.7977,-0.052672,0.148863,0.8175,0.100471,0.1461,0.3361,-0.021914,0.14194,0.7372,0,0,0,0,0,0,0,0,0,0,0,0,0,0,0,0,0,0,0,0,0
DOGS/dog_5394386/dog_5394386_t0_000087.jpg,masha,dingo,surprise,-0.048059,-0.119428,0.9521,0.031867,-0.127157,0.9956,-0.085318,-0.157426,0.9939,0.054818,-0.179039,1.0329,-0.12108,-0.193518,0.9815,0.073991,-0.227309,0.9605,-0.171072,-0.217718,0.9571,0.112078,-0.270344,1.0088,-0.172969,-0.143766,0.9685,0.145865,-0.197765,0.9334,-0.152649,-0.075284,0.9804,0.154157,-0.123881,0.9322,-0.117625,-0.016911,0.9503,0.144846,-0.05282,0.9044,-0.02231,-0.064766,0.9306,0.015959,-0.067309,0.9221,-0.04017,-0.000846,0.9763,0.049184,-0.009778,0.9873,-0.071247,0.001655,0.9658,0.083808,-0.012965,0.9407,-0.058005,-0.014874,0.9884,0.064999,-0.026028,0.9733,-0.055,0.013404,0.953,0.068421,0.000394,1.0099,-0.001434,0.021381,0.9673,-0.004911,0.064371,0.9775,-0.030388,0.074134,0.9774,0.02274,0.06806,0.9643,-0.023451,0.028982,0.98,0.023442,0.025651,0.965,-0.053313,0.047652,0.9798,0.072195,0.035261,0.9801,-0.003116,0.097486,0.984,-0.032059,0.10158,0.9735,0.029153,0.094366,0.9761,0.000697,0.126564,1.0428,-0.046428,0.107188,0.9567,0.055292,0.094261,0.8669,0.002838,0.138237,1.0369,-0.059185,0.110502,0.8875,0.094889,0.091484,1.0065,0.019635,0.241811,0.9975,0.022101,0.255479,0.9305,-0.032299,0.144989,0.9669,0.053912,0.13603,0.9647,0.016927,0.22249,0.7875,0,1,0,0,0,0,0,0,1,0,1,1,0,0,0,0,0,0,0,0,0
DOGS/dog_5394386/dog_5394386_t0_000174.jpg,masha,German shepherd,surprise,-0.043955,-0.12518,0.9571,0.03113,-0.13184,0.9421,-0.081293,-0.159377,0.9992,0.049543,-0.17754,0.9934,-0.114071,-0.190897,0.9822,0.066422,-0.220583,1.0178,-0.160972,-0.212489,1.0048,0.100241,-0.258543,1.0011,-0.164274,-0.146973,0.9844,0.130691,-0.198368,0.9803,-0.145149,-0.087215,0.972,0.140676,-0.131801,1.0164,-0.112899,-0.034539,0.9816,0.136859,-0.066281,0.9046,-0.023041,-0.066608,0.9088,0.014007,-0.069483,0.8987,-0.037226,-0.004591,0.9515,0.045407,-0.011213,0.9256,-0.070377,-0.002397,1.0239,0.08092,-0.018021,1.0231,-0.056021,-0.017883,0.9732,0.060455,-0.028673,0.9715,-0.053211,0.009133,0.9027,0.0656,-0.003471,0.9684,-0.000776,0.026517,0.9567,-0.005248,0.079965,0.976,-0.031297,0.087539,0.9931,0.022645,0.082636,0.9317,-0.023963,0.034666,0.9412,0.024281,0.030324,0.9726,-0.049282,0.040451,0.9739,0.068234,0.028367,0.9644,-0.003985,0.110942,0.9489,-0.031377,0.114265,0.9667,0.027817,0.109075,0.9786,0.000124,0.135546,0.9882,-0.044694,0.112928,0.9902,0.052018,0.100828,0.9784,0.002526,0.14479,0.9787,-0.054639,0.104835,0.808,0.087367,0.08937,0.9763,0.026569,0.240487,0.974,0.02901,0.251458,0.9958,-0.0301,0.148562,0.9836,0.052664,0.138766,0.9387,0.024912,0.226139,0.7824,1,0,0,0,0,0,1,0,1,1,1,1,0,0,0,0,0,0,0,0,1
DOGS/dog_5394386/dog_5394386_t0_000261.jpg,masha,German shepherd,pain,-0.062534,-0.100374,1.014,0.043803,-0.113623,0.9991,-0.103797,-0.136219,1.0345,0.069797,-0.167898,0.9805,-0.131447,-0.173262,0.9976,0.088174,-0.220725,0.9795,-0.180675,-0.19864,0.9852,0.126444,-0.260655,0.9773,-0.173052,-0.121992,0.9877,0.171056,-0.183619,0.9569,-0.147594,-0.053474,0.9841,0.176078,-0.110287,1.0009,-0.111189,0.001298,0.9599,0.166508,-0.042657,0.9008,-0.030274,-0.060041,0.9475,0.005031,-0.066046,0.9733,-0.04271,0.001181,0.9368,0.050736,-0.005157,0.9731,-0.073214,0.005561,1.0153,0.087335,-0.009684,0.9848,-0.059554,-0.009661,0.9765,0.066717,-0.020727,0.9688,-0.057259,0.014592,0.957,0.071055,0.003215,0.9776,-0.001544,0.012504,0.9401,-0.009739,0.046924,0.9727,-0.038664,0.055873,0.991,0.023186,0.051935,0.9195,-0.025617,0.018516,0.9529,0.022422,0.018635,0.9351,-0.062523,0.037423,0.9594,0.073598,0.030023,0.9547,-0.009695,0.079285,0.9636,-0.042921,0.082801,0.9699,0.028513,0.07597,1.0012,-0.008191,0.094758,0.9657,-0.059251,0.089725,0.9634,0.054501,0.067115,0.8576,-0.006109,0.106801,1.0139,-0.068968,0.102685,0.9175,0.086925,0.110789,0.9412,0.044261,0.289212,0.9627,0.049301,0.305515,1.0019,-0.039969,0.124369,0.9359,0.051138,0.116463,0.9229,0.029961,0.231288,0.668,1,0,0,1,1,0,0,0,1,0,1,0,0,0,0,0,0,0,0,0,1
DOGS/dog_5478926/dog_5478926_t0_000300.jpg,masha,German shepherd,relaxed,-0.057385,-0.139651,1.0167,-0.001904,-0.135825,1.0043,-0.059348,-0.177845,1.0012,0.008052,-0.173401,0.9911,-0.067524,-0.222594,1.0142,0.024214,-0.205973,0.9764,-0.101729,-0.262972,1.0123,0.062488,-0.231482,1.0117,-0.13702,-0.201274,0.9288,0.081948,-0.183608,0.9605,-0.15835,-0.134903,0.9082,0.090622,-0.127559,0.9162,-0.159366,-0.042589,0.8927,0.081088,-0.059668,0.8722,-0.034007,-0.076755,0.9277,-0.000518,-0.076887,0.8423,-0.034319,-0.014276,0.9907,0.023401,9e-05,0.9878,-0.058069,-0.015808,0.9567,0.047829,-0.010188,0.9809,-0.041812,-0.026238,0.9943,0.03359,-0.017892,0.9949,-0.043866,-0.004704,0.9679,0.037255,0.007818,0.9591,0.018336,0.037314,0.9493,0.036255,0.09834,0.9505,0.015511,0.103446,0.9207,0.0552,0.096109,0.962,-0.002562,0.053594,0.9141,0.039263,0.049318,0.921,-0.044,0.025992,0.9539,0.057116,0.03497,0.9722,0.035495,0.125551,0.9891,0.013611,0.123244,0.9315,0.059159,0.124294,0.9555,0.032271,0.147729,0.9189,-0.036866,0.14704,0.8968,0.067842,0.117996,0.9156,0.02936,0.170049,0.9447,-0.08906,0.127443,0.9064,0.080161,0.11852,0.8744,0.023451,0.187639,0.9383,0.023129,0.194321,0.9362,-0.030036,0.186002,0.9304,0.059274,0.183106,0.9592,0.025024,0.180328,0.969,0,0,0,0,0,0,0,0,0,0,0,0,0,0,0,0,0,0,0,0,0
DOGS/dog_5479940/dog_5479940_t0_000175.jpg,masha,Great Dane,relaxed,-0.133154,-0.144013,0.9733,0.109595,-0.180173,0.9406,-0.15064,-0.066405,0.9131,0.159377,-0.120615,0.7465,-0.139007,0.013024,0.9216,0.165385,-0.034453,0.7947,-0.148454,0.109735,0.8367,0.216046,0.042956,0.9969,-0.191115,0.034352,0.9157,0.23866,-0.041777,0.7951,-0.227631,-0.035693,0.9343,0.218669,-0.094788,0.6263,-0.147309,-0.145075,0.7476,0.148648,-0.048012,0.6099,-0.040017,-0.145505,0.8436,0.01059,-0.150978,0.9258,-0.076137,-0.067297,0.9697,0.059655,-0.088032,0.9832,-0.11354,-0.067353,0.9377,0.104264,-0.096551,1.0103,-0.09788,-0.086025,0.976,0.079463,-0.110718,0.9874,-0.094155,-0.053516,0.9926,0.084179,-0.078804,1.0007,-0.006817,-0.036159,0.9388,-0.007031,0.011379,0.9746,-0.045768,0.025582,0.9027,0.034525,0.013468,0.9794,-0.039096,-0.024128,0.9677,0.026172,-0.033688,0.9975,-0.086033,-0.011757,1.0036,0.086591,-0.037923,0.9679,-0.00127,0.055151,1.0036,-0.047146,0.063052,0.9534,0.043799,0.051692,0.9704,0.005696,0.103492,0.9603,-0.068537,0.078748,0.9133,0.073593,0.059964,0.8219,0.008149,0.120151,0.9725,-0.084896,0.099177,0.8321,0.114731,0.072958,0.8683,0.025004,0.219453,1.0182,0.027477,0.232119,0.9638,-0.044662,0.139098,0.9851,0.069655,0.12779,0.9276,0.02239,0.203903,1.0492,0,0,0,0,0,1,1,1,1,1,0,1,0,0,0,0,0,0,0,0,0
DOGS/dog_5495995/dog_5495995_t0_000069.jpg,danek,American Staffordshire terrier,relaxed,-0.087922,-0.10496,0.9605,0.100464,-0.150874,0.9487,-0.121276,-0.118379,0.9626,0.114295,-0.191404,0.8812,-0.161231,-0.130475,1.0204,0.150056,-0.211156,0.7403,-0.221197,-0.103399,0.9142,0.206684,-0.165786,0.7048,-0.192314,-0.061897,0.9771,0.241484,-0.187395,0.786,-0.166612,-0.023414,0.9474,0.21409,-0.118194,0.6366,-0.135417,0.005378,0.9563,0.189342,-0.081572,0.9825,-0.035109,-0.061523,0.6964,0.021588,-0.071851,0.7155,-0.064866,0.005323,0.9739,0.067248,-0.016316,0.92,-0.100406,0.004709,0.9656,0.119009,-0.028048,1.0368,-0.084469,-0.00866,0.947,0.089959,-0.03978,0.993,-0.08274,0.018927,1.0069,0.097441,-0.004141,1.0005,-0.013225,-0.00994,0.9273,-0.017983,0.014789,0.985,-0.044293,0.0259,0.9799,0.015714,0.017822,0.9842,-0.039137,-0.001153,0.9562,0.015843,-0.008727,0.9514,-0.081417,0.047587,0.9271,0.105709,0.031431,0.8943,-0.01689,0.044536,0.9975,-0.048397,0.05036,0.9341,0.025837,0.041429,0.9139,-0.012649,0.079037,1.012,-0.066887,0.079311,0.7605,0.066169,0.064514,0.5706,-0.007798,0.107514,1.0764,-0.07409,0.129671,0.6988,0.144185,0.131497,1.0494,0.009456,0.19688,0.9309,0.013521,0.21165,0.9068,-0.038387,0.153977,0.8549,0.087507,0.171513,0.937,0.003328,0.165452,0.8436,0,0,0,0,0,0,0,0,0,0,0,0,0,0,0,0,0,0,0,0,0
DOGS/dog_5496004/dog_5496004_t0_000184.jpg,masha,American Staffordshire terrier,surprise,-0.065268,-0.117298,0.9796,0.05389,-0.126371,0.9748,-0.096184,-0.153149,0.9472,0.065994,-0.168865,0.9586,-0.148086,-0.175302,0.9044,0.088301,-0.20178,0.8889,-0.209469,-0.199083,0.9944,0.130777,-0.227191,0.7633,-0.191751,-0.136205,0.9359,0.15949,-0.166935,0.795,-0.172504,-0.079496,0.9153,0.160111,-0.099936,0.9576,-0.149307,-0.022182,0.9378,0.143167,-0.043143,0.9544,-0.034221,-0.075498,0.8233,0.011391,-0.081819,0.879,-0.066054,-0.005859,0.9541,0.061108,-0.024289,0.9472,-0.101872,-0.002824,0.976,0.095934,-0.033908,0.9937,-0.085808,-0.016602,0.9952,0.075997,-0.042886,0.992,-0.082887,0.006413,0.97,0.080915,-0.017638,1.0003,0.002116,0.01303,0.9755,0.009179,0.053507,0.9481,-0.018999,0.062965,0.9694,0.038996,0.056601,0.9172,-0.024768,0.022318,0.9684,0.031264,0.015448,0.9445,-0.076962,0.037981,0.9394,0.086153,0.01565,0.9675,0.013579,0.084448,0.9685,-0.019856,0.08902,0.9807,0.046762,0.081348,0.9287,0.016605,0.113772,0.945,-0.046053,0.10281,0.8661,0.076207,0.090293,0.8432,0.01868,0.131339,0.9413,-0.071883,0.130717,0.7493,0.105238,0.113418,0.7602,0.033476,0.225655,0.9742,0.035173,0.236322,0.9153,-0.027454,0.165945,0.9735,0.072944,0.157855,0.9678,0.028901,0.192371,0.9126,0,1,0,0,0,0,1,0,1,1,0,1,0,0,0,0,0,0,0,0,1
DOGS/dog_5496004/dog_5496004_t0_000253.jpg,masha,American Staffordshire terrier,surprise,-0.058112,-0.140657,0.9935,0.048914,-0.148044,0.9582,-0.100348,-0.176723,0.8903,0.069604,-0.201435,0.9273,-0.164799,-0.15828,0.9251,0.134296,-0.207969,0.8227,-0.197798,-0.071613,0.985,0.20719,-0.164135,0.9117,-0.176316,-0.106202,0.892,0.179022,-0.16689,0.7697,-0.168499,-0.080417,0.9453,0.175445,-0.122449,1.0207,-0.152787,-0.053867,0.9866,0.152947,-0.070225,0.962,-0.033921,-0.083879,0.7868,0.01252,-0.088319,0.8004,-0.071681,-0.004548,0.9728,0.06237,-0.023155,0.9933,-0.110768,-0.005603,0.9977,0.099842,-0.034735,0.9896,-0.091621,-0.019334,0.9888,0.078181,-0.043625,0.9878,-0.09089,0.007455,0.9728,0.084391,-0.017089,1.0252,-0.001438,0.018768,0.9612,0.002966,0.057684,0.9975,-0.028767,0.070482,0.9608,0.037698,0.062052,0.9406,-0.031293,0.028166,0.9475,0.030313,0.020923,0.9418,-0.085276,0.042375,0.8883,0.088592,0.018185,0.9477,0.005356,0.093796,0.9506,-0.031347,0.099017,0.972,0.044959,0.090651,0.9567,0.008635,0.126182,0.9479,-0.058075,0.113625,0.8649,0.075436,0.100781,0.853,0.011041,0.143064,0.9479,-0.090082,0.138274,0.7616,0.100414,0.120981,0.7433,0.014479,0.168038,0.8994,0.014372,0.175289,0.8527,-0.043544,0.179129,0.9309,0.072581,0.167424,0.9287,0.013689,0.157799,0.9648,0,0,0,0,0,0,0,0,1,0,0,1,0,0,0,0,0,0,0,0,0
DOGS/dog_5496004/dog_5496004_t0_000322.jpg,masha,American Staffordshire terrier,relaxed,-0.062085,-0.142305,0.9657,0.047048,-0.152112,0.9405,-0.104861,-0.178556,0.9127,0.071439,-0.205237,0.88,-0.170083,-0.154742,0.9611,0.144611,-0.197833,0.8017,-0.203743,-0.071321,0.9661,0.209057,-0.142843,0.982,-0.179648,-0.1046,0.9694,0.181537,-0.155412,0.8115,-0.171504,-0.077671,0.9281,0.173506,-0.121605,0.9717,-0.154357,-0.051847,0.9498,0.150366,-0.074495,1.0009,-0.035758,-0.085567,0.782,0.011772,-0.090294,0.8132,-0.072425,-0.008262,0.9423,0.060798,-0.027655,0.968,-0.111624,-0.009176,1.0012,0.097913,-0.039231,0.9551,-0.092415,-0.022771,1.0026,0.076467,-0.047833,0.986,-0.091685,0.003985,0.9526,0.082664,-0.02172,1.0005,-0.001573,0.021743,0.9269,0.004485,0.063998,0.9228,-0.024796,0.07331,0.9402,0.035914,0.068907,0.9191,-0.030726,0.031424,0.9677,0.029827,0.024329,0.9567,-0.085544,0.03767,0.9175,0.086046,0.013065,0.9538,0.008402,0.096973,0.9856,-0.023789,0.099978,0.9312,0.041874,0.095128,0.9496,0.011447,0.127341,0.946,-0.051124,0.115075,0.8194,0.071968,0.104782,0.82,0.013523,0.143204,0.9626,-0.081245,0.144864,0.8005,0.098218,0.123581,0.8139,0.01466,0.153595,0.9675,0.015091,0.158813,0.9118,-0.03781,0.178392,0.8581,0.070631,0.172117,0.8959,0.014003,0.147354,0.9818,0,0,0,0,0,0,0,0,0,0,0,0,0,0,0,0,0,0,0,0,0
DOGS/dog_5496004/dog_5496004_t0_000414.jpg,masha,American Staffordshire terrier,neutral,-0.062452,-0.141055,0.9591,0.047815,-0.151257,0.9486,-0.105674,-0.177836,0.8859,0.071771,-0.205099,0.8478,-0.170913,-0.153795,0.9645,0.144871,-0.19955,0.8288,-0.205747,-0.071901,0.9687,0.210935,-0.144134,0.9019,-0.18059,-0.103647,0.9756,0.181275,-0.153972,0.7163,-0.171715,-0.076933,0.911,0.17402,-0.120943,0.9966,-0.153826,-0.050825,0.9553,0.150797,-0.073783,1.0024,-0.034887,-0.085916,0.7789,0.012572,-0.090262,0.831,-0.072204,-0.008397,0.943,0.06107,-0.027533,0.9885,-0.111261,-0.009467,0.9988,0.098196,-0.038936,0.9927,-0.092126,-0.022623,1.0239,0.076697,-0.047863,0.9496,-0.091516,0.00356,0.9548,0.082983,-0.02141,1.0133,-0.000287,0.023411,0.9838,0.005182,0.06637,0.9089,-0.024014,0.075191,0.9218,0.036776,0.070415,0.9004,-0.030211,0.033164,0.9535,0.031529,0.025836,0.9477,-0.085078,0.036899,0.9099,0.086792,0.013354,0.9368,0.009543,0.098664,0.9332,-0.022632,0.10172,0.9474,0.041644,0.096351,0.8847,0.012647,0.127949,0.9819,-0.050896,0.11661,0.801,0.07294,0.105529,0.8504,0.014813,0.143463,0.9675,-0.080325,0.145654,0.7697,0.10236,0.125028,0.7839,0.015937,0.152793,0.8692,0.016573,0.158768,0.8322,-0.037261,0.180065,0.85,0.076485,0.174478,0.8855,0.015355,0.147579,0.9355,0,0,0,0,0,0,0,0,0,0,0,0,0,0,0,0,0,0,0,0,0
DOGS/dog_5501734/dog_5501734_t0_000264.jpg,masha,Great Pyrenees,neutral,-0.097071,-0.164642,0.6133,0.102022,-0.21606,0.7015,-0.110507,-0.120126,0.8432,0.124714,-0.185834,0.4398,-0.114634,-0.06629,1.0115,0.138544,-0.124637,0.3353,-0.157523,-0.032607,0.8771,0.153003,-0.074397,0.3502,-0.149946,-0.079198,0.8336,0.148941,-0.149342,0.5245,-0.150858,-0.141552,0.8219,0.134497,-0.20685,0.6275,-0.113412,-0.181284,0.6222,0.106567,-0.231977,0.6481,-0.032413,-0.132804,0.5762,0.017958,-0.145078,0.6336,-0.047955,-0.061299,0.8996,0.060678,-0.08145,0.9766,-0.074684,-0.064448,0.9371,0.091773,-0.097803,0.9523,-0.061615,-0.072202,0.9297,0.073161,-0.100967,0.9436,-0.061406,-0.05346,0.9137,0.080677,-0.079145,0.9418,0.001975,0.013032,0.8143,-0.004793,0.093778,0.8943,-0.039957,0.101641,0.938,0.042754,0.089667,0.9366,-0.031231,0.023966,0.8008,0.038538,0.013776,0.8429,-0.059298,-0.019083,0.9034,0.086234,-0.041489,0.8353,-0.001519,0.132076,0.901,-0.034993,0.135948,0.9802,0.05079,0.12055,0.9365,0.011107,0.155832,0.9575,-0.044288,0.13805,0.7661,0.086985,0.108345,0.6771,0.015717,0.164782,0.9589,-0.055333,0.117227,0.6641,0.125963,0.073326,0.5246,0.01964,0.172112,0.9772,0.021319,0.176151,0.931,-0.018984,0.174916,0.916,0.075244,0.161254,0.705,0.018108,0.168827,0.9983,0,0,1,0,0,0,0,0,0,0,0,0,0,0,0,0,0,0,0,0,0
DOGS/dog_5730233/dog_5730233_t0_000000.jpg,masha,Tibetan terrier,relaxed,-0.132684,-0.064243,0.7743,0.158683,-0.162445,0.8328,-0.134042,0.015341,0.7486,0.202979,-0.118104,0.8036,-0.127651,0.072903,0.6532,0.259159,-0.055777,0.8541,-0.112747,0.153717,0.3004,0.339447,0.057898,0.9433,-0.158174,0.07866,0.606,0.328324,-0.097332,0.9073,-0.167,0.012503,0.749,0.236426,-0.162295,0.8795,-0.153685,-0.072884,0.7258,0.150374,-0.196578,0.7629,-0.076875,-0.096554,0.7125,-0.028785,-0.12152,0.7502,-0.086295,-0.021445,0.9229,0.026978,-0.064859,0.9769,-0.111037,-0.004335,0.9816,0.079525,-0.08101,0.9694,-0.104046,-0.022725,1.0325,0.045603,-0.09124,0.9603,-0.095431,-0.00375,0.9365,0.059597,-0.057146,0.9718,-0.049099,-0.021945,0.8997,-0.055379,0.011322,0.9287,-0.075331,0.027076,0.9133,-0.025379,0.004938,0.9384,-0.072592,-0.008497,1.0307,-0.021763,-0.026569,0.9465,-0.093701,0.024673,0.985,0.075628,-0.02772,0.8507,-0.049394,0.039828,0.9507,-0.073232,0.051145,1.0023,-0.016124,0.02555,0.9936,-0.037451,0.069122,0.9416,-0.088429,0.070304,0.8796,0.024301,0.020014,0.8261,-0.02639,0.087236,0.9981,-0.065825,0.114042,0.6749,0.060359,0.062005,0.6806,0.01554,0.146773,1.0314,0.023255,0.157049,0.9637,-0.04397,0.104351,0.8816,0.018211,0.075157,0.8213,0.008164,0.133873,0.9934,0,0,0,0,0,0,0,0,0,0,0,0,0,0,0,0,0,0,0,0,0
DOGS/dog_5751498/dog_5751498_t0_000050.jpg,masha,toy terrier,relaxed,-0.147447,-0.064366,0.9149,0.129989,-0.078772,0.9846,-0.217302,-0.050109,0.8315,0.199408,-0.109564,0.9688,-0.264207,0.002964,0.7327,0.27997,-0.088621,0.9921,-0.280342,0.079355,0.6457,0.317524,-0.031911,0.9613,-0.245939,0.092243,0.6685,0.268105,-0.017397,0.9415,-0.206975,0.102271,0.842,0.212503,-0.001351,1.0234,-0.160421,0.099515,0.7577,0.163334,0.034306,0.8013,-0.051456,-0.08168,0.9509,-0.003368,-0.092124,0.8928,-0.087784,-0.016806,0.9618,0.067021,-0.031594,0.8735,-0.133921,-0.006184,0.9688,0.110562,-0.03577,0.8716,-0.114825,-0.027332,0.9787,0.087099,-0.048875,0.945,-0.110103,0.002407,0.969,0.092038,-0.019388,0.9502,-0.02004,-0.052755,0.9715,-0.016179,-0.033159,0.9676,-0.04461,-0.020511,1.0141,0.015341,-0.031418,1.0364,-0.04501,-0.042536,0.9793,0.006939,-0.053597,0.9084,-0.107893,0.032999,0.8982,0.097642,0.010389,0.8407,-0.010674,-0.005087,1.0103,-0.04735,0.00327,0.9726,0.025978,-0.0089,0.9867,-0.006253,0.030527,0.9627,-0.072493,0.034867,0.8676,0.058658,0.017386,0.8368,-0.001909,0.062342,0.9463,-0.111437,0.097815,0.6801,0.106252,0.082808,0.542,-0.000491,0.077279,0.9816,0.000552,0.087967,0.9072,-0.075264,0.107711,0.8636,0.066989,0.090535,0.8967,-0.000955,0.069837,1.0219,0,0,0,0,0,0,0,0,0,0,0,0,0,0,0,0,0,0,0,0,0
DOGS/dog_5751498/dog_5751498_t0_000200.jpg,masha,Chihuahua,relaxed,-0.143627,-0.0659,0.9871,0.142405,-0.066868,0.9847,-0.205962,-0.019326,0.8395,0.215979,-0.085126,0.9711,-0.255452,0.045721,0.9448,0.292628,-0.051672,0.9822,-0.250208,0.127016,1.0221,0.323736,0.006832,0.9992,-0.215173,0.104672,0.8581,0.272853,0.022244,0.9076,-0.194794,0.084241,0.9136,0.213915,0.030729,0.8563,-0.151581,0.087062,0.7632,0.16546,0.072772,0.6217,-0.039702,-0.089683,0.947,0.003766,-0.096867,0.8612,-0.078784,-0.03099,0.9652,0.066772,-0.039248,0.8715,-0.121881,-0.022739,0.9609,0.108849,-0.037569,0.8843,-0.102456,-0.040495,0.9859,0.087194,-0.052968,0.9203,-0.100188,-0.014765,0.9383,0.090772,-0.024125,0.924,-0.01183,-0.061768,0.938,-0.00885,-0.044156,0.9527,-0.037121,-0.03359,0.9585,0.021224,-0.040734,0.9985,-0.035783,-0.053645,0.9656,0.013881,-0.06127,0.9773,-0.10115,0.013964,0.9454,0.096262,0.003321,0.8614,-0.004785,-0.017308,0.9764,-0.040678,-0.011633,0.9616,0.030598,-0.019222,0.961,-0.002268,0.016496,0.9881,-0.066821,0.016766,0.8268,0.059065,0.007207,0.8401,-0.000575,0.046727,0.9204,-0.111259,0.075104,0.6631,0.102218,0.069688,0.7399,-0.000329,0.061562,1.0093,7.2e-05,0.072106,0.9281,-0.072569,0.085571,0.8489,0.064852,0.083545,0.7742,-0.000331,0.054204,1.0362,0,0,0,0,0,0,0,0,0,0,0,0,0,0,0,0,0,0,0,0,0
DOGS/dog_5751502/dog_5751502_t0_000175.jpg,danek,toy terrier,neutral,-0.081523,-0.171176,0.9045,0.070482,-0.206528,0.9602,-0.102579,-0.154038,0.6072,0.115168,-0.215191,0.6954,-0.111362,-0.122088,0.7361,0.15331,-0.191905,0.922,-0.121879,-0.086613,0.8651,0.192923,-0.148464,0.9744,-0.138241,-0.10349,0.8025,0.194688,-0.215802,0.9105,-0.141678,-0.129427,0.7803,0.154389,-0.15571,0.9303,-0.112486,-0.096667,0.7284,0.129162,-0.130608,0.8447,-0.07206,-0.081967,0.6534,-0.041057,-0.088572,0.507,-0.063425,0.002129,0.8584,0.012573,-0.018895,0.8447,-0.096738,-0.013406,0.6988,0.060361,-0.043782,0.8921,-0.082421,-0.01895,0.7162,0.031716,-0.047762,0.9045,-0.078203,0.006968,0.7296,0.04335,-0.017139,0.9246,-0.018701,0.051071,0.9166,-0.015046,0.105054,0.8222,-0.032418,0.112897,0.8731,0.008221,0.103869,0.8814,-0.035707,0.059335,0.876,0.002213,0.050981,0.8631,-0.058123,0.035584,0.7563,0.046585,0.011809,0.8318,-0.011323,0.129514,0.9213,-0.030535,0.135614,0.9448,0.011747,0.1248,0.8904,-0.007449,0.143598,0.9222,-0.041102,0.12035,0.7192,0.041292,0.113755,0.7655,-0.006759,0.146924,0.8766,-0.04433,0.101615,0.7545,0.07788,0.104067,0.7562,-0.005987,0.150194,0.8282,-0.00559,0.15222,0.7915,-0.03308,0.14344,0.7716,0.035666,0.145929,0.8962,-0.006181,0.14869,0.849,0,0,0,0,0,0,0,0,0,0,0,0,0,0,0,0,0,0,0,0,0
DOGS/dog_5751625/dog_5751625_t0_000275.jpg,danek,toy terrier,neutral,-0.092119,-0.178523,0.8916,0.032903,-0.163106,0.8149,-0.130532,-0.211825,0.8211,0.074901,-0.173217,0.8912,-0.192737,-0.211546,0.8029,0.104275,-0.177622,1.0075,-0.238423,-0.149663,0.9555,0.129557,-0.174675,1.0284,-0.217838,-0.146117,0.8343,0.121387,-0.146116,0.9623,-0.196003,-0.120914,0.9397,0.100137,-0.12286,1.0134,-0.172522,-0.08231,0.8385,0.076981,-0.099547,0.904,-0.00564,-0.07678,0.6964,0.035183,-0.075323,0.683,-0.03281,-0.007241,0.9964,0.053982,0.003102,0.9542,-0.072466,-0.023453,1.0095,0.080751,-0.001241,0.9231,-0.048558,-0.027841,0.9889,0.068015,-0.012662,0.9599,-0.055592,-0.004413,0.9632,0.067067,0.013509,0.9427,0.019217,0.043213,0.9251,0.039524,0.094341,0.9486,0.015224,0.094343,0.9452,0.056133,0.100995,0.9643,-0.005429,0.045061,0.9502,0.040881,0.051296,1.0048,-0.05763,0.026886,0.9597,0.057136,0.042192,0.9182,0.038138,0.119554,0.9448,0.012469,0.114798,0.9301,0.055624,0.122695,0.9416,0.029159,0.13941,1.0082,-0.022165,0.104655,0.7942,0.060169,0.121626,0.7704,0.024861,0.146686,0.995,-0.077912,0.083887,0.8771,0.061519,0.112307,0.685,0.020203,0.153728,0.9314,0.018093,0.15792,0.9028,-0.020504,0.134418,0.8727,0.044259,0.146728,0.963,0.022333,0.15023,0.9872,0,0,0,0,0,0,0,0,0,0,0,0,0,0,0,0,0,0,0,0,0
DOGS/dog_5794740/dog_5794740_t0_000025.jpg,danek,Weimaraner,happy,-0.15285,-0.083365,0.9422,0.134444,-0.137111,0.9322,-0.187555,-0.001707,0.6684,0.202932,-0.083086,0.7099,-0.182746,0.083032,0.6275,0.227284,-0.011837,0.5089,-0.174655,0.232443,0.9475,0.264602,0.142153,0.9373,-0.155953,0.138952,0.4062,0.217315,0.021403,0.7282,-0.177199,0.031275,0.3289,0.181253,-0.020122,0.5632,-0.138049,0.025017,0.7057,0.162785,-0.019924,0.8502,-0.051207,-0.141934,0.7596,0.006646,-0.148907,0.7406,-0.091175,-0.073119,0.988,0.060819,-0.094652,0.9949,-0.128081,-0.067276,0.9676,0.096592,-0.099974,0.9746,-0.113736,-0.088263,0.9842,0.07685,-0.110773,0.989,-0.108379,-0.056566,0.9814,0.079565,-0.08833,0.9667,-0.017121,-0.066284,0.9016,-0.016203,-0.033165,0.9457,-0.055836,-0.016955,0.9274,0.027668,-0.028321,0.9572,-0.051517,-0.054662,0.9451,0.018587,-0.063968,0.9035,-0.104927,-0.020991,0.994,0.086953,-0.050719,0.9092,-0.011334,0.010605,0.9736,-0.063214,0.019452,0.9549,0.042992,0.004669,1.0004,-0.004916,0.056833,0.9806,-0.082467,0.045484,0.7817,0.072761,0.021542,0.7142,-0.001208,0.081779,0.914,-0.096174,0.078679,0.8149,0.111705,0.051279,0.8073,0.019007,0.215924,0.741,0.022292,0.230828,0.7634,-0.060716,0.116143,0.9936,0.069994,0.094341,0.9129,0.012579,0.183942,0.7162,0,0,0,0,0,0,0,0,0,0,0,0,0,0,0,0,0,0,0,0,0
DOGS/dog_5794740/dog_5794740_t0_000275.jpg,danek,Weimaraner,neutral,-0.121904,-0.111382,1.022,0.141695,-0.177918,0.9462,-0.153416,-0.029694,0.7809,0.191055,-0.157345,0.8506,-0.141392,0.058255,0.9284,0.232844,-0.082829,0.6262,-0.128089,0.162398,0.9826,0.316678,0.06381,0.8289,-0.0907,0.122421,0.6916,0.250326,-0.041524,0.9159,-0.085424,0.039132,0.442,0.213285,-0.076677,0.82,-0.081403,0.024097,0.8688,0.180553,-0.089292,0.8563,-0.052433,-0.13754,0.8286,-0.005991,-0.145087,0.8078,-0.088657,-0.076421,0.9587,0.041871,-0.098018,0.9979,-0.110396,-0.074457,0.9167,0.078828,-0.106709,0.9645,-0.098987,-0.086431,1.0415,0.056122,-0.117124,0.9849,-0.101634,-0.06601,0.9909,0.064028,-0.090716,0.9555,-0.034466,-0.031007,0.9259,-0.042099,0.021079,0.9561,-0.076143,0.03685,0.9376,0.000728,0.018039,0.9092,-0.06781,-0.018967,0.9357,0.002101,-0.029591,0.9433,-0.101611,-0.031024,1.0553,0.067233,-0.057541,0.8835,-0.037119,0.060417,0.9482,-0.075428,0.071298,0.9744,0.010745,0.048367,0.999,-0.024379,0.097262,0.8963,-0.083538,0.08022,0.854,0.048964,0.045517,0.7348,-0.019099,0.109014,0.9809,-0.090452,0.08504,0.8466,0.110046,0.039915,0.8779,0.010861,0.195635,0.9672,0.014772,0.208844,0.926,-0.060832,0.118705,0.9704,0.056157,0.098874,0.9101,0.003804,0.173137,0.7554,0,0,0,0,0,0,0,0,0,0,0,0,0,0,0,0,0,0,0,0,0
DOGS/dog_5794811/dog_5794811_t0_000025.jpg,danek,Weimaraner,angry,-0.04557,-0.183094,0.5611,0.063176,-0.218703,0.9082,-0.079765,-0.107884,0.4255,0.134014,-0.186356,0.9215,-0.082842,-0.057781,0.4263,0.182236,-0.1044,0.6549,-0.086641,-0.015785,1.0181,0.227755,-0.001807,0.551,-0.087372,-0.048544,0.494,0.245486,-0.112379,0.3382,-0.083998,-0.09543,0.6846,0.193643,-0.164111,0.1971,-0.052102,-0.169512,0.6318,0.08305,-0.232747,0.9565,-0.054691,-0.105073,0.4869,-0.02277,-0.116338,0.64,-0.058436,-0.051904,0.6903,0.009822,-0.106813,0.9234,-0.075555,-0.049708,0.7272,0.038047,-0.135837,0.9126,-0.069792,-0.058577,0.8144,0.011491,-0.132887,0.994,-0.065369,-0.044041,0.6914,0.034151,-0.114724,0.8823,-0.01681,0.028737,0.9093,-0.045171,0.098416,0.948,-0.06675,0.106951,0.8354,-0.016374,0.096815,0.9194,-0.039057,0.035739,0.8936,0.007709,0.030395,0.8155,-0.056398,-0.020298,0.8187,0.058659,-0.063761,0.7428,-0.045561,0.131202,0.9021,-0.0693,0.134477,0.8942,-0.012748,0.123417,0.9662,-0.040239,0.153564,0.9228,-0.077116,0.132969,0.6409,0.022059,0.111736,0.6991,-0.03678,0.160067,0.945,-0.075945,0.108175,0.5081,0.12159,0.020793,0.4567,-0.034151,0.165241,0.8756,0.116881,0.173885,0.8612,-0.061601,0.16221,0.8949,0.140673,0.139863,0.7986,0.086188,0.139833,0.9276,0,0,0,0,0,0,0,0,1,0,0,0,0,0,0,0,0,0,0,0,0
DOGS/dog_5921464/dog_5921464_t0_000087.jpg,masha,dingo,surprise,-0.056245,-0.104313,0.9114,0.055589,-0.131568,0.899,-0.097904,-0.148135,0.9728,0.073954,-0.188288,0.9546,-0.136164,-0.178941,0.9631,0.09457,-0.238455,1.0135,-0.184647,-0.194209,0.9849,0.133826,-0.279147,0.9596,-0.176205,-0.117716,0.9738,0.171206,-0.207091,0.9267,-0.141984,-0.058352,0.8451,0.171574,-0.137948,0.8948,-0.102049,-0.002566,0.7291,0.167578,-0.073161,0.772,-0.022533,-0.064398,0.8351,0.015309,-0.069935,0.8681,-0.037633,0.005003,0.9882,0.051666,-0.00903,0.9923,-0.06934,0.013237,0.9883,0.09779,-0.020794,1.0101,-0.058587,-0.009139,1.004,0.07056,-0.03365,0.9965,-0.051568,0.024521,0.9827,0.079373,0.000293,0.9759,-0.006729,0.020904,0.9574,-0.022913,0.061851,0.9225,-0.049649,0.074114,0.9263,0.010203,0.061877,0.9586,-0.029089,0.029686,0.9484,0.018257,0.023589,0.9381,-0.054123,0.053097,0.9246,0.084342,0.034372,0.9634,-0.021553,0.094881,0.9517,-0.050035,0.102799,0.9724,0.016503,0.089047,0.9791,-0.014067,0.125207,0.9412,-0.055458,0.114911,0.8996,0.051041,0.093011,0.8215,-0.008666,0.140755,1.0216,-0.05199,0.129595,0.8666,0.098629,0.13224,0.9314,0.007667,0.184485,0.9692,0.01176,0.199029,0.9006,-0.033571,0.155969,0.8822,0.052977,0.144612,0.9627,0.001874,0.164483,1.0093,1,0,0,0,0,0,0,1,1,1,0,0,0,0,0,0,0,0,0,0,1
DOGS/dog_5921464/dog_5921464_t0_000174.jpg,masha,dingo,surprise,-0.049496,-0.103765,0.9065,0.056779,-0.132467,0.9696,-0.094589,-0.137702,0.9991,0.078717,-0.186777,0.9533,-0.136165,-0.162544,1.006,0.098452,-0.236557,0.9916,-0.184363,-0.177459,0.9681,0.134211,-0.281351,1.0284,-0.166628,-0.10394,1.0019,0.172027,-0.21284,0.972,-0.129197,-0.053147,0.9068,0.175546,-0.142206,0.9782,-0.087474,-0.002529,0.7767,0.16941,-0.074776,0.8386,-0.019898,-0.063754,0.8994,0.015184,-0.070609,0.8656,-0.035335,0.005626,1.0036,0.05177,-0.011988,0.9412,-0.064262,0.012375,0.9903,0.096581,-0.022783,1.0256,-0.053867,-0.00734,0.9971,0.070484,-0.034792,0.9947,-0.048633,0.022472,0.9756,0.078551,-0.003573,1.0139,-0.008077,0.019971,0.9279,-0.031915,0.068266,0.9421,-0.056482,0.078396,0.921,0.001109,0.066843,0.8966,-0.028926,0.02873,0.9076,0.015972,0.022154,0.8966,-0.051689,0.045814,1.0106,0.082304,0.030067,0.9788,-0.032274,0.100125,0.944,-0.05752,0.10705,0.9764,0.006092,0.092543,0.9873,-0.023264,0.127953,0.9719,-0.059692,0.116868,0.8791,0.042506,0.093437,0.8681,-0.0171,0.141562,0.9659,-0.059771,0.121598,0.6982,0.102139,0.119676,0.9596,0.005991,0.193205,1.0313,0.009616,0.207652,0.9719,-0.038886,0.155335,0.9982,0.047265,0.139858,0.9162,-0.001187,0.168323,0.9695,1,0,0,0,0,0,0,0,1,1,1,1,0,0,0,0,0,0,0,0,1
DOGS/dog_5968168/dog_5968168_t0_000000.jpg,danek,miniature pinscher,neutral,-0.122756,-0.161284,0.9742,0.085015,-0.164623,0.9669,-0.195492,-0.131292,0.8074,0.150848,-0.136461,0.7446,-0.21136,-0.058508,0.7816,0.170165,-0.063571,0.8067,-0.213194,0.01717,1.0015,0.161138,0.013525,0.9893,-0.25834,-0.042555,0.9722,0.203775,-0.041521,0.925,-0.19073,-0.034961,0.9753,0.149223,-0.040397,0.7439,-0.16576,-0.028943,0.952,0.134105,-0.042732,0.9501,-0.037897,-0.122566,0.7772,0.019613,-0.125488,0.7722,-0.076404,-0.059876,0.9734,0.068879,-0.065103,0.9705,-0.121266,-0.064206,0.995,0.105627,-0.071065,0.9607,-0.098795,-0.078352,0.9936,0.08712,-0.083046,0.9541,-0.100201,-0.04946,0.9441,0.088926,-0.055986,0.9594,0.009484,-0.005083,0.8356,0.025113,0.035962,0.9139,-0.022442,0.050609,0.8641,0.073263,0.045831,0.8531,-0.027247,0.005921,0.8576,0.04768,-0.002556,0.8457,-0.095407,-0.015544,0.8833,0.087314,-0.025276,0.9392,0.032476,0.083788,0.9576,-0.026642,0.088261,0.9208,0.082282,0.085698,0.942,0.031202,0.122567,0.8557,-0.060289,0.096532,0.7545,0.097702,0.097074,0.7422,0.031219,0.140534,0.8237,-0.089674,0.112179,0.7144,0.109352,0.099428,0.8333,0.029367,0.163292,0.9079,0.029794,0.175053,0.8156,-0.039718,0.1577,0.7146,0.08421,0.1497,0.8528,0.029578,0.151648,0.8354,0,0,0,0,0,0,0,0,0,0,0,0,0,0,0,0,0,0,0,0,0
DOGS/dog_5968168/dog_5968168_t0_000180.jpg,danek,Doberman,neutral,-0.105208,-0.115696,0.9975,0.107432,-0.192647,0.9324,-0.138424,-0.075013,1.0338,0.169373,-0.181142,0.8809,-0.139292,-0.019334,0.9016,0.204967,-0.12591,0.8588,-0.106618,0.052146,0.9429,0.23534,-0.047413,0.9774,-0.123129,0.007043,0.9649,0.245544,-0.115492,1.0106,-0.100449,-0.008179,0.8532,0.172442,-0.099469,0.8971,-0.0949,-0.017233,0.7871,0.152931,-0.097428,0.9195,-0.054277,-0.115176,0.6579,-0.00836,-0.128881,0.6549,-0.070005,-0.045775,0.9196,0.039678,-0.083237,0.9222,-0.095548,-0.041622,0.934,0.077347,-0.101924,0.9552,-0.086599,-0.054751,0.9272,0.052856,-0.104821,0.9444,-0.081032,-0.034549,0.9214,0.062474,-0.083849,0.9546,-0.031696,0.014895,0.7025,-0.041708,0.076927,0.7563,-0.061879,0.091984,0.7527,-0.014412,0.073923,0.7712,-0.051613,0.026752,0.7326,-0.002732,0.015395,0.6528,-0.069625,-0.009032,0.8562,0.068045,-0.057023,0.8328,-0.035539,0.121029,0.7567,-0.059034,0.128993,0.8255,-0.004771,0.110145,0.7631,-0.024112,0.150865,0.8103,-0.061455,0.136536,0.5461,0.037689,0.107242,0.5791,-0.019038,0.161914,0.8694,-0.064422,0.130971,0.4286,0.086176,0.084069,0.4907,-0.016182,0.167379,0.8689,-0.014491,0.170756,0.8405,-0.038914,0.168918,0.8013,0.032159,0.158531,0.7503,-0.017718,0.16482,0.9059,0,0,0,0,0,0,0,0,0,0,0,0,0,0,0,0,0,0,0,0,0
DOGS/dog_5968168/dog_5968168_t0_000270.jpg,danek,kelpie,neutral,-0.096957,-0.117589,0.9296,0.113613,-0.178435,0.7965,-0.139521,-0.053456,0.807,0.166365,-0.150612,0.6873,-0.135398,0.008513,0.8505,0.176272,-0.092783,0.8542,-0.130812,0.061109,0.9636,0.204981,-0.024863,0.907,-0.170057,0.035261,0.9669,0.275225,-0.086408,0.937,-0.157639,-0.017587,0.7169,0.310742,-0.153812,0.9023,-0.11025,-0.0351,0.5289,0.170403,-0.169791,0.4817,-0.034856,-0.080499,0.6474,0.022244,-0.089384,0.7625,-0.084018,0.001944,1.0524,0.070916,-0.049583,0.855,-0.111312,0.006272,0.9637,0.110612,-0.063238,0.9223,-0.100246,-0.008162,0.9538,0.085433,-0.070076,0.9216,-0.098447,0.014455,0.9478,0.094235,-0.047229,0.8843,-0.010519,0.005262,0.5149,-0.053469,0.048885,0.8006,-0.077698,0.058318,0.6761,-0.024678,0.053091,0.7757,-0.041388,0.017441,0.5938,0.016914,0.002156,0.4974,-0.090292,0.035463,0.9566,0.091695,-0.011745,0.79,-0.056693,0.08338,0.8054,-0.08326,0.09353,0.7515,-0.023256,0.07808,0.8022,-0.044482,0.108739,0.6785,-0.083456,0.107186,0.5653,0.046329,0.068453,0.4789,-0.037918,0.122646,0.5293,-0.083372,0.113514,0.5275,0.128294,0.080319,0.8814,-0.030946,0.130647,0.3545,-0.029424,0.134751,0.372,-0.061626,0.145702,0.6638,0.06618,0.116566,0.6591,-0.033379,0.127069,0.4277,0,0,0,0,0,0,0,0,0,0,0,0,0,0,0,0,0,0,0,0,0
DOGS/dog_5970478/dog_5970478_t0_000025.jpg,masha,Weimaraner,relaxed,-0.156557,-0.04761,0.9055,0.134156,-0.084656,0.9554,-0.195508,0.034511,0.7079,0.195252,-0.049421,0.704,-0.185522,0.124384,0.6146,0.241969,0.043655,0.8291,-0.225255,0.264428,0.978,0.315287,0.129518,0.853,-0.270122,0.153005,0.5021,0.225422,0.010375,0.6061,-0.196751,0.043394,0.6159,0.184748,-0.003812,0.8865,-0.157928,-0.03628,0.8996,0.163179,-0.011955,0.6719,-0.036974,-0.109792,0.9413,0.012793,-0.112535,0.8769,-0.083593,-0.053717,0.9069,0.073321,-0.059601,1.0088,-0.122253,-0.049136,0.9532,0.113168,-0.060471,0.9609,-0.105962,-0.067737,1.0237,0.09306,-0.077262,0.9976,-0.103858,-0.038413,0.9949,0.095301,-0.046547,0.9995,-0.011178,-0.080794,0.9954,-0.010091,-0.059201,0.981,-0.050136,-0.042778,0.9554,0.032179,-0.047596,0.957,-0.041822,-0.072447,0.9545,0.020154,-0.07599,0.9142,-0.107156,-0.006203,0.8672,0.098825,-0.014539,0.9139,-0.007649,-0.014323,0.9284,-0.061669,-0.007603,0.9741,0.046583,-0.013124,0.9692,-0.00564,0.03241,0.972,-0.08662,0.029364,0.5582,0.073129,0.020611,0.6127,-0.002277,0.062847,0.972,-0.117892,0.076919,0.4619,0.119634,0.064615,0.6901,-0.001227,0.075467,0.8975,-0.000712,0.085584,0.7976,-0.085931,0.140343,0.9314,0.08734,0.13061,0.868,-0.001707,0.068948,0.9807,1,0,0,0,0,0,0,0,0,0,0,0,0,0,0,0,0,0,0,0,0
DOGS/dog_5970478/dog_5970478_t0_000100.jpg,masha,Weimaraner,relaxed,-0.156557,-0.04761,0.9055,0.134156,-0.084656,0.9554,-0.195508,0.034511,0.7079,0.195252,-0.049421,0.704,-0.185522,0.124384,0.6146,0.241969,0.043655,0.8291,-0.225255,0.264428,0.978,0.315287,0.129518,0.853,-0.270122,0.153005,0.5021,0.225422,0.010375,0.6061,-0.196751,0.043394,0.6159,0.184748,-0.003812,0.8865,-0.157928,-0.03628,0.8996,0.163179,-0.011955,0.6719,-0.036974,-0.109792,0.9413,0.012793,-0.112535,0.8769,-0.083593,-0.053717,0.9069,0.073321,-0.059601,1.0088,-0.122253,-0.049136,0.9532,0.113168,-0.060471,0.9609,-0.105962,-0.067737,1.0237,0.09306,-0.077262,0.9976,-0.103858,-0.038413,0.9949,0.095301,-0.046547,0.9995,-0.011178,-0.080794,0.9954,-0.010091,-0.059201,0.981,-0.050136,-0.042778,0.9554,0.032179,-0.047596,0.957,-0.041822,-0.072447,0.9545,0.020154,-0.07599,0.9142,-0.107156,-0.006203,0.8672,0.098825,-0.014539,0.9139,-0.007649,-0.014323,0.9284,-0.061669,-0.007603,0.9741,0.046583,-0.013124,0.9692,-0.00564,0.03241,0.972,-0.08662,0.029364,0.5582,0.073129,0.020611,0.6127,-0.002277,0.062847,0.972,-0.117892,0.076919,0.4619,0.119634,0.064615,0.6901,-0.001227,0.075467,0.8975,-0.000712,0.085584,0.7976,-0.085931,0.140343,0.9314,0.08734,0.13061,0.868,-0.001707,0.068948,0.9807,1,0,0,0,0,0,0,0,0,0,0,0,0,0,0,0,0,0,0,0,0
DOGS/dog_5998009/dog_5998009_t0_000025.jpg,danek,dingo,neutral,-0.110611,-0.111262,0.8661,0.095894,-0.125293,0.959,-0.148998,-0.130104,0.9146,0.13517,-0.165603,0.9328,-0.191432,-0.137025,0.9452,0.171857,-0.187232,0.9034,-0.236541,-0.117904,0.9449,0.200749,-0.178196,0.7928,-0.229366,-0.076648,0.9723,0.226032,-0.142061,0.9343,-0.210877,-0.039254,0.9563,0.219532,-0.092296,0.979,-0.183531,0.002741,0.9361,0.200362,-0.046503,0.9403,-0.035274,-0.071785,0.873,0.016096,-0.07813,0.8808,-0.053538,-0.012966,0.9747,0.053378,-0.033087,1.0017,-0.097787,-0.011654,0.9958,0.096654,-0.050152,0.9995,-0.076247,-0.027721,0.9602,0.070667,-0.055342,1.0131,-0.075888,0.000914,0.9952,0.079581,-0.029245,1.0072,-0.004497,0.008568,0.9046,-0.006857,0.049123,0.9617,-0.036117,0.061061,0.9621,0.025813,0.049429,0.9623,-0.031071,0.017812,0.9513,0.024219,0.009639,0.9994,-0.071774,0.032265,1.0022,0.083716,0.003945,0.9424,-0.003303,0.081478,1.0194,-0.037553,0.088639,0.9801,0.035129,0.074271,0.9567,0.004441,0.114416,0.9962,-0.05884,0.099075,0.8771,0.0662,0.075216,0.9164,0.008263,0.129648,1.0242,-0.074835,0.117895,1.0032,0.111161,0.086481,0.9904,0.010836,0.140054,1.0031,0.012464,0.147031,0.9855,-0.035204,0.144303,1.0156,0.069217,0.127068,1.0213,0.009596,0.134819,0.999,0,0,0,0,0,0,0,0,0,0,0,0,0,0,0,0,0,0,0,0,0
DOGS/dog_5998009/dog_5998009_t0_000100.jpg,danek,dingo,neutral,-0.113659,-0.120428,0.8864,0.08912,-0.118391,0.9743,-0.154255,-0.138148,0.9239,0.127049,-0.151589,0.85,-0.195163,-0.147592,0.9384,0.167376,-0.169136,0.8616,-0.238998,-0.132193,0.9556,0.211762,-0.170825,0.8334,-0.237517,-0.088841,0.9769,0.218308,-0.12599,0.9568,-0.221382,-0.049046,0.9932,0.208708,-0.081798,0.9527,-0.195843,-0.005006,0.9653,0.189451,-0.034737,0.9601,-0.03715,-0.072018,0.8315,0.015726,-0.077165,0.9131,-0.058055,-0.012646,1.0246,0.051976,-0.028544,0.9777,-0.103265,-0.014766,0.9859,0.093139,-0.04317,1.0191,-0.080256,-0.027831,0.9632,0.068425,-0.049599,0.9899,-0.081431,-0.000567,0.9731,0.076884,-0.024008,1.0069,9.7e-05,0.009448,0.9704,0.005556,0.048256,0.9469,-0.024382,0.059922,0.9998,0.038269,0.048761,0.9728,-0.028047,0.018916,0.9798,0.030138,0.009922,0.9799,-0.076625,0.031345,0.9387,0.081341,0.008039,0.9391,0.011188,0.079429,0.9852,-0.02465,0.085688,0.9593,0.0484,0.073496,0.947,0.017122,0.113414,0.9739,-0.051454,0.096393,0.8884,0.074392,0.076243,0.8849,0.019724,0.128993,0.9997,-0.08046,0.115909,1.0553,0.1066,0.08543,0.9849,0.021262,0.139329,0.9971,0.0223,0.146386,0.9681,-0.035699,0.143696,0.9896,0.075416,0.129217,0.9551,0.020501,0.134022,0.9797,0,0,0,0,0,0,0,0,0,0,0,0,0,0,0,0,0,0,0,0,0
DOGS/dog_5998009/dog_5998009_t0_000225.jpg,danek,dingo,neutral,-0.116152,-0.124954,0.9522,0.080211,-0.129629,0.8703,-0.154712,-0.148049,0.8942,0.122387,-0.149161,0.9076,-0.19229,-0.162884,0.9493,0.16007,-0.161659,0.9243,-0.231725,-0.151676,0.9375,0.200392,-0.150996,0.8807,-0.239677,-0.107528,0.9305,0.195974,-0.114392,0.9743,-0.228299,-0.064563,0.9826,0.182263,-0.077975,0.9349,-0.205356,-0.018314,0.9663,0.16217,-0.043764,0.9532,-0.040839,-0.074252,0.8018,0.014397,-0.078479,0.8118,-0.061965,-0.016882,0.9824,0.051253,-0.025926,0.979,-0.10493,-0.022707,0.989,0.088501,-0.038584,0.9919,-0.082553,-0.032662,0.9779,0.065886,-0.044655,0.9965,-0.084957,-0.007328,1.0048,0.074378,-0.02055,0.9893,0.004353,0.010961,0.9406,0.015698,0.054773,0.9648,-0.014983,0.064721,0.9963,0.047327,0.055752,0.9916,-0.024454,0.020133,0.9282,0.034183,0.012336,0.9313,-0.079249,0.025913,0.9426,0.080059,0.011584,0.951,0.021515,0.085763,0.9587,-0.014517,0.090091,0.9573,0.057488,0.081697,0.993,0.025035,0.118782,1.0072,-0.045285,0.097048,0.8491,0.079646,0.082703,0.8996,0.026223,0.133663,1.0078,-0.085315,0.111678,0.9973,0.101197,0.088403,0.9947,0.027045,0.143083,0.9973,0.027622,0.149526,0.97,-0.032865,0.142921,1.0279,0.075628,0.13466,0.9922,0.026613,0.138347,1.0069,0,0,0,0,0,0,0,0,0,0,0,0,0,0,0,0,0,0,0,0,0
DOGS/dog_6131489/dog_6131489_t0_000000.jpg,danek,Yorkshire terrier,sad,-0.138052,-0.1062,0.8341,0.076284,-0.109747,0.9545,-0.165979,-0.142781,0.7695,0.11431,-0.149892,0.9127,-0.201946,-0.172466,0.8754,0.174936,-0.182571,0.877,-0.258996,-0.189058,0.6662,0.24791,-0.204815,0.8032,-0.256722,-0.129452,0.764,0.223131,-0.134417,0.8658,-0.269213,-0.064801,0.5901,0.217969,-0.071352,0.6994,-0.226926,-0.02059,0.6232,0.17717,-0.011282,0.6817,-0.040798,-0.060437,0.8098,0.01377,-0.066952,0.8351,-0.065699,0.008921,0.9366,0.052033,-0.003915,0.9436,-0.118705,0.016277,0.9365,0.091381,-0.007152,0.8947,-0.09628,-0.008135,0.9236,0.073093,-0.017493,0.9237,-0.091194,0.031471,0.9738,0.072567,0.004102,0.9776,0.000693,0.009252,0.9554,0.00942,0.036144,0.9761,-0.01816,0.044723,0.9637,0.036183,0.039189,0.9646,-0.024079,0.017993,0.97,0.027092,0.01092,0.9585,-0.091073,0.060276,0.9375,0.080165,0.032145,0.8854,0.014342,0.062748,0.9591,-0.018959,0.065492,1.0164,0.043265,0.060217,0.98,0.0155,0.092115,0.9672,-0.053776,0.076672,0.7959,0.072709,0.067684,0.7985,0.015827,0.111958,0.9713,-0.068679,0.117185,0.6028,0.09287,0.094576,0.7131,0.015484,0.12301,0.9539,0.015339,0.130044,0.9194,-0.026875,0.114659,0.9361,0.055383,0.11419,0.9558,0.015706,0.117862,0.9995,0,0,0,0,0,0,0,0,0,0,0,0,0,0,0,0,0,0,0,0,0
DOGS/dog_6131489/dog_6131489_t0_000100.jpg,danek,Yorkshire terrier,sad,-0.122726,-0.095119,0.9118,0.097031,-0.113423,0.9581,-0.157445,-0.124033,0.8803,0.129897,-0.152855,0.9978,-0.198275,-0.146918,0.8739,0.1691,-0.196695,0.9188,-0.258039,-0.169162,0.8868,0.243527,-0.226998,0.8781,-0.223272,-0.107503,0.7198,0.223565,-0.152177,0.7408,-0.220082,-0.0579,0.7258,0.221698,-0.079444,0.8468,-0.182307,-0.016567,0.7573,0.187912,-0.033489,0.6315,-0.043274,-0.061043,0.7648,0.009521,-0.071599,0.8037,-0.056698,0.010389,0.9483,0.053478,-0.011634,0.9584,-0.098103,0.01871,0.9365,0.094768,-0.023502,0.9265,-0.082057,-0.002208,0.9104,0.072658,-0.034649,0.9198,-0.076313,0.030094,0.9209,0.077287,-0.003567,0.9628,-0.0036,0.016692,0.9612,-0.000295,0.046352,0.9757,-0.02445,0.055606,0.9859,0.025895,0.048012,0.9844,-0.027394,0.025428,0.9716,0.022225,0.017296,0.9453,-0.07601,0.059265,0.9518,0.084397,0.026622,0.8955,0.00304,0.072768,0.9492,-0.026101,0.07644,0.9945,0.033477,0.069398,0.9981,0.005907,0.098892,1.0284,-0.055721,0.087778,0.7806,0.065029,0.070615,0.8589,0.008309,0.118072,0.9241,-0.067734,0.123553,0.6614,0.090084,0.099942,0.542,0.009695,0.12948,0.9518,0.010681,0.136583,0.8971,-0.031767,0.123971,0.9273,0.050873,0.116753,0.9693,0.009008,0.124027,0.9615,0,0,0,0,0,0,0,0,0,0,0,0,0,0,0,0,0,0,0,0,0
DOGS/dog_6131489/dog_6131489_t0_000225.jpg,danek,Yorkshire terrier,relaxed,-0.079265,-0.081749,0.5153,0.114114,-0.144348,0.9024,-0.110939,-0.088818,0.7159,0.149023,-0.195006,0.7524,-0.138793,-0.083662,0.7581,0.210484,-0.255377,0.8456,-0.179712,-0.073188,1.0042,0.298673,-0.290951,0.9118,-0.160871,-0.055692,0.899,0.273152,-0.203017,0.6072,-0.142537,-0.00352,0.5995,0.258741,-0.113686,0.5025,-0.123715,-0.014106,0.6828,0.217874,-0.053095,0.6382,-0.048881,-0.050522,0.6558,0.001097,-0.071966,0.6728,-0.05997,0.019855,0.7162,0.046098,-0.02454,0.939,-0.082861,0.028731,0.8093,0.09653,-0.042352,0.9153,-0.075785,0.014522,0.748,0.065638,-0.055292,0.9078,-0.068988,0.033499,0.8651,0.080194,-0.017121,0.9953,-0.028273,0.008439,0.9237,-0.036808,0.039964,0.948,-0.058779,0.051836,0.9784,-0.008129,0.03869,1.0157,-0.049142,0.018809,0.9382,-0.002795,0.006838,0.8776,-0.073064,0.052903,0.7408,0.090586,0.011016,0.8608,-0.035891,0.06725,0.9663,-0.059858,0.07544,0.9646,-0.003343,0.060062,0.983,-0.026806,0.093798,0.9103,-0.074904,0.093332,0.7906,0.031312,0.060028,0.795,-0.018711,0.116096,0.9447,-0.075403,0.124089,0.6357,0.073842,0.09284,0.4795,-0.014612,0.126137,1.0006,-0.012308,0.132217,0.9315,-0.048208,0.129785,0.8477,0.030473,0.104134,0.8466,-0.016398,0.121617,0.9694,0,0,0,0,0,0,0,0,0,0,0,0,0,0,0,0,0,0,0,0,0
DOGS/dog_6131501/dog_6131501_t0_000100.jpg,danek,Yorkshire terrier,sad,-0.138704,-0.114075,0.9384,0.049593,-0.088802,1.003,-0.165669,-0.155269,0.9398,0.088491,-0.124365,0.9839,-0.198636,-0.19029,0.953,0.141101,-0.141273,1.0076,-0.247825,-0.228309,0.9401,0.200609,-0.154565,0.8548,-0.256625,-0.148253,0.8407,0.17388,-0.105681,0.9012,-0.265867,-0.079832,0.8687,0.165344,-0.053205,0.8837,-0.244859,-0.019344,0.8458,0.142027,0.010693,0.83,-0.032009,-0.059797,0.8467,0.018012,-0.056837,0.8444,-0.056405,0.005961,1.0276,0.056307,0.007546,0.9012,-0.115761,0.008409,0.9903,0.091548,0.006755,0.9199,-0.089178,-0.016296,1.0035,0.074355,-0.002996,0.9422,-0.087361,0.026816,0.9985,0.074965,0.016706,0.9116,0.018073,0.009589,0.8749,0.036255,0.040413,0.9251,0.009936,0.046356,0.9682,0.058209,0.045653,1.0017,-0.006449,0.017403,0.9105,0.042752,0.013308,0.8835,-0.088498,0.056525,0.9098,0.081517,0.041468,0.8677,0.041264,0.066139,0.9782,0.01097,0.066183,0.9633,0.063847,0.066908,0.9807,0.04042,0.095935,1.0181,-0.028501,0.073399,0.8397,0.086939,0.07557,0.9653,0.03852,0.115873,0.9873,-0.065742,0.115262,0.6372,0.094928,0.110423,0.6662,0.036994,0.12729,0.9812,0.036052,0.134787,0.9398,-0.009139,0.112375,0.8703,0.068944,0.122934,0.9402,0.037771,0.121744,1.0089,0,0,0,0,0,0,0,0,0,0,0,0,0,0,0,0,0,0,0,0,0
DOGS/dog_6131501/dog_6131501_t0_000175.jpg,danek,Yorkshire terrier,neutral,-0.152819,-0.121125,0.9938,0.06073,-0.081219,0.7184,-0.180999,-0.167219,0.8786,0.090977,-0.096705,0.8348,-0.221678,-0.204456,0.9447,0.118645,-0.108514,0.9751,-0.279551,-0.24962,0.9556,0.162673,-0.096176,0.9159,-0.282213,-0.160595,0.7486,0.140497,-0.088446,0.8268,-0.28498,-0.082547,0.7617,0.129407,-0.058447,0.8954,-0.246218,-0.02769,0.6619,0.114564,-0.034344,0.6281,-0.019767,-0.062253,0.8265,0.027528,-0.056284,0.7899,-0.049131,0.001033,1.0054,0.057826,0.007202,0.9128,-0.110086,-0.001117,0.9799,0.091433,0.007699,0.9289,-0.080558,-0.025511,0.9731,0.075671,-0.002121,0.8918,-0.082673,0.019936,0.9647,0.075156,0.016815,0.899,0.025283,0.009302,0.8205,0.047298,0.03973,0.9218,0.020644,0.044815,0.9545,0.067183,0.045122,0.9621,0.001958,0.01589,0.9422,0.048364,0.013706,0.8211,-0.086493,0.050074,0.869,0.082102,0.038445,0.9587,0.052408,0.064601,0.9371,0.02197,0.064326,0.9726,0.07304,0.065777,0.9902,0.049879,0.094413,0.9706,-0.016039,0.071273,0.8077,0.093221,0.077377,0.8455,0.046778,0.113713,0.9702,-0.054981,0.109609,0.6086,0.099152,0.10987,0.6917,0.044482,0.124547,0.978,0.043189,0.131695,0.9402,0.002126,0.109152,0.858,0.07516,0.122047,0.8872,0.04558,0.119301,0.9603,0,0,0,0,0,0,0,0,0,0,0,0,0,0,0,0,0,0,0,0,0
DOGS/dog_6131501/dog_6131501_t0_000400.jpg,danek,Yorkshire terrier,neutral,-0.179695,-0.087902,0.8342,0.099942,-0.084823,0.8726,-0.232806,-0.125835,0.59,0.12212,-0.110266,0.8985,-0.274909,-0.157045,0.8646,0.151542,-0.125963,0.9121,-0.33437,-0.166726,0.9083,0.197872,-0.084571,0.9135,-0.300812,-0.126971,0.7596,0.17233,-0.096101,0.8055,-0.28096,-0.075405,0.7499,0.160867,-0.062632,0.7976,-0.202415,-0.073059,0.5161,0.142661,-0.022006,0.6578,-0.031222,-0.071439,0.8681,0.02832,-0.064309,0.8687,-0.061415,-0.007538,1.0228,0.059719,0.000607,0.9578,-0.124488,-0.006352,0.911,0.095657,0.002221,0.9419,-0.094536,-0.030381,0.9844,0.078169,-0.008655,0.918,-0.093396,0.010372,0.9713,0.077891,0.010979,0.9271,0.021151,-0.001585,0.8882,0.036927,0.02492,0.956,0.009054,0.030019,0.9233,0.060313,0.031282,0.9606,-0.004698,0.004056,0.9474,0.046057,0.003334,0.9172,-0.093517,0.040012,0.9335,0.08662,0.034025,0.9979,0.042269,0.051141,0.9614,0.00874,0.049729,0.9444,0.066201,0.053411,0.9674,0.039687,0.083627,0.9514,-0.032692,0.056032,0.8934,0.090417,0.066976,0.8991,0.036454,0.105579,0.9718,-0.075664,0.097542,0.6672,0.097757,0.108072,0.7504,0.034478,0.117263,0.9953,0.033171,0.124908,0.9403,-0.016803,0.100412,0.8561,0.068279,0.114749,0.916,0.035514,0.111658,0.9747,0,0,0,0,0,0,0,0,0,0,0,0,0,0,0,0,0,0,0,0,0
DOGS/dog_6235741/dog_6235741_t0_000225.jpg,masha,Pomeranian,happy,-0.111774,-0.115593,0.5982,0.032892,-0.184022,0.5666,-0.148452,-0.110463,0.4313,0.072183,-0.192488,0.8519,-0.176567,-0.092978,0.36,0.16531,-0.115563,0.8207,-0.213219,-0.111005,0.5022,0.158084,-0.205629,0.8455,-0.246868,-0.074573,0.5725,0.25306,-0.101061,0.532,-0.250662,-0.067155,0.3443,0.228647,-0.127048,0.6046,-0.216298,-0.089763,0.2843,0.161258,-0.096251,0.1727,-0.028426,-0.106345,0.6298,0.024971,-0.108675,0.5466,-0.086828,-0.000645,0.866,0.083407,-0.022171,0.9197,-0.131272,0.01636,0.8198,0.129806,-0.012854,0.9718,-0.112495,-0.012934,0.9418,0.115944,-0.037312,0.9553,-0.10972,0.027389,0.8887,0.114241,0.005346,0.9198,-0.004823,-0.040456,0.9595,-0.007527,-0.010475,0.9352,-0.040155,-0.001355,0.9792,0.028405,-0.002285,0.9271,-0.035269,-0.033541,0.9391,0.026929,-0.033438,0.845,-0.11545,0.072257,0.8239,0.083366,0.043574,0.8371,-0.009351,0.021916,0.9084,-0.046326,0.02524,0.8928,0.035739,0.024049,0.9679,-0.008981,0.059981,0.9805,-0.071562,0.061687,0.7276,0.072383,0.055931,0.757,-0.006554,0.097154,0.9325,-0.136306,0.123977,0.4142,0.136712,0.112591,0.7401,-0.009988,0.214041,0.6429,-0.009712,0.221033,0.6402,-0.072299,0.139741,0.8164,0.075066,0.137966,0.7809,-0.034355,0.244268,0.9182,0,0,0,0,0,0,0,0,0,0,0,0,0,0,0,0,0,0,0,0,0
DOGS/dog_6498486/dog_6498486_t0_000072.jpg,danek,German shepherd,neutral,-0.10357,-0.151578,0.9126,0.074875,-0.18014,0.9785,-0.144317,-0.110034,0.8315,0.133051,-0.153018,0.826,-0.177189,-0.060993,0.6924,0.177102,-0.111201,0.7718,-0.225636,-0.011038,0.9571,0.23429,-0.081001,0.8572,-0.231707,-0.100543,0.8309,0.21682,-0.146339,0.8036,-0.199852,-0.114847,0.8961,0.191311,-0.160202,0.7962,-0.148904,-0.052234,0.9916,0.145639,-0.111504,0.9062,-0.030822,-0.102894,0.8742,0.016676,-0.108843,0.8272,-0.059688,-0.028525,0.9806,0.055298,-0.042231,0.9641,-0.091478,-0.029809,0.9507,0.089285,-0.051474,0.9764,-0.075618,-0.042089,0.9731,0.069084,-0.058643,0.9599,-0.076038,-0.018484,0.9887,0.075132,-0.036858,0.9779,-0.001945,0.002185,0.9489,-0.002209,0.052689,0.9697,-0.036112,0.063396,0.9488,0.033937,0.055336,0.9488,-0.032174,0.010715,0.9361,0.02933,0.005272,0.9407,-0.073844,0.017267,0.9256,0.08082,-0.0015,0.9343,0.001694,0.089158,0.9611,-0.036899,0.096012,0.9699,0.040334,0.084047,0.9474,0.006979,0.123922,0.957,-0.057198,0.104423,0.8558,0.070917,0.086154,0.8467,0.010228,0.143184,0.9542,-0.072941,0.106795,0.9294,0.099864,0.091407,0.9335,0.016374,0.189645,0.8946,0.017617,0.200778,0.822,-0.038549,0.158891,0.8276,0.06703,0.146844,0.8131,0.014785,0.184609,0.8791,0,0,0,0,0,0,0,0,0,0,0,0,0,0,0,0,0,0,0,0,0
DOGS/dog_6498486/dog_6498486_t0_000144.jpg,danek,Labrador retriever,sad,-0.111194,-0.152175,0.9876,0.071137,-0.181919,0.9406,-0.152795,-0.110563,0.9171,0.123925,-0.142044,0.8448,-0.177868,-0.052477,0.8889,0.157511,-0.087455,0.8254,-0.230875,-0.003323,0.9876,0.21597,-0.034991,0.956,-0.242189,-0.078697,0.9116,0.212023,-0.11154,0.9401,-0.237728,-0.145821,0.9833,0.197415,-0.176681,0.8533,-0.156185,-0.073908,0.8479,0.129493,-0.101516,0.7978,-0.030301,-0.099279,0.8691,0.020247,-0.105125,0.8541,-0.058255,-0.027602,0.9799,0.059866,-0.039988,0.9454,-0.093714,-0.030388,0.9973,0.092658,-0.048001,0.9982,-0.07501,-0.041517,0.9723,0.07355,-0.05548,0.9512,-0.077196,-0.018638,0.9637,0.07927,-0.03389,1.0074,0.00708,0.003671,0.9348,0.01066,0.055934,0.9174,-0.023276,0.065438,0.9552,0.045255,0.057717,0.9116,-0.024001,0.012871,0.9398,0.038258,0.006562,0.9647,-0.074974,0.015994,0.8976,0.083401,0.000254,0.9458,0.014065,0.091583,0.9518,-0.024942,0.096102,0.9559,0.051262,0.086821,0.9244,0.015517,0.124193,0.9732,-0.052754,0.102123,0.8495,0.07799,0.090292,0.8756,0.016596,0.140143,1.0009,-0.077137,0.108432,0.9201,0.100636,0.093874,0.9242,0.01857,0.157289,0.9388,0.019016,0.16752,0.877,-0.041337,0.154206,0.8622,0.069004,0.150649,0.8769,0.018307,0.149131,0.9513,0,0,0,0,0,0,0,0,0,0,0,0,0,0,0,0,0,0,0,0,0
DOGS/dog_6620290/dog_6620290_t0_000125.jpg,danek,toy terrier,neutral,-0.078613,-0.194891,0.6996,0.034539,-0.210709,0.9692,-0.12112,-0.173258,0.9476,0.077276,-0.222956,0.9435,-0.147609,-0.139345,0.8691,0.110586,-0.19285,0.8849,-0.187657,-0.095717,0.9416,0.139746,-0.139659,0.9859,-0.20833,-0.157404,0.9141,0.121966,-0.1737,0.7715,-0.209585,-0.216846,0.793,0.098867,-0.16416,0.7665,-0.106342,-0.139957,0.8115,0.081959,-0.140444,0.7995,-0.001327,-0.081885,0.6839,0.033216,-0.085272,0.6421,-0.018078,0.000399,0.9815,0.041021,0.001037,0.802,-0.058321,-0.010111,0.8942,0.063643,-0.009458,0.7605,-0.034144,-0.022208,0.9786,0.051949,-0.014751,0.7279,-0.042288,0.009022,0.8869,0.051742,0.005559,0.8687,0.013164,0.049833,0.9368,0.023902,0.099681,0.9085,-0.00121,0.103428,0.9289,0.044852,0.102815,0.9686,-0.008796,0.053865,0.9262,0.034275,0.053055,0.9048,-0.050421,0.038641,0.9618,0.046735,0.031738,0.8279,0.023585,0.123752,0.9623,-0.002347,0.123454,0.9796,0.045119,0.12363,0.9971,0.020763,0.14006,0.9766,-0.028893,0.112883,0.7885,0.055948,0.114132,0.8585,0.019645,0.143633,0.998,-0.059957,0.106502,0.8673,0.059826,0.097939,0.8371,0.01866,0.146718,0.9927,0.018164,0.148664,0.9773,-0.022906,0.141199,0.8266,0.045253,0.138127,0.9285,0.019044,0.14531,1.0097,0,0,0,0,0,0,0,0,0,0,0,0,0,0,0,0,0,0,0,0,0
DOGS/dog_7117652/dog_7117652_t0_000175.jpg,danek,Border collie,relaxed,-0.114186,-0.156156,0.8521,0.074781,-0.177966,0.8374,-0.14013,-0.103757,0.8995,0.118107,-0.139576,0.8282,-0.157402,-0.047308,0.9789,0.149466,-0.087735,0.7845,-0.205976,-0.001558,0.9526,0.209675,-0.027656,0.9795,-0.233083,-0.066716,0.9034,0.214849,-0.122545,0.832,-0.22695,-0.151034,0.7419,0.192458,-0.204805,0.7381,-0.130865,-0.178952,0.7645,0.085132,-0.209792,0.6716,-0.032812,-0.120687,0.7349,0.01342,-0.12494,0.753,-0.050905,-0.036328,0.9463,0.052051,-0.050915,0.9796,-0.084631,-0.042001,0.9556,0.09004,-0.065214,0.9726,-0.066987,-0.05669,0.9669,0.067324,-0.074141,1.0267,-0.06945,-0.02478,0.9934,0.074981,-0.044874,0.9983,0.003991,0.007179,0.9712,0.005149,0.072112,0.9571,-0.024492,0.080078,0.9197,0.038812,0.073541,0.9749,-0.024725,0.015434,0.9757,0.033886,0.011515,0.9592,-0.066972,0.009525,0.9805,0.078722,-0.009379,0.9359,0.006872,0.106363,0.9689,-0.024747,0.109119,0.9524,0.042372,0.103384,0.9853,0.009596,0.132136,1.0105,-0.047278,0.099211,0.9182,0.067795,0.092569,0.7807,0.010092,0.140562,1.0025,-0.076295,0.086895,0.8448,0.092568,0.086114,0.8339,0.020217,0.182944,1.0113,0.020628,0.193038,0.9984,-0.030899,0.133613,0.9417,0.055515,0.13237,0.9158,0.018475,0.169989,0.8482,0,0,0,0,0,0,0,0,0,0,0,0,0,0,0,0,0,0,0,0,0
DOGS/dog_7165761/dog_7165761_t0_000168.jpg,masha,Border collie,neutral,-0.166631,-0.118452,0.637,0.083471,-0.146214,0.927,-0.216545,-0.089772,0.3823,0.155713,-0.169093,0.4708,-0.28312,-0.137998,0.4247,0.243418,-0.115893,0.6537,-0.248015,0.088744,0.3478,0.269095,-0.04822,0.9288,-0.31217,-0.003267,0.2134,0.231517,-0.047901,0.9096,-0.304008,-0.024046,0.4454,0.19671,-0.062165,0.8535,-0.223685,0.002547,0.232,0.164896,-0.060215,0.7191,-0.06429,-0.108341,0.828,-0.018208,-0.11543,0.7976,-0.095479,-0.039571,0.9594,0.035607,-0.060922,0.9797,-0.135233,-0.034652,0.9533,0.073892,-0.067185,0.9703,-0.11712,-0.049755,1.0097,0.052818,-0.075773,0.9771,-0.114385,-0.026932,0.9779,0.057031,-0.054504,0.9463,-0.021426,-0.029889,0.9703,-0.01027,0.001884,0.9117,-0.046478,0.017366,0.9784,0.028283,0.004124,0.9381,-0.052746,-0.017952,0.94,0.012508,-0.030504,0.9114,-0.109388,0.00895,0.8996,0.065977,-0.020475,0.9268,-0.002196,0.041903,0.9478,-0.049261,0.049721,0.9666,0.042112,0.034353,0.9308,0.004979,0.084054,0.9051,-0.079345,0.07384,0.6237,0.069348,0.046337,0.6573,0.00855,0.105355,0.9804,-0.100164,0.12493,0.8639,0.089133,0.069145,0.7615,0.017156,0.202697,0.8078,0.01914,0.213342,0.9072,-0.048407,0.137566,1.0141,0.056902,0.116451,0.9128,0.01301,0.174873,0.7235,0,0,0,0,0,0,0,0,1,0,1,1,0,0,0,0,0,0,0,0,1
DOGS/dog_7165761/dog_7165761_t0_000336.jpg,masha,Border collie,neutral,-0.168181,-0.135644,0.527,0.0805,-0.152805,0.9185,-0.207827,-0.041598,0.3813,0.154958,-0.168253,0.471,-0.227176,0.024017,0.2757,0.23254,-0.113858,0.6551,-0.271554,0.13075,0.3278,0.253726,-0.032908,0.9353,-0.328658,-0.023531,0.3379,0.218547,-0.037466,0.8059,-0.319497,-0.050761,0.5737,0.186679,-0.05348,0.7702,-0.217574,-0.064714,0.1457,0.162539,-0.049422,0.7038,-0.059654,-0.120771,0.8317,-0.011988,-0.12525,0.8695,-0.093986,-0.052572,0.9351,0.040157,-0.067826,0.9452,-0.137581,-0.051913,0.9859,0.080238,-0.073263,0.9798,-0.11779,-0.070356,0.9727,0.058618,-0.087225,0.9513,-0.11559,-0.04032,1.0088,0.062242,-0.058489,0.9526,-0.015169,-0.034546,0.9726,-0.001436,0.000775,0.9166,-0.04111,0.015476,0.9666,0.036757,0.005198,0.9645,-0.048354,-0.023148,0.9378,0.020424,-0.033751,0.9203,-0.111636,-0.002801,0.937,0.06881,-0.024147,0.8707,0.005053,0.042547,0.9719,-0.044044,0.048196,0.9602,0.049716,0.037173,0.9659,0.009694,0.086043,0.9952,-0.079949,0.070842,0.6528,0.074414,0.051193,0.7145,0.011745,0.107481,0.9684,-0.111964,0.118645,0.8644,0.091099,0.072632,0.8238,0.013416,0.206129,0.8528,0.014982,0.216951,0.84,-0.052661,0.136085,0.9784,0.060967,0.118783,0.9547,0.01047,0.181619,0.7444,0,0,0,0,0,0,0,0,0,0,0,0,0,0,0,0,0,0,0,0,0
DOGS/dog_7165765/dog_7165765_t0_000048.jpg,masha,Border collie,relaxed,-0.140608,-0.162663,0.6671,0.08049,-0.197163,0.8009,-0.166985,-0.097574,0.6573,0.148241,-0.152142,0.6742,-0.177868,-0.042084,0.6994,0.175562,-0.083453,0.8094,-0.223883,0.047733,0.7948,0.219322,-0.014319,0.6842,-0.254764,-0.062481,0.5227,0.254169,-0.108667,0.7995,-0.244263,-0.097775,0.3753,0.241998,-0.185776,0.5651,-0.167316,-0.156055,0.3404,0.114514,-0.197313,0.4169,-0.039485,-0.12931,0.7911,0.011342,-0.13469,0.8087,-0.067595,-0.048426,0.9778,0.056871,-0.066233,0.9825,-0.109089,-0.049795,0.975,0.097647,-0.076903,0.9597,-0.089203,-0.068247,0.968,0.074504,-0.089715,0.9516,-0.089404,-0.035102,0.9781,0.080804,-0.058299,1.0186,-0.00601,-0.014654,0.9991,-0.006709,0.03545,0.9124,-0.04391,0.049595,0.9796,0.03327,0.035367,0.9213,-0.039893,-0.002392,0.989,0.028405,-0.01503,0.922,-0.086941,0.003798,0.8972,0.085351,-0.021184,0.945,-0.003731,0.078707,0.9587,-0.045285,0.084315,0.9277,0.041371,0.069528,0.9621,0.002096,0.119189,0.9919,-0.06593,0.100938,0.8226,0.074735,0.077312,0.7045,0.00468,0.141015,0.9382,-0.086812,0.118361,0.8126,0.103794,0.095128,0.8085,0.005747,0.151234,0.9962,0.006081,0.157802,0.9561,-0.060843,0.169395,0.9289,0.076795,0.144513,0.9227,0.005602,0.146566,1.0221,0,0,0,0,0,0,0,0,0,0,0,0,0,0,0,0,0,0,0,0,0
DOGS/dog_7469779/dog_7469779_t0_000300.jpg,danek,Labrador retriever,neutral,-0.126814,-0.159285,0.8934,0.065366,-0.05262,0.6338,-0.188515,-0.150096,0.7421,0.076106,-0.043754,0.6256,-0.221212,-0.110941,0.9414,0.074174,-0.019411,0.4842,-0.273371,-0.06957,0.9909,0.08031,-0.021968,0.1836,-0.280591,-0.12719,1.013,0.078566,-0.019179,0.4063,-0.224497,-0.149426,0.8836,0.066866,-0.034799,0.7711,-0.152143,-0.163948,0.8021,0.056906,-0.045789,0.8,0.002014,-0.081664,0.7648,0.029933,-0.066308,0.6106,-0.018367,-0.043396,0.924,0.0426,-0.011437,0.8829,-0.063207,-0.069359,0.9638,0.063544,-0.009242,0.8827,-0.036746,-0.070799,1.0084,0.05638,-0.022019,0.9968,-0.041221,-0.045131,0.9353,0.050004,-0.000479,0.9778,0.04954,0.030739,0.2942,0.099533,0.078117,0.7372,0.076746,0.0724,0.8175,0.115364,0.087392,0.7406,0.038935,0.032845,0.3111,0.060584,0.034379,0.3581,-0.04109,-0.010679,0.8455,0.043014,0.018973,0.7019,0.100365,0.099251,0.7303,0.073314,0.091003,0.9133,0.11591,0.105736,0.8063,0.097596,0.117661,0.7545,0.037589,0.085245,0.7861,0.118962,0.11093,0.5972,0.0882,0.129268,0.7792,-0.037472,0.066588,0.471,0.115342,0.11199,0.4482,0.06896,0.148172,0.6563,0.061364,0.155728,0.6995,0.034397,0.128696,0.7058,0.104278,0.132614,0.5699,0.080449,0.136948,0.6859,0,0,0,0,0,0,0,0,0,0,0,0,0,0,0,0,0,0,0,0,0
DOGS/dog_7469861/dog_7469861_t0_000075.jpg,danek,Labrador retriever,relaxed,-0.119223,-0.19347,0.8531,0.022498,-0.178093,0.6606,-0.169588,-0.177336,0.74,0.059047,-0.133309,0.6675,-0.201068,-0.129486,0.9141,0.071273,-0.096567,0.7957,-0.258196,-0.088189,0.8681,0.087591,-0.05804,0.9394,-0.248893,-0.151129,0.6707,0.094419,-0.097188,0.949,-0.188684,-0.183916,0.4008,0.074961,-0.144194,0.8721,-0.137573,-0.152286,0.9039,0.050269,-0.152516,0.6255,0.01099,-0.092166,0.6779,0.041829,-0.08001,0.6111,-0.019154,-0.046049,0.9457,0.050442,-0.028287,0.8934,-0.062854,-0.071799,0.9845,0.072386,-0.02937,0.8387,-0.033111,-0.072081,0.9761,0.062973,-0.037822,0.9165,-0.04688,-0.046656,0.9629,0.05979,-0.019261,0.9297,0.028247,0.036365,0.7854,0.064374,0.109984,0.9248,0.033778,0.104309,0.939,0.081823,0.120352,0.7812,0.004102,0.037004,0.7713,0.048266,0.043368,0.7902,-0.052623,-0.014879,0.9051,0.052101,0.005159,0.9189,0.060034,0.139454,0.9467,0.024251,0.128789,0.923,0.076642,0.144612,0.7557,0.048712,0.157763,0.8539,-0.021959,0.110662,0.6349,0.080025,0.141922,0.4909,0.043834,0.162242,0.8652,-0.132261,0.043116,0.7375,0.07416,0.092551,0.4553,0.039958,0.165947,0.8872,0.038394,0.168191,0.8848,-0.027139,0.146202,0.776,0.061612,0.161651,0.7483,0.041539,0.164082,0.8701,0,0,0,0,0,0,0,0,0,0,0,0,0,0,0,0,0,0,0,0,0
DOGS/dog_7469861/dog_7469861_t0_000175.jpg,danek,Labrador retriever,neutral,-0.132998,-0.159202,0.9827,0.063391,-0.173583,0.87,-0.195052,-0.140597,0.8087,0.122129,-0.170734,0.9075,-0.229208,-0.067664,0.9638,0.175547,-0.117957,0.8121,-0.266723,-0.001509,0.9136,0.202902,-0.060414,0.9711,-0.29285,-0.070904,0.9322,0.165861,-0.081492,0.7667,-0.21513,-0.066041,0.5267,0.135794,-0.068462,0.7362,-0.169625,-0.062623,0.5979,0.103361,-0.063926,0.8161,-0.009176,-0.115911,0.7997,0.039145,-0.111836,0.8077,-0.0432,-0.056734,1.0037,0.062777,-0.046932,0.9529,-0.09191,-0.070252,0.9944,0.098622,-0.051129,1.0108,-0.063192,-0.081149,0.9544,0.081739,-0.065839,0.9831,-0.07144,-0.048511,0.979,0.081826,-0.03373,0.949,0.02196,-3.8e-05,0.9662,0.034626,0.060752,0.9664,0.000861,0.064024,0.9916,0.062884,0.068705,0.9977,-0.009771,0.005403,0.9442,0.05027,0.008465,0.9845,-0.071906,-0.008113,0.9281,0.077343,-0.001122,0.9817,0.034342,0.096234,0.9622,-0.00461,0.093444,0.9962,0.065246,0.099893,0.9653,0.027791,0.128431,0.9957,-0.041423,0.086723,0.9088,0.07402,0.098961,0.8397,0.025046,0.137861,0.956,-0.103372,0.069127,0.9859,0.079142,0.079049,0.7666,0.015548,0.174351,0.8429,0.014308,0.1807,0.78,-0.038051,0.13246,0.9971,0.058508,0.13787,0.8824,0.016663,0.177499,0.8949,0,0,0,0,0,0,0,0,0,0,0,0,0,0,0,0,0,0,0,0,0
DOGS/dog_7469861/dog_7469861_t0_000275.jpg,danek,Labrador retriever,neutral,-0.124151,-0.173025,0.6884,0.085959,-0.192228,0.9559,-0.181233,-0.157296,0.6603,0.137263,-0.217132,0.8548,-0.213578,-0.099963,0.6926,0.158841,-0.143855,0.5879,-0.251168,-0.016661,0.8143,0.168854,-0.084323,0.9364,-0.214629,-0.062824,0.54,0.202715,-0.110084,0.8074,-0.178579,-0.059152,0.7988,0.16905,-0.142445,0.5199,-0.15319,-0.073483,0.8476,0.128545,-0.071148,0.9173,-0.026274,-0.129129,0.74,0.022368,-0.129878,0.7274,-0.05484,-0.058453,0.996,0.051417,-0.064477,0.9664,-0.101127,-0.069611,0.9817,0.091208,-0.076491,0.9689,-0.075512,-0.077798,1.0024,0.069257,-0.08406,0.9905,-0.080717,-0.049437,0.9619,0.074126,-0.056817,0.9452,0.005673,0.003579,0.9657,0.009738,0.069949,0.9878,-0.022671,0.075028,1.0025,0.041282,0.07484,0.9681,-0.025167,0.011648,0.9715,0.03614,0.010491,0.9577,-0.0764,-0.010261,0.9464,0.071627,-0.017393,0.9522,0.011395,0.105208,0.9812,-0.02446,0.105864,0.97,0.044315,0.105161,0.9796,0.011786,0.132346,1.0263,-0.047619,0.097481,0.9428,0.060793,0.096597,0.9945,0.011605,0.140048,1.0357,-0.078773,0.087342,0.8428,0.075142,0.08618,0.9519,0.012374,0.184924,0.8277,0.012534,0.191369,0.837,-0.034825,0.136005,1.0114,0.050565,0.13598,0.9446,0.013057,0.21848,0.9057,0,0,0,0,0,0,0,0,0,0,0,0,0,0,0,0,0,0,0,0,0
DOGS/dog_7515908/dog_7515908_t0_000240.jpg,masha,toy poodle,neutral,-0.135565,-0.132351,0.722,0.115231,-0.201471,0.5729,-0.150982,-0.066558,0.8422,0.182227,-0.130733,0.7546,-0.155233,0.004419,0.8354,0.218528,-0.04915,0.6753,-0.195187,0.078806,0.9366,0.310383,0.06677,0.8454,-0.208005,-0.000749,0.9121,0.305289,-0.076071,0.8134,-0.19396,-0.078525,0.8251,0.243412,-0.174294,0.7729,-0.157078,-0.144564,0.7681,0.132267,-0.225733,0.5464,-0.055864,-0.124534,0.6981,-0.005773,-0.139067,0.7517,-0.066912,-0.035717,0.9891,0.045116,-0.066354,0.9729,-0.102934,-0.029608,0.9954,0.101539,-0.080522,0.9526,-0.090258,-0.051208,0.9685,0.066523,-0.097724,0.9874,-0.082898,-0.013983,0.9765,0.080101,-0.0517,0.9427,-0.016432,-0.009358,0.9871,-0.016383,0.038182,1.0054,-0.045525,0.052494,0.9875,0.019199,0.038129,0.9941,-0.046129,0.003363,0.9348,0.017717,-0.009406,0.9384,-0.083383,0.023686,0.9148,0.093279,-0.013327,0.9539,-0.010705,0.071006,0.9735,-0.04213,0.080176,0.9953,0.026371,0.062816,1.0065,0.000122,0.09931,0.9498,-0.065769,0.088164,0.7983,0.065959,0.054535,0.8244,0.006179,0.113205,1.0229,-0.068283,0.106461,0.6494,0.088505,0.085501,0.7241,0.0121,0.127585,0.9629,0.015118,0.135957,0.9512,-0.026209,0.119172,0.8925,0.045773,0.101311,0.9146,0.009467,0.120325,1.0421,0,0,0,0,0,0,0,0,0,0,0,0,0,0,0,0,0,0,0,0,0
DOGS/dog_7515908/dog_7515908_t0_000330.jpg,masha,toy poodle,relaxed,-0.171488,-0.11706,0.6883,0.114498,-0.190826,0.6748,-0.185573,-0.055389,0.692,0.156745,-0.118324,0.7449,-0.211794,0.001153,0.8281,0.169693,-0.034243,0.8248,-0.267064,0.052819,0.8925,0.235626,0.050647,0.8871,-0.291808,-0.030394,0.7259,0.298046,-0.051551,0.8495,-0.245843,-0.089498,0.7457,0.242021,-0.15246,0.7744,-0.192833,-0.131906,0.7382,0.144652,-0.206201,0.6164,-0.038361,-0.127968,0.7932,0.011448,-0.133945,0.747,-0.053017,-0.041341,0.9825,0.051341,-0.055577,0.9868,-0.095495,-0.037649,0.9484,0.100848,-0.059632,0.9651,-0.077587,-0.060254,0.9811,0.073426,-0.080852,1.0173,-0.074397,-0.019624,0.9434,0.080161,-0.0354,0.9404,-0.000527,-0.010829,0.9918,0.001518,0.035569,0.9943,-0.028706,0.045831,0.9929,0.033427,0.038433,0.9617,-0.030876,-0.000577,0.9823,0.031507,-0.007367,0.9594,-0.0772,0.016307,0.9252,0.089806,0.002176,0.9396,0.005097,0.06683,0.9793,-0.027437,0.071574,0.9818,0.038647,0.063178,0.9763,0.009365,0.093786,0.9685,-0.055089,0.075198,0.8727,0.068854,0.059469,0.8285,0.011665,0.107034,1.0421,-0.064928,0.095818,0.8481,0.081623,0.084802,0.7973,0.014159,0.119812,0.9856,0.01569,0.127523,0.9267,-0.022086,0.110037,0.9412,0.045602,0.099887,0.9547,0.012861,0.113337,1.0085,0,0,0,0,0,0,0,0,0,0,0,0,0,0,0,0,0,0,0,0,0
DOGS/dog_7515908/dog_7515908_t0_000450.jpg,masha,toy poodle,relaxed,-0.140511,-0.126088,0.7306,0.109108,-0.206089,0.591,-0.153956,-0.062491,0.8395,0.177909,-0.133635,0.7483,-0.160779,0.00386,0.8351,0.215286,-0.044594,0.7006,-0.198461,0.076569,0.8207,0.308569,0.061307,0.8708,-0.211,0.004525,0.8725,0.313037,-0.074921,0.7623,-0.19636,-0.073377,0.7963,0.243754,-0.179179,0.783,-0.162789,-0.137095,0.7827,0.128378,-0.231217,0.5493,-0.054372,-0.122324,0.655,-0.004384,-0.136552,0.7131,-0.064352,-0.036366,0.9963,0.046038,-0.064401,0.948,-0.098972,-0.030364,0.9353,0.101995,-0.079515,0.9813,-0.086674,-0.051049,1.0072,0.067056,-0.096066,0.9723,-0.079658,-0.01549,0.9411,0.080786,-0.050959,0.9684,-0.016122,-0.008967,0.9926,-0.018369,0.039121,0.9733,-0.047101,0.052878,0.955,0.017246,0.039061,0.9939,-0.045293,0.003402,0.9685,0.017822,-0.009106,0.9263,-0.081025,0.021289,0.9154,0.093661,-0.013268,0.9349,-0.01271,0.072226,0.9873,-0.043878,0.08082,0.9684,0.024216,0.064163,0.9882,-0.002585,0.100064,0.9911,-0.065953,0.087566,0.7807,0.062322,0.055664,0.849,0.003279,0.112773,1.0368,-0.069866,0.103845,0.6128,0.088842,0.083337,0.6238,0.00952,0.127308,0.9954,0.012515,0.135569,0.9387,-0.02838,0.117698,0.9104,0.043969,0.10099,0.9121,0.006739,0.119892,1.0033,0,0,0,0,0,0,0,0,0,0,0,0,0,0,0,0,0,0,0,0,0
DOGS/dog_7516712/dog_7516712_t0_000000.jpg,danek,Maltese dog,neutral,-0.133766,-0.054597,0.7734,0.126279,-0.128131,0.822,-0.133136,0.007388,0.8323,0.175282,-0.075231,0.9585,-0.128566,0.0696,0.7256,0.22483,-0.015158,0.7187,-0.137249,0.181658,0.2028,0.415202,0.058417,0.6337,-0.169306,0.089641,0.7303,0.374789,-0.046856,0.6451,-0.174809,0.012392,0.8993,0.246402,-0.129824,0.7708,-0.151397,-0.062258,0.8676,0.136251,-0.152026,0.9937,-0.069118,-0.085534,0.8654,-0.013561,-0.102639,0.8545,-0.091274,-0.030307,0.7895,0.047514,-0.058331,1.0218,-0.119204,-0.021178,0.7645,0.094992,-0.067315,0.9713,-0.109015,-0.036017,0.7807,0.067406,-0.076091,1.0014,-0.10345,-0.018526,0.7892,0.074299,-0.052699,0.9421,-0.045348,-0.040612,0.8961,-0.054844,-0.010482,0.9572,-0.082899,0.005267,0.9461,-0.016363,-0.011094,0.9174,-0.074191,-0.030378,0.9775,-0.013497,-0.040765,0.9595,-0.102408,0.004049,0.7945,0.086922,-0.025965,0.9101,-0.050937,0.021874,0.9212,-0.083195,0.032754,0.9693,-0.00509,0.011137,0.9969,-0.035575,0.057756,0.9834,-0.097555,0.048898,0.7942,0.045128,0.011616,0.8511,-0.0244,0.077578,1.0029,-0.094368,0.076722,0.6778,0.126717,0.056699,0.5478,0.034555,0.191909,1.011,0.042661,0.207008,0.9191,-0.0517,0.095543,0.717,0.055355,0.068423,0.8573,0.025445,0.174574,0.8836,0,0,0,0,0,0,0,0,0,0,0,0,0,0,0,0,0,0,0,0,0
DOGS/dog_7516712/dog_7516712_t0_000300.jpg,danek,Maltese dog,sad,-0.12724,-0.076854,0.7674,0.117828,-0.153229,0.8054,-0.141263,0.005001,0.6875,0.172626,-0.101943,0.8221,-0.139774,0.06802,0.8207,0.222895,-0.026429,0.731,-0.148962,0.128528,0.6519,0.386507,0.083991,0.8765,-0.182082,0.072754,0.8612,0.36944,-0.068534,0.6844,-0.18105,0.000821,0.7758,0.266628,-0.165534,0.7473,-0.14761,-0.087062,0.7744,0.128642,-0.180366,0.9249,-0.062282,-0.093834,0.7491,-0.005635,-0.116293,0.7592,-0.074271,-0.024455,0.9395,0.047641,-0.05926,1.0235,-0.106249,-0.013766,0.9371,0.110431,-0.068692,0.9501,-0.092453,-0.028662,0.9455,0.073534,-0.086386,0.9927,-0.088611,-0.01017,0.9391,0.084337,-0.046165,0.9271,-0.034676,-0.027443,0.9403,-0.044047,0.00722,0.9211,-0.073638,0.020828,0.9658,-0.00707,0.003977,0.9152,-0.061439,-0.014124,1.0161,-0.003015,-0.030546,0.9505,-0.092758,0.01553,0.8927,0.095798,-0.017197,0.8952,-0.040554,0.03823,0.9449,-0.075582,0.048891,0.9672,0.002114,0.026573,0.9262,-0.026758,0.072268,0.9978,-0.093644,0.06783,0.7492,0.051783,0.021243,0.7671,-0.017331,0.091319,0.9726,-0.087216,0.099799,0.6181,0.107409,0.055763,0.3804,0.002553,0.127595,0.9722,0.011646,0.142847,0.9133,-0.048496,0.107086,0.8383,0.050861,0.082876,0.7583,-0.006779,0.109816,1.0037,0,0,0,0,0,0,0,0,0,0,0,0,0,0,0,0,0,0,0,0,0
DOGS/dog_7615426/dog_7615426_t0_000000.jpg,masha,Pomeranian,sad,-0.112951,-0.16031,0.4986,0.037072,-0.174599,0.8511,-0.129946,-0.185442,0.6452,0.065309,-0.209058,0.8834,-0.148763,-0.200812,0.7487,0.104252,-0.229832,0.8634,-0.178336,-0.218602,0.8881,0.154337,-0.227806,0.7815,-0.178931,-0.179153,0.8185,0.167602,-0.17866,0.8019,-0.187463,-0.150372,0.6181,0.166101,-0.13896,0.9009,-0.194127,-0.115788,0.7435,0.157219,-0.102366,0.8348,-0.050954,-0.056129,0.4565,0.00993,-0.05894,0.6284,-0.060649,0.02102,0.9405,0.041792,0.011216,0.9618,-0.112963,0.0189,0.9585,0.08417,-0.00396,0.975,-0.08792,0.004346,0.9958,0.058433,-0.0133,0.9791,-0.088371,0.0371,0.9517,0.06864,0.021017,0.9751,0.001354,0.030751,0.8394,0.013249,0.067702,0.9538,-0.011443,0.073579,0.9807,0.037022,0.069812,0.986,-0.02196,0.038981,0.9101,0.026467,0.03387,0.9424,-0.084723,0.06742,0.8908,0.073167,0.050524,0.9517,0.016018,0.091781,0.9944,-0.011264,0.093593,1.0127,0.041565,0.090203,0.9965,0.016804,0.115988,0.9907,-0.040842,0.092614,0.8735,0.060469,0.087941,0.911,0.016855,0.125633,1.0062,-0.079012,0.109149,0.9713,0.078,0.089183,0.9738,0.016832,0.132155,0.9965,0.01694,0.136265,0.9522,-0.03215,0.124163,0.9149,0.052862,0.121765,0.9811,0.016923,0.128925,1.0209,0,0,0,0,0,0,0,0,0,0,0,0,0,0,0,0,0,0,0,0,0
DOGS/dog_7615426/dog_7615426_t0_000200.jpg,masha,Pomeranian,sad,-0.115587,-0.166549,0.5273,0.037414,-0.170235,0.838,-0.123039,-0.190327,0.6701,0.060302,-0.201631,0.9708,-0.146602,-0.207545,0.8003,0.094017,-0.219637,0.916,-0.1769,-0.214097,0.7836,0.136444,-0.223782,0.8225,-0.197959,-0.163435,0.7277,0.157356,-0.175751,0.8455,-0.19742,-0.138907,0.5356,0.163751,-0.14136,0.8993,-0.190596,-0.110498,0.758,0.167286,-0.108374,0.8209,-0.046651,-0.058006,0.3367,0.012401,-0.064075,0.4734,-0.059695,0.028439,0.9205,0.050468,0.016321,0.9499,-0.115144,0.027667,0.8854,0.101242,0.007068,0.9696,-0.088534,0.01129,0.9551,0.072541,-0.003271,0.9807,-0.088885,0.04627,0.8846,0.081191,0.031198,0.9649,-0.001901,0.02355,0.9168,0.00363,0.053425,0.9496,-0.021046,0.061425,0.9854,0.02766,0.056201,0.9894,-0.025109,0.03176,0.9159,0.022152,0.026557,0.9758,-0.087795,0.078965,0.841,0.086302,0.06372,0.9414,0.005696,0.078629,1.0131,-0.022415,0.081686,0.9933,0.033035,0.075778,1.0146,0.007989,0.107345,0.9469,-0.048451,0.090389,0.8587,0.057139,0.082986,0.9129,0.009043,0.124333,0.9901,-0.077336,0.119373,0.8046,0.086111,0.102723,0.9356,0.009748,0.137478,0.9476,0.010414,0.145653,0.9037,-0.037832,0.129889,0.9105,0.05306,0.124658,0.9732,0.009255,0.130904,1.0203,0,0,0,0,0,0,0,0,0,0,0,0,0,0,0,0,0,0,0,0,0
DOGS/dog_7615426/dog_7615426_t0_000500.jpg,masha,Pomeranian,sad,-0.115554,-0.183062,0.3973,0.014457,-0.192526,0.727,-0.116693,-0.225322,0.5333,0.050518,-0.219025,0.919,-0.12426,-0.251768,0.6273,0.098039,-0.22852,0.9437,-0.126399,-0.277962,0.6513,0.143735,-0.212249,0.815,-0.168801,-0.219638,0.4344,0.148005,-0.167159,0.8611,-0.192839,-0.176059,0.4093,0.141895,-0.130406,0.9232,-0.203902,-0.138508,0.6977,0.126252,-0.097553,0.9062,-0.044776,-0.06983,0.5605,0.010928,-0.067759,0.6205,-0.066505,0.011831,0.9332,0.027114,0.017064,0.9718,-0.126496,-0.003081,0.9406,0.05663,0.011708,0.9524,-0.090341,-0.017364,1.0024,0.04174,-0.001655,1.0037,-0.101686,0.025896,0.9128,0.042814,0.031709,1.014,-0.001461,0.030265,0.8679,0.023693,0.067123,0.9127,-0.001518,0.070038,0.9315,0.043543,0.072917,0.9,-0.023851,0.035559,0.8714,0.019183,0.035264,0.9219,-0.105955,0.058784,0.8489,0.044836,0.06061,0.9845,0.026353,0.091449,0.9629,-0.000312,0.089302,0.918,0.046234,0.09503,0.918,0.021091,0.117963,1.0013,-0.038968,0.090748,0.8237,0.053544,0.101226,0.8739,0.016536,0.132625,0.9721,-0.102125,0.108873,0.7998,0.055298,0.106791,0.9085,0.01347,0.142105,0.9464,0.011695,0.148107,0.9614,-0.033999,0.12778,0.8678,0.038541,0.134723,0.8863,0.014845,0.137529,0.9955,0,0,0,0,0,0,0,0,0,0,0,0,0,0,0,0,0,0,0,0,0
DOGS/dog_7682699/dog_7682699_t0_000000.jpg,masha,miniature pinscher,surprise,-0.112143,-0.072334,0.969,0.057081,-0.074596,1.0398,-0.161305,-0.118596,0.9643,0.102854,-0.122708,0.9955,-0.214908,-0.162926,0.9462,0.147921,-0.171772,0.9633,-0.294122,-0.189726,0.9833,0.216524,-0.202198,0.9781,-0.280179,-0.097827,0.8963,0.22345,-0.112031,0.9713,-0.252182,-0.01484,0.8215,0.19951,-0.025635,0.9443,-0.186175,0.068323,0.4842,0.145165,0.066847,0.8643,-0.031296,-0.042023,0.9281,0.018133,-0.038707,0.8426,-0.063213,0.010309,0.9541,0.057775,0.007582,0.9305,-0.115819,0.011236,0.9931,0.096472,0.009467,0.9201,-0.090057,-0.011904,0.9709,0.076159,-0.009202,0.9517,-0.090851,0.030483,0.9885,0.080069,0.02449,0.8779,0.012074,-0.004966,0.8366,0.024989,0.017997,0.9406,-0.007077,0.023653,0.9419,0.050335,0.026058,0.8675,-0.013847,0.000681,0.8439,0.037879,-6e-06,0.9291,-0.089989,0.060489,0.8995,0.087076,0.053552,0.8819,0.028924,0.04443,0.9647,-0.009969,0.046142,0.9663,0.056256,0.048131,0.8824,0.028955,0.074868,0.994,-0.041918,0.071644,0.8413,0.076425,0.068133,0.8995,0.027141,0.093153,0.9505,-0.081178,0.119169,0.6888,0.088697,0.110465,0.7205,0.025849,0.103745,0.9291,0.02476,0.111215,0.9181,-0.035767,0.134795,0.9176,0.065626,0.113331,0.6892,0.026506,0.098339,0.9911,1,0,0,0,0,0,0,0,0,0,0,0,0,0,0,0,0,0,0,0,0
DOGS/dog_7682704/dog_7682704_t0_000025.jpg,masha,miniature pinscher,submission,-0.119262,-0.085945,0.9692,0.032938,-0.075882,0.9778,-0.158268,-0.135274,0.9695,0.077185,-0.122493,0.9487,-0.202067,-0.188057,0.9845,0.126619,-0.169547,0.9451,-0.275336,-0.228584,1.0211,0.200707,-0.1986,0.9934,-0.276317,-0.128919,0.9034,0.199715,-0.108853,0.9839,-0.262348,-0.03129,0.7578,0.166671,-0.021273,0.8374,-0.213872,0.066163,0.4451,0.117403,0.056829,0.9411,-0.032362,-0.040718,0.8011,0.014695,-0.038501,0.8182,-0.059282,0.008906,0.9802,0.055164,0.01053,0.9722,-0.112864,0.007015,0.9663,0.093703,0.014703,0.884,-0.086941,-0.015697,0.9907,0.074649,-0.005512,1.0275,-0.088397,0.027266,0.9733,0.07697,0.028476,0.894,0.016322,0.006795,0.8187,0.03484,0.027719,0.9712,0.006251,0.032758,0.944,0.059277,0.036716,0.873,-0.007197,0.011779,0.8027,0.039433,0.009858,0.8863,-0.089782,0.059684,0.8764,0.084637,0.053291,0.8158,0.039548,0.054747,1.0135,0.004235,0.05347,0.9529,0.066256,0.059115,0.8761,0.036676,0.086054,0.9482,-0.031108,0.0707,0.7631,0.080912,0.07926,0.8742,0.032251,0.105132,1.0006,-0.074738,0.110966,0.5441,0.091254,0.102567,0.7747,0.030364,0.114634,0.9576,0.029175,0.12137,0.9081,-0.026606,0.121929,0.8638,0.067643,0.122035,0.8709,0.031212,0.109914,0.9877,0,0,0,0,0,0,0,0,0,0,0,0,0,0,0,0,0,0,0,0,0
DOGS/dog_7682705/dog_7682705_t0_000125.jpg,masha,miniature pinscher,sad,-0.083033,-0.131598,1.0132,0.025862,-0.137521,0.9725,-0.106347,-0.17006,0.9769,0.063533,-0.176793,0.9558,-0.129234,-0.20515,0.9928,0.110817,-0.212921,0.9126,-0.174718,-0.230005,1.0054,0.175078,-0.230644,0.9012,-0.191802,-0.16353,0.9324,0.161099,-0.159157,0.9011,-0.19951,-0.097855,0.8978,0.125682,-0.10052,0.9057,-0.181095,-0.030509,0.7651,0.090144,-0.04442,0.8049,-0.023217,-0.061226,0.6341,0.012848,-0.066288,0.7116,-0.045642,0.003027,1.0137,0.041803,0.003002,1.0148,-0.092353,-0.01097,1.0153,0.073161,-0.011069,0.9513,-0.065694,-0.026702,0.9453,0.05479,-0.019496,0.9328,-0.074601,0.013327,0.9766,0.060414,0.01136,0.949,0.010785,0.038587,0.9157,0.027252,0.082942,0.9597,0.004165,0.089575,0.9057,0.048729,0.086934,0.954,-0.01162,0.045478,0.9504,0.032402,0.040938,0.9235,-0.073678,0.046973,0.9395,0.057533,0.042003,0.9708,0.030696,0.112844,1.0009,0.003292,0.113535,0.9548,0.051725,0.112476,0.9834,0.029696,0.136766,0.9511,-0.025355,0.112823,0.8519,0.06493,0.111824,0.7541,0.029252,0.145596,0.9676,-0.068623,0.114427,0.8786,0.075188,0.108453,0.8428,0.028948,0.151314,0.9319,0.028638,0.155098,0.8786,-0.020384,0.151443,0.9081,0.056902,0.142614,0.8404,0.029068,0.148477,0.9389,0,0,0,0,0,0,0,0,0,0,0,0,0,0,0,0,0,0,0,0,0
DOGS/dog_7683644/dog_7683644_t0_000100.jpg,masha,Pomeranian,happy,-0.079383,-0.115836,0.5412,0.076938,-0.13737,0.8341,-0.106591,-0.153071,0.838,0.088016,-0.180637,0.9359,-0.134497,-0.175836,0.9307,0.108236,-0.215093,0.9656,-0.168325,-0.17903,0.8477,0.144932,-0.231996,0.9514,-0.181017,-0.130525,0.8436,0.178271,-0.19273,0.9192,-0.182779,-0.089966,0.8338,0.196283,-0.150985,0.8393,-0.176806,-0.058078,0.7019,0.19277,-0.104383,0.5639,-0.03241,-0.050817,0.616,0.019966,-0.054649,0.5876,-0.050258,0.026348,0.9465,0.057166,0.012223,0.9752,-0.088373,0.03581,0.9318,0.11151,0.003119,0.9391,-0.072739,0.013021,0.9731,0.080878,-0.010692,0.9765,-0.068406,0.047691,0.9536,0.087856,0.024555,0.9195,-0.010708,0.006357,0.876,-0.015077,0.031463,0.9891,-0.03537,0.043503,0.9538,0.010825,0.033637,0.9896,-0.031854,0.015504,0.9422,0.013266,0.008308,0.8926,-0.071183,0.076487,0.8757,0.098732,0.053487,0.8703,-0.013294,0.057855,1.01,-0.037139,0.065326,0.9405,0.016215,0.053766,0.9951,-0.008618,0.08635,0.9989,-0.057297,0.085039,0.9416,0.051283,0.06176,0.8407,-0.004635,0.1061,0.9997,-0.075546,0.127456,0.8462,0.110723,0.092721,0.5829,0.013259,0.207492,1.0049,0.015364,0.215725,0.9717,-0.039789,0.127877,0.8953,0.05611,0.109067,0.8987,0.012241,0.201143,0.9435,0,0,0,0,0,0,0,0,0,0,0,0,0,0,0,0,0,0,0,0,0
DOGS/dog_8115117/dog_8115117_t0_000025.jpg,masha,kelpie,relaxed,-0.056295,-0.11714,0.8787,0.064479,-0.136883,0.9359,-0.104721,-0.142907,0.9911,0.091917,-0.186189,0.9376,-0.154148,-0.167221,0.9148,0.122382,-0.233955,1.0023,-0.20746,-0.193893,0.9506,0.155838,-0.2807,0.9697,-0.187386,-0.125261,0.9262,0.183786,-0.211044,0.9085,-0.144934,-0.064473,0.8114,0.188673,-0.141172,0.967,-0.087251,0.008714,0.9727,0.18132,-0.059226,0.7009,-0.023931,-0.065867,0.7197,0.009909,-0.069862,0.7647,-0.041591,0.009273,0.9618,0.041304,-0.003511,0.9692,-0.072716,0.010184,0.9116,0.083188,-0.018078,1.0154,-0.059882,-0.005928,0.9374,0.056728,-0.026476,0.9382,-0.056682,0.023326,0.925,0.066691,0.001471,0.9866,-0.007705,0.03485,0.9746,-0.018,0.079608,0.9294,-0.037935,0.086638,0.9498,0.006315,0.08097,0.9432,-0.027427,0.042206,0.9256,0.014473,0.037266,0.8946,-0.050217,0.048263,0.9615,0.069858,0.02967,0.9664,-0.016035,0.106391,0.9405,-0.037586,0.109959,0.9787,0.011128,0.102263,1.0168,-0.008502,0.129675,0.9574,-0.04397,0.112276,0.8186,0.040508,0.095331,0.8841,-0.003995,0.139567,0.9955,-0.049376,0.107635,0.773,0.083568,0.092097,0.8371,0.003568,0.156507,0.9844,0.006245,0.165022,0.8721,-0.029195,0.141231,0.9743,0.0416,0.130054,0.9359,0.000823,0.147963,1.0135,0,0,0,0,0,0,0,0,0,0,0,0,0,0,0,0,0,0,0,0,0
DOGS/dog_8115117/dog_8115117_t0_000100.jpg,masha,kelpie,relaxed,-0.090448,-0.109259,0.9908,0.092664,-0.123259,0.8722,-0.141917,-0.134634,0.9774,0.124511,-0.165168,0.9037,-0.192194,-0.15746,0.9353,0.160907,-0.202566,0.8222,-0.241602,-0.187582,0.9834,0.203375,-0.250186,0.9737,-0.223453,-0.114022,0.949,0.193914,-0.175595,0.9333,-0.186505,-0.0405,0.8732,0.180682,-0.110241,0.9374,-0.128882,0.026072,0.8647,0.158108,-0.032441,0.6551,-0.023271,-0.077102,0.823,0.016752,-0.080503,0.7971,-0.043689,-0.002214,0.9663,0.051062,-0.011133,0.9448,-0.084529,-0.004942,0.9522,0.091856,-0.019266,0.955,-0.065083,-0.023056,0.9765,0.068037,-0.032982,0.9687,-0.06545,0.012168,0.9657,0.074697,-0.001452,0.9428,0.002057,0.022306,1.0229,0.002083,0.059453,0.9797,-0.022447,0.068046,0.9377,0.027707,0.063302,0.9739,-0.021876,0.029378,0.9345,0.02657,0.025818,0.9645,-0.062044,0.042613,0.9546,0.076116,0.030053,0.9464,0.004069,0.089256,0.9622,-0.024176,0.091799,0.9701,0.032862,0.087222,0.954,0.006614,0.11891,0.9384,-0.043323,0.096252,0.8862,0.055963,0.087609,0.8995,0.008237,0.132871,1.0102,-0.062018,0.104368,0.8765,0.08079,0.097651,0.9797,0.009348,0.147488,0.9381,0.009571,0.155602,0.8806,-0.028863,0.13563,0.963,0.048706,0.129142,0.984,0.008979,0.139958,0.9947,0,0,0,0,0,0,0,0,0,0,0,0,0,0,0,0,0,0,0,0,0
DOGS/dog_8115118/dog_8115118_t0_000175.jpg,masha,kelpie,sad,-0.121145,-0.104481,0.9401,0.092414,-0.122886,0.9436,-0.169691,-0.142079,0.8989,0.138881,-0.159082,0.9281,-0.227641,-0.171858,0.8353,0.191595,-0.193567,0.9552,-0.265901,-0.203706,0.1074,0.241855,-0.233492,0.9914,-0.254669,-0.100412,0.1757,0.233849,-0.156812,0.975,-0.231059,-0.036294,0.8566,0.210775,-0.088479,0.9335,-0.170452,0.032919,0.6702,0.178008,-0.011783,0.791,-0.040436,-0.074571,0.7713,0.007627,-0.078796,0.7473,-0.064882,-0.008613,0.9436,0.040455,-0.019788,0.9306,-0.109401,-0.009137,1.0031,0.088549,-0.027426,0.9983,-0.088384,-0.029199,0.9732,0.061379,-0.044227,0.9733,-0.087595,0.0071,0.9563,0.066938,-0.009527,0.9566,-0.016658,0.008813,0.9581,-0.019876,0.037632,0.9392,-0.046069,0.045455,0.958,0.010724,0.041889,0.9276,-0.040709,0.015598,0.983,0.009392,0.011824,0.9376,-0.083676,0.03946,0.9605,0.068188,0.021735,0.938,-0.019015,0.068696,0.993,-0.049725,0.072329,0.9749,0.016403,0.066285,0.9732,-0.013772,0.10329,0.9552,-0.068074,0.085433,0.8763,0.044684,0.074446,0.8458,-0.011004,0.123873,0.979,-0.07893,0.107613,0.8573,0.074627,0.095207,0.9504,-0.009284,0.140578,0.9725,-0.008476,0.150799,0.9482,-0.048513,0.131447,0.8942,0.038482,0.12134,0.9083,-0.010023,0.132238,1.0131,1,0,0,0,0,0,0,0,0,0,0,0,0,0,0,0,0,0,0,0,1
DOGS/dog_8115120/dog_8115120_t0_000100.jpg,masha,toy terrier,neutral,-0.140884,-0.137485,0.9347,0.070121,-0.140771,0.9855,-0.192038,-0.160733,0.91,0.120561,-0.173147,0.8165,-0.262892,-0.153049,0.7929,0.192774,-0.15782,0.8087,-0.287863,-0.074728,0.8224,0.233477,-0.101061,0.9474,-0.261971,-0.081454,0.8563,0.197241,-0.085636,0.8443,-0.233925,-0.060643,0.965,0.173001,-0.047976,0.9174,-0.208294,-0.023819,0.877,0.118839,0.000643,1.0008,-0.019191,-0.090988,0.7326,0.030449,-0.091531,0.8003,-0.054408,-0.02185,1.0102,0.061607,-0.018132,0.9476,-0.103987,-0.032717,0.939,0.096285,-0.021223,0.964,-0.076444,-0.045655,0.9723,0.079516,-0.036666,1.0061,-0.082137,-0.013199,0.9446,0.080408,-0.004663,0.9565,0.013159,0.008104,0.9961,0.025061,0.045002,0.9742,-0.001629,0.051111,0.9278,0.050479,0.051372,0.9306,-0.013379,0.014732,0.9898,0.038996,0.012533,0.9609,-0.077469,0.023132,0.9087,0.078551,0.027311,0.8886,0.027468,0.073048,0.9579,-0.004036,0.072647,0.9881,0.055034,0.074417,0.9613,0.026614,0.10227,0.9964,-0.037678,0.07895,0.8972,0.072073,0.082087,0.893,0.025848,0.117663,0.9715,-0.074989,0.101387,0.7631,0.084413,0.089764,0.8303,0.025296,0.133479,0.9917,0.024932,0.142621,0.9338,-0.026137,0.125723,0.9236,0.062584,0.119321,0.8874,0.025522,0.124794,0.9798,0,0,0,0,0,0,0,0,0,0,0,0,0,0,0,0,0,0,0,0,0
DOGS/dog_8264881/dog_8264881_t0_000096.jpg,masha,Border terrier,surprise,-0.126283,-0.128244,0.9773,0.088434,-0.139237,0.8738,-0.171007,-0.163257,0.8931,0.159935,-0.13146,0.9112,-0.216583,-0.090493,0.7895,0.211921,-0.088249,0.8325,-0.244648,-0.023278,0.8595,0.248278,-0.008663,0.9809,-0.291459,-0.051357,0.9618,0.20222,-0.040418,0.8271,-0.316052,-0.094982,0.881,0.173889,-0.044733,0.8845,-0.180308,0.023748,0.8909,0.143917,-0.025926,0.8959,-0.035415,-0.087415,0.8675,0.008366,-0.096162,0.8661,-0.061147,-0.020286,0.9461,0.050458,-0.038909,0.9161,-0.111797,-0.021518,0.9613,0.095252,-0.052701,0.9832,-0.087007,-0.045891,0.9276,0.067898,-0.069391,0.9502,-0.087077,-0.001046,1.0108,0.07815,-0.027409,0.9738,0.004002,0.002039,0.9372,0.014576,0.03499,0.9847,-0.014894,0.045805,0.9374,0.04443,0.035586,0.9195,-0.021325,0.012149,0.9092,0.031261,0.00188,0.9236,-0.082401,0.036833,0.9092,0.08197,0.010511,0.9216,0.02067,0.062099,0.991,-0.016256,0.069767,0.9776,0.05542,0.057569,0.9416,0.02498,0.09007,0.9773,-0.051176,0.090152,0.7306,0.090271,0.07033,0.6564,0.027446,0.107885,0.9753,-0.079791,0.127805,0.4911,0.130977,0.096075,0.7523,0.028196,0.114896,1.0105,0.028552,0.120033,0.9275,-0.027645,0.141081,0.7763,0.087404,0.12597,0.6451,0.028004,0.111476,0.9541,1,0,0,0,0,0,0,0,0,0,0,0,0,0,0,0,0,0,0,0,0
DOGS/dog_8264881/dog_8264881_t0_000240.jpg,masha,Border terrier,surprise,-0.138796,-0.179758,0.7616,0.030066,-0.174663,0.9185,-0.155902,-0.229631,0.6188,0.090918,-0.162461,0.7508,-0.244619,-0.238318,0.3349,0.134409,-0.118634,0.9163,-0.31309,-0.201881,0.3219,0.139568,-0.03795,0.9903,-0.283337,-0.194313,0.7731,0.117421,-0.071574,0.6999,-0.270122,-0.141851,0.6406,0.101003,-0.087242,0.7294,-0.256213,-0.081237,0.6459,0.080708,-0.091573,0.5018,-0.029044,-0.096786,0.7228,0.016887,-0.093399,0.6664,-0.062267,-0.032844,0.9336,0.044119,-0.022555,0.9367,-0.117035,-0.047709,0.9374,0.080738,-0.031165,0.9302,-0.084717,-0.06438,0.9548,0.061937,-0.04813,0.9499,-0.094593,-0.0198,0.9912,0.062678,-0.008734,1.0021,0.012268,0.011817,0.911,0.042434,0.058164,0.9282,0.007678,0.061318,0.9356,0.068981,0.065541,0.926,-0.014009,0.016483,0.8995,0.036906,0.0165,0.9144,-0.095459,0.019663,0.8564,0.060857,0.022161,0.9344,0.045727,0.08788,0.9542,0.004662,0.087449,0.9817,0.074441,0.091224,0.9458,0.041575,0.117323,0.9552,-0.040251,0.091863,0.7272,0.087331,0.104194,0.7323,0.036755,0.134725,0.9678,-0.083894,0.112126,0.4511,0.089293,0.127504,0.6438,0.034452,0.143413,0.9636,0.032857,0.14937,0.9249,-0.025426,0.145525,0.8543,0.065626,0.148313,0.9038,0.03558,0.139231,1.004,0,0,0,0,0,0,0,0,0,0,0,0,0,0,0,0,0,0,0,0,0
DOGS/dog_8264881/dog_8264881_t0_000312.jpg,masha,Border terrier,surprise,-0.107115,-0.155153,0.793,0.039118,-0.179702,0.9019,-0.12731,-0.211379,0.6756,0.099458,-0.192321,0.8334,-0.154906,-0.166427,0.4974,0.159743,-0.163417,0.8776,-0.200129,-0.09114,0.6119,0.198572,-0.083603,1.0154,-0.245474,-0.15304,0.6227,0.156043,-0.116914,0.7425,-0.267182,-0.194362,0.8903,0.136283,-0.089614,0.8456,-0.226729,-0.04821,0.8112,0.100521,-0.059694,0.9543,-0.035553,-0.089699,0.7833,0.005337,-0.091678,0.735,-0.066282,-0.018004,0.923,0.037403,-0.022892,0.9608,-0.116278,-0.026911,0.9383,0.079621,-0.037455,0.9891,-0.088335,-0.045197,0.9537,0.055297,-0.050144,0.9338,-0.094886,-0.002681,0.9725,0.062039,-0.012269,0.9576,0.002383,0.020716,0.9205,0.022467,0.06165,0.9784,-0.01076,0.069558,0.9763,0.051,0.066405,0.9008,-0.025506,0.027873,0.9447,0.029553,0.023044,0.896,-0.091805,0.036226,0.8634,0.063671,0.02496,0.9236,0.027362,0.093064,0.977,-0.012426,0.095447,0.968,0.059777,0.092302,0.9874,0.026224,0.12151,0.9603,-0.051566,0.10416,0.6687,0.078618,0.1009,0.7269,0.024971,0.137229,0.9792,-0.085902,0.131619,0.584,0.088667,0.11954,0.6671,0.024707,0.145551,0.9417,0.024449,0.151415,0.9407,-0.030746,0.1527,0.8517,0.065477,0.148364,0.9358,0.024901,0.141437,1.0109,0,0,0,0,0,0,0,0,0,0,0,0,0,0,0,0,0,0,0,0,0
DOGS/dog_8473423/dog_8473423_t0_000100.jpg,masha,Pomeranian,relaxed,-0.069755,-0.119382,0.7172,0.037107,-0.148718,0.6755,-0.083394,-0.158742,0.888,0.048511,-0.184932,0.8801,-0.106846,-0.185624,0.9391,0.069099,-0.21424,1.0535,-0.141404,-0.199665,0.9815,0.114312,-0.230824,0.8996,-0.184962,-0.149508,0.8591,0.164021,-0.192812,0.8071,-0.20356,-0.101745,0.7851,0.186134,-0.156057,0.8818,-0.205967,-0.058233,0.8471,0.19252,-0.109919,0.7929,-0.031256,-0.057242,0.5893,0.024585,-0.059669,0.6669,-0.05761,0.036341,0.9818,0.065746,0.02821,0.9518,-0.100291,0.04072,0.9276,0.116554,0.023807,0.9514,-0.080444,0.026819,0.9629,0.088012,0.01414,0.9707,-0.078537,0.050981,0.9495,0.093708,0.039424,0.9324,0.00011,0.01807,0.9621,-0.001552,0.04298,0.9782,-0.027683,0.051403,0.985,0.028642,0.050249,0.9594,-0.024662,0.024334,0.9412,0.026604,0.023874,0.9709,-0.080413,0.081451,0.9013,0.103278,0.071329,0.8648,9.4e-05,0.070849,0.9617,-0.031434,0.074447,0.9602,0.034713,0.07189,0.9647,0.005079,0.103629,0.9737,-0.054489,0.095287,0.856,0.066829,0.088113,0.8145,0.007797,0.123087,0.9022,-0.059207,0.145938,0.5848,0.09786,0.153228,0.5959,0.011747,0.148649,1.0075,0.012834,0.16167,0.8795,-0.02764,0.146088,0.8968,0.05911,0.144185,0.8258,0.009794,0.136017,0.9186,0,0,0,0,0,0,0,0,0,0,0,0,0,0,0,0,0,0,0,0,0
DOGS/dog_8473423/dog_8473423_t0_000250.jpg,masha,Pomeranian,relaxed,-0.059011,-0.138048,0.602,0.049861,-0.157514,0.6986,-0.075417,-0.16896,0.7526,0.058659,-0.194583,0.8734,-0.098153,-0.195416,0.8314,0.078784,-0.223981,0.9812,-0.132188,-0.206859,0.9317,0.114978,-0.245852,0.9526,-0.171521,-0.158712,0.8364,0.150098,-0.203055,0.8912,-0.184578,-0.115069,0.906,0.178528,-0.163935,0.7719,-0.182499,-0.067497,0.8587,0.191437,-0.12149,0.6345,-0.028756,-0.049834,0.505,0.026562,-0.057288,0.5232,-0.050168,0.03558,0.982,0.06415,0.01998,1.0037,-0.092784,0.041342,0.9813,0.116518,0.010163,0.9652,-0.072632,0.025808,0.9487,0.088214,0.001152,0.9583,-0.070959,0.051454,0.9924,0.093301,0.029557,0.912,-0.002898,0.021307,0.9666,-0.006338,0.046345,0.9744,-0.030653,0.057434,0.9731,0.023311,0.049078,0.977,-0.025907,0.030076,0.9441,0.023478,0.02296,0.9206,-0.071589,0.081088,0.9715,0.101701,0.059787,0.9093,-0.005548,0.074142,0.9823,-0.034492,0.080176,0.9526,0.028908,0.070029,0.9801,-0.001172,0.105919,0.9569,-0.054365,0.100333,0.8489,0.06167,0.080375,0.8737,0.002238,0.123995,0.9115,-0.062866,0.142384,0.7708,0.092063,0.13653,0.45,0.007074,0.155227,1.0405,0.009586,0.16858,0.9361,-0.033711,0.151459,0.8768,0.05208,0.136704,0.8678,0.00453,0.140592,1.0194,0,0,0,0,0,0,0,0,0,0,0,0,0,0,0,0,0,0,0,0,0
DOGS/dog_8473423/dog_8473423_t0_000400.jpg,masha,Pomeranian,relaxed,-0.068185,-0.121528,0.7062,0.041125,-0.1508,0.6494,-0.082277,-0.159767,0.9051,0.052194,-0.187474,0.8609,-0.105977,-0.18746,0.9269,0.072237,-0.216908,0.9964,-0.140825,-0.200866,0.9344,0.11622,-0.235482,0.899,-0.181545,-0.150834,0.8601,0.164665,-0.196318,0.8306,-0.199701,-0.102431,0.8321,0.185288,-0.160673,0.8601,-0.203907,-0.058272,0.8273,0.192085,-0.115661,0.8008,-0.033483,-0.057023,0.607,0.022672,-0.057972,0.6698,-0.056061,0.032163,0.9798,0.063562,0.025449,1.0203,-0.099126,0.037472,0.9985,0.114753,0.019457,0.965,-0.079742,0.020969,0.96,0.085557,0.009629,0.9758,-0.076813,0.048403,0.9677,0.092258,0.036679,0.9572,-0.001968,0.017202,0.9443,-0.003096,0.041769,0.9813,-0.028833,0.049857,0.9598,0.027305,0.049629,0.9509,-0.026276,0.023134,0.9234,0.024387,0.023632,1.0206,-0.078373,0.078265,0.9333,0.101873,0.068286,0.8809,-0.000984,0.069418,0.9763,-0.03238,0.072606,0.974,0.033952,0.070939,0.9553,0.004398,0.102114,0.9544,-0.053881,0.093354,0.8753,0.066171,0.08633,0.8111,0.007638,0.119398,0.9224,-0.065704,0.133394,0.7331,0.101972,0.149268,0.6561,0.014271,0.15762,0.9906,0.015354,0.171568,0.9131,-0.031516,0.147378,0.8958,0.061349,0.142067,0.8095,0.012087,0.141744,0.9335,0,0,0,0,0,0,0,0,0,0,0,0,0,0,0,0,0,0,0,0,0
DOGS/dog_8473423/dog_8473423_t0_000600.jpg,masha,Pomeranian,relaxed,-0.060617,-0.130911,0.6302,0.04634,-0.152694,0.655,-0.077833,-0.161588,0.7944,0.054715,-0.192557,0.8702,-0.099019,-0.189331,0.8648,0.07579,-0.223953,0.9775,-0.130842,-0.202977,0.9163,0.115731,-0.245314,0.9867,-0.17044,-0.155622,0.8389,0.151692,-0.203017,0.8556,-0.185217,-0.113855,0.9234,0.179851,-0.164217,0.8074,-0.181369,-0.065409,0.8481,0.195887,-0.121837,0.7562,-0.026979,-0.051055,0.5283,0.027726,-0.059723,0.5183,-0.049435,0.037231,0.9749,0.066388,0.018185,0.9506,-0.090164,0.043464,1.0,0.118145,0.008364,0.9431,-0.070872,0.028404,0.9785,0.090215,0.000532,0.9912,-0.069577,0.053163,0.9863,0.095357,0.026679,0.9283,-0.00266,0.021032,0.949,-0.00728,0.046416,0.9581,-0.031341,0.057839,1.0076,0.022534,0.048715,0.9963,-0.025749,0.029888,0.9364,0.023326,0.022599,0.9467,-0.070659,0.081983,0.9755,0.103255,0.057325,0.9091,-0.006862,0.073833,1.0158,-0.035529,0.080657,0.9518,0.027884,0.069022,0.9571,-0.002582,0.105578,0.9702,-0.054931,0.101755,0.8999,0.06079,0.078183,0.873,-8.1e-05,0.1223,0.9433,-0.066448,0.139585,0.7263,0.089695,0.130049,0.4282,0.005516,0.162042,1.0125,0.007704,0.174971,0.928,-0.036818,0.15347,0.8686,0.048474,0.134646,0.869,0.003557,0.147161,0.9798,0,0,0,0,0,0,0,0,0,0,0,0,0,0,0,0,0,0,0,0,0
DOGS/dog_8473423/dog_8473423_t0_000850.jpg,masha,Pomeranian,relaxed,-0.060144,-0.136551,0.6842,0.046913,-0.158024,0.6589,-0.07627,-0.166169,0.8521,0.053358,-0.195145,0.9017,-0.096602,-0.190315,0.9023,0.073655,-0.223848,0.9665,-0.128773,-0.200118,0.9569,0.111786,-0.243607,0.9664,-0.166606,-0.152744,0.8571,0.151338,-0.214086,0.8457,-0.180733,-0.111695,0.9255,0.172319,-0.172929,0.8556,-0.177724,-0.064933,0.9094,0.187585,-0.124946,0.8632,-0.028795,-0.045394,0.5858,0.024672,-0.050446,0.5467,-0.048041,0.036634,0.9365,0.059981,0.022476,1.0085,-0.090551,0.042034,0.9774,0.111424,0.011075,1.0071,-0.070104,0.025981,0.9718,0.083213,0.002383,0.9977,-0.068759,0.052682,1.0238,0.088799,0.030998,0.9427,-0.004174,0.026532,0.9234,-0.008211,0.05161,0.9717,-0.031085,0.061465,0.9906,0.020518,0.054604,1.0099,-0.026068,0.033963,0.9377,0.020731,0.028504,0.9268,-0.068327,0.08134,0.9836,0.097273,0.060758,0.9339,-0.006929,0.078913,1.0041,-0.034368,0.083512,0.9483,0.026705,0.075228,1.0033,-0.001863,0.109483,0.9356,-0.052722,0.101409,0.8641,0.058585,0.082344,0.9218,0.001133,0.124621,0.9849,-0.058165,0.13895,0.6964,0.081622,0.128864,0.4781,0.007929,0.164831,1.0032,0.010599,0.177709,0.965,-0.029874,0.145779,0.8666,0.045537,0.135437,0.9009,0.005421,0.149564,0.9536,0,0,0,0,0,0,0,0,0,0,0,0,0,0,0,0,0,0,0,0,0
DOGS/dog_8498674/dog_8498674_t0_000024.jpg,danek,Irish wolfhound,neutral,-0.116497,-0.189927,0.6698,0.093074,-0.236991,0.7928,-0.135646,-0.133671,0.3854,0.133837,-0.176418,0.485,-0.145654,-0.07859,0.5574,0.164492,-0.105437,0.63,-0.155236,0.007444,0.8824,0.197169,-0.023424,0.4947,-0.203271,-0.08,0.6038,0.220859,-0.180695,0.2997,-0.22667,-0.176452,0.7398,0.209187,-0.247406,0.5141,-0.120952,-0.202576,0.5957,0.105172,-0.237483,0.6345,-0.033761,-0.138986,0.6752,0.006834,-0.142124,0.6276,-0.050538,-0.057838,0.9624,0.038661,-0.067374,0.9397,-0.076294,-0.064128,0.9688,0.067475,-0.081582,0.9716,-0.063216,-0.071313,0.9611,0.047547,-0.093689,0.9396,-0.063754,-0.050333,0.9872,0.056696,-0.060337,0.966,0.001069,0.014397,0.9204,0.008408,0.095036,0.9089,-0.018387,0.100714,1.0236,0.038617,0.094431,0.9499,-0.025686,0.024093,0.9081,0.030195,0.016461,0.9008,-0.058686,-0.010152,0.9412,0.064973,-0.02221,0.9134,0.011619,0.121707,0.9389,-0.014606,0.124552,0.9887,0.042479,0.118754,0.9618,0.014208,0.137261,0.9889,-0.036381,0.117519,0.8466,0.067253,0.107926,0.7403,0.014951,0.141247,0.9957,-0.053435,0.113507,0.7612,0.09446,0.104481,0.464,0.015732,0.145326,0.9675,0.016172,0.147936,0.9801,-0.019499,0.143955,0.9171,0.056171,0.139065,0.7614,0.015387,0.143443,0.9891,0,0,0,0,0,0,0,0,0,0,0,0,0,0,0,0,0,0,0,0,0
DOGS/dog_8498674/dog_8498674_t0_000216.jpg,danek,otterhound,neutral,-0.101117,-0.198171,0.8212,0.076895,-0.203256,0.8724,-0.145958,-0.169091,0.5367,0.129927,-0.173625,0.5228,-0.191491,-0.063882,0.6452,0.160894,-0.107939,0.6216,-0.2226,0.061273,0.5238,0.195223,-0.044601,0.3609,-0.231867,-0.090643,0.4333,0.217196,-0.129036,0.6117,-0.213019,-0.13785,0.452,0.220581,-0.22058,0.8753,-0.182101,-0.10001,0.5025,0.125545,-0.132839,0.2468,-0.03785,-0.136642,0.8893,0.010202,-0.136486,0.878,-0.067795,-0.047094,0.9904,0.048239,-0.051734,0.9866,-0.112166,-0.049196,0.9774,0.095535,-0.054637,0.9793,-0.089855,-0.070186,0.9728,0.071342,-0.073924,0.9465,-0.08972,-0.031294,0.9851,0.072755,-0.03615,0.955,-0.000295,-0.003769,0.9595,0.008038,0.044398,0.9818,-0.028869,0.054468,0.9765,0.044894,0.052788,0.9552,-0.031218,0.004646,0.9442,0.032074,0.000919,0.9535,-0.090353,0.013772,0.9371,0.079141,0.010775,0.9679,0.010668,0.08824,1.0004,-0.033924,0.090065,0.9638,0.05497,0.088623,0.9885,0.010143,0.128624,1.0029,-0.066421,0.101628,0.8149,0.085423,0.098858,0.7413,0.009265,0.147028,0.9858,-0.071798,0.16089,0.397,0.089304,0.151076,0.4616,0.008964,0.156825,0.9623,0.008843,0.163665,0.9185,-0.036982,0.162945,0.8024,0.051238,0.164186,0.8109,0.009056,0.151964,0.9943,0,0,0,0,0,0,0,0,0,0,0,0,0,0,0,0,0,0,0,0,0
DOGS/dog_8498674/dog_8498674_t0_000336.jpg,danek,otterhound,neutral,-0.102715,-0.161304,0.8295,0.094759,-0.205021,0.8552,-0.14305,-0.092956,0.8593,0.145874,-0.169715,0.5702,-0.163723,-0.023988,0.8162,0.181663,-0.10952,0.4845,-0.185869,0.075234,0.7643,0.231259,-0.04871,0.5776,-0.210313,-0.042917,0.8238,0.241839,-0.15062,0.5252,-0.199188,-0.141366,0.6883,0.242057,-0.236437,0.7292,-0.127591,-0.153004,0.5699,0.178666,-0.105489,0.3192,-0.028232,-0.127635,0.9242,0.020264,-0.133288,0.8936,-0.054014,-0.037966,0.9855,0.065213,-0.057373,0.9326,-0.094453,-0.031603,0.9986,0.1112,-0.062555,0.9809,-0.076302,-0.054606,0.9916,0.085861,-0.080037,0.9716,-0.073294,-0.01992,0.99,0.090248,-0.043322,0.9681,-0.000335,-0.010639,0.9255,-0.00474,0.034302,0.9919,-0.038537,0.046458,0.957,0.035032,0.040474,0.9762,-0.0306,-0.000784,0.8958,0.0315,-0.007588,0.9476,-0.074266,0.023087,0.9835,0.097441,0.000956,0.9074,-0.003385,0.078545,0.9742,-0.043802,0.083437,0.9761,0.043836,0.074483,0.9645,0.002738,0.119573,0.9947,-0.069745,0.099594,0.8262,0.079656,0.082464,0.8142,0.006153,0.14205,0.982,-0.062305,0.153819,0.4501,0.081551,0.158385,0.4899,0.011293,0.168698,0.9576,0.012643,0.178648,0.9291,-0.028374,0.160779,0.8281,0.051097,0.153914,0.7903,0.009997,0.159781,0.9886,0,0,0,0,0,0,0,0,0,0,0,0,0,0,0,0,0,0,0,0,0
DOGS/dog_8730840/dog_8730840_t0_000325.jpg,danek,American Staffordshire terrier,neutral,-0.015341,-0.137781,0.4758,0.053817,-0.171941,0.9449,0.017272,-0.184784,0.4878,0.073844,-0.207497,0.5904,-0.075161,-0.081377,0.1901,0.113122,-0.251428,0.8052,-0.038999,-0.154343,0.2201,0.182301,-0.258084,0.9556,-0.02943,-0.175865,0.5125,0.143646,-0.216138,0.8091,-0.025195,-0.16171,0.3625,0.141323,-0.174743,0.8625,-0.041559,-0.100315,0.7705,0.12115,-0.127821,0.8724,-0.058237,-0.041146,0.2717,-0.029404,-0.049591,0.54,-0.058459,0.003141,0.6502,-0.002225,-0.01237,0.9192,-0.072956,0.010367,0.5627,0.031631,-0.03526,0.93,-0.068593,-0.000161,0.6072,0.010106,-0.034163,0.9617,-0.063439,0.011863,0.6133,0.019059,-0.013426,0.923,-0.039583,0.053731,0.6969,-0.048977,0.114622,0.8272,-0.06166,0.121216,0.7557,-0.031354,0.11055,0.7909,-0.053424,0.061203,0.6401,-0.020448,0.049579,0.6771,-0.058725,0.029863,0.6387,0.021428,0.009959,0.8274,-0.043638,0.134361,0.8316,-0.058679,0.140903,0.7759,-0.026413,0.127275,0.933,-0.035395,0.149233,0.8659,-0.068593,0.13021,0.5014,6.6e-05,0.110577,0.5537,-0.030974,0.15277,0.7732,-0.069548,0.112371,0.7107,0.049454,0.093796,0.5455,-0.024512,0.157083,0.6117,-0.022649,0.158971,0.5423,-0.050891,0.152058,0.5132,0.012784,0.151634,0.6227,-0.027339,0.155037,0.6699,0,0,0,0,0,0,0,0,0,0,0,0,0,0,0,0,0,0,0,0,0
DOGS/dog_9314158/dog_9314158_t0_000050.jpg,danek,malinois,relaxed,-0.116144,-0.167403,0.9157,0.066734,-0.19222,0.8862,-0.164503,-0.12721,0.8914,0.126914,-0.150925,0.8595,-0.185115,-0.063461,0.9626,0.158661,-0.090051,0.872,-0.200808,0.019938,1.0103,0.188881,-0.007428,0.9919,-0.247874,-0.044025,0.9821,0.206083,-0.09428,0.9267,-0.262867,-0.111186,0.9747,0.195502,-0.150993,0.8875,-0.146165,-0.108369,0.908,0.146771,-0.05371,0.916,-0.032102,-0.117674,0.9316,0.01787,-0.121209,0.8046,-0.0645,-0.032582,0.9785,0.063264,-0.04137,0.9979,-0.108467,-0.035667,1.0022,0.103217,-0.048781,0.9768,-0.08594,-0.051309,0.9983,0.081761,-0.062741,0.9707,-0.087523,-0.020456,0.9599,0.086095,-0.031319,0.975,0.007742,0.001554,0.9481,0.016206,0.048565,0.9517,-0.015334,0.057043,0.9762,0.048095,0.050735,0.9506,-0.021736,0.010744,0.9324,0.038221,0.004717,0.9502,-0.083063,0.017125,0.9676,0.086194,0.0038,0.983,0.020395,0.081379,1.0148,-0.016267,0.086088,0.9817,0.055932,0.079534,0.9799,0.021683,0.115608,0.972,-0.053201,0.098581,0.8385,0.081597,0.086014,0.9063,0.021807,0.135541,0.9795,-0.095174,0.124295,0.9178,0.10479,0.101561,0.9257,0.021885,0.144632,0.9615,0.022036,0.150939,0.9826,-0.048555,0.161615,0.8513,0.074083,0.148924,0.888,0.021843,0.140212,0.9818,0,0,0,0,0,0,0,0,0,0,0,0,0,0,0,0,0,0,0,0,0
DOGS/dog_9354158/dog_9354158_t0_000060.jpg,danek,Eskimo dog,relaxed,-0.039371,-0.135054,0.9669,0.020562,-0.146134,0.9883,-0.063408,-0.164732,0.952,0.032747,-0.182093,0.9552,-0.076822,-0.194867,0.9693,0.038818,-0.217981,0.9843,-0.096994,-0.228553,1.0116,0.05659,-0.256251,0.9718,-0.119184,-0.176388,0.9242,0.104828,-0.209421,0.8554,-0.128075,-0.109178,0.8904,0.144629,-0.145996,0.8731,-0.116239,-0.005943,0.9186,0.1581,-0.058653,0.8602,-0.028477,-0.0618,0.931,0.006179,-0.068323,0.8684,-0.046373,0.002342,1.0051,0.041489,-0.016959,0.9846,-0.074015,0.002004,0.9763,0.073088,-0.02845,1.0158,-0.061744,-0.010231,1.0156,0.052345,-0.034894,0.9923,-0.060252,0.0128,0.9724,0.060597,-0.013252,0.9492,-0.004444,0.037398,0.9455,-0.006458,0.086384,1.0039,-0.032696,0.097528,0.9709,0.023455,0.087479,0.9697,-0.029389,0.046472,0.9452,0.022966,0.038654,1.0085,-0.058155,0.044472,0.9605,0.068987,0.019851,0.8919,-0.002569,0.12067,0.9773,-0.032722,0.125098,0.9592,0.031921,0.114105,0.9688,0.002891,0.150298,0.9377,-0.04609,0.127406,0.8051,0.056844,0.107998,0.7938,0.005428,0.160999,1.0038,-0.056532,0.116975,0.66,0.091104,0.084067,0.9192,0.027055,0.229231,0.7002,0.027488,0.233589,0.7196,-0.029832,0.160275,0.8672,0.056235,0.151835,0.9022,0.035462,0.25804,1.0549,0,0,0,0,0,0,0,0,0,0,0,0,0,0,0,0,0,0,0,0,0
DOGS/dog_9354158/dog_9354158_t0_000300.jpg,danek,Eskimo dog,relaxed,-0.060237,-0.135598,0.9287,-0.002241,-0.125759,0.8942,-0.07364,-0.170056,0.9662,0.019181,-0.151476,0.9912,-0.076644,-0.203648,0.9964,0.033943,-0.177501,0.8924,-0.086884,-0.242833,0.9697,0.053324,-0.207656,0.9898,-0.133002,-0.199647,0.9281,0.061248,-0.162079,0.9607,-0.172061,-0.140456,0.8537,0.058431,-0.111749,0.9012,-0.181439,-0.059528,0.8959,0.05374,-0.054102,0.905,-0.011559,-0.053091,0.9008,0.016094,-0.050284,0.8227,-0.035095,-0.002867,0.9806,0.027974,0.002439,0.9703,-0.068262,-0.013303,0.9441,0.045328,-0.000134,0.9537,-0.04706,-0.018995,0.9886,0.03745,-0.007722,0.9334,-0.055019,0.001162,0.9225,0.036657,0.009324,0.9272,0.028889,0.049826,0.7076,0.072088,0.101723,0.9158,0.047715,0.103973,0.9241,0.087789,0.107811,0.8354,0.008691,0.052704,0.7244,0.045474,0.054371,0.7591,-0.058477,0.030883,0.9211,0.035557,0.037445,0.9774,0.071973,0.130735,0.8381,0.046478,0.127579,0.9262,0.08749,0.13218,0.883,0.063438,0.154721,0.8015,-0.008614,0.119468,0.5974,0.092376,0.131879,0.6281,0.059833,0.162841,0.7129,-0.10559,0.087251,0.9789,0.089656,0.113288,0.486,-0.008265,0.229171,0.7497,-0.00929,0.233296,0.7602,-0.026142,0.150437,0.6988,0.080196,0.162727,0.7151,-0.004726,0.253555,0.902,0,0,0,0,0,0,0,0,0,0,0,0,0,0,0,0,0,0,0,0,0
DOGS/dog_9354158/dog_9354158_t0_000540.jpg,danek,Eskimo dog,relaxed,-0.057331,-0.13482,0.9297,-0.006456,-0.115428,0.8778,-0.071744,-0.169304,0.9659,0.006768,-0.13971,0.9851,-0.074223,-0.205242,1.0156,0.01563,-0.163906,0.9023,-0.079982,-0.249571,0.9904,0.027125,-0.189339,0.9985,-0.13724,-0.208726,0.9275,0.029916,-0.155338,0.8981,-0.177076,-0.153953,0.8155,0.025715,-0.125647,0.9267,-0.18582,-0.079021,0.8869,0.025114,-0.087803,1.0056,-0.001872,-0.042939,0.7872,0.024924,-0.038303,0.6864,-0.022421,-0.00126,0.9563,0.033779,0.012482,1.0097,-0.055191,-0.015627,0.9825,0.049755,0.01355,0.7833,-0.03405,-0.016292,0.9442,0.042569,0.006314,0.9139,-0.042127,-0.001585,1.0137,0.041874,0.019375,0.9245,0.035481,0.055885,0.8005,0.081772,0.108997,0.8195,0.058531,0.109618,0.8255,0.095688,0.113682,0.6416,0.014665,0.057613,0.7718,0.05321,0.05946,0.7326,-0.047169,0.025989,0.9261,0.045023,0.039235,0.8313,0.08222,0.131496,0.8283,0.056677,0.129456,0.8968,0.095842,0.133094,0.8098,0.074657,0.148037,0.7205,-0.005708,0.114613,0.6567,0.097877,0.133196,0.5027,0.069113,0.155057,0.5835,-0.09971,0.075134,0.9324,0.094364,0.113787,0.7083,-0.006792,0.218278,0.9303,-0.007816,0.222735,0.9221,-0.022574,0.1431,0.5934,0.083019,0.155107,0.6309,-0.004857,0.244236,1.0005,0,0,0,0,0,0,0,0,0,0,0,0,0,0,0,0,0,0,0,0,0
DOGS/dog_9421538/dog_9421538_t0_000050.jpg,danek,golden retriever,neutral,-0.154871,-0.184626,0.7949,0.081193,-0.12078,0.8596,-0.200652,-0.115624,0.7321,0.105137,-0.037259,0.534,-0.219735,-0.033899,0.751,0.098214,0.017816,0.9211,-0.247161,0.067964,0.8864,0.106007,0.073022,0.6239,-0.287965,-0.033257,0.9033,0.122452,0.01412,0.473,-0.267901,-0.134442,0.976,0.122632,-0.041918,0.5333,-0.175883,-0.188872,0.8697,0.087496,-0.118777,0.8675,-0.016592,-0.13965,0.7968,0.029026,-0.129054,0.8304,-0.024527,-0.092306,0.9485,0.056224,-0.063807,0.9535,-0.075898,-0.110411,0.9433,0.084266,-0.064381,0.9761,-0.042145,-0.124751,0.9846,0.0713,-0.077676,0.9924,-0.05547,-0.087542,0.9393,0.07011,-0.052028,0.961,0.035032,-0.005559,0.8981,0.059235,0.056026,0.9288,0.022162,0.057784,0.9038,0.087126,0.064635,0.9695,0.005856,-0.001501,0.7729,0.060723,0.000865,0.8772,-0.071509,-0.035071,0.8574,0.071467,-0.020387,0.887,0.060646,0.093232,0.9307,0.020666,0.090017,0.896,0.088472,0.098404,0.9556,0.052193,0.1227,0.9246,-0.015255,0.090862,0.892,0.09155,0.10363,0.7519,0.04458,0.136988,0.9557,-0.044225,0.102081,0.7614,0.092305,0.0988,0.7006,0.040698,0.146571,0.8954,0.038909,0.15248,0.8882,-0.014695,0.141737,0.7933,0.069333,0.141906,0.9121,0.042573,0.141943,0.9502,0,0,0,0,0,0,0,0,0,0,0,0,0,0,0,0,0,0,0,0,0
DOGS/dog_9421543/dog_9421543_t0_000100.jpg,masha,Eskimo dog,fearful,-0.14959,-0.136588,0.7855,0.100946,-0.167692,0.9123,-0.184194,-0.085562,0.8222,0.152257,-0.13819,0.5886,-0.197048,-0.026321,0.6303,0.177611,-0.09765,0.584,-0.213019,0.012213,0.2425,0.214212,-0.054344,0.574,-0.24566,-0.037263,0.6255,0.19016,-0.045644,0.6482,-0.231631,-0.115654,0.8409,0.161226,-0.073464,0.6063,-0.152524,-0.154032,0.8962,0.144771,-0.087901,0.7916,-0.052233,-0.123628,0.6846,0.015084,-0.129665,0.6951,-0.083771,-0.059345,0.9478,0.0655,-0.073633,0.9468,-0.133043,-0.060672,1.0289,0.109356,-0.087669,0.9602,-0.109128,-0.079958,0.9751,0.084454,-0.098607,0.9585,-0.109127,-0.044702,0.9386,0.089988,-0.067039,0.9901,0.005988,-0.01723,0.9397,0.01768,0.04163,0.97,-0.022136,0.053483,0.9511,0.057058,0.045435,0.9753,-0.028885,-0.0059,0.9014,0.041209,-0.015127,0.945,-0.102489,-0.001,0.892,0.091413,-0.023701,0.8803,0.021281,0.085249,0.9768,-0.026406,0.089202,0.9717,0.066989,0.08189,1.0082,0.0205,0.126765,0.939,-0.06061,0.099698,0.7588,0.094837,0.085011,0.8779,0.018824,0.144916,0.9663,-0.110268,0.123523,0.7744,0.126468,0.090648,0.8559,0.018106,0.155182,0.9705,0.017921,0.162373,0.9365,-0.057853,0.160942,0.9092,0.088394,0.150445,0.9053,0.018436,0.150067,0.9729,0,0,0,0,0,0,0,0,0,0,0,0,0,0,0,0,0,0,0,0,0
DOGS/dog_9426056/dog_9426056_t0_000161.jpg,masha,Maltese dog,neutral,-0.118982,-0.155415,0.8236,0.139961,-0.14558,0.8234,-0.13905,-0.056159,0.7423,0.188832,-0.048952,0.6577,-0.140382,0.054876,0.7931,0.212789,0.06283,0.3516,-0.188134,0.186211,0.8975,0.304088,0.232761,0.2748,-0.24934,0.064703,0.8676,0.367032,0.048966,0.1484,-0.22149,-0.080565,0.786,0.287764,-0.070288,0.2656,-0.138751,-0.180254,0.8697,0.150972,-0.158935,0.8391,-0.036309,-0.159429,0.7882,0.022086,-0.162002,0.8646,-0.064146,-0.069352,0.9459,0.079198,-0.072029,0.946,-0.094014,-0.056173,0.9537,0.126565,-0.067591,0.9437,-0.083402,-0.081772,0.9778,0.103954,-0.090054,0.9585,-0.074736,-0.046659,0.9437,0.104113,-0.052931,0.9042,0.003049,-0.03844,0.9398,0.00298,0.012184,0.9978,-0.026744,0.024638,0.9677,0.04081,0.016583,0.9568,-0.027536,-0.026652,0.9453,0.036365,-0.035683,0.9242,-0.074467,0.001622,0.9283,0.111664,-0.01286,0.9167,0.010552,0.052034,0.9455,-0.020052,0.057507,0.9705,0.046505,0.049914,0.9951,0.008731,0.084039,0.9775,-0.050645,0.071006,0.722,0.084281,0.053914,0.7583,0.009649,0.095371,0.9409,-0.081621,0.0892,0.4445,0.117301,0.075404,0.7404,0.0155,0.181511,0.7598,0.016185,0.187519,0.7104,-0.025159,0.103015,0.8883,0.062635,0.098002,0.8623,0.013736,0.198954,1.0059,0,0,0,0,0,0,0,0,0,0,0,0,0,0,0,0,0,0,0,0,0
DOGS/dog_9597599/dog_9597599_t0_000300.jpg,masha,Australian terrier,relaxed,-0.083215,-0.134417,0.8904,0.060444,-0.144914,0.8016,-0.102405,-0.170343,0.8968,0.085377,-0.167946,0.7174,-0.129676,-0.207464,0.9717,0.095414,-0.198223,0.7489,-0.190666,-0.233187,0.9896,0.096295,-0.238135,0.9614,-0.185262,-0.176144,0.9549,0.105762,-0.194459,0.8084,-0.159327,-0.122533,0.9281,0.106375,-0.159501,0.7999,-0.131171,-0.068162,0.8356,0.098064,-0.10785,0.9507,-0.030342,-0.064498,0.463,0.016685,-0.069248,0.5089,-0.047959,0.010508,0.9703,0.057214,-0.009321,1.0005,-0.098205,0.003167,0.9614,0.097251,-0.019803,0.9882,-0.075258,-0.014025,0.9821,0.075139,-0.030723,0.9826,-0.076375,0.025138,0.9889,0.082364,-0.000174,0.9653,0.011914,0.03703,0.8971,0.017165,0.09252,1.0021,-0.011092,0.09899,0.9672,0.044865,0.092282,0.9279,-0.015613,0.045284,0.8714,0.038754,0.038135,0.9264,-0.072433,0.054519,0.9638,0.083786,0.032269,0.8613,0.021284,0.119049,1.0106,-0.010543,0.121328,0.9607,0.050486,0.11585,0.9484,0.022186,0.137446,0.9901,-0.031603,0.114268,0.8189,0.068422,0.105921,0.8196,0.022662,0.14213,0.972,-0.051471,0.114659,0.7984,0.086441,0.099444,0.8529,0.023203,0.145334,1.0105,0.023475,0.147294,0.9911,-0.016771,0.14066,0.9239,0.062832,0.137484,1.0023,0.022919,0.143856,1.0034,0,0,0,0,0,0,0,0,0,0,0,0,0,0,0,0,0,0,0,0,0
DOGS/dog_9813581/dog_9813581_t0_000145.jpg,masha,toy poodle,neutral,-0.170987,-0.194524,0.5584,0.107237,-0.155201,0.3624,-0.207626,-0.1448,0.5943,0.120498,-0.119558,0.5631,-0.218899,-0.064941,0.7439,0.140496,-0.064018,0.4693,-0.248884,0.016861,0.5247,0.169221,-2.1e-05,0.5965,-0.329441,-0.058339,0.5946,0.178285,-0.06641,0.5419,-0.32637,-0.169404,0.4585,0.157904,-0.137382,0.6553,-0.206899,-0.219029,0.5233,0.120499,-0.16085,0.411,-0.019188,-0.134432,0.6627,0.036039,-0.132,0.5055,-0.047183,-0.072317,0.9049,0.057892,-0.06467,0.9179,-0.094517,-0.078694,0.952,0.094845,-0.061528,0.8591,-0.069433,-0.096498,0.9329,0.075431,-0.073453,0.9224,-0.073584,-0.061755,0.9436,0.076643,-0.052594,0.9398,0.018466,-0.008928,0.9065,0.031047,0.057538,0.9628,0.003577,0.062352,0.8744,0.057533,0.062214,0.9256,-0.012869,-0.001665,0.939,0.049096,-0.002334,0.9052,-0.075871,-0.023416,0.8444,0.083049,-0.01898,0.8521,0.033316,0.089437,0.9317,0.002016,0.089496,0.8668,0.061415,0.089703,0.9273,0.030757,0.114153,0.9253,-0.040534,0.092069,0.7253,0.088689,0.088238,0.8046,0.029499,0.124716,0.9012,-0.099566,0.10887,0.8166,0.110638,0.100942,0.7349,0.028267,0.132548,0.9425,0.027775,0.137415,0.8914,-0.042395,0.137534,0.8684,0.069166,0.132622,0.8292,0.028922,0.128629,0.9418,0,0,0,0,0,0,0,0,0,0,0,0,0,0,0,0,0,0,0,0,0
DOGS/long_4835989/long_4835989_t0_000000.jpg,anton,pug,relaxed,-0.196989,0.007073,0.412,0.140855,-0.130215,0.5921,-0.205719,0.014039,0.4186,0.188159,-0.076687,0.5963,-0.189973,0.106882,0.3021,0.21325,-0.032563,0.8679,-0.214008,0.108285,0.3087,0.26914,-0.009442,1.0041,-0.229189,0.028427,0.4086,0.243041,-0.055391,0.8107,-0.209015,0.038808,0.5853,0.205059,-0.109561,0.7877,-0.194535,-0.05085,0.3216,0.143346,-0.156877,0.624,-0.074343,-0.109749,0.7363,0.002049,-0.120959,0.6352,-0.132361,0.006905,0.9081,0.101515,-0.035424,0.9061,-0.180026,0.018121,1.0054,0.153894,-0.041518,0.9443,-0.16067,0.00104,0.9756,0.126628,-0.050537,0.9415,-0.153974,0.024343,0.9157,0.127566,-0.027497,0.8616,-0.027493,-0.052015,0.9437,-0.021526,-0.025661,0.9801,-0.057841,-0.010107,0.9717,0.019563,-0.024205,0.9426,-0.063005,-0.038081,0.9197,0.009535,-0.052203,0.917,-0.1492,0.062424,0.8588,0.136737,0.007817,0.7708,-0.016673,0.004826,0.9843,-0.06142,0.014963,0.9288,0.032324,-0.000217,0.9188,-0.012116,0.041283,0.9749,-0.094166,0.047725,0.584,0.078007,0.020998,0.5707,-0.009249,0.070813,0.9945,-0.163149,0.169812,0.5114,0.124105,0.107195,0.2033,-0.008275,0.078197,1.0409,-0.007442,0.08379,0.9412,-0.092099,0.203531,0.5862,0.062838,0.116018,0.3975,-0.008726,0.074921,1.0203,0,1,0,0,0,0,0,0,0,0,0,0,0,0,0,0,0,0,1,0,0
DOGS/long_4835989/long_4835989_t0_000425.jpg,anton,pug,relaxed,-0.117737,-0.154181,0.9085,0.080952,-0.127298,0.7668,-0.171461,-0.115043,0.8188,0.11765,-0.097099,0.7738,-0.217609,-0.062733,0.7479,0.14908,-0.053126,0.7911,-0.267127,0.002124,0.9515,0.175222,0.001424,0.9877,-0.288663,-0.070525,0.8865,0.161472,-0.057365,0.9711,-0.280283,-0.138025,0.9864,0.141431,-0.110561,0.8787,-0.137903,-0.160568,0.6893,0.087186,-0.131584,0.4996,-0.024006,-0.089509,0.7732,0.041408,-0.089542,0.6621,-0.074532,0.005767,0.9561,0.098282,0.003851,0.8195,-0.1368,0.004435,0.9657,0.132732,0.007917,0.9404,-0.104316,-0.008156,0.9681,0.11772,-0.00389,0.9106,-0.107753,0.021685,0.9325,0.114653,0.016643,0.9375,0.024671,-0.026239,0.92,0.029572,0.000316,0.9591,-0.003867,0.009003,0.9753,0.058727,0.008313,0.9477,-0.006795,-0.019611,0.8996,0.054131,-0.020706,0.923,-0.113626,0.058287,0.8853,0.116408,0.042995,0.8349,0.031794,0.030202,0.9625,-0.008127,0.032353,0.9553,0.066749,0.031581,0.9316,0.034433,0.064697,0.9645,-0.047454,0.05994,0.5142,0.095128,0.05745,0.5382,0.037033,0.097973,0.9215,-0.147448,0.147051,0.4433,0.126108,0.10997,0.6817,0.036667,0.108717,0.9428,0.036497,0.116275,0.8591,-0.055665,0.171074,0.8549,0.110241,0.177715,0.8977,0.036798,0.103813,1.0448,0,1,0,0,0,0,0,0,0,0,0,0,0,0,0,0,0,0,0,0,0
DOGS/mixkit-101217__dog-resting-with-a-sweet-look/mixkit-101217__dog-resting-with-a-sweet-look_t0_000046.jpg,masha,Border collie,relaxed,-0.123842,-0.129658,0.6109,0.10777,-0.1522,0.3204,-0.196408,-0.132456,0.8446,0.151422,-0.131313,0.8044,-0.243757,-0.111092,0.9424,0.194847,-0.103002,0.9536,-0.298777,-0.072935,1.0201,0.263312,-0.068406,1.0125,-0.257668,-0.06711,0.9055,0.21115,-0.061054,0.8448,-0.233235,-0.046209,0.8443,0.176315,-0.045103,0.8256,-0.189824,-0.037377,0.6122,0.129436,-0.026472,0.7368,-0.035622,-0.122541,0.7439,0.009389,-0.126566,0.8055,-0.06347,-0.031055,0.9642,0.047528,-0.041649,0.9975,-0.098127,-0.032331,0.9413,0.080095,-0.048685,0.9178,-0.081041,-0.045112,0.943,0.062091,-0.058934,0.9853,-0.081636,-0.02079,0.9651,0.067122,-0.033687,0.9627,0.007414,-0.004832,0.9824,0.021967,0.036772,0.971,-0.009071,0.046806,0.9362,0.052343,0.040499,0.9697,-0.021232,0.004091,0.9485,0.036508,-0.002779,0.9587,-0.079208,0.015427,0.9146,0.075518,0.000676,0.8978,0.027162,0.070506,0.9598,-0.008588,0.073714,0.9711,0.060096,0.068223,0.9629,0.030154,0.102036,0.9615,-0.042145,0.081833,0.7913,0.081874,0.071562,0.715,0.031322,0.11846,0.9522,-0.077873,0.105717,0.9037,0.10025,0.082579,0.6419,0.03236,0.128081,1.0048,0.033159,0.13428,0.9667,-0.022174,0.134469,0.8858,0.07467,0.121058,0.8534,0.031742,0.123158,1.012,0,0,0,0,0,0,0,0,0,0,0,0,0,0,0,0,0,0,0,0,0
DOGS/mixkit-101217__dog-resting-with-a-sweet-look/mixkit-101217__dog-resting-with-a-sweet-look_t0_000138.jpg,masha,Border collie,relaxed,-0.127281,-0.134255,0.5722,0.108367,-0.158856,0.3202,-0.195304,-0.1376,0.7166,0.150682,-0.136861,0.7921,-0.243952,-0.116705,0.8663,0.195228,-0.110839,0.8043,-0.301186,-0.078028,0.9846,0.245878,-0.079513,0.9565,-0.259048,-0.071188,0.9163,0.204565,-0.069964,0.8906,-0.233467,-0.049161,0.8277,0.17744,-0.057684,0.9249,-0.185835,-0.041175,0.679,0.139657,-0.034381,0.8188,-0.035086,-0.123259,0.7662,0.011186,-0.12737,0.74,-0.063422,-0.032284,1.0037,0.047076,-0.041838,0.9773,-0.09889,-0.033576,0.9443,0.081249,-0.048686,0.9253,-0.081421,-0.046674,0.9703,0.062505,-0.059486,0.9714,-0.0817,-0.021712,0.9484,0.067437,-0.03325,0.9455,0.006973,-0.003506,0.9569,0.022091,0.039158,0.9482,-0.009127,0.04885,0.9329,0.052735,0.043108,0.9912,-0.021862,0.004965,0.9724,0.036402,-0.001072,0.9501,-0.078899,0.014925,0.9062,0.075419,0.00198,0.8709,0.027145,0.072989,0.9903,-0.009488,0.07599,0.9878,0.060405,0.071146,0.9195,0.02978,0.104601,0.9724,-0.043267,0.083695,0.7975,0.081404,0.075147,0.7313,0.031166,0.121456,0.9333,-0.080133,0.107378,0.8952,0.09871,0.085509,0.5489,0.032272,0.131152,0.9955,0.033062,0.137475,0.9533,-0.023638,0.137388,0.8711,0.074782,0.124017,0.865,0.031597,0.126174,1.007,0,0,0,0,0,0,0,0,0,0,0,0,0,0,0,0,0,0,0,0,0
DOGS/mixkit-101218__dog-playing-with-toy-on-floor/mixkit-101218__dog-playing-with-toy-on-floor_t0_000184.jpg,masha,Border collie,relaxed,-0.086177,-0.146815,0.8258,0.082878,-0.198225,0.5726,-0.125763,-0.160187,0.8029,0.124784,-0.216268,0.6635,-0.156285,-0.132215,0.7391,0.159604,-0.217351,0.7024,-0.180894,-0.103439,0.9845,0.203676,-0.216163,0.9526,-0.151745,-0.109315,0.9482,0.171586,-0.192757,0.8252,-0.131744,-0.103606,0.7881,0.160121,-0.169929,0.7084,-0.106634,-0.073851,0.5065,0.155521,-0.141392,0.6475,-0.031538,-0.102242,0.6888,0.012261,-0.111627,0.7227,-0.046991,-0.020279,0.9021,0.039755,-0.030953,0.9719,-0.074682,-0.025377,0.9108,0.074701,-0.049921,0.8414,-0.059314,-0.033805,0.9147,0.05279,-0.052276,0.9499,-0.061808,-0.013166,0.9482,0.062049,-0.030664,0.9394,-0.00817,0.036706,0.9425,-0.005087,0.103874,0.9962,-0.029616,0.111595,0.9541,0.023866,0.100394,0.9652,-0.03269,0.044357,0.8809,0.019643,0.037362,0.9244,-0.05298,0.017308,1.0004,0.067538,0.000744,0.8226,-0.001033,0.129261,0.9482,-0.026172,0.134142,0.9297,0.027109,0.122247,1.0104,0.003077,0.144332,0.9501,-0.040394,0.125317,0.7648,0.042202,0.105274,0.8008,0.004342,0.147406,0.9538,-0.050408,0.11475,0.6719,0.058567,0.095165,0.5236,0.005063,0.150721,0.9346,0.005268,0.152491,0.944,-0.024651,0.147431,0.8855,0.035109,0.133509,0.7496,0.004882,0.149274,0.9453,0,0,0,0,0,0,0,0,0,0,0,0,0,0,0,0,0,0,0,0,0
DOGS/mixkit-101227__girl-and-dog-resting-on-couch/mixkit-101227__girl-and-dog-resting-on-couch_t0_000207.jpg,danek,Border collie,neutral,-0.062034,-0.124588,0.7726,0.083765,-0.202492,0.8651,-0.115617,-0.1319,0.912,0.121168,-0.229189,0.7402,-0.150586,-0.10935,0.9065,0.162801,-0.20644,0.5184,-0.192527,-0.062042,0.9168,0.217916,-0.201199,0.544,-0.140548,-0.077408,0.9703,0.229079,-0.228612,0.7879,-0.116072,-0.064475,0.914,0.215894,-0.206741,0.5973,-0.080619,-0.035221,0.9,0.208071,-0.152623,0.8224,-0.025698,-0.089311,0.7298,0.019064,-0.104212,0.7525,-0.037309,-0.014911,0.9836,0.05264,-0.049395,0.9507,-0.063802,-0.009944,0.9394,0.088832,-0.067713,0.8385,-0.05097,-0.022913,0.9729,0.066472,-0.071446,0.9347,-0.051654,-0.002473,0.9474,0.072816,-0.048189,0.9189,-0.011924,0.023805,0.8908,-0.030963,0.080448,0.9778,-0.052378,0.093483,0.9677,-0.001724,0.077952,0.9439,-0.035466,0.033983,0.8912,0.01521,0.023306,0.8248,-0.050957,0.024601,0.9175,0.07864,-0.018854,0.8804,-0.02811,0.113902,0.9404,-0.051247,0.121718,1.0023,0.004387,0.103542,1.0154,-0.015853,0.138969,0.9576,-0.062751,0.125478,0.8602,0.045988,0.0938,0.6226,-0.009571,0.148593,0.9442,-0.066343,0.128192,0.6988,0.136824,0.070662,0.9963,-0.00529,0.155156,0.9317,-0.003077,0.158959,0.8802,-0.035542,0.15369,0.8971,0.058855,0.133437,0.8623,-0.007074,0.152154,0.9531,0,0,0,0,0,0,0,0,0,0,0,0,0,0,0,0,0,0,0,0,0
DOGS/mixkit-10361__dachshund-dog-while-hands-caress-it/mixkit-10361__dachshund-dog-while-hands-caress-it_t0_000096.jpg,danek,redbone,neutral,-0.12197,-0.156486,0.8033,0.102073,-0.156156,0.4987,-0.160271,-0.082723,0.6258,0.167848,-0.182365,0.3611,-0.140447,0.007354,0.6897,0.251476,-0.134594,0.4468,-0.190086,0.127254,0.9284,0.292929,-0.052708,0.9926,-0.25899,0.033096,0.5599,0.283795,-0.10202,0.3929,-0.26302,-0.070837,0.7285,0.176475,-0.108395,0.4223,-0.138061,-0.126368,0.5267,0.146943,-0.096794,0.7851,-0.017539,-0.140551,0.7165,0.026054,-0.142373,0.7931,-0.063082,-0.073817,0.9212,0.065004,-0.074871,0.9213,-0.113221,-0.08244,0.9588,0.109585,-0.083893,1.0618,-0.085877,-0.099749,0.9354,0.084696,-0.099704,0.9961,-0.091668,-0.063551,0.9674,0.090686,-0.063337,1.0079,0.001707,-0.006758,0.9527,0.000513,0.049456,0.9114,-0.038031,0.054962,0.9469,0.039959,0.053703,0.9428,-0.033226,0.000799,0.898,0.036927,-0.00272,0.9233,-0.085899,-0.027626,0.8533,0.090488,-0.027489,0.8953,0.000584,0.089899,0.9442,-0.039905,0.088924,0.9618,0.043656,0.087129,0.9397,0.000631,0.120181,0.9863,-0.062102,0.086726,0.6125,0.061061,0.086599,0.767,0.000618,0.12762,0.9671,-0.081576,0.080204,0.5487,0.075753,0.085638,0.63,0.000499,0.136774,0.9664,0.000533,0.142728,0.9334,-0.044989,0.122882,0.8211,0.048307,0.125609,0.9074,0.000747,0.131558,0.952,0,0,0,0,0,0,0,0,0,0,0,0,0,0,0,0,0,0,0,0,0
DOGS/mixkit-10364__taking-care-of-your-dog-in-the-park/mixkit-10364__taking-care-of-your-dog-in-the-park_t0_000096.jpg,masha,redbone,fearful,-0.14598,-0.157628,0.9606,0.1172,-0.123178,0.9946,-0.197911,-0.078556,0.9546,0.154785,-0.066599,0.8453,-0.170565,0.028457,0.9286,0.163548,0.00569,0.7146,-0.238623,0.137217,0.9497,0.167827,0.080052,0.5303,-0.31426,0.067863,0.8101,0.184979,0.01675,0.8266,-0.305263,-0.054984,0.7915,0.159002,-0.053456,0.7789,-0.152082,-0.175243,0.7966,0.118697,-0.092796,0.8463,-0.018117,-0.139446,0.8662,0.042698,-0.134024,0.7387,-0.056574,-0.083046,0.9466,0.078998,-0.067339,0.9882,-0.109947,-0.090118,0.9857,0.117622,-0.071972,0.9764,-0.079844,-0.107517,0.9848,0.09764,-0.088553,0.9785,-0.086159,-0.071237,1.0099,0.099885,-0.052691,0.9543,0.023124,-0.026211,0.9063,0.035844,0.031615,1.0063,-0.006011,0.035376,0.9774,0.07036,0.041635,0.9674,-0.013644,-0.020909,0.9097,0.05812,-0.016099,0.9185,-0.086799,-0.033798,0.9605,0.094532,-0.021461,0.9243,0.035489,0.070675,0.9461,-0.010989,0.066926,1.0058,0.073539,0.07524,0.9565,0.028517,0.107574,0.9427,-0.052667,0.063421,0.8175,0.086976,0.078077,0.9039,0.025509,0.120581,0.9904,-0.106981,0.069952,0.8766,0.095397,0.078299,0.8606,0.023995,0.130421,0.9953,0.023613,0.136585,0.9493,-0.04559,0.11037,0.8528,0.065719,0.124526,0.9692,0.024703,0.125487,1.0044,1,0,0,0,0,0,0,0,0,0,0,0,0,0,0,0,0,0,0,0,0
DOGS/mixkit-10364__taking-care-of-your-dog-in-the-park/mixkit-10364__taking-care-of-your-dog-in-the-park_t0_000168.jpg,masha,redbone,relaxed,-0.11816,-0.115786,0.7632,0.127143,-0.179509,0.9318,-0.138958,-0.027985,0.7821,0.212508,-0.142281,0.638,-0.092821,0.051587,0.8048,0.224965,-0.020748,0.6224,-0.140398,0.172496,0.9756,0.341359,0.066411,0.6799,-0.191703,0.098099,0.847,0.334176,-0.056186,0.6334,-0.20171,0.013308,0.8682,0.260661,-0.118352,0.6843,-0.113944,-0.060077,0.5829,0.195412,-0.091095,0.4762,-0.038792,-0.130276,0.8091,0.017894,-0.14357,0.851,-0.06796,-0.072768,1.0003,0.062891,-0.095692,0.9929,-0.107518,-0.065934,0.998,0.112477,-0.117449,0.9554,-0.090871,-0.086687,1.0083,0.081766,-0.125236,0.9698,-0.086121,-0.056272,0.9565,0.092602,-0.094252,0.9808,-0.019354,-0.02966,0.91,-0.03469,0.03098,0.9739,-0.066059,0.042919,0.9622,0.006205,0.029992,0.9805,-0.050481,-0.017586,0.9434,0.015445,-0.028756,0.9167,-0.080543,-0.022844,0.9544,0.093376,-0.059914,0.9285,-0.032495,0.067338,0.9909,-0.065071,0.075538,0.9294,0.013247,0.059578,0.9517,-0.020433,0.101835,0.9987,-0.073173,0.084182,0.9133,0.053604,0.051574,0.9063,-0.01531,0.114109,0.9845,-0.076573,0.08476,0.9107,0.112009,0.043878,0.8102,-0.011857,0.122663,0.9666,-0.009725,0.128105,0.9202,-0.049572,0.126616,0.8331,0.054013,0.106984,0.939,-0.01348,0.118426,0.9728,0,0,0,0,0,0,0,0,0,0,0,0,0,0,0,0,0,0,0,0,0
DOGS/mixkit-10364__taking-care-of-your-dog-in-the-park/mixkit-10364__taking-care-of-your-dog-in-the-park_t0_000288.jpg,masha,redbone,fearful,-0.100872,-0.173412,0.7554,0.12981,-0.171572,0.4883,-0.121404,-0.138514,0.7257,0.215606,-0.185738,0.5018,-0.102436,-0.040115,0.8164,0.233381,-0.15144,0.6764,-0.141452,0.066852,0.8713,0.158594,-0.151804,0.5018,-0.208464,0.050068,0.7658,0.219226,-0.166,0.5223,-0.202112,-0.045544,0.686,0.230902,-0.1139,0.6019,-0.130464,-0.105838,0.3953,0.204281,-0.106069,0.5491,-0.040172,-0.127872,0.7588,0.019912,-0.138426,0.7538,-0.06617,-0.068955,0.9665,0.069716,-0.084994,1.0042,-0.109819,-0.068379,0.9602,0.126235,-0.108354,1.0031,-0.089245,-0.08814,0.9905,0.090507,-0.117038,0.9491,-0.087392,-0.053229,0.9762,0.104109,-0.082412,0.9233,-0.010464,-0.005889,0.9399,-0.022578,0.0638,0.9871,-0.058369,0.074457,1.0138,0.022033,0.062701,0.9738,-0.045408,0.005794,0.9085,0.027989,-0.004556,0.8984,-0.078546,-0.013411,0.9573,0.103443,-0.042169,0.8766,-0.018784,0.101271,0.9868,-0.054723,0.108446,0.9754,0.029203,0.09311,0.9665,-0.007344,0.133099,0.9918,-0.070613,0.11156,0.8564,0.067416,0.080428,0.805,-0.002492,0.143151,0.9616,-0.077876,0.113122,0.7132,0.118541,0.070678,0.7385,0.000814,0.15033,0.929,0.00301,0.154897,0.9226,-0.043747,0.153593,0.7965,0.066029,0.132167,0.855,-0.000836,0.146761,0.9692,0,0,0,0,0,0,0,0,0,0,0,0,0,0,0,0,0,0,0,0,0
DOGS/mixkit-10364__taking-care-of-your-dog-in-the-park/mixkit-10364__taking-care-of-your-dog-in-the-park_t1_000144.jpg,masha,redbone,relaxed,-0.141051,-0.175366,0.8272,0.104114,-0.15214,0.8155,-0.201069,-0.10106,0.8144,0.151699,-0.105745,0.7265,-0.178142,0.012125,0.7083,0.163318,-0.0112,0.5773,-0.250674,0.118974,0.924,0.160688,0.035049,0.7158,-0.330801,0.054931,0.6218,0.168535,0.006961,0.315,-0.32568,-0.064422,0.7591,0.140121,-0.016555,0.5534,-0.154904,-0.174837,0.6845,0.123448,-0.017101,0.7218,-0.013386,-0.145113,0.7647,0.04561,-0.140815,0.7277,-0.05483,-0.089411,0.9668,0.0829,-0.072422,0.9776,-0.109765,-0.099424,0.9935,0.12296,-0.076952,0.9536,-0.078001,-0.116152,0.9359,0.10256,-0.094258,0.9922,-0.085634,-0.078725,0.9602,0.104361,-0.05745,0.9426,0.024973,-0.028591,0.9301,0.036854,0.034687,0.97,-0.005797,0.038194,0.9644,0.071555,0.045115,0.9519,-0.012577,-0.022756,0.9359,0.060383,-0.017476,0.9084,-0.085523,-0.040561,0.9428,0.09793,-0.025802,0.8988,0.036126,0.075345,0.9696,-0.011022,0.071083,1.0081,0.074378,0.079586,1.0323,0.029304,0.111032,1.0173,-0.051665,0.064726,0.856,0.087899,0.07977,0.8876,0.026823,0.123289,1.0034,-0.10059,0.069453,0.823,0.097155,0.075784,0.938,0.025495,0.133392,0.9912,0.025116,0.139647,0.9521,-0.040524,0.112836,0.9497,0.066101,0.124209,0.9229,0.026094,0.128343,0.9856,0,0,0,0,0,0,0,0,0,0,0,0,0,0,0,0,0,0,0,0,0
DOGS/mixkit-1212__french-bulldog-eating-a-treat-in-slow-motion/mixkit-1212__french-bulldog-eating-a-treat-in-slow-motion_t0_000075.jpg,danek,Boston bull,sad,-0.091658,-0.115222,0.9524,0.02214,-0.094379,1.0157,-0.12789,-0.162515,0.9471,0.052166,-0.132033,0.9149,-0.179811,-0.203721,0.8163,0.105135,-0.15057,0.9637,-0.258503,-0.206617,0.9403,0.167658,-0.127129,0.9407,-0.262378,-0.143069,0.8644,0.114833,-0.112757,0.907,-0.262341,-0.073734,0.9194,0.110096,-0.068052,0.8575,-0.22689,-0.021174,0.9234,0.108742,-0.031137,0.891,-0.006693,-0.045367,0.5821,0.047192,-0.033608,0.552,-0.050457,0.009431,0.9962,0.087725,0.031567,0.9585,-0.11202,-0.005011,0.9585,0.124667,0.036184,0.9263,-0.077302,-0.022255,0.9374,0.111367,0.017309,0.9235,-0.087995,0.022586,0.927,0.105971,0.052263,0.8799,0.032003,0.000743,0.9329,0.040071,0.021827,0.9264,0.003772,0.022648,0.9202,0.065949,0.034292,0.9555,0.003629,0.002582,0.9427,0.057651,0.009082,0.959,-0.09376,0.0561,0.8588,0.102427,0.076785,0.9226,0.042669,0.049753,0.927,-0.002174,0.043738,0.8651,0.070601,0.058541,0.8982,0.042011,0.080911,0.9391,-0.038568,0.071598,0.5509,0.085663,0.08564,0.6219,0.042503,0.105772,0.9859,-0.127856,0.195181,0.696,0.100276,0.12012,0.7201,0.040852,0.115521,1.0394,0.039756,0.121924,0.9491,-0.067754,0.194215,0.6206,0.079401,0.146699,0.7425,0.041501,0.111035,1.0604,0,0,0,0,0,0,0,0,0,0,0,0,0,0,0,0,0,0,0,0,0
DOGS/mixkit-14245__dogs-playing-in-the-forest/mixkit-14245__dogs-playing-in-the-forest_t1_000406.jpg,danek,American Staffordshire terrier,neutral,-0.210326,-0.066602,0.5393,0.19335,-0.162919,0.682,-0.167352,-0.045325,0.6068,0.232211,-0.119395,0.4666,-0.213283,0.006017,0.6189,0.235825,-0.103539,0.5644,-0.171874,0.054602,0.8902,0.23016,-0.123663,0.4499,-0.225434,0.001463,0.5992,0.240288,-0.134709,0.2266,-0.178356,-0.050381,0.4445,0.045766,-0.132626,0.4886,-0.217681,-0.068577,0.6585,0.199741,-0.154278,0.4677,-0.089349,-0.069208,0.6012,0.045169,-0.100154,0.6066,0.026746,-0.038416,0.9344,0.129729,-0.071825,0.9474,-0.097561,-0.018979,0.9372,0.16927,-0.087943,0.9333,-0.035553,-0.0362,0.9288,0.150133,-0.087855,0.974,-0.080039,-0.013252,0.9746,0.15424,-0.072196,0.9739,-0.018559,-0.01525,0.9025,-0.08628,0.044706,0.9639,-0.038898,0.030047,0.9352,0.052753,0.001178,0.9011,-0.038569,-0.001993,0.9133,0.092685,-0.040211,0.855,-0.082882,0.010115,0.9275,0.160015,-0.047403,0.9026,-0.029644,0.056146,0.9693,-0.041325,0.052328,0.9541,0.02178,0.037602,0.955,0.035714,0.061001,0.9386,-0.101867,0.074715,0.8599,0.011695,0.050243,0.7636,-0.039997,0.10043,0.996,-0.120758,0.085787,0.718,0.217877,-0.005703,0.909,-0.061472,0.166001,0.9351,-0.055604,0.176892,0.8664,-0.114217,0.12045,0.8599,0.029358,0.098462,0.9912,0.013534,0.107958,0.7375,0,0,0,0,0,0,0,0,0,0,0,0,0,0,0,0,0,0,0,0,0
DOGS/mixkit-14578__dog-tied-to-a-log-in-nature/mixkit-14578__dog-tied-to-a-log-in-nature_t0_000464.jpg,danek,Rottweiler,neutral,-0.14758,-0.167255,0.7432,0.083355,-0.131252,0.8262,-0.198759,-0.12009,0.8435,0.110617,-0.077165,0.7251,-0.228514,-0.050247,0.9318,0.121776,-0.006768,0.9309,-0.261525,0.024583,0.9541,0.112969,0.045418,1.0119,-0.277889,-0.051354,0.9339,0.114074,0.019761,0.7835,-0.273823,-0.117377,1.0085,0.11215,-0.065377,0.5512,-0.175952,-0.128375,0.6235,0.088972,-0.111668,0.433,-0.012541,-0.125738,0.7501,0.031657,-0.124646,0.7343,-0.047611,-0.053471,0.9902,0.070084,-0.049723,0.9689,-0.08815,-0.05885,0.9658,0.100105,-0.051134,1.0283,-0.066733,-0.070651,0.9493,0.086461,-0.065015,1.0235,-0.069903,-0.045974,0.9471,0.084271,-0.037728,1.0086,0.035183,-0.027364,0.9144,0.064507,0.013137,0.9633,0.029828,0.018152,0.9738,0.090696,0.023869,0.8464,0.008303,-0.020048,0.9351,0.059853,-0.022916,0.8882,-0.073899,-0.011877,0.923,0.084394,-0.008064,0.9146,0.069519,0.050341,0.9099,0.027934,0.049397,0.9854,0.093727,0.054196,0.951,0.06318,0.082052,0.9022,-0.020864,0.061315,0.6815,0.095052,0.078067,0.7944,0.055069,0.106572,0.9059,-0.119722,0.082608,0.8061,0.101623,0.095015,0.833,0.032658,0.213561,0.5972,0.032026,0.219811,0.6434,-0.034992,0.134533,0.868,0.074387,0.137282,0.9621,0.035465,0.253214,0.9815,0,0,0,0,0,0,0,0,0,0,1,0,0,0,0,0,0,0,0,0,0
DOGS/mixkit-1496__a-cute-dog-giving-the-paw-while-sitting-on-a/mixkit-1496__a-cute-dog-giving-the-paw-while-sitting-on-a_t0_000161.jpg,danek,Labrador retriever,happy,-0.142303,-0.177998,0.8024,0.088549,-0.13597,0.4503,-0.164485,-0.124217,0.7541,0.105831,-0.085898,0.4465,-0.154697,-0.046542,0.6917,0.108563,-0.012498,0.3725,-0.192235,0.038858,1.0328,0.11509,0.020023,0.255,-0.323691,-0.097419,0.7807,0.12317,-0.031889,0.2505,-0.267219,-0.191519,0.8769,0.124881,-0.084449,0.279,-0.165093,-0.218427,0.399,0.110772,-0.145712,0.4768,-0.004106,-0.132105,0.5184,0.043684,-0.110156,0.4338,-0.030387,-0.076154,0.9202,0.076605,-0.046798,0.6593,-0.075422,-0.090243,0.9549,0.102118,-0.039239,0.6116,-0.050193,-0.092442,0.9641,0.090598,-0.051556,0.6633,-0.054362,-0.075751,0.9447,0.089148,-0.036299,0.6139,0.052989,0.003568,0.8747,0.076554,0.071012,0.946,0.04586,0.0733,0.9367,0.09841,0.074961,0.8997,0.022256,0.005788,0.7725,0.076636,0.00995,0.8213,-0.058348,-0.040178,0.8617,0.083227,-0.015507,0.7225,0.071148,0.101544,0.9301,0.039751,0.097981,0.9163,0.090931,0.101925,0.8566,0.061246,0.119969,0.9159,-0.020079,0.079432,0.5401,0.099108,0.095108,0.5021,0.055896,0.124851,0.8507,-0.103265,0.082102,0.7597,0.104392,0.075733,0.4622,0.052616,0.12878,0.7604,0.051398,0.130693,0.7143,-0.02869,0.124443,0.7005,0.07134,0.124524,0.6175,0.054049,0.127122,0.7883,0,0,0,0,0,0,0,0,0,0,0,0,0,0,0,0,0,0,0,0,0
DOGS/mixkit-1496__a-cute-dog-giving-the-paw-while-sitting-on-a/mixkit-1496__a-cute-dog-giving-the-paw-while-sitting-on-a_t0_000276.jpg,danek,Labrador retriever,happy,-0.131166,-0.179664,0.6764,0.043064,-0.141714,0.5828,-0.187274,-0.153278,0.715,0.06534,-0.111138,0.4672,-0.222293,-0.115313,0.9098,0.074288,-0.081716,0.6489,-0.284081,-0.083256,0.9611,0.092749,-0.069806,0.8298,-0.266983,-0.150548,0.8519,0.074403,-0.107419,0.5699,-0.244348,-0.188673,0.7952,0.078822,-0.125421,0.4395,-0.146722,-0.187164,0.6128,0.058526,-0.112763,0.5753,0.007965,-0.091422,0.6808,0.041329,-0.082909,0.7429,-0.020567,-0.054948,0.8827,0.064909,-0.029946,0.8952,-0.057846,-0.07216,0.916,0.089221,-0.025802,0.6794,-0.034835,-0.075123,0.9625,0.077951,-0.035376,0.7766,-0.041209,-0.051145,0.9083,0.077379,-0.020863,0.7593,0.044699,0.02682,0.8743,0.065713,0.090478,0.9366,0.037003,0.090741,0.9659,0.08473,0.094965,0.9031,0.01708,0.028599,0.819,0.066674,0.03296,0.8591,-0.046208,-0.022433,0.7844,0.074879,0.001567,0.8226,0.063394,0.116201,1.0165,0.032451,0.114134,0.9025,0.082759,0.117237,0.863,0.057256,0.131267,0.9092,-0.012765,0.098646,0.7035,0.089171,0.103955,0.5288,0.054515,0.134562,0.8606,-0.088407,0.069435,0.8102,0.088362,0.072973,0.822,0.052001,0.137843,0.8589,0.050904,0.139732,0.8346,-0.018178,0.134984,0.8783,0.075546,0.126595,0.7449,0.053084,0.136404,0.862,0,0,0,0,0,0,0,0,0,0,0,0,0,0,0,0,0,0,0,0,0
DOGS/mixkit-1499__person-and-dog-walk-in-a-creek/mixkit-1499__person-and-dog-walk-in-a-creek_t1_000391.jpg,danek,Labrador retriever,neutral,-0.170584,-0.11642,0.9192,0.109033,-0.089714,0.904,-0.204309,-0.05023,0.8746,0.130273,-0.019964,0.7899,-0.212103,0.037383,0.8901,0.143806,0.061614,1.0032,-0.249044,0.163724,0.9474,0.183636,0.177434,0.9274,-0.317827,0.056608,0.8517,0.212245,0.069841,0.9185,-0.291282,-0.051433,0.6544,0.196862,-0.019704,0.7882,-0.186439,-0.1054,0.9367,0.117567,-0.089928,0.8481,-0.026306,-0.123461,0.8967,0.023044,-0.118916,0.859,-0.069497,-0.066018,0.9569,0.061035,-0.056467,0.9613,-0.117704,-0.07068,0.9625,0.091911,-0.055102,0.9404,-0.091527,-0.079465,0.9703,0.07676,-0.067298,0.9852,-0.093394,-0.058953,0.9252,0.077506,-0.045895,0.9741,0.014868,-0.055094,0.9052,0.041673,-0.026411,0.8738,-0.008411,-0.018542,0.9975,0.078778,-0.01735,0.8474,-0.017849,-0.047669,0.879,0.045555,-0.048907,0.9621,-0.096432,-0.021386,0.8658,0.088665,-0.020808,0.767,0.051121,0.008434,0.9089,-0.012678,0.010854,0.9997,0.089988,0.014051,0.8708,0.048147,0.046782,0.9672,-0.055018,0.036227,0.8289,0.099554,0.042777,0.8073,0.041191,0.083864,0.9565,-0.113087,0.092343,0.7479,0.122203,0.093127,0.6709,0.037614,0.102245,0.9209,0.036183,0.113529,0.9277,-0.054605,0.120408,0.9105,0.098553,0.13452,0.8922,0.038669,0.094191,0.9111,0,0,0,0,0,0,0,0,0,0,0,0,0,0,0,0,0,0,0,0,0
DOGS/mixkit-1499__person-and-dog-walk-in-a-creek/mixkit-1499__person-and-dog-walk-in-a-creek_t1_000483.jpg,danek,Labrador retriever,relaxed,-0.131481,-0.119465,0.7381,0.141045,-0.180448,0.8736,-0.154606,-0.02954,0.7839,0.183868,-0.112311,0.7774,-0.13623,0.057456,0.7311,0.196312,-0.039303,0.8821,-0.16263,0.156274,0.9853,0.242132,0.057114,0.8524,-0.165816,0.068395,0.6364,0.266093,-0.044573,1.0051,-0.124414,0.019315,0.5899,0.2316,-0.127866,0.7278,-0.112743,0.008819,0.8535,0.149454,-0.19788,0.8805,-0.048395,-0.141113,0.8212,0.004777,-0.149703,0.8609,-0.078888,-0.062387,1.004,0.054796,-0.092394,1.0035,-0.112848,-0.060276,0.9787,0.097771,-0.10566,0.9959,-0.097914,-0.076768,0.9965,0.071353,-0.114358,0.9458,-0.094729,-0.049268,0.9636,0.079311,-0.08865,0.9644,-0.026289,-0.034689,0.9456,-0.040459,0.02021,0.9682,-0.075425,0.035266,0.9611,0.005937,0.020066,0.9564,-0.057056,-0.022878,0.9623,0.009566,-0.033383,0.9378,-0.087375,-0.011126,0.9384,0.08443,-0.048829,0.8797,-0.036034,0.06514,0.9351,-0.077248,0.075219,0.989,0.015325,0.055805,0.9633,-0.026361,0.101252,0.9326,-0.084004,0.092736,0.8475,0.066737,0.064816,0.721,-0.018857,0.126906,0.9122,-0.089094,0.111534,0.8602,0.127542,0.077804,0.7878,-0.016524,0.137204,0.9104,-0.014735,0.144625,0.8739,-0.060805,0.168241,0.8811,0.080064,0.145918,0.9559,-0.017611,0.132309,0.9368,0,0,0,0,0,0,0,0,0,0,0,0,0,0,0,0,0,0,0,0,0
DOGS/mixkit-1499__person-and-dog-walk-in-a-creek/mixkit-1499__person-and-dog-walk-in-a-creek_t1_000552.jpg,danek,Labrador retriever,neutral,-0.129516,-0.169211,0.9369,0.097819,-0.198665,0.952,-0.146576,-0.11228,0.7946,0.117527,-0.146729,0.8946,-0.1517,-0.044585,0.8301,0.110235,-0.082682,0.9217,-0.182834,0.025033,0.865,0.121124,-0.002613,0.9683,-0.204574,-0.050829,0.8039,0.147235,-0.076956,0.9129,-0.201184,-0.125976,0.6981,0.172839,-0.155463,0.9111,-0.135181,-0.200635,0.7547,0.103593,-0.225394,0.841,-0.033528,-0.122644,0.692,0.015176,-0.124384,0.6457,-0.059291,-0.054021,0.9321,0.054413,-0.068651,0.9604,-0.094138,-0.064073,0.9604,0.081976,-0.081981,0.9846,-0.075257,-0.072213,0.9666,0.06479,-0.085484,0.9966,-0.078764,-0.047417,0.9791,0.071398,-0.066626,0.9809,0.003619,0.009906,0.8747,0.011467,0.09526,0.9616,-0.022627,0.103505,0.9101,0.044941,0.092495,0.9415,-0.02648,0.019223,0.8596,0.033603,0.013333,0.8916,-0.071225,-0.008737,0.9303,0.066404,-0.029718,0.9239,0.013283,0.130379,0.9285,-0.022176,0.133164,0.9159,0.047635,0.124276,0.9578,0.013392,0.152672,0.9803,-0.052259,0.122984,0.7354,0.064158,0.111294,0.8254,0.013398,0.158947,0.9418,-0.080036,0.107018,0.777,0.075499,0.098366,0.8276,0.013418,0.163441,0.9704,0.013528,0.166205,0.9427,-0.034014,0.164908,0.8619,0.052838,0.151878,0.9117,0.013396,0.161276,0.9666,0,0,0,0,0,0,0,0,0,0,0,0,0,0,0,0,0,0,0,0,0
DOGS/mixkit-1550__dog-sitting-on-log/mixkit-1550__dog-sitting-on-log_t0_000000.jpg,danek,Border collie,relaxed,-0.06105,-0.130985,0.9601,0.007935,-0.124323,0.9466,-0.076536,-0.174783,0.9282,0.027727,-0.165743,0.9176,-0.102525,-0.216652,1.0264,0.05499,-0.20361,1.0025,-0.139678,-0.254242,0.9681,0.087208,-0.243511,0.9781,-0.171748,-0.198341,0.9504,0.096378,-0.181376,0.9654,-0.179696,-0.142365,0.9769,0.091204,-0.125006,0.9118,-0.169757,-0.077166,0.9334,0.069978,-0.056636,0.8365,-0.021415,-0.051093,0.7672,0.018004,-0.047557,0.8163,-0.042906,0.001274,0.9872,0.041695,0.0095,0.9892,-0.078519,-0.009593,0.946,0.064658,0.003114,1.0073,-0.057895,-0.017696,0.9548,0.052808,-0.004223,0.9528,-0.063215,0.006698,0.9767,0.054302,0.016196,0.9496,0.013377,0.042407,0.9158,0.041062,0.0948,0.9366,0.016401,0.098859,0.8916,0.06095,0.099577,0.9171,-0.010527,0.047651,0.9145,0.034978,0.047276,0.9146,-0.062362,0.035886,0.9539,0.051672,0.041944,1.0656,0.042901,0.122539,0.9431,0.013726,0.121171,1.0054,0.065106,0.124826,1.0034,0.037399,0.146829,0.9886,-0.026719,0.118455,0.7295,0.069182,0.128385,0.8757,0.034245,0.156429,0.9817,-0.09226,0.116056,0.7929,0.071258,0.123494,0.8213,0.032458,0.162108,0.9672,0.031331,0.165744,0.9161,-0.020909,0.160784,0.8225,0.058131,0.161738,0.9428,0.033333,0.159401,0.9858,0,0,0,0,0,0,0,0,0,0,0,0,0,0,0,0,0,0,0,0,0
DOGS/mixkit-1550__dog-sitting-on-log/mixkit-1550__dog-sitting-on-log_t0_000336.jpg,danek,Border collie,neutral,-0.058162,-0.131068,0.9289,-0.010712,-0.126199,0.9052,-0.062746,-0.170201,0.8806,-0.002542,-0.158645,0.7768,-0.070842,-0.210111,0.9902,0.013492,-0.187695,0.9464,-0.096082,-0.241438,0.9664,0.036557,-0.206792,0.9513,-0.135924,-0.2021,0.9547,0.037587,-0.171782,0.9469,-0.154068,-0.15331,0.9416,0.025904,-0.139598,0.8331,-0.151704,-0.0877,0.75,0.02119,-0.097956,0.8686,0.005034,-0.039,0.7129,0.029064,-0.031376,0.5535,-0.014757,0.006032,0.9431,0.036254,0.010877,0.8165,-0.051794,-0.009995,0.9939,0.050664,0.010326,0.7428,-0.028672,-0.014789,0.9516,0.043965,0.003331,0.7619,-0.036427,0.008217,0.9775,0.043628,0.016791,0.8186,0.030897,0.055612,0.8594,0.069986,0.117958,0.8417,0.042705,0.113675,0.7968,0.089428,0.126238,0.8369,0.010329,0.057362,0.7431,0.049331,0.060427,0.8774,-0.041537,0.033495,0.9331,0.046288,0.036868,0.7607,0.069076,0.142129,0.9806,0.040738,0.131977,0.8543,0.088849,0.147454,0.8787,0.058466,0.157124,0.819,-0.011637,0.111467,0.6836,0.093572,0.142604,0.6172,0.050077,0.163728,0.7672,-0.093698,0.072013,0.9316,0.087272,0.118657,0.6501,-0.016752,0.21915,0.6691,-0.021005,0.225943,0.6965,-0.026407,0.135514,0.7795,0.065099,0.162742,0.7289,-0.011264,0.220967,0.65,0,0,0,0,0,0,0,0,0,0,0,0,0,0,0,0,0,0,0,0,0
DOGS/mixkit-16247__woman-playing-with-two-dogs/mixkit-16247__woman-playing-with-two-dogs_t0_000299.jpg,danek,Australian terrier,relaxed,-0.118483,-0.143787,0.5417,0.074313,-0.204527,0.7015,-0.14516,-0.086891,0.251,0.137377,-0.204492,0.88,-0.237829,-0.204887,0.2192,0.188504,-0.17528,0.9089,-0.267051,-0.111522,0.0901,0.245887,-0.132106,0.9002,-0.166268,-0.05513,0.136,0.23953,-0.221106,0.6409,-0.159783,-0.097226,0.2856,0.150954,-0.158271,0.7517,-0.131619,-0.130134,0.6616,0.117719,-0.141142,0.8406,-0.067894,-0.098643,0.5445,-0.015769,-0.10055,0.6115,-0.094588,-0.022718,0.6611,0.013824,-0.036214,0.9732,-0.12138,-0.013682,0.4684,0.06045,-0.049456,0.9502,-0.105076,-0.030881,0.5343,0.034949,-0.055071,0.9625,-0.108524,-0.008063,0.6506,0.039313,-0.030737,0.9088,-0.032508,0.023484,0.7601,-0.032677,0.07824,0.9544,-0.055664,0.087908,0.9094,-0.005453,0.075729,0.8988,-0.070014,0.034583,0.7414,-0.005928,0.026166,0.7422,-0.116141,0.01747,0.5694,0.04229,0.005287,0.8262,-0.028415,0.102308,0.9143,-0.053134,0.107979,0.858,-0.000785,0.096877,0.9309,-0.027092,0.120144,0.9106,-0.069271,0.107439,0.7164,0.021835,0.088786,0.7681,-0.026508,0.126159,0.8493,-0.076165,0.115608,0.5381,0.052113,0.090105,0.5326,-0.021577,0.144698,0.8501,-0.020779,0.148761,0.8419,-0.05886,0.126235,0.608,0.011665,0.118669,0.7309,-0.022715,0.138707,0.8552,0,0,0,0,0,0,0,0,0,0,0,0,0,0,0,0,0,0,0,0,0
DOGS/mixkit-16247__woman-playing-with-two-dogs/mixkit-16247__woman-playing-with-two-dogs_t0_000483.jpg,danek,Yorkshire terrier,neutral,-0.122967,-0.162388,0.8864,0.083442,-0.163809,0.8699,-0.158069,-0.129607,0.6381,0.134846,-0.18208,0.8883,-0.175896,-0.053657,0.6714,0.171213,-0.207044,0.8101,-0.248549,-0.102122,0.8257,0.237448,-0.224203,0.9257,-0.22653,-0.078233,0.3714,0.231983,-0.142373,0.5365,-0.220376,-0.142515,0.8433,0.19605,-0.142043,0.2081,-0.128078,-0.153417,0.5303,0.121591,-0.114253,0.3644,-0.035147,-0.099217,0.7567,0.011856,-0.105127,0.7381,-0.052933,-0.022772,0.8905,0.047905,-0.02645,0.9952,-0.094455,-0.02127,0.8427,0.092462,-0.025988,0.9438,-0.071709,-0.034283,0.8578,0.069607,-0.041568,0.9612,-0.078079,-0.01074,0.8699,0.070904,-0.013895,0.9685,-0.000987,0.005265,0.968,0.005696,0.047579,0.9518,-0.024445,0.054925,0.9556,0.041507,0.054576,0.9168,-0.025263,0.012738,0.9498,0.026031,0.010382,0.9873,-0.079369,0.025368,0.8366,0.077135,0.020086,0.9367,0.016378,0.079119,0.9644,-0.026625,0.079296,1.0139,0.045154,0.080084,0.9765,0.015957,0.107814,0.9546,-0.050068,0.082334,0.8698,0.060791,0.08162,0.867,0.009909,0.125843,0.9648,-0.074069,0.115789,0.74,0.071101,0.109347,0.7178,0.002834,0.172747,0.9963,0.002108,0.180652,0.9313,-0.027538,0.128574,0.9562,0.044141,0.1291,0.9559,0.003608,0.166408,1.0266,0,0,0,0,0,0,0,0,0,0,0,0,0,0,0,0,0,0,0,0,0
DOGS/mixkit-1660__a-dog-waiting-for-a-haircut/mixkit-1660__a-dog-waiting-for-a-haircut_t0_000138.jpg,danek,komondor,neutral,-0.175848,-0.171753,0.732,0.092179,-0.149114,0.795,-0.230118,-0.047008,0.4567,0.126382,-0.032983,0.6322,-0.257056,0.127852,0.3442,0.15819,0.092094,0.5308,-0.305002,0.256053,0.0801,0.223399,0.181082,0.4283,-0.396909,0.138582,0.3194,0.236158,0.081316,0.4785,-0.346002,-0.062681,0.544,0.190814,-0.049737,0.6406,-0.200771,-0.190526,0.606,0.114824,-0.162106,0.7333,-0.058556,-0.150435,0.7878,0.001092,-0.149635,0.7204,-0.090754,-0.071563,0.9283,0.046179,-0.060058,0.9067,-0.143005,-0.076006,0.8967,0.085633,-0.057673,0.8629,-0.117177,-0.093112,0.8757,0.06643,-0.07119,0.9155,-0.118435,-0.059546,0.9879,0.066877,-0.047468,0.9104,0.009076,-0.035603,0.9251,0.031606,0.007675,0.9738,-0.005946,0.015106,0.968,0.065012,0.015923,0.9573,-0.025346,-0.027765,0.9912,0.043148,-0.031065,0.8588,-0.117006,-0.016695,0.8887,0.082282,-0.011591,0.8157,0.037037,0.045455,0.9499,-0.007521,0.045022,0.9868,0.07412,0.047277,0.9699,0.031525,0.083862,0.9905,-0.054558,0.054631,0.776,0.104553,0.062416,0.7281,0.027261,0.108503,0.9645,-0.108036,0.104605,0.5949,0.113649,0.107571,0.6081,0.025704,0.125374,0.9557,0.024674,0.135396,0.8598,-0.040855,0.115529,0.8577,0.075309,0.12364,0.8905,0.026303,0.116574,1.0178,0,0,0,0,0,0,0,0,0,0,0,0,0,0,0,0,0,0,0,0,0
DOGS/mixkit-1660__a-dog-waiting-for-a-haircut/mixkit-1660__a-dog-waiting-for-a-haircut_t0_000207.jpg,danek,komondor,neutral,-0.191259,-0.205541,0.586,0.078897,-0.129604,0.513,-0.24938,-0.08804,0.3003,0.10396,-0.059708,0.4995,-0.300731,0.144957,0.3151,0.11383,0.014797,0.4745,-0.379137,0.315362,0.2984,0.151932,0.066867,0.7256,-0.476838,0.11918,0.221,0.157227,0.06653,0.6322,-0.380463,-0.097555,0.2636,0.148472,-0.05983,0.6955,-0.215885,-0.226889,0.4688,0.096592,-0.139709,0.6336,-0.046974,-0.155871,0.6939,0.008245,-0.146062,0.8128,-0.08376,-0.088418,0.9468,0.047547,-0.054182,0.8212,-0.134513,-0.101816,0.918,0.086829,-0.045605,0.9295,-0.106532,-0.115078,0.9238,0.070178,-0.060587,0.8647,-0.112907,-0.081454,1.0092,0.067082,-0.039416,0.8964,0.020027,-0.034029,0.8232,0.04877,0.015011,0.9509,0.011279,0.016726,0.8997,0.076372,0.027596,0.8791,-0.015238,-0.030876,0.8786,0.05028,-0.025387,0.761,-0.117335,-0.039237,0.8986,0.073733,-0.009632,0.7794,0.04925,0.052153,0.9253,0.009428,0.045734,0.9603,0.078728,0.058671,0.9815,0.036996,0.088265,0.9598,-0.041716,0.047573,0.69,0.094762,0.077419,0.6353,0.02508,0.111274,0.8992,-0.117115,0.079322,0.7142,0.099543,0.115327,0.5686,0.020482,0.124624,0.9502,0.017403,0.13351,0.8444,-0.047543,0.105049,0.7576,0.061716,0.132167,0.8119,0.022489,0.118097,0.9797,0,0,0,0,0,0,0,0,0,0,0,0,0,0,0,0,0,0,0,0,0
DOGS/mixkit-1660__a-dog-waiting-for-a-haircut/mixkit-1660__a-dog-waiting-for-a-haircut_t0_000276.jpg,danek,miniature poodle,relaxed,-0.180915,-0.132178,0.8067,0.102249,-0.097845,0.6986,-0.245273,0.018317,0.5437,0.124708,0.001755,0.7941,-0.2353,0.198217,0.3368,0.132585,0.107903,0.5735,-0.289776,0.39796,0.313,0.153357,0.22088,0.6628,-0.418311,0.217013,0.271,0.18589,0.10706,0.8419,-0.343913,-0.009078,0.6475,0.182505,0.000629,0.8786,-0.204347,-0.152782,0.8089,0.117678,-0.109437,0.7471,-0.051074,-0.139757,0.8014,0.002378,-0.135909,0.8549,-0.084203,-0.067757,0.8983,0.055982,-0.059305,0.8175,-0.132483,-0.069542,0.8903,0.092868,-0.05432,0.8881,-0.108216,-0.086249,0.9265,0.075398,-0.066746,0.8734,-0.10988,-0.055886,1.0069,0.075279,-0.047129,0.9066,0.013345,-0.053197,0.9244,0.033106,-0.021917,1.0217,-0.005033,-0.015465,1.0499,0.065016,-0.01265,0.9653,-0.019218,-0.04612,0.9497,0.045546,-0.048874,0.9278,-0.113301,-0.016357,0.9416,0.089345,-0.020521,0.7864,0.037708,0.012006,0.9388,-0.008258,0.01119,0.9901,0.074267,0.015112,0.9235,0.033116,0.049987,0.9864,-0.052461,0.027454,0.7563,0.099812,0.033782,0.8349,0.0283,0.079901,0.9224,-0.101982,0.096939,0.5626,0.106272,0.084962,0.4553,0.026621,0.093315,0.9735,0.025164,0.101912,0.925,-0.043476,0.090222,0.8473,0.073717,0.10425,0.8014,0.02755,0.08706,0.9735,0,0,0,0,0,0,0,0,0,0,0,0,0,0,0,0,0,0,0,0,0
DOGS/mixkit-16619__puppy-laying-in-their-bed/mixkit-16619__puppy-laying-in-their-bed_t0_000145.jpg,danek,Staffordshire bullterrier,relaxed,-0.071319,-0.175168,1.037,0.023017,-0.177924,1.053,-0.102044,-0.207586,0.9084,0.050992,-0.216485,0.9268,-0.126774,-0.115493,0.8285,0.080194,-0.14252,0.8749,-0.160193,-0.042513,0.9592,0.119446,-0.072255,0.9494,-0.215011,-0.092469,0.9608,0.157301,-0.115577,0.924,-0.2671,-0.147008,1.0238,0.174731,-0.159324,1.0216,-0.150914,-0.067798,0.404,0.118946,-0.06523,0.7032,-0.024467,-0.103416,0.7654,0.021167,-0.10294,0.6953,-0.062969,-0.024538,1.0091,0.062176,-0.023052,0.9958,-0.113925,-0.038363,0.9771,0.095347,-0.03114,0.9764,-0.085686,-0.053909,1.0009,0.077338,-0.043716,0.9869,-0.092039,-0.01458,0.9547,0.079492,-0.010945,0.9802,0.012617,0.016447,0.9502,0.0254,0.062584,0.9563,-0.006863,0.068691,0.934,0.055857,0.068936,0.9338,-0.017291,0.024157,0.9616,0.042162,0.021694,0.9562,-0.088434,0.026369,0.9598,0.077512,0.024964,0.95,0.027479,0.096911,0.9952,-0.010799,0.096256,0.9578,0.061511,0.098687,0.9521,0.025887,0.13205,0.9446,-0.052615,0.109189,0.8029,0.082774,0.110199,0.8569,0.02408,0.1491,0.9905,-0.109116,0.134318,0.7887,0.099877,0.120187,0.9494,0.022881,0.160046,1.0148,0.022158,0.167806,1.0016,-0.053511,0.164986,0.9445,0.077996,0.175703,0.9369,0.023516,0.154329,0.9923,0,0,0,0,0,0,0,0,0,0,0,0,0,0,0,0,0,0,0,0,0
DOGS/mixkit-16619__puppy-laying-in-their-bed/mixkit-16619__puppy-laying-in-their-bed_t0_000232.jpg,danek,Staffordshire bullterrier,relaxed,-0.054692,-0.160842,1.0359,0.050838,-0.182702,1.0524,-0.099012,-0.184254,0.9366,0.068669,-0.227207,1.0171,-0.122976,-0.101478,0.9857,0.099493,-0.156656,0.9029,-0.139888,-0.014289,0.9715,0.153182,-0.09323,1.0215,-0.183321,-0.050935,0.9343,0.202299,-0.141052,0.7261,-0.212573,-0.08767,0.8696,0.225949,-0.191382,0.9318,-0.128693,-0.022209,0.679,0.176327,-0.083205,0.8369,-0.02995,-0.105466,0.7637,0.014834,-0.110855,0.8386,-0.068191,-0.011359,0.9725,0.067691,-0.031041,1.0121,-0.109991,-0.015456,0.9474,0.119364,-0.048143,0.9691,-0.091,-0.035944,1.0099,0.087841,-0.063371,0.9952,-0.089781,0.004666,0.949,0.098955,-0.02266,0.9378,-0.008601,0.014371,0.9445,-0.015959,0.055301,0.9468,-0.047751,0.064556,0.9363,0.022151,0.05753,0.9926,-0.038311,0.023547,0.9672,0.023938,0.016409,0.9256,-0.083325,0.041244,0.9674,0.100563,0.014592,0.9533,-0.013863,0.089491,0.9542,-0.051694,0.095957,0.9788,0.029071,0.084448,0.9597,-0.005826,0.127248,0.9761,-0.071995,0.113749,0.891,0.074272,0.095307,0.7881,-0.001405,0.146219,0.993,-0.092934,0.135488,0.9573,0.134061,0.122967,0.9302,0.000724,0.157376,0.9963,0.002041,0.165188,0.9411,-0.057982,0.177455,0.9016,0.084469,0.160719,0.9173,-0.000341,0.151716,0.9928,0,0,0,0,0,0,0,0,0,0,0,0,0,0,0,0,0,0,0,0,0
DOGS/mixkit-17124__taking-a-photo-with-her-dog/mixkit-17124__taking-a-photo-with-her-dog_t0_000116.jpg,danek,golden retriever,neutral,-0.215491,-0.102885,0.5619,0.126143,-0.069797,0.7898,-0.241513,-0.00133,0.3237,0.129544,0.004692,0.6459,-0.215,0.089238,0.4008,0.133694,0.103702,0.3315,-0.295448,0.146465,0.0751,0.129811,0.194998,0.1379,-0.323343,0.092227,0.4035,0.18406,0.122306,0.2055,-0.300669,-0.0147,0.1628,0.184451,0.014663,0.5486,-0.22255,-0.129083,0.9222,0.133721,-0.078605,0.9261,-0.045202,-0.161384,0.7619,0.007471,-0.159742,0.8248,-0.091439,-0.083105,0.9503,0.060407,-0.078893,0.9393,-0.152386,-0.080807,0.9515,0.103122,-0.076052,1.016,-0.122202,-0.102279,1.0126,0.083319,-0.094131,0.9847,-0.122397,-0.06717,0.8834,0.083493,-0.063675,0.9838,0.010041,-0.059379,0.8811,0.038395,-0.008586,0.8503,-0.020224,0.004894,0.9601,0.084359,0.000547,0.852,-0.031447,-0.049689,0.8863,0.047359,-0.053243,0.8601,-0.122157,-0.02142,0.9284,0.093714,-0.029154,0.936,0.044941,0.046576,0.8658,-0.028243,0.051758,0.8233,0.101659,0.045015,0.9185,0.042675,0.102519,0.8763,-0.08021,0.070978,0.6637,0.11599,0.069904,0.7064,0.03717,0.131189,0.942,-0.1457,0.10868,0.7804,0.122572,0.101602,0.7197,0.03462,0.149742,0.7804,0.033175,0.160504,0.6546,-0.074927,0.170853,0.8121,0.085929,0.165858,0.7969,0.035364,0.141986,0.7946,0,0,0,0,0,0,0,0,0,0,0,0,0,0,0,0,0,0,0,0,0
DOGS/mixkit-17124__taking-a-photo-with-her-dog/mixkit-17124__taking-a-photo-with-her-dog_t0_000203.jpg,danek,golden retriever,neutral,-0.151927,-0.031881,0.6496,0.146318,-0.103013,0.8728,-0.155498,0.047032,0.6665,0.180001,-0.039166,0.7874,-0.128479,0.143333,0.3094,0.189744,0.027487,0.6086,-0.145847,0.20279,0.1727,0.19769,0.130101,0.8571,-0.175122,0.185083,0.4103,0.250698,0.014615,0.7682,-0.193584,0.049802,0.6705,0.224327,-0.062199,0.8993,-0.160595,-0.047395,0.7699,0.148134,-0.132014,0.9631,-0.070651,-0.136785,0.7924,-0.029187,-0.151654,0.8551,-0.099408,-0.044501,0.9072,0.0357,-0.092769,0.9769,-0.132382,-0.030959,0.9972,0.090524,-0.100555,0.9779,-0.121569,-0.049316,0.9278,0.057923,-0.115967,0.9271,-0.113318,-0.027396,0.9069,0.067575,-0.083474,0.9355,-0.04257,-0.071592,0.9656,-0.047403,-0.039492,0.8944,-0.08363,-0.017114,0.942,0.003544,-0.038675,0.9391,-0.073241,-0.057857,0.8477,-0.006116,-0.071118,0.9768,-0.114876,-0.000867,0.8771,0.08477,-0.042913,0.9273,-0.036323,0.01015,0.8958,-0.087912,0.028592,0.9062,0.023516,-0.005066,0.9653,-0.018598,0.062078,0.8723,-0.098281,0.058803,0.6897,0.072888,0.019045,0.6722,-0.004214,0.099907,0.8299,-0.09001,0.111273,0.7311,0.138392,0.039956,0.8418,0.02481,0.205158,0.594,0.025215,0.21271,0.5822,-0.043567,0.167519,0.8453,0.102495,0.12411,0.923,0.017927,0.222653,1.0536,0,0,0,0,0,0,0,0,0,0,0,0,0,0,0,0,0,0,0,0,0
DOGS/mixkit-21029__dalmatian-holding-a-stick/mixkit-21029__dalmatian-holding-a-stick_t0_000025.jpg,masha,German short-haired pointer,happy,-0.123101,-0.10218,0.9437,0.092014,-0.151756,0.8207,-0.158674,-0.092797,0.8449,0.153917,-0.186832,0.8711,-0.158117,-0.038809,0.6363,0.224083,-0.163953,0.9651,-0.1486,0.016001,0.6117,0.282909,-0.114171,1.0412,-0.149671,0.000129,0.7492,0.224634,-0.096784,0.8836,-0.14526,-0.028707,0.6662,0.187041,-0.075144,0.9133,-0.136371,-0.056503,0.5589,0.148943,-0.042845,0.9728,-0.056204,-0.097336,0.9269,-0.011969,-0.104388,0.9813,-0.084162,-0.027317,0.9502,0.040575,-0.055142,0.9854,-0.118621,-0.021618,0.987,0.084214,-0.063597,0.9585,-0.104181,-0.039077,1.0036,0.058979,-0.074532,0.9802,-0.100369,-0.010832,0.9473,0.064233,-0.048142,0.9782,-0.026172,-0.017199,0.9402,-0.034554,0.025137,0.9488,-0.068102,0.035947,0.9309,0.006755,0.025201,0.9441,-0.057092,-0.005993,0.9625,0.006242,-0.015158,0.9639,-0.096651,0.018517,0.9591,0.068209,-0.013582,0.9599,-0.032453,0.060148,0.9669,-0.07229,0.065061,0.9696,0.016501,0.053441,1.0102,-0.023452,0.095016,0.9055,-0.087317,0.076991,0.9006,0.054681,0.058684,0.8101,-0.016501,0.115713,0.9521,-0.099032,0.088841,0.7949,0.099783,0.064736,0.6942,0.034477,0.263032,0.8832,0.035442,0.276699,0.9531,-0.056763,0.123637,0.9829,0.056753,0.114511,0.8296,0.016638,0.221228,0.722,0,0,0,0,0,0,0,0,0,0,0,0,0,0,0,0,0,0,0,0,0
DOGS/mixkit-24978__petting-a-labrador/mixkit-24978__petting-a-labrador_t0_000000.jpg,masha,golden retriever,neutral,-0.119278,-0.099192,0.872,0.125596,-0.169618,0.7574,-0.121968,-0.060571,0.746,0.158737,-0.129637,0.6483,-0.097219,-0.024021,0.8332,0.179538,-0.079978,0.9061,-0.08684,0.038004,0.927,0.20489,-0.030196,0.9415,-0.13139,-0.007079,0.7259,0.225146,-0.094148,0.9367,-0.159819,-0.048984,0.796,0.20725,-0.163354,0.8615,-0.127391,-0.107638,0.8435,0.119608,-0.194886,0.824,-0.056667,-0.128112,0.7275,-0.009008,-0.142312,0.6743,-0.083304,-0.07536,0.9337,0.035473,-0.095236,0.9664,-0.109058,-0.075204,0.9029,0.075795,-0.115671,0.9334,-0.09839,-0.087973,0.9958,0.050043,-0.120136,0.9441,-0.09486,-0.063969,0.9222,0.059489,-0.094035,0.9482,-0.026921,0.020034,0.8362,-0.02812,0.086342,0.8885,-0.064422,0.096949,0.9243,0.016909,0.08137,0.9565,-0.055702,0.035382,0.8823,0.00786,0.014143,0.7689,-0.08429,-0.036867,0.7894,0.065746,-0.059087,0.8738,-0.021321,0.125894,0.9242,-0.057699,0.132724,0.9516,0.026244,0.113873,0.9854,-0.008317,0.153614,1.0002,-0.06703,0.13846,0.6518,0.060617,0.101864,0.694,-0.003385,0.161693,0.9175,-0.073401,0.131642,0.49,0.093544,0.08193,0.6613,-0.004643,0.163766,0.8081,-0.004285,0.16586,0.7347,-0.038319,0.166937,0.7865,0.067408,0.146387,0.9723,-0.004814,0.162122,0.8901,0,0,0,0,0,0,0,0,0,0,0,0,0,0,0,0,0,0,0,0,0
DOGS/mixkit-24978__petting-a-labrador/mixkit-24978__petting-a-labrador_t0_000145.jpg,masha,golden retriever,happy,-0.126989,-0.089403,0.5416,0.133023,-0.17004,0.7238,-0.125086,-0.037088,0.5129,0.158486,-0.13323,0.7198,-0.116084,0.003275,0.3464,0.171317,-0.086468,0.8092,-0.139855,0.044145,0.4423,0.201759,-0.039562,0.9542,-0.169388,0.013321,0.347,0.220439,-0.101336,0.9058,-0.143221,-0.040037,0.2993,0.201131,-0.167463,0.8768,-0.128396,-0.077003,0.4943,0.139813,-0.196396,0.6296,-0.070162,-0.142756,0.7125,-0.023607,-0.159624,0.6616,-0.093034,-0.073766,0.9523,0.025654,-0.106707,0.9654,-0.117583,-0.073589,0.9719,0.065989,-0.129264,0.9722,-0.107382,-0.084806,0.9804,0.039358,-0.134292,0.9698,-0.103788,-0.063889,0.8925,0.050829,-0.106103,0.9061,-0.037734,0.002497,0.8089,-0.037807,0.070896,0.9076,-0.075004,0.08456,0.9641,0.0078,0.065013,0.8789,-0.068054,0.01608,0.8152,-0.000993,-0.002968,0.8122,-0.09571,-0.034257,0.8714,0.059759,-0.068736,0.8907,-0.029422,0.113734,0.9903,-0.068403,0.12324,0.9611,0.019005,0.098717,0.9838,-0.016369,0.140736,0.9675,-0.075962,0.132225,0.6377,0.056332,0.086951,0.7328,-0.012212,0.14967,0.9702,-0.084858,0.120261,0.5149,0.09207,0.06836,0.7501,-0.010242,0.154357,0.9815,-0.00898,0.15744,0.9391,-0.047026,0.162271,0.9102,0.063409,0.139311,0.9806,-0.011135,0.152102,0.9625,0,0,0,0,0,0,0,0,0,0,0,0,0,0,0,0,0,0,0,0,0
DOGS/mixkit-24979__labrador-licks-his-owner/mixkit-24979__labrador-licks-his-owner_t1_000493.jpg,masha,golden retriever,neutral,-0.14832,-0.046527,0.8571,0.138376,-0.082783,0.8877,-0.208989,-0.009046,0.7029,0.178733,-0.032166,0.7446,-0.25871,0.048576,0.7889,0.220946,0.020169,0.9018,-0.323,0.089829,0.9652,0.322561,0.060151,0.9948,-0.268692,0.062601,0.637,0.324445,-0.030718,0.9419,-0.19635,0.040277,0.4653,0.241893,-0.092669,0.9076,-0.147484,-0.017593,0.5158,0.144956,-0.095458,0.7883,-0.056304,-0.099111,1.0467,-0.010829,-0.111321,1.0564,-0.081992,-0.04208,0.9571,0.039502,-0.06788,0.9863,-0.116293,-0.034528,0.9609,0.080258,-0.075672,0.9721,-0.101351,-0.049728,0.9858,0.056747,-0.084295,1.0035,-0.097824,-0.028891,0.9705,0.06193,-0.062091,0.9603,-0.019388,-0.03896,0.9745,-0.014146,-0.007963,1.0012,-0.044647,0.007098,0.9775,0.020016,-0.008523,0.9873,-0.047707,-0.026007,0.9698,0.01137,-0.039981,0.9714,-0.093199,0.002002,1.0379,0.073163,-0.031368,1.0032,-0.007055,0.023862,0.9494,-0.044792,0.033729,0.9997,0.031992,0.015049,0.9748,0.001209,0.059471,0.9875,-0.069446,0.054289,0.9927,0.071679,0.022982,0.906,0.005262,0.079384,1.0146,-0.088188,0.085274,0.9674,0.116983,0.05587,0.8877,0.008336,0.091348,0.97,0.010555,0.099544,0.9175,-0.047579,0.117487,0.9631,0.080875,0.094833,0.879,0.006901,0.08531,0.9759,0,0,0,0,0,0,0,0,0,0,0,0,0,0,0,0,0,0,0,0,1
DOGS/mixkit-26188__excited-dog-in-a-yard/mixkit-26188__excited-dog-in-a-yard_t0_000046.jpg,danek,German shepherd,neutral,-0.13299,-0.103473,1.0041,0.065542,-0.085871,1.01,-0.186509,-0.139689,0.9697,0.118258,-0.108504,1.0101,-0.240988,-0.159844,0.9753,0.172628,-0.116529,0.9623,-0.307765,-0.154189,1.0214,0.223362,-0.084936,0.9897,-0.288013,-0.086243,0.9627,0.180216,-0.060058,0.9459,-0.256932,-0.030378,0.8659,0.149504,-0.013491,0.9193,-0.209742,0.020891,0.8559,0.103985,0.027536,0.8807,-0.025123,-0.07517,0.9844,0.01615,-0.072393,0.9957,-0.05189,-0.027784,1.029,0.0466,-0.022578,0.9667,-0.101112,-0.029298,0.9675,0.077398,-0.021109,0.9424,-0.075798,-0.045241,0.981,0.062207,-0.036443,0.9964,-0.076587,-0.01596,0.9701,0.063234,-0.008754,1.0034,0.021654,-0.005364,0.8994,0.048716,0.023447,1.0113,0.01963,0.028139,0.9648,0.073085,0.029972,1.0274,-0.004132,0.00156,0.9121,0.046124,-0.00128,0.93,-0.076535,0.017817,0.9437,0.073981,0.016307,1.0401,0.053382,0.05014,0.9645,0.018583,0.048819,0.9838,0.07764,0.053344,0.9612,0.049039,0.078589,0.9428,-0.02713,0.060126,0.8798,0.090094,0.066778,1.0109,0.044092,0.096616,0.9768,-0.087586,0.104029,0.8712,0.09765,0.093181,0.7684,0.030054,0.17906,0.987,0.028827,0.194013,0.9585,-0.022966,0.114147,0.9564,0.074321,0.122966,0.8805,0.032071,0.157802,0.8976,0,0,0,0,0,0,0,0,0,0,0,0,0,0,0,0,0,0,0,0,0
DOGS/mixkit-26188__excited-dog-in-a-yard/mixkit-26188__excited-dog-in-a-yard_t2_000184.jpg,danek,German shepherd,neutral,-0.084302,-0.143889,1.0157,0.033986,-0.145274,1.0007,-0.114603,-0.184462,0.9787,0.068497,-0.181861,0.9658,-0.155215,-0.197406,0.8843,0.108081,-0.206025,1.0324,-0.203113,-0.168606,0.8285,0.16955,-0.182153,0.9419,-0.212804,-0.139438,0.7243,0.157908,-0.141343,0.9055,-0.205267,-0.096076,0.8631,0.146535,-0.090951,0.9251,-0.182928,-0.041624,0.92,0.113384,-0.034714,0.9486,-0.027591,-0.082549,0.8497,0.013984,-0.084099,0.8428,-0.051175,-0.015883,1.0037,0.04438,-0.017904,1.0014,-0.094471,-0.021699,0.9909,0.079337,-0.023345,1.0023,-0.071341,-0.036036,0.9615,0.060673,-0.037303,0.9877,-0.073846,-0.005279,0.9793,0.063881,-0.006103,0.9427,0.009216,0.025922,0.9887,0.02413,0.074941,0.9751,-0.004384,0.081323,1.0203,0.050659,0.080173,0.9286,-0.016404,0.033807,0.9543,0.034962,0.030501,0.9989,-0.071473,0.033196,0.9463,0.064461,0.029893,0.9717,0.026975,0.105236,0.9467,-0.004309,0.107082,0.9726,0.054147,0.106605,0.969,0.025093,0.136354,0.972,-0.03617,0.112474,0.8662,0.066818,0.116064,0.8932,0.022247,0.152669,0.9553,-0.074521,0.134202,0.8049,0.075379,0.12447,0.683,0.019006,0.175213,0.9001,0.017955,0.186546,0.8735,-0.029301,0.161655,0.8653,0.049766,0.169572,0.8992,0.020272,0.163531,0.8791,0,0,0,0,0,0,0,0,0,0,0,0,0,0,0,0,0,0,0,0,0
DOGS/mixkit-26188__excited-dog-in-a-yard/mixkit-26188__excited-dog-in-a-yard_t2_000253.jpg,danek,German shepherd,neutral,-0.045281,-0.112526,0.9178,0.073363,-0.137033,0.9474,-0.066785,-0.120166,0.9355,0.082655,-0.181484,0.9412,-0.090635,-0.121286,0.9131,0.094141,-0.22612,0.9355,-0.107268,-0.111374,0.9353,0.097228,-0.26006,0.9135,-0.102777,-0.080298,0.9845,0.134205,-0.202958,0.872,-0.087385,-0.065438,0.9492,0.16951,-0.153487,0.9049,-0.063901,-0.068642,0.9453,0.171763,-0.092895,0.8485,-0.029839,-0.054411,0.7892,-0.001839,-0.058836,0.8083,-0.038351,0.004128,0.9105,0.020175,-0.000598,0.9278,-0.056222,0.003624,0.9785,0.048883,-0.008511,0.9497,-0.047568,-0.00459,1.0051,0.033385,-0.01534,0.9453,-0.046817,0.01114,0.9675,0.034449,0.013097,0.9259,-0.013487,0.077511,0.7031,-0.021037,0.156505,0.5459,-0.046427,0.163382,0.5577,0.013602,0.154396,0.617,-0.034052,0.079419,0.6751,0.009923,0.085411,0.6487,-0.045672,0.036934,0.9259,0.039491,0.030429,0.9518,-0.019999,0.177941,0.649,-0.044559,0.183716,0.6579,0.006902,0.169483,0.6202,-0.01092,0.190497,0.5784,-0.054491,0.168232,0.4302,0.029953,0.159759,0.486,-0.006846,0.199059,0.5276,-0.06049,0.122318,0.5861,0.073781,0.142495,0.4845,-0.007561,0.202539,0.535,-0.006469,0.204209,0.5296,-0.029033,0.189995,0.5233,0.025315,0.183939,0.5482,-0.007882,0.200812,0.5301,0,0,0,0,0,0,0,0,0,0,0,0,0,0,0,0,0,0,0,0,0
DOGS/mixkit-26188__excited-dog-in-a-yard/mixkit-26188__excited-dog-in-a-yard_t2_000644.jpg,danek,German shepherd,neutral,-0.109353,-0.111168,0.7078,0.084901,-0.153811,0.8522,-0.147046,-0.124694,0.8471,0.13656,-0.186655,0.932,-0.162408,-0.128593,0.8849,0.181612,-0.210305,0.8538,-0.15206,-0.108467,0.9105,0.242872,-0.213152,0.9291,-0.168106,-0.098336,0.7666,0.215801,-0.17043,0.7992,-0.158484,-0.077077,0.7946,0.19978,-0.132091,0.8499,-0.132927,-0.068671,0.5025,0.166864,-0.073993,0.4543,-0.048647,-0.092753,0.8212,-0.002066,-0.101083,0.8649,-0.066075,-0.023361,0.984,0.036415,-0.038318,0.9871,-0.096699,-0.020878,0.9716,0.079779,-0.048195,0.9516,-0.084476,-0.035829,0.9506,0.054974,-0.057902,0.9834,-0.082251,-0.009245,1.0111,0.061074,-0.031674,0.9652,-0.014986,0.016249,0.9539,-0.010601,0.07422,0.949,-0.035275,0.084002,0.9403,0.016157,0.075284,0.9164,-0.041306,0.026417,0.9456,0.014443,0.018459,0.9296,-0.078044,0.028995,0.9754,0.0682,0.004631,0.8997,-0.007445,0.10519,0.9454,-0.034344,0.110729,0.9466,0.0205,0.099683,0.9903,-0.001181,0.137252,0.9959,-0.058282,0.114422,0.8903,0.052004,0.094483,0.9465,0.001879,0.15105,0.9429,-0.067929,0.127936,0.7688,0.085949,0.083594,0.8872,0.003817,0.159153,0.9014,0.004944,0.164352,0.8856,-0.036041,0.158571,0.8327,0.048604,0.140183,0.9581,0.002822,0.155173,0.9309,0,0,0,0,0,0,0,0,0,0,0,0,0,0,0,0,0,0,0,0,0
DOGS/mixkit-27021__man-gives-his-dogs-water-to-drink-from-a-bottle/mixkit-27021__man-gives-his-dogs-water-to-drink-from-a-bottle_t1_000145.jpg,danek,Ibizan hound,neutral,-0.121861,-0.137283,0.818,0.070312,-0.160697,0.5197,-0.151411,-0.165206,0.8871,0.100165,-0.120833,0.4484,-0.180181,-0.188562,0.9235,0.119811,-0.033942,0.6298,-0.218987,-0.199774,0.8483,0.154452,0.028252,0.5602,-0.213349,-0.143145,0.889,0.16397,-0.043229,0.7362,-0.195633,-0.093693,0.8468,0.138721,-0.124605,0.6816,-0.176215,-0.053089,0.7347,0.085153,-0.15449,0.681,-0.05216,-0.098626,0.7933,-0.002771,-0.112254,0.7879,-0.063362,-0.021656,0.7658,0.053656,-0.055118,0.8642,-0.10421,-0.008028,0.7462,0.086246,-0.061616,0.8223,-0.089086,-0.02611,0.7676,0.067481,-0.070896,0.9047,-0.076117,-0.007641,0.7415,0.072059,-0.047782,0.8033,0.007555,-0.012224,0.9632,0.023224,0.036966,0.9564,0.000894,0.049697,0.9788,0.048736,0.037898,0.9746,-0.018063,0.002322,0.9503,0.037038,-0.01231,0.8819,-0.07657,0.026984,0.7315,0.08182,-0.014409,0.8496,0.030942,0.066207,0.9386,0.005512,0.073749,0.9983,0.056337,0.061412,0.996,0.036802,0.093801,0.9539,-0.028507,0.090799,0.7864,0.090516,0.062109,0.7971,0.040043,0.113728,0.9722,-0.074435,0.152957,0.6698,0.132606,0.07842,0.7385,0.059721,0.205209,0.8694,0.061283,0.211518,0.9226,-0.012638,0.150777,0.9127,0.099475,0.122389,0.8434,0.066576,0.243181,0.9392,0,0,0,0,0,0,0,0,0,0,0,0,0,0,0,0,0,0,0,0,0
DOGS/mixkit-27022__woman-strokes-her-dogs-on-the-grass/mixkit-27022__woman-strokes-her-dogs-on-the-grass_t0_000087.jpg,masha,American Staffordshire terrier,surprise,-0.094893,-0.157735,0.9767,0.0433,-0.124923,0.9571,-0.114512,-0.201022,0.8662,0.050254,-0.142031,0.8092,-0.158613,-0.194998,0.5179,0.057754,-0.156947,0.9751,-0.205488,-0.079502,0.3999,0.068195,-0.162926,0.949,-0.222907,-0.147776,0.6872,0.082092,-0.13303,0.8909,-0.232886,-0.110497,0.7157,0.08651,-0.099722,0.9068,-0.227377,-0.061615,0.8136,0.090251,-0.064374,0.8082,-0.011714,-0.08714,0.7829,0.038849,-0.074316,0.7658,-0.059969,-0.035668,0.9689,0.072823,-0.001488,0.9597,-0.103078,-0.047426,0.9786,0.099819,0.004312,0.9716,-0.077856,-0.05477,0.9882,0.09011,-0.012413,0.9743,-0.084718,-0.032172,0.9526,0.084806,0.012428,1.0094,0.030741,-0.004271,0.917,0.060377,0.032899,0.8007,0.01869,0.033531,0.9076,0.085855,0.046033,0.8545,4e-06,-0.002235,0.9174,0.056902,0.005504,0.9118,-0.095794,0.003468,0.9558,0.087498,0.035399,0.9899,0.060734,0.069293,0.9436,0.010543,0.059825,0.9598,0.090236,0.078671,0.9343,0.045967,0.102042,0.9678,-0.051511,0.071437,0.6056,0.089782,0.102418,0.8343,0.034525,0.126939,0.9806,-0.170414,0.104466,0.9034,0.090615,0.127298,0.7697,-0.004599,0.247278,0.6962,-0.005846,0.251142,0.6741,-0.066523,0.140816,0.8465,0.05803,0.171851,0.9693,-0.006982,0.280143,1.0037,0,0,0,0,0,0,0,0,0,0,0,0,0,0,0,0,0,0,0,0,0
DOGS/mixkit-27022__woman-strokes-her-dogs-on-the-grass/mixkit-27022__woman-strokes-her-dogs-on-the-grass_t0_000174.jpg,masha,American Staffordshire terrier,relaxed,-0.091829,-0.159073,0.9333,0.046183,-0.125984,0.9857,-0.11203,-0.201943,0.9091,0.054693,-0.143365,0.8663,-0.163992,-0.194723,0.5318,0.063006,-0.156521,0.9392,-0.213014,-0.009657,0.4804,0.073918,-0.161021,0.9099,-0.221402,-0.139558,0.6816,0.086335,-0.130783,0.825,-0.227795,-0.107179,0.7498,0.090497,-0.096336,0.6554,-0.221728,-0.061192,0.849,0.094667,-0.064504,0.6261,-0.009576,-0.089497,0.7352,0.041931,-0.075798,0.7896,-0.057897,-0.0394,0.9736,0.074115,-0.005785,0.9821,-0.100695,-0.051054,0.9945,0.10054,0.000615,0.9871,-0.075696,-0.058516,0.955,0.091285,-0.016175,0.9446,-0.082389,-0.035877,0.9672,0.085794,0.008125,0.9544,0.032761,-0.009742,0.8938,0.060625,0.025006,0.8442,0.018722,0.025619,0.924,0.086045,0.038627,0.8857,0.002468,-0.007658,0.8946,0.058591,1.8e-05,0.9312,-0.093519,-0.000274,0.8967,0.089168,0.030146,0.9176,0.060598,0.060951,0.9519,0.010257,0.051219,0.9438,0.090152,0.070722,0.9087,0.046659,0.094042,0.9485,-0.049629,0.064352,0.6044,0.089893,0.095267,0.8418,0.035665,0.119331,0.9922,-0.162865,0.105852,0.806,0.089519,0.122163,0.7603,-0.005625,0.250637,0.8859,-0.007839,0.256515,0.8791,-0.064011,0.134488,0.826,0.057548,0.165272,0.8482,-0.003887,0.264244,1.0361,0,0,0,0,0,0,0,0,0,0,0,0,0,0,0,0,0,0,0,0,0
DOGS/mixkit-27022__woman-strokes-her-dogs-on-the-grass/mixkit-27022__woman-strokes-her-dogs-on-the-grass_t0_000261.jpg,masha,American Staffordshire terrier,surprise,-0.094218,-0.152077,0.9654,0.049579,-0.114456,0.9733,-0.113178,-0.193522,0.8779,0.057081,-0.130758,0.9226,-0.158238,-0.188058,0.5089,0.064825,-0.144457,0.9702,-0.201225,-0.05543,0.8046,0.076216,-0.149652,1.0126,-0.222157,-0.136672,0.5787,0.087497,-0.12376,0.89,-0.230688,-0.10796,0.7747,0.090925,-0.092613,0.7484,-0.22161,-0.056456,0.9473,0.090671,-0.070768,0.5685,-0.007758,-0.083421,0.7266,0.045223,-0.066534,0.7817,-0.057791,-0.036941,0.9817,0.078066,0.000215,0.9511,-0.100884,-0.047974,0.9571,0.104293,0.007444,0.9078,-0.075634,-0.055201,1.002,0.094983,-0.00829,0.9886,-0.082146,-0.033698,0.9684,0.090334,0.013901,0.9525,0.037037,-0.009804,0.837,0.06586,0.022416,0.8453,0.023517,0.022294,0.8721,0.09071,0.03627,0.8901,0.006734,-0.008289,0.8706,0.063106,4e-05,0.8954,-0.093338,0.001295,0.9031,0.095022,0.034109,0.8459,0.065479,0.057428,0.9644,0.014811,0.046452,0.9404,0.095136,0.06748,0.9479,0.050603,0.090855,0.9968,-0.04663,0.059601,0.6046,0.093511,0.094382,0.8492,0.038306,0.11765,0.9399,-0.169639,0.104052,0.9179,0.094063,0.125852,0.7129,-0.001479,0.256564,0.7701,-0.0036,0.261222,0.7142,-0.06667,0.133117,0.9138,0.059118,0.172521,0.7481,-0.000601,0.276074,1.0927,0,0,0,0,0,0,0,0,0,0,0,0,0,0,0,0,0,0,0,0,0
DOGS/mixkit-27022__woman-strokes-her-dogs-on-the-grass/mixkit-27022__woman-strokes-her-dogs-on-the-grass_t0_000377.jpg,masha,American Staffordshire terrier,surprise,-0.094574,-0.164766,0.9487,0.046811,-0.141417,0.999,-0.117246,-0.207894,0.8395,0.057007,-0.164227,0.9199,-0.16514,-0.200849,0.5425,0.065426,-0.172374,0.8216,-0.200547,-0.061896,0.3762,0.084956,-0.150176,0.8918,-0.22201,-0.144351,0.5824,0.102289,-0.113005,0.6353,-0.230198,-0.10497,0.6918,0.094186,-0.101626,0.4022,-0.220148,-0.058448,0.8773,0.093429,-0.078919,0.2932,-0.014302,-0.097657,0.7797,0.038801,-0.089863,0.8388,-0.061639,-0.042176,0.9631,0.074684,-0.015165,1.0017,-0.104272,-0.051199,1.009,0.103379,-0.010944,1.0179,-0.079764,-0.059514,0.9607,0.092168,-0.027473,0.9365,-0.085336,-0.037054,0.9722,0.088208,-0.001365,0.9714,0.030037,-0.014286,0.9136,0.054264,0.020971,0.8921,0.013702,0.02432,0.9192,0.081425,0.032974,0.9089,-0.000484,-0.010481,0.8991,0.05632,-0.006013,0.8978,-0.09317,8.8e-05,0.9511,0.090832,0.025958,1.0128,0.054353,0.05716,0.9468,0.005671,0.05097,0.9314,0.086248,0.06515,0.9565,0.042341,0.091196,0.9789,-0.052635,0.067799,0.6721,0.089381,0.090766,0.9032,0.033493,0.116476,0.9613,-0.159066,0.103855,0.8944,0.095035,0.113735,0.8083,0.004334,0.245429,0.9333,0.002568,0.252546,0.8959,-0.058758,0.13715,0.9197,0.061386,0.166518,0.9527,0.006226,0.244576,1.1367,0,0,0,0,0,0,0,0,0,0,0,0,0,0,0,0,0,0,0,0,0
DOGS/mixkit-27022__woman-strokes-her-dogs-on-the-grass/mixkit-27022__woman-strokes-her-dogs-on-the-grass_t0_000464.jpg,masha,American Staffordshire terrier,relaxed,-0.109022,-0.167241,0.8928,0.044158,-0.158772,0.9437,-0.135127,-0.207054,0.7836,0.057978,-0.18655,0.8554,-0.163725,-0.191344,0.3547,0.079088,-0.167236,0.6478,-0.219023,-0.073132,0.4155,0.119877,-0.077426,0.7519,-0.234892,-0.130996,0.6401,0.113543,-0.114766,0.724,-0.236297,-0.084265,0.6753,0.121903,-0.045122,0.6658,-0.220079,-0.040032,0.7779,0.115784,-0.027258,0.8281,-0.029034,-0.107225,0.8267,0.024542,-0.10643,0.8815,-0.073843,-0.042125,0.9707,0.071142,-0.031945,0.9939,-0.117162,-0.046437,1.0201,0.104065,-0.030851,0.9802,-0.093664,-0.05807,0.9681,0.089338,-0.046948,0.9379,-0.096829,-0.033736,0.9632,0.087793,-0.019088,0.9572,0.019417,-0.023811,0.9455,0.038457,0.00886,0.9075,-0.002562,0.017213,0.9698,0.069772,0.01761,0.9082,-0.011946,-0.016352,0.9336,0.047785,-0.018571,0.9418,-0.100415,0.004686,0.9471,0.090588,0.011898,1.0717,0.040955,0.046429,0.9845,-0.009815,0.046352,0.9404,0.078176,0.050066,0.9823,0.035516,0.084412,1.0079,-0.059626,0.069597,0.7147,0.089669,0.077644,0.8785,0.03131,0.111212,0.9713,-0.148573,0.12371,0.9016,0.103486,0.106854,0.8235,0.019461,0.25207,0.9612,0.019099,0.260906,0.9001,-0.058559,0.143315,0.9282,0.072806,0.161641,0.8829,0.019484,0.250431,1.0883,0,0,0,0,0,0,0,0,0,0,0,0,0,0,0,0,0,0,0,0,0
DOGS/mixkit-27022__woman-strokes-her-dogs-on-the-grass/mixkit-27022__woman-strokes-her-dogs-on-the-grass_t0_000580.jpg,masha,American Staffordshire terrier,neutral,-0.093345,-0.159605,0.9542,0.053995,-0.166575,0.9573,-0.12346,-0.197429,0.884,0.076211,-0.194325,0.7589,-0.165964,-0.166664,0.6253,0.111587,-0.140913,0.6873,-0.17842,-0.02988,0.8841,0.147235,-0.077151,0.558,-0.207609,-0.096906,0.6986,0.146722,-0.126778,0.7039,-0.203833,-0.057146,0.9395,0.157254,-0.07006,0.8985,-0.177335,-0.015672,0.9148,0.14507,-0.041689,0.9011,-0.030216,-0.111205,0.8419,0.02192,-0.11499,0.8615,-0.07168,-0.034321,1.0124,0.072485,-0.041488,0.9693,-0.111538,-0.034084,0.9908,0.111166,-0.045989,1.0052,-0.092047,-0.048039,0.9434,0.090939,-0.060373,0.9591,-0.092191,-0.023026,0.9761,0.093635,-0.031735,0.9852,0.008378,-0.020704,0.9954,0.015238,0.011058,0.9204,-0.021683,0.022793,0.9758,0.050616,0.016183,0.9946,-0.023464,-0.011564,1.0056,0.04013,-0.018023,1.0065,-0.092955,0.014896,0.9539,0.095705,0.003363,1.0204,0.018238,0.048377,0.9482,-0.027569,0.053365,0.9299,0.060877,0.046882,0.9854,0.019207,0.086554,0.9825,-0.067002,0.076708,0.8376,0.092718,0.068354,0.8993,0.019475,0.110421,1.0027,-0.122035,0.121797,0.9391,0.131442,0.102867,0.8756,0.031744,0.262026,0.9102,0.032526,0.270127,0.8508,-0.054708,0.147216,1.0111,0.085317,0.145568,1.0538,0.031088,0.259864,1.079,0,0,0,0,0,0,0,0,0,0,0,0,0,0,0,0,0,0,0,0,0
DOGS/mixkit-27022__woman-strokes-her-dogs-on-the-grass/mixkit-27022__woman-strokes-her-dogs-on-the-grass_t0_000667.jpg,masha,American Staffordshire terrier,surprise,-0.089267,-0.159098,0.9696,0.046802,-0.128514,0.9252,-0.108575,-0.203012,0.9281,0.0534,-0.145446,0.8943,-0.15347,-0.199248,0.5201,0.060124,-0.160396,0.9339,-0.212467,-0.041047,0.3819,0.070645,-0.167967,0.9581,-0.218639,-0.146636,0.5858,0.082932,-0.141684,0.88,-0.227897,-0.111249,0.7325,0.089069,-0.10443,0.7336,-0.223507,-0.065728,0.8339,0.093898,-0.069678,0.5499,-0.010515,-0.089149,0.7882,0.040849,-0.076976,0.797,-0.059205,-0.036792,0.9674,0.074792,-0.001681,0.9904,-0.101526,-0.047727,0.9938,0.102952,0.004642,0.9809,-0.076838,-0.055718,0.9544,0.092983,-0.013265,0.9788,-0.083507,-0.032623,0.9685,0.087221,0.013228,0.9542,0.03022,-0.006796,0.9431,0.053787,0.028113,0.8692,0.012461,0.030209,0.9447,0.081134,0.041965,0.9216,-0.000725,-0.004437,0.9434,0.056824,0.002896,0.9498,-0.094421,0.002717,0.9321,0.090048,0.037576,0.9416,0.052949,0.06524,0.9249,0.002757,0.057286,0.9536,0.086487,0.07464,0.9675,0.041541,0.098857,0.9673,-0.056435,0.072095,0.6768,0.089769,0.098629,0.8602,0.031814,0.124342,0.9851,-0.16927,0.108555,0.8737,0.094203,0.123757,0.7586,-0.007145,0.254792,0.7173,-0.00813,0.256929,0.6709,-0.064835,0.142341,0.8617,0.058933,0.172325,0.9503,-0.006797,0.27428,1.0553,0,0,0,0,0,1,1,0,1,0,1,1,0,0,0,0,0,0,0,0,0
DOGS/mixkit-27022__woman-strokes-her-dogs-on-the-grass/mixkit-27022__woman-strokes-her-dogs-on-the-grass_t1_000000.jpg,masha,American Staffordshire terrier,relaxed,-0.089702,-0.127068,0.977,0.031016,-0.109125,0.6946,-0.102398,-0.161005,1.042,0.039849,-0.13851,0.7972,-0.11343,-0.193201,0.9784,0.056975,-0.165628,0.8752,-0.13347,-0.233525,0.9916,0.081345,-0.200367,1.0208,-0.172943,-0.179968,0.9163,0.068838,-0.157666,0.9018,-0.198502,-0.122409,0.974,0.061527,-0.127373,0.9017,-0.210047,-0.053944,0.9474,0.057737,-0.094856,0.9379,-0.014661,-0.057591,0.8707,0.031667,-0.050866,0.8625,-0.050738,-0.007678,1.0036,0.067541,0.010449,0.9389,-0.097332,-0.017665,0.9986,0.094378,0.010938,0.9579,-0.071115,-0.023435,1.0019,0.082214,0.000359,0.951,-0.07542,-0.003543,0.9848,0.081506,0.020352,0.9748,0.029902,0.017447,0.9147,0.062215,0.051533,0.9494,0.025481,0.051377,0.9053,0.087608,0.061462,0.937,0.002114,0.019867,0.8803,0.056784,0.024589,1.0052,-0.078168,0.027839,0.9367,0.085777,0.045576,1.0654,0.065778,0.082006,0.9658,0.021448,0.074896,0.9554,0.092008,0.089001,0.937,0.056581,0.115263,0.9408,-0.040121,0.089973,0.6607,0.093996,0.110904,0.8908,0.048824,0.136259,1.0785,-0.163667,0.101527,1.0199,0.095798,0.128315,0.8385,0.025634,0.214974,0.8414,0.023485,0.221453,0.8394,-0.056196,0.153474,0.9231,0.072794,0.171887,0.9383,0.024889,0.219396,1.0066,0,0,0,0,0,1,1,1,1,1,1,1,0,0,0,0,0,0,0,0,0
DOGS/mixkit-27022__woman-strokes-her-dogs-on-the-grass/mixkit-27022__woman-strokes-her-dogs-on-the-grass_t1_000087.jpg,masha,American Staffordshire terrier,relaxed,-0.090279,-0.123332,0.9985,0.022021,-0.107881,0.7924,-0.104209,-0.157915,0.9859,0.039839,-0.134825,0.9557,-0.11549,-0.190591,0.9496,0.060191,-0.162033,0.9264,-0.135927,-0.230153,0.9943,0.085875,-0.194762,1.0033,-0.173513,-0.175761,0.9391,0.072973,-0.153454,0.9523,-0.199186,-0.116653,0.9836,0.06319,-0.122116,0.8897,-0.210627,-0.046863,0.9019,0.061874,-0.086101,0.8643,-0.01445,-0.054978,0.7976,0.032577,-0.047652,0.8123,-0.051856,-0.006025,0.9462,0.06868,0.011222,0.9605,-0.098335,-0.015615,0.9817,0.096022,0.012149,0.9849,-0.072295,-0.021466,0.9601,0.083201,0.001643,0.998,-0.076441,-0.002112,0.9506,0.082712,0.020699,0.9662,0.030305,0.01676,0.905,0.061558,0.048989,0.8912,0.023887,0.049735,0.8724,0.087899,0.059146,0.9533,0.002506,0.019578,0.87,0.057611,0.024198,0.9759,-0.079633,0.028542,0.9522,0.087754,0.045323,1.0227,0.065193,0.079397,0.9909,0.019515,0.072858,0.9638,0.092117,0.085944,0.9757,0.055347,0.113424,0.9499,-0.041044,0.086929,0.6477,0.092274,0.10899,0.8526,0.047108,0.13444,1.0203,-0.168535,0.104226,1.0148,0.095476,0.126495,0.8165,0.022807,0.227165,0.8025,0.020982,0.233272,0.7496,-0.060367,0.152077,0.9221,0.070701,0.17034,0.9339,0.024726,0.23697,0.9132,0,0,0,0,0,0,0,0,0,0,0,0,0,0,0,0,0,0,0,0,0
DOGS/mixkit-33012__sad-hungry-dog-getting-wet-in-the-rain/mixkit-33012__sad-hungry-dog-getting-wet-in-the-rain_t0_000368.jpg,masha,Bouvier des Flandres,relaxed,-0.091639,-0.161918,0.8048,0.093046,-0.190562,0.7204,-0.126148,-0.088108,0.8373,0.147434,-0.143216,0.7795,-0.140519,-0.002345,0.7391,0.199591,-0.083238,0.6774,-0.146775,0.147792,0.9178,0.269163,0.00169,0.7442,-0.233527,0.034947,0.8187,0.273472,-0.100366,0.7088,-0.232649,-0.095179,0.8109,0.226412,-0.191106,0.6592,-0.113684,-0.180015,0.7341,0.115837,-0.215239,0.6981,-0.028263,-0.119494,0.7355,0.02726,-0.126645,0.7384,-0.052871,-0.056401,0.9026,0.060394,-0.061452,0.9094,-0.090699,-0.052507,0.9623,0.102604,-0.06965,0.9037,-0.072307,-0.068714,0.9338,0.078311,-0.078618,0.8782,-0.072587,-0.043309,0.9362,0.085136,-0.053556,0.8911,-0.009429,-0.002935,0.9328,-0.012198,0.053168,0.9503,-0.040792,0.063172,0.934,0.019532,0.055319,0.9443,-0.042824,0.006698,0.8443,0.02475,-0.000329,0.8999,-0.075716,-0.004067,0.865,0.09582,-0.019609,0.8089,-0.008954,0.087047,0.9445,-0.03987,0.091534,0.9932,0.024088,0.08112,0.9531,-0.003098,0.114483,0.9632,-0.070316,0.094081,0.8262,0.063496,0.07193,0.8317,0.000216,0.126879,0.9579,-0.092362,0.109898,0.8201,0.104254,0.086818,0.5835,0.002315,0.134609,0.9725,0.003492,0.139422,0.9323,-0.045424,0.137217,0.9213,0.052388,0.124229,0.8352,0.001284,0.130866,0.9843,0,0,0,0,0,0,0,0,0,0,0,0,0,0,0,0,0,0,0,0,0
DOGS/mixkit-33012__sad-hungry-dog-getting-wet-in-the-rain/mixkit-33012__sad-hungry-dog-getting-wet-in-the-rain_t0_000460.jpg,masha,Bouvier des Flandres,relaxed,-0.097502,-0.150029,0.8448,0.094838,-0.182041,0.7929,-0.131639,-0.073586,0.827,0.150085,-0.131467,0.8338,-0.142383,0.010639,0.6541,0.202901,-0.064216,0.7621,-0.142938,0.160747,0.9178,0.268305,0.026316,0.7878,-0.238191,0.05195,0.8473,0.284732,-0.081662,0.7494,-0.241495,-0.074091,0.78,0.244628,-0.176751,0.7871,-0.121475,-0.167183,0.737,0.119451,-0.203323,0.764,-0.035895,-0.119062,0.7487,0.020099,-0.126918,0.7774,-0.060092,-0.053118,0.8645,0.055852,-0.062425,0.8608,-0.096996,-0.04817,0.936,0.099406,-0.070744,0.9491,-0.079486,-0.064363,0.9395,0.07374,-0.079891,0.8961,-0.079001,-0.039749,0.9297,0.08134,-0.054109,0.8957,-0.015782,-0.006587,0.9332,-0.017277,0.046324,0.9631,-0.045417,0.057489,0.9511,0.014579,0.047392,0.9535,-0.049109,0.004514,0.8641,0.019265,-0.005333,0.8894,-0.080846,-0.001806,0.8764,0.092796,-0.021708,0.8371,-0.01333,0.079396,0.9298,-0.044039,0.084671,0.9282,0.019654,0.073024,0.9679,-0.00685,0.106808,0.9748,-0.074073,0.089478,0.849,0.059226,0.064212,0.8521,-0.003003,0.119532,0.9592,-0.094053,0.110278,0.7993,0.097454,0.081319,0.6733,-0.000728,0.12715,0.9539,0.000695,0.131932,0.9703,-0.047029,0.132793,0.924,0.048338,0.116361,0.8819,-0.001816,0.123493,0.9499,0,0,0,0,0,0,0,0,0,0,0,0,0,0,0,0,0,0,0,0,0
DOGS/mixkit-33153__dog-asking-for-petting-behind-a-cage/mixkit-33153__dog-asking-for-petting-behind-a-cage_t0_000075.jpg,masha,Border terrier,neutral,-0.160678,-0.132881,0.8603,0.157603,-0.11521,0.4528,-0.187648,-0.076531,0.7822,0.193042,-0.046034,0.3126,-0.189613,-0.00428,0.9961,0.174313,0.065485,0.6326,-0.222015,0.046347,0.8626,0.228593,0.133325,0.4941,-0.284309,-0.005819,0.7854,0.248892,0.056773,0.5842,-0.259035,-0.071647,0.8508,0.226021,-0.033618,0.235,-0.177317,-0.130522,0.6865,0.170862,-0.038786,0.6908,-0.036166,-0.12543,0.7365,0.0251,-0.128261,0.6866,-0.080845,-0.060423,0.9171,0.076474,-0.063667,0.943,-0.139773,-0.062902,0.9985,0.133142,-0.067571,0.9512,-0.111957,-0.085438,0.9584,0.104509,-0.088586,0.9897,-0.11169,-0.040753,0.9859,0.108437,-0.045896,0.9753,0.017128,-0.033793,0.9321,0.034326,0.003761,0.9544,-0.009758,0.015378,0.914,0.072432,0.009514,0.9066,-0.020722,-0.02535,0.9161,0.052392,-0.030066,0.8827,-0.108648,0.002864,0.87,0.111158,-0.006058,0.9016,0.044387,0.043024,0.9687,-0.011011,0.047898,0.9732,0.085944,0.040929,0.9303,0.043026,0.08347,0.9078,-0.055577,0.062697,0.7108,0.109353,0.057212,0.7628,0.041777,0.099968,0.9963,-0.08342,0.103854,0.4729,0.134632,0.081194,0.7929,0.040125,0.12571,0.7967,0.036382,0.141439,0.813,-0.037523,0.114578,0.7508,0.112112,0.127184,0.7515,0.040405,0.114291,0.7841,0,0,0,0,0,0,0,0,0,0,0,1,0,0,0,0,0,0,0,0,0
DOGS/mixkit-33156__cute-little-dog-on-top-of-a-log/mixkit-33156__cute-little-dog-on-top-of-a-log_t0_000100.jpg,danek,Japanese spaniel,neutral,-0.191403,-0.178096,0.6924,0.121231,-0.090248,0.7612,-0.217311,-0.081336,0.7578,0.138145,-0.020717,0.583,-0.240894,0.016612,0.7464,0.132878,0.048136,0.65,-0.306698,0.171518,0.7698,0.161514,0.129809,0.7142,-0.350226,-0.002543,0.8077,0.177482,0.049515,0.86,-0.331286,-0.13161,0.6876,0.181972,-0.03012,0.6561,-0.210892,-0.200057,0.8362,0.136057,-0.101188,0.7967,-0.015075,-0.112901,0.6967,0.040998,-0.1081,0.6304,-0.05201,-0.02608,0.9304,0.069365,-0.028497,1.0162,-0.107685,-0.029379,0.9373,0.109493,-0.024783,0.9641,-0.078691,-0.047843,0.967,0.090768,-0.039754,1.0036,-0.082092,-0.009143,0.9446,0.090604,-0.014765,0.9592,0.022585,-0.036278,0.9369,0.032676,-0.017248,1.012,0.002471,-0.012604,1.0064,0.058684,-0.010052,0.9731,-0.003399,-0.032434,0.9668,0.048653,-0.031371,0.9102,-0.08845,0.0211,0.9024,0.097556,0.010399,0.9026,0.036226,0.005736,1.0171,-0.001123,0.006678,0.9696,0.065325,0.009068,0.9218,0.037586,0.034445,0.9588,-0.037614,0.032987,0.8108,0.092537,0.032629,0.796,0.038784,0.065094,0.942,-0.0932,0.098053,0.602,0.112398,0.072311,0.8795,0.035961,0.116468,0.9475,0.03392,0.130448,0.9183,-0.02296,0.101196,0.836,0.086352,0.102786,1.013,0.035907,0.092733,0.7716,0,0,0,0,0,0,0,0,0,0,0,0,0,0,0,0,0,0,0,0,0
DOGS/mixkit-33156__cute-little-dog-on-top-of-a-log/mixkit-33156__cute-little-dog-on-top-of-a-log_t0_000200.jpg,danek,Japanese spaniel,neutral,-0.187231,-0.136039,0.7736,0.135241,-0.130255,0.8159,-0.205635,-0.057487,0.7823,0.160958,-0.058206,0.907,-0.208263,0.03208,0.6713,0.169051,0.018891,0.8655,-0.254598,0.164803,0.9186,0.204651,0.110275,0.8594,-0.301483,0.033287,0.9082,0.228211,0.018891,0.9024,-0.286214,-0.075354,0.8171,0.219413,-0.076718,0.8887,-0.206884,-0.156261,0.8808,0.154742,-0.143186,0.8131,-0.035089,-0.114851,0.6715,0.025573,-0.1145,0.6387,-0.063713,-0.022252,0.9864,0.065192,-0.035024,0.9554,-0.119317,-0.022606,0.9355,0.112319,-0.036396,1.0171,-0.093153,-0.042075,0.9547,0.088356,-0.050117,0.9616,-0.092418,-0.004464,0.9422,0.091119,-0.023255,0.9731,0.009012,-0.034006,0.953,0.014611,-0.015756,0.9785,-0.012614,-0.009279,0.9779,0.041635,-0.011031,0.9973,-0.017499,-0.028903,1.0139,0.035441,-0.031312,0.9896,-0.094866,0.024524,0.9403,0.097448,0.004681,0.9283,0.017689,0.005394,0.9931,-0.015248,0.009201,0.9543,0.049352,0.006598,0.9689,0.021214,0.033628,0.9749,-0.049158,0.034871,0.8371,0.087194,0.029108,0.7682,0.022385,0.064509,0.9851,-0.105604,0.086298,0.9187,0.121185,0.064156,0.7973,0.016985,0.128871,0.9422,0.015769,0.145613,0.902,-0.045921,0.10042,0.9388,0.078754,0.09349,0.9766,0.017259,0.100586,1.0376,0,0,0,0,0,0,0,0,0,0,0,0,0,0,0,0,0,0,0,0,0
DOGS/mixkit-33157__small-puppies-of-the-bull-terrier-breed-on-a-carpet/mixkit-33157__small-puppies-of-the-bull-terrier-breed-on-a-carpet_t0_000100.jpg,mafin,American Staffordshire terrier,neutral,-0.117611,-0.171623,0.7228,0.074323,-0.113413,0.6892,-0.176144,-0.120788,0.6522,0.075742,-0.120311,0.1754,-0.146191,-0.155004,0.776,0.123537,-0.059483,0.4272,-0.162456,0.017335,0.9827,0.16908,0.009468,0.8847,-0.146734,-0.029246,0.7224,0.214913,-0.062767,0.6126,-0.174446,-0.026943,0.6281,0.182591,-0.171857,0.293,-0.178091,-0.07314,0.6735,0.073289,-0.123462,0.2233,0.185173,-0.250754,0.5748,0.187599,-0.215255,0.5212,-0.116578,-0.003667,0.7033,0.004725,-0.01404,0.8208,-0.14018,-0.005194,0.6462,0.036141,-0.046751,0.8703,-0.130064,-0.023193,0.6204,0.008982,-0.039004,0.8936,-0.124099,0.012015,0.6372,0.021926,-0.023299,0.82,0.071045,-0.062257,0.6622,0.050598,0.001438,0.6822,-0.06642,0.18198,0.6452,0.076104,0.004007,0.7607,-0.0255,0.025053,0.7639,0.030681,0.020126,0.6502,0.037192,-0.102343,0.69,0.164075,-0.093865,0.6907,-0.012241,0.13051,0.8287,-0.062331,0.19974,0.8343,0.06803,0.031014,0.9224,0.033467,0.053713,0.9132,-0.053332,0.118473,0.5341,0.003279,0.181876,0.5791,-0.005061,0.135641,0.8516,-0.050665,0.058555,0.5012,0.213151,0.015516,0.6579,0.029064,0.068317,0.8464,0.028595,0.069753,0.8233,-0.022446,0.101897,0.6793,-0.005566,0.204554,0.5261,0.030145,0.065436,0.8556,,,,,,,,,,,,,,,,,,,,,
DOGS/mixkit-33159__cute-dog-among-the-grass-in-the-park/mixkit-33159__cute-dog-among-the-grass-in-the-park_t0_000200.jpg,masha,Rhodesian ridgeback,happy,-0.111633,-0.121324,0.9817,0.102236,-0.175181,0.7537,-0.1683,-0.099993,0.8558,0.152891,-0.178629,0.7664,-0.209636,-0.030311,0.7031,0.195406,-0.135301,0.8072,-0.272353,0.074495,0.8357,0.219226,-0.08516,0.8488,-0.191495,-0.028306,0.6518,0.193349,-0.098191,0.914,-0.150328,-0.038907,0.8537,0.169087,-0.100007,0.878,-0.125972,-0.024521,0.6998,0.149161,-0.101628,0.8816,-0.021227,-0.119922,0.8139,0.028412,-0.122912,0.8371,-0.056784,-0.061319,0.9698,0.066064,-0.06666,0.9494,-0.096279,-0.067403,0.9642,0.101652,-0.078222,0.9589,-0.075493,-0.082833,0.9935,0.080702,-0.0887,0.9281,-0.078295,-0.049367,1.0342,0.086087,-0.059098,0.9758,-0.003348,-0.004783,0.931,-0.00919,0.0519,0.9797,-0.042764,0.058024,0.9878,0.026799,0.056902,0.9813,-0.035513,0.002697,0.9542,0.029905,0.001942,0.9379,-0.075214,-0.010999,0.9742,0.083747,-0.019163,0.9256,-0.008748,0.087487,0.979,-0.045263,0.089722,0.9751,0.029652,0.086882,0.9761,-0.007007,0.119484,0.9696,-0.062696,0.081045,0.9538,0.056042,0.075953,0.8198,-0.006069,0.129921,0.9876,-0.079323,0.06512,0.831,0.108316,0.037139,0.9623,-0.00035,0.201636,0.8196,-1.1e-05,0.212038,0.8748,-0.048995,0.122783,0.9183,0.046384,0.11943,0.9546,-0.004697,0.300559,0.8057,0,0,0,0,0,1,0,1,1,0,0,1,0,0,0,0,0,0,0,0,1
DOGS/mixkit-33166__cute-dog-looking-at-the-camera-with-curiosity/mixkit-33166__cute-dog-looking-at-the-camera-with-curiosity_t0_000050.jpg,danek,papillon,relaxed,-0.062085,-0.12964,0.9427,0.029996,-0.130677,0.957,-0.094076,-0.182289,0.9327,0.044098,-0.194248,0.8952,-0.135637,-0.216886,0.9465,0.09823,-0.242275,0.8231,-0.197194,-0.238776,0.9862,0.154403,-0.302736,0.7681,-0.211881,-0.155366,0.9274,0.177638,-0.210482,0.8773,-0.200174,-0.068754,0.7006,0.182319,-0.13081,0.731,-0.13811,-0.012709,0.7821,0.129328,-0.040609,0.8552,-0.027232,-0.051,0.664,0.010384,-0.047893,0.6506,-0.04184,0.009404,1.0028,0.041428,0.007614,0.9599,-0.082831,0.004961,0.985,0.082599,-0.002862,1.0084,-0.063123,-0.010898,1.0218,0.057919,-0.012279,1.0107,-0.062674,0.022585,0.9437,0.065573,0.016164,0.9326,0.005566,0.037982,0.9803,0.008553,0.075844,0.9841,-0.012742,0.080104,0.9345,0.032217,0.082588,0.9487,-0.016625,0.041636,0.959,0.02799,0.044921,0.9824,-0.05715,0.054649,0.8748,0.067889,0.048463,0.9299,0.012002,0.100207,0.9495,-0.010867,0.09999,0.9562,0.035983,0.102686,0.9959,0.015507,0.122557,0.962,-0.027376,0.098622,0.9294,0.054668,0.100831,0.9021,0.01692,0.130927,0.961,-0.041832,0.102073,0.9641,0.073832,0.103113,0.9237,0.018202,0.138538,0.9771,0.018645,0.142896,1.0182,-0.013191,0.126879,0.9811,0.047737,0.131109,0.924,0.017645,0.134856,0.9863,0,0,0,0,0,0,0,0,0,0,0,0,0,0,0,0,0,0,0,0,0
DOGS/mixkit-34922__portrait-of-a-rottweiler-waving/mixkit-34922__portrait-of-a-rottweiler-waving_t0_000145.jpg,danek,Rottweiler,neutral,-0.130225,-0.078657,0.9615,0.133068,-0.158965,0.9669,-0.15114,-0.021139,0.9738,0.17963,-0.106325,0.8801,-0.144788,0.0404,0.9778,0.195231,-0.037248,0.9394,-0.146847,0.110512,0.9929,0.235609,0.024976,0.9729,-0.185082,0.049991,1.006,0.278743,-0.04807,0.9984,-0.200037,-0.016567,0.9919,0.288751,-0.126546,0.9759,-0.14313,-0.057583,0.5118,0.145523,-0.16882,0.8944,-0.044871,-0.114903,0.9266,0.000775,-0.122642,0.9185,-0.076559,-0.034598,0.9563,0.053816,-0.061689,0.9712,-0.107889,-0.025772,0.9864,0.096551,-0.068757,0.9332,-0.094807,-0.042037,1.0111,0.072073,-0.081494,0.9845,-0.090889,-0.021023,0.974,0.078116,-0.053603,0.9465,-0.02448,-0.041676,0.9615,-0.030455,-0.013682,0.9803,-0.058578,-0.001583,0.9563,0.003597,-0.01103,0.9742,-0.049772,-0.032368,0.9528,0.003081,-0.039633,0.9235,-0.090214,0.008482,0.9486,0.085796,-0.02059,0.9529,-0.028347,0.019406,0.9849,-0.06326,0.02791,0.9768,0.013128,0.014461,0.9911,-0.022998,0.056231,0.9798,-0.080917,0.05616,0.8417,0.054302,0.034787,0.82,-0.016975,0.089031,0.8887,-0.101378,0.097531,0.9254,0.138132,0.088997,0.9384,-0.00026,0.185575,0.8698,0.000959,0.192424,0.9404,-0.069499,0.140188,0.9923,0.0701,0.120678,0.9529,0.003479,0.218639,1.0175,0,0,0,0,0,0,0,0,0,0,0,0,0,0,0,0,0,0,0,0,0
DOGS/mixkit-34922__portrait-of-a-rottweiler-waving/mixkit-34922__portrait-of-a-rottweiler-waving_t0_000522.jpg,danek,Rottweiler,neutral,-0.110524,-0.064169,0.9313,0.12985,-0.165004,0.7803,-0.128052,-0.006111,0.9445,0.183059,-0.117996,0.9268,-0.122544,0.052313,0.9164,0.2136,-0.052645,0.9208,-0.123476,0.118886,0.9778,0.257392,0.00395,0.9537,-0.151929,0.058745,0.9662,0.290123,-0.072032,0.9815,-0.168938,-0.005032,0.9689,0.291101,-0.148482,0.9675,-0.121153,-0.027167,0.4057,0.144239,-0.175482,0.848,-0.044654,-0.110739,0.8163,-0.004307,-0.119935,0.8288,-0.071888,-0.035659,0.9524,0.047024,-0.062585,0.9642,-0.09871,-0.02621,0.9853,0.086968,-0.072514,0.9805,-0.088028,-0.041715,0.9957,0.063403,-0.083037,0.9771,-0.084,-0.021574,0.9591,0.070612,-0.057195,0.9479,-0.036935,-0.037051,0.9196,-0.056359,-0.008302,0.9272,-0.081187,0.004948,0.9583,-0.021536,-0.007717,0.9462,-0.061334,-0.027987,0.95,-0.009916,-0.035553,0.8935,-0.088804,0.003316,0.8786,0.079415,-0.02589,0.9539,-0.055637,0.022371,0.9477,-0.084108,0.031928,0.9501,-0.014657,0.014863,0.9719,-0.046801,0.054591,0.9531,-0.088565,0.05906,0.7066,0.033051,0.031413,0.7398,-0.035951,0.087286,0.9695,-0.08258,0.119995,0.8147,0.13035,0.081648,0.9128,-0.005826,0.197723,0.8757,-0.004231,0.20276,0.7957,-0.054529,0.164643,0.7103,0.055753,0.112674,0.8528,-0.004379,0.211935,1.0481,0,0,0,0,0,0,0,0,0,0,0,0,0,0,0,0,0,0,0,0,0
DOGS/mixkit-34922__portrait-of-a-rottweiler-waving/mixkit-34922__portrait-of-a-rottweiler-waving_t0_000638.jpg,danek,Rottweiler,neutral,-0.112917,-0.066705,0.9229,0.132607,-0.161247,0.8619,-0.131572,-0.006061,0.9262,0.18679,-0.112353,0.866,-0.127147,0.051946,0.9509,0.214127,-0.045607,0.9401,-0.130268,0.117646,1.0304,0.254104,0.01044,0.937,-0.157488,0.05735,0.9509,0.287097,-0.063021,0.9773,-0.176151,-0.006664,0.9267,0.290134,-0.141946,1.0457,-0.118158,0.018302,0.629,0.146706,-0.17197,0.9315,-0.042798,-0.109908,0.8285,-0.003324,-0.119314,0.8822,-0.073234,-0.033144,0.9732,0.049015,-0.059194,0.9929,-0.099502,-0.024623,0.9949,0.088534,-0.069695,0.995,-0.089436,-0.040147,1.006,0.065261,-0.080164,0.9687,-0.084866,-0.019744,0.9929,0.072332,-0.054287,1.0109,-0.035393,-0.034651,0.8889,-0.051921,-0.007555,0.968,-0.077051,0.006158,0.9447,-0.017442,-0.006364,0.9393,-0.059771,-0.025871,0.9116,-0.009129,-0.03294,0.873,-0.089107,0.00425,0.95,0.08135,-0.022481,0.9306,-0.050846,0.024979,0.9645,-0.080852,0.03445,0.9249,-0.010201,0.018007,0.9629,-0.043567,0.057001,0.9568,-0.089117,0.060272,0.7041,0.034056,0.033726,0.7395,-0.03506,0.087353,0.8971,-0.088849,0.112345,0.8308,0.131503,0.086004,0.8616,-0.005024,0.204512,0.701,-0.003492,0.209783,0.6584,-0.058926,0.143538,0.7781,0.054225,0.116197,0.8302,-0.003803,0.218369,1.0387,0,0,0,0,0,0,0,0,0,0,0,0,0,0,0,0,0,0,0,0,0
DOGS/mixkit-34922__portrait-of-a-rottweiler-waving/mixkit-34922__portrait-of-a-rottweiler-waving_t0_000754.jpg,danek,Rottweiler,angry,-0.100302,-0.111662,0.9926,0.109346,-0.182752,0.8148,-0.126464,-0.052839,1.0242,0.16685,-0.133564,0.9146,-0.128565,0.016784,0.8735,0.192411,-0.061972,0.9294,-0.138072,0.084253,0.9875,0.241532,-0.007292,0.9685,-0.163764,0.013452,0.9809,0.270521,-0.084899,0.9992,-0.179216,-0.056102,0.9742,0.269942,-0.167105,1.0009,-0.115512,0.001314,0.928,0.12692,-0.194888,0.6682,-0.037365,-0.118896,0.8925,0.003645,-0.126858,0.8713,-0.065795,-0.032105,0.9725,0.051914,-0.056892,0.9781,-0.092203,-0.024508,1.0025,0.090842,-0.066619,0.9811,-0.082153,-0.039532,0.9617,0.068304,-0.076446,0.9803,-0.07785,-0.018172,0.9529,0.074592,-0.051503,0.9711,-0.02592,-0.026069,0.9916,-0.04088,0.010986,0.9588,-0.066201,0.025295,0.9363,-0.006936,0.012482,0.9651,-0.051185,-0.016096,0.9464,0.002214,-0.023329,0.9194,-0.078045,0.010136,0.9816,0.081406,-0.018482,0.985,-0.039554,0.046483,0.9761,-0.069204,0.054936,0.9998,-0.000208,0.039713,1.0215,-0.031582,0.079577,0.9748,-0.07636,0.077087,0.86,0.044512,0.051956,0.7435,-0.023662,0.105465,0.9272,-0.083198,0.098299,0.9372,0.136198,0.085529,0.9275,0.003755,0.21986,0.7011,0.006164,0.22776,0.7003,-0.04944,0.156359,0.8996,0.060143,0.130722,0.8662,0.007922,0.270227,0.9751,0,0,0,0,0,0,0,0,0,0,0,0,0,0,0,0,0,0,0,0,0
DOGS/mixkit-42727__happy-couple-petting-their-dog/mixkit-42727__happy-couple-petting-their-dog_t0_000069.jpg,masha,German shepherd,neutral,-0.074099,-0.155743,0.8851,0.039263,-0.169453,0.805,-0.118594,-0.183161,0.7558,0.087586,-0.215297,0.7713,-0.17099,-0.168523,0.8683,0.151623,-0.20776,0.5579,-0.223467,-0.13217,1.0659,0.215918,-0.191849,0.6361,-0.186924,-0.126229,0.7716,0.165414,-0.157811,0.7407,-0.173259,-0.09335,0.8574,0.155535,-0.110578,0.6189,-0.137271,-0.047239,0.8145,0.109534,-0.081446,0.8014,-0.028467,-0.113722,0.7807,0.00796,-0.117426,0.7867,-0.04866,-0.040098,0.9903,0.041719,-0.049473,0.9396,-0.07894,-0.043651,0.9702,0.07033,-0.05835,0.9289,-0.06312,-0.054365,0.9775,0.053117,-0.067252,0.9186,-0.064959,-0.031373,0.9798,0.058501,-0.04266,0.9902,0.010193,0.032162,0.9333,0.021719,0.093046,0.9711,-0.004357,0.095723,0.9342,0.046238,0.094603,0.8892,-0.014058,0.039405,0.9611,0.035558,0.036036,0.9312,-0.059936,-0.002026,0.9369,0.057291,-0.012477,0.9775,0.024857,0.119004,0.961,-0.003384,0.120185,1.0264,0.049995,0.116974,0.9917,0.025281,0.136741,0.9618,-0.023216,0.108943,0.8751,0.061913,0.101752,0.8153,0.025003,0.142756,0.9949,-0.042145,0.099366,0.825,0.070484,0.083073,0.8655,0.023464,0.193552,1.0038,0.023905,0.201901,0.9576,-0.010161,0.137313,0.9127,0.054013,0.13109,0.9631,0.023298,0.184359,0.9346,0,0,0,0,0,0,0,0,1,0,0,1,0,0,0,0,0,0,0,0,0
DOGS/mixkit-42727__happy-couple-petting-their-dog/mixkit-42727__happy-couple-petting-their-dog_t0_000253.jpg,masha,German shepherd,neutral,-0.074887,-0.115816,0.8933,0.053299,-0.13716,0.8029,-0.133742,-0.141533,0.8162,0.096917,-0.183373,0.996,-0.189461,-0.125571,0.858,0.152513,-0.196642,0.7473,-0.228154,-0.077672,0.8439,0.200783,-0.140793,0.9216,-0.193671,-0.073489,0.8589,0.176934,-0.12213,0.9194,-0.164905,-0.041534,0.7841,0.157466,-0.083634,0.8972,-0.116753,-0.030479,0.7925,0.114284,-0.038076,0.8718,-0.018553,-0.083228,0.7021,0.019929,-0.08375,0.7723,-0.042664,-0.018039,0.9652,0.048079,-0.021967,0.937,-0.072303,-0.024449,0.9466,0.077489,-0.031339,0.9364,-0.056315,-0.03522,0.9198,0.060394,-0.040397,0.9678,-0.059402,-0.010133,1.0032,0.06468,-0.015015,0.9785,0.003388,0.040698,0.9091,0.003612,0.111541,0.4717,-0.024492,0.117436,0.5693,0.031237,0.111209,0.4776,-0.022666,0.047978,0.9326,0.029874,0.045624,0.9108,-0.056083,0.020204,0.8989,0.063015,0.016441,0.9085,0.003471,0.141728,0.3791,-0.031168,0.145887,0.5013,0.032565,0.132934,0.3141,0.006487,0.164121,0.376,-0.045285,0.131903,0.5546,0.049814,0.129173,0.4328,0.007701,0.169621,0.4032,-0.059265,0.132891,0.7157,0.06646,0.104208,0.5553,0.014904,0.202735,0.9093,0.015052,0.209252,0.8584,-0.030255,0.162202,0.5769,0.044815,0.162126,0.546,0.015353,0.197003,0.7931,0,0,0,0,0,0,0,0,0,0,0,1,0,0,0,1,0,0,0,0,0
DOGS/mixkit-45826__loving-owner-giving-her-white-dog-pats-in-the-snow/mixkit-45826__loving-owner-giving-her-white-dog-pats-in-the-snow_t0_000075.jpg,masha,American Staffordshire terrier,relaxed,-0.131116,-0.201056,0.3733,0.070514,-0.159112,0.813,-0.15582,-0.179147,0.7085,0.087642,-0.144273,0.6184,-0.177619,-0.151624,0.7364,0.10569,-0.137559,0.7323,-0.209455,-0.05361,0.5705,0.112778,-0.080473,1.0138,-0.219638,-0.117132,0.8045,0.126841,-0.091587,0.884,-0.234495,-0.128886,0.7062,0.124547,-0.092744,0.712,-0.204853,-0.152067,0.8273,0.088604,-0.14546,0.8451,-0.027359,-0.125036,0.7623,0.025112,-0.119314,0.7335,-0.06919,-0.047877,0.9649,0.055138,-0.044817,0.9488,-0.110627,-0.060368,0.94,0.076879,-0.04815,0.947,-0.085327,-0.067873,0.9806,0.066288,-0.056647,0.9836,-0.092004,-0.04487,0.9749,0.066784,-0.038282,0.9423,0.013777,-0.000886,0.8849,0.04595,0.062081,0.9467,0.004276,0.065011,0.8768,0.074409,0.074073,0.9786,-0.019742,0.004346,0.8395,0.043792,0.00672,0.8648,-0.098735,-0.003142,0.864,0.064008,-0.004294,0.9321,0.046455,0.105588,1.0159,0.000179,0.102,0.9384,0.075287,0.109876,0.8776,0.038234,0.140584,0.9232,-0.061718,0.100303,0.6514,0.079844,0.123523,0.8733,0.033526,0.155017,0.9961,-0.133074,0.132383,0.5584,0.082768,0.126499,0.7583,0.032079,0.161392,0.9758,0.030864,0.165418,0.9149,-0.051874,0.184287,0.8125,0.059903,0.176672,0.9737,0.032804,0.158426,0.9759,0,0,0,0,0,0,0,0,0,0,0,0,0,0,0,0,0,0,0,0,0
DOGS/mixkit-45832__husky-dog-sitting-against-a-white-backgrounf/mixkit-45832__husky-dog-sitting-against-a-white-backgrounf_t0_000025.jpg,masha,Eskimo dog,happy,-0.042336,-0.122238,1.0009,0.065073,-0.159126,0.9797,-0.064291,-0.143311,1.0455,0.089703,-0.181411,0.8887,-0.083466,-0.160668,1.0599,0.120116,-0.186013,1.0063,-0.108363,-0.168367,0.9909,0.156583,-0.194878,0.9101,-0.120516,-0.121978,0.939,0.156605,-0.178888,0.798,-0.115857,-0.084613,0.8892,0.154823,-0.150883,0.8987,-0.106656,-0.052438,0.9865,0.143967,-0.124661,0.9544,-0.04393,-0.058851,0.8943,-0.005832,-0.071963,0.8788,-0.06033,0.00367,0.967,0.034713,-0.028952,1.0061,-0.092271,0.009872,0.9782,0.077855,-0.049893,0.9874,-0.081397,-0.00809,1.018,0.050751,-0.054222,0.9179,-0.073174,0.020648,1.0132,0.061885,-0.027073,0.9961,-0.023908,0.023349,0.9397,-0.042484,0.071294,0.988,-0.066079,0.085519,0.9504,-0.009754,0.067563,1.0044,-0.045867,0.033956,0.9242,0.002854,0.02244,0.9159,-0.06808,0.05163,1.0438,0.071415,0.007251,0.96,-0.037092,0.104359,0.9843,-0.062534,0.115592,0.9882,-0.000221,0.092728,0.9848,-0.020924,0.134729,0.9726,-0.066985,0.126501,0.9021,0.043998,0.08304,0.799,-0.011057,0.146032,0.988,-0.07298,0.120784,0.9086,0.144226,0.044031,1.1003,0.057759,0.233463,0.6993,0.06382,0.243883,0.7233,-0.041407,0.155877,0.9024,0.066404,0.117963,0.9061,0.086473,0.331811,0.9378,0,0,0,0,0,0,0,0,0,0,0,0,0,0,0,0,0,0,0,0,0
DOGS/mixkit-45832__husky-dog-sitting-against-a-white-backgrounf/mixkit-45832__husky-dog-sitting-against-a-white-backgrounf_t0_000125.jpg,masha,Eskimo dog,happy,-0.082502,-0.133221,0.9994,0.073055,-0.165383,1.0021,-0.102634,-0.148705,1.0317,0.102162,-0.173048,0.8941,-0.119713,-0.148403,0.9694,0.127109,-0.166491,0.873,-0.134516,-0.134193,0.7896,0.154048,-0.154278,0.7612,-0.139629,-0.115792,0.9452,0.161527,-0.162029,0.9654,-0.135552,-0.092853,0.7436,0.156125,-0.151275,0.6148,-0.133057,-0.071869,0.8749,0.139281,-0.128132,0.71,-0.040723,-0.082729,0.9081,0.001202,-0.090628,0.9146,-0.065665,-0.011624,0.9474,0.048936,-0.034595,0.9651,-0.103905,-0.010514,0.9511,0.092463,-0.049469,0.9903,-0.087231,-0.028421,0.9836,0.066074,-0.058715,0.9766,-0.083279,0.004034,0.9696,0.07477,-0.028117,0.9617,-0.012646,0.012908,0.9788,-0.017515,0.05666,0.9661,-0.047802,0.069331,0.9794,0.01822,0.058677,1.0015,-0.040507,0.022007,0.9903,0.01764,0.014884,0.9471,-0.077382,0.040128,0.9685,0.080993,0.009959,0.9699,-0.012994,0.093309,0.9841,-0.047582,0.10193,0.9745,0.026978,0.087169,0.9359,-0.002989,0.129528,0.9971,-0.067421,0.108477,0.9037,0.064298,0.083104,0.8728,0.001478,0.1433,0.999,-0.084591,0.11488,0.778,0.138498,0.063567,1.0513,0.036365,0.24213,0.7112,0.039289,0.252971,0.7367,-0.042256,0.149406,0.9539,0.071902,0.128335,0.9337,0.070257,0.346046,0.8671,0,0,0,0,0,0,0,0,0,0,0,0,0,0,0,0,0,0,0,0,0
DOGS/mixkit-45832__husky-dog-sitting-against-a-white-backgrounf/mixkit-45832__husky-dog-sitting-against-a-white-backgrounf_t0_000200.jpg,masha,Siberian husky,happy,-0.124041,-0.133229,0.9639,0.06257,-0.137709,0.9578,-0.14872,-0.142609,0.9356,0.08257,-0.138675,0.8555,-0.167872,-0.147087,1.0245,0.100375,-0.128968,0.8616,-0.194802,-0.143097,0.9873,0.120008,-0.114079,0.9666,-0.187597,-0.123746,0.9,0.122423,-0.11633,1.0126,-0.181357,-0.104369,0.9174,0.117934,-0.10885,0.7963,-0.175139,-0.088424,0.9394,0.112611,-0.088962,0.8746,-0.025908,-0.0878,0.9716,0.016718,-0.088211,0.8647,-0.055605,-0.025745,0.9878,0.062199,-0.024116,0.9384,-0.099377,-0.029469,1.0039,0.096933,-0.029993,0.9573,-0.076058,-0.043474,0.985,0.077784,-0.043103,1.0029,-0.077866,-0.015052,0.9886,0.081424,-0.012968,0.9536,0.017254,0.006539,0.9603,0.035497,0.046729,0.9703,0.001945,0.055564,0.9934,0.066795,0.052502,1.0056,-0.011647,0.013862,0.9645,0.045901,0.01058,0.9238,-0.074937,0.023081,0.9468,0.085111,0.024146,0.967,0.041841,0.081677,1.0008,0.00186,0.085256,0.9685,0.076196,0.082287,0.9401,0.04179,0.119021,1.0006,-0.037984,0.090074,0.8233,0.094596,0.086169,0.8885,0.041041,0.135065,0.9974,-0.119876,0.091914,1.0541,0.112032,0.089238,0.6871,0.026304,0.242046,0.7188,0.027461,0.252441,0.7532,-0.036094,0.135114,0.9637,0.083854,0.133143,0.9734,0.035925,0.348408,0.9276,0,0,0,0,0,0,0,0,0,0,0,0,0,0,0,0,0,0,0,0,0
DOGS/mixkit-45833__husky-licking-its-lips-at-the-camera-against-a-white-background/mixkit-45833__husky-licking-its-lips-at-the-camera-against-a-white-background_t0_000050.jpg,danek,Eskimo dog,relaxed,-0.106976,-0.106966,0.8832,0.08403,-0.138639,0.9324,-0.128004,-0.124312,0.8244,0.120684,-0.135704,0.8138,-0.146784,-0.129919,0.9374,0.148726,-0.131641,0.8045,-0.170019,-0.117927,0.8906,0.179856,-0.125799,0.8741,-0.178838,-0.074831,0.9327,0.184858,-0.110069,0.9233,-0.176668,-0.039743,0.7914,0.17406,-0.109085,0.6831,-0.175954,-0.014475,0.586,0.16563,-0.090645,0.5754,-0.038345,-0.089819,0.8749,0.010225,-0.0986,0.9337,-0.077997,-0.013104,0.9823,0.069815,-0.036335,0.9611,-0.122954,-0.006868,0.9821,0.120328,-0.047525,0.9441,-0.102273,-0.028528,0.9484,0.091593,-0.061405,0.9648,-0.099878,0.005129,0.9621,0.099019,-0.026562,0.9594,-0.009789,-0.024038,0.9756,-0.012131,0.003095,0.9849,-0.048349,0.017406,0.9738,0.029149,0.007464,0.9572,-0.041502,-0.014633,0.9463,0.023818,-0.022812,0.9767,-0.098712,0.042311,0.8877,0.108,0.010703,0.9477,-0.007777,0.04556,0.9917,-0.054747,0.052744,0.9937,0.041698,0.038502,0.9635,0.000241,0.089637,0.9765,-0.082905,0.078866,0.7628,0.086585,0.051644,0.7298,0.005995,0.11769,0.9505,-0.109921,0.15365,1.0015,0.158888,0.109966,0.9873,0.03882,0.271616,0.7311,0.042453,0.287747,0.7866,-0.058802,0.1451,0.919,0.091969,0.120579,0.9093,0.037802,0.266778,0.8122,0,0,0,0,0,0,0,0,0,0,0,0,0,0,0,0,0,0,0,0,0
DOGS/mixkit-45833__husky-licking-its-lips-at-the-camera-against-a-white-background/mixkit-45833__husky-licking-its-lips-at-the-camera-against-a-white-background_t0_000150.jpg,danek,Eskimo dog,neutral,-0.083315,-0.108964,0.9688,0.087104,-0.145165,0.9995,-0.118017,-0.12483,0.9917,0.131108,-0.175884,0.9026,-0.147366,-0.134385,1.0042,0.164957,-0.205902,0.994,-0.180199,-0.14977,1.0167,0.193794,-0.237313,1.043,-0.167716,-0.102607,0.9087,0.186061,-0.188906,0.8451,-0.150241,-0.058428,0.9478,0.167846,-0.143927,0.8304,-0.123729,0.009246,0.8601,0.160241,-0.083183,0.708,-0.027675,-0.070374,0.8236,0.01096,-0.076794,0.8332,-0.047618,-0.008475,0.9932,0.048331,-0.023328,0.9981,-0.079679,-0.009694,0.9718,0.087056,-0.039192,0.9887,-0.065493,-0.023711,0.9748,0.063297,-0.046119,0.9874,-0.063075,0.003482,0.9989,0.071286,-0.018777,1.0036,-0.007805,0.02586,0.8716,-0.017425,0.078872,0.9759,-0.040448,0.084304,1.0076,0.006334,0.085596,0.922,-0.031689,0.032611,0.8736,0.017129,0.029047,0.853,-0.058443,0.038251,0.9793,0.075857,0.0162,0.9232,-0.015495,0.110007,1.0037,-0.040411,0.112308,0.9688,0.013047,0.109472,0.9272,-0.008192,0.138181,0.956,-0.056318,0.113915,0.8016,0.039028,0.105391,0.7157,-0.003404,0.151912,0.9093,-0.065937,0.123106,0.6672,0.101106,0.10103,0.9568,0.006249,0.173306,0.9817,0.01,0.183,0.9012,-0.033445,0.152222,0.851,0.043222,0.153361,0.7878,0.001945,0.162372,0.9006,0,0,0,0,0,0,0,0,0,0,0,0,0,0,0,0,0,0,0,0,0
DOGS/mixkit-45864__fluffy-corgi-sitting-in-in-the-grass-with-his-tongue/mixkit-45864__fluffy-corgi-sitting-in-in-the-grass-with-his-tongue_t0_000000.jpg,danek,Pembroke,neutral,-0.097431,-0.113242,0.9833,0.062966,-0.110459,1.0116,-0.139431,-0.152107,0.9875,0.094178,-0.137664,1.0178,-0.183029,-0.191024,1.0302,0.121383,-0.162546,0.9432,-0.238712,-0.219339,0.9439,0.149688,-0.180983,0.9744,-0.244694,-0.134582,0.9339,0.150302,-0.127196,0.8824,-0.215838,-0.064014,1.0472,0.137795,-0.078416,0.9808,-0.16738,-0.002197,0.8436,0.11438,-0.035769,0.8626,-0.024357,-0.07566,0.88,0.016105,-0.077632,0.9475,-0.039688,-0.010411,0.9807,0.045916,-0.020922,0.9902,-0.077706,-0.011591,0.9843,0.0786,-0.026304,0.977,-0.05931,-0.027611,0.9964,0.061229,-0.040308,0.9846,-0.058474,0.001242,0.9427,0.064134,-0.010355,0.9502,0.013788,0.015397,0.9723,0.027775,0.060302,1.0171,0.002634,0.069642,0.9696,0.052951,0.063006,0.9792,-0.010568,0.024686,1.0098,0.038134,0.018023,0.9979,-0.054937,0.036346,1.0314,0.068132,0.023527,0.9583,0.033407,0.092432,0.9419,0.003643,0.09543,0.9856,0.060171,0.090098,0.983,0.034732,0.119621,0.959,-0.026383,0.089543,0.8811,0.073647,0.084473,0.9715,0.034761,0.130601,0.9614,-0.08735,0.072982,0.9487,0.084713,0.071843,0.8864,0.027215,0.212433,0.7163,0.028229,0.221382,0.7343,-0.023358,0.124553,0.9411,0.067369,0.122186,0.9479,0.032272,0.274959,1.0381,0,0,0,0,0,0,0,0,0,0,0,0,0,0,0,0,0,0,0,0,0
DOGS/mixkit-45864__fluffy-corgi-sitting-in-in-the-grass-with-his-tongue/mixkit-45864__fluffy-corgi-sitting-in-in-the-grass-with-his-tongue_t0_000075.jpg,danek,Pembroke,sad,-0.05363,-0.103805,1.005,0.062364,-0.129467,0.9657,-0.101094,-0.135595,0.9399,0.095897,-0.175821,1.0081,-0.144187,-0.164554,0.9822,0.128291,-0.216981,0.9481,-0.194759,-0.1789,0.9818,0.179182,-0.251157,0.9704,-0.188518,-0.099145,0.8827,0.207259,-0.184559,0.9126,-0.148934,-0.03791,1.0013,0.201614,-0.113365,1.0169,-0.098208,0.014597,0.8878,0.179909,-0.050075,0.9481,-0.0373,-0.059272,0.976,-0.00272,-0.067701,1.0283,-0.046408,0.001842,0.9906,0.031197,-0.019163,0.9763,-0.071408,0.005512,0.9801,0.06741,-0.031972,0.9824,-0.063009,-0.011024,1.0308,0.044345,-0.040586,0.9586,-0.05702,0.015829,0.9856,0.053172,-0.014781,0.9834,-0.01515,0.022812,0.9814,-0.023276,0.067707,0.9574,-0.044143,0.077699,0.9659,0.001521,0.068497,0.998,-0.034085,0.031433,0.9664,0.008557,0.023991,0.9078,-0.053474,0.045955,0.9248,0.061042,0.020147,1.0281,-0.020393,0.098319,0.9801,-0.043335,0.103565,0.9972,0.00737,0.09308,0.9761,-0.012803,0.123902,0.9764,-0.053745,0.106437,0.7979,0.037724,0.082454,0.8944,-0.007295,0.133432,0.94,-0.059662,0.101894,0.6467,0.114342,0.048905,0.9004,0.015895,0.213853,0.7958,0.017484,0.220095,0.8183,-0.033299,0.136543,0.841,0.047035,0.115558,0.8707,0.021685,0.256441,1.0403,0,0,0,0,0,0,0,0,0,0,0,0,0,0,0,0,0,0,0,0,0
DOGS/mixkit-45871__cute-corgi-running-through-the-grass/mixkit-45871__cute-corgi-running-through-the-grass_t0_000000.jpg,masha,Pembroke,happy,-0.067565,-0.097993,1.0005,0.063786,-0.121822,0.9832,-0.119424,-0.132143,0.9638,0.107314,-0.16994,0.9797,-0.170675,-0.15472,0.8853,0.15409,-0.210638,0.9247,-0.239722,-0.153444,0.9876,0.220228,-0.240718,0.9122,-0.23211,-0.076561,0.9369,0.238408,-0.165135,0.9062,-0.181514,-0.010502,0.958,0.222228,-0.090204,0.9793,-0.124601,0.050444,0.8894,0.188887,-0.024941,0.8891,-0.030932,-0.068601,0.9201,0.00794,-0.073681,0.9856,-0.04957,-0.00566,0.9716,0.042349,-0.018591,0.9703,-0.080561,-0.000811,0.9671,0.081895,-0.025428,1.0031,-0.067414,-0.018865,0.9956,0.059544,-0.039152,0.9826,-0.064342,0.009124,0.9636,0.064078,-0.009842,0.9447,-0.010755,0.006893,1.0096,-0.014153,0.03921,0.9827,-0.038645,0.049996,0.9613,0.013895,0.04288,0.9755,-0.033687,0.014617,0.9638,0.014404,0.010329,0.9693,-0.063497,0.041044,0.9734,0.068241,0.025292,0.9654,-0.011221,0.07372,0.9814,-0.039381,0.078318,0.9598,0.019959,0.068974,0.9751,-0.006526,0.104399,0.9405,-0.054898,0.084733,0.8866,0.049861,0.069185,0.8812,-0.003577,0.119431,0.9269,-0.063144,0.100797,0.8457,0.102138,0.087657,0.9653,0.013075,0.195052,1.0299,0.016048,0.209824,0.9605,-0.033223,0.126883,0.9349,0.050717,0.117349,0.9413,0.009229,0.17407,0.9766,0,0,0,0,0,0,0,0,0,0,0,0,0,0,0,0,0,0,0,0,0
DOGS/mixkit-45872__corgi-lying-in-the-grass-with-his-tongue-sticking-out/mixkit-45872__corgi-lying-in-the-grass-with-his-tongue-sticking-out_t0_000125.jpg,masha,Pembroke,happy,-0.05872,-0.087608,1.0118,0.080953,-0.125614,0.9721,-0.112572,-0.102814,0.9841,0.126429,-0.173218,0.9778,-0.158927,-0.12293,1.0021,0.174538,-0.21358,0.9244,-0.21077,-0.126018,0.9488,0.236659,-0.245551,0.9516,-0.194344,-0.046167,0.9732,0.255589,-0.16678,0.9369,-0.155599,0.008163,0.9543,0.242529,-0.095124,0.9402,-0.100276,0.05992,0.8571,0.202291,-0.031707,0.98,-0.036919,-0.065237,0.9833,-0.00191,-0.074654,1.0143,-0.051492,-0.003211,1.005,0.034768,-0.027067,1.0093,-0.077875,0.00406,0.9597,0.075021,-0.03938,0.9676,-0.068799,-0.015029,1.0057,0.050334,-0.050053,0.9413,-0.063246,0.01236,0.9662,0.058047,-0.022492,0.9611,-0.021483,0.005228,0.9823,-0.033128,0.03754,0.9762,-0.055607,0.050181,0.9973,-0.00533,0.038634,0.9816,-0.041654,0.01333,0.9715,0.001703,0.007213,0.9209,-0.065786,0.040114,0.989,0.065419,0.013603,0.9877,-0.030519,0.070253,0.9562,-0.056361,0.077862,1.0053,0.001561,0.063532,1.0033,-0.022056,0.101557,0.9601,-0.068385,0.091835,0.8963,0.037727,0.0631,0.8801,-0.015546,0.118088,0.9633,-0.070645,0.108731,0.6911,0.118025,0.063991,0.9359,0.002196,0.195637,0.9035,0.003457,0.201194,0.9278,-0.043203,0.132648,0.7737,0.04883,0.110459,0.9424,0.005113,0.225473,1.0125,0,0,0,0,0,0,0,0,0,0,0,0,0,0,0,0,0,0,0,0,0
DOGS/mixkit-45872__corgi-lying-in-the-grass-with-his-tongue-sticking-out/mixkit-45872__corgi-lying-in-the-grass-with-his-tongue-sticking-out_t0_000200.jpg,masha,Pembroke,happy,-0.053355,-0.088727,1.0073,0.074502,-0.122402,0.997,-0.109889,-0.113001,0.9731,0.116005,-0.171725,0.9848,-0.15699,-0.137884,0.9602,0.156775,-0.21577,0.9474,-0.21271,-0.144099,0.9876,0.214821,-0.252404,0.9564,-0.201364,-0.059579,0.9585,0.242229,-0.174086,0.9709,-0.155993,0.005079,0.9147,0.232714,-0.100655,0.9458,-0.097248,0.058178,0.8179,0.195143,-0.033878,0.9564,-0.034546,-0.060989,0.9658,0.00024,-0.069771,1.0102,-0.0485,0.00021,0.9775,0.03565,-0.022499,1.0005,-0.074222,0.007576,0.9386,0.074748,-0.034454,0.9693,-0.065585,-0.011381,0.9984,0.050828,-0.044759,0.959,-0.059874,0.015497,0.9608,0.058226,-0.017976,0.9577,-0.019658,0.010193,0.9981,-0.031891,0.042925,0.9519,-0.054054,0.0551,0.9817,-0.004753,0.043965,0.9986,-0.039411,0.017887,0.9564,0.002998,0.012242,0.9303,-0.062741,0.042893,0.9835,0.065202,0.017586,0.9569,-0.029572,0.075352,0.9973,-0.05472,0.08289,0.9566,0.001578,0.068925,0.9982,-0.021163,0.106143,0.9497,-0.065978,0.097148,0.9022,0.036776,0.067483,0.897,-0.0146,0.122123,0.9561,-0.067792,0.114277,0.6323,0.117234,0.065321,0.9487,0.002581,0.199217,0.8354,0.003656,0.204411,0.8602,-0.039882,0.140326,0.7047,0.048388,0.112181,0.9389,0.004444,0.224467,1.0732,0,0,0,0,0,0,0,0,0,0,0,0,0,0,0,0,0,0,0,0,0
DOGS/mixkit-45872__corgi-lying-in-the-grass-with-his-tongue-sticking-out/mixkit-45872__corgi-lying-in-the-grass-with-his-tongue-sticking-out_t0_000275.jpg,masha,Pembroke,happy,-0.046156,-0.091368,1.0139,0.065922,-0.124188,0.9667,-0.097144,-0.120639,0.9822,0.101162,-0.177451,0.965,-0.139166,-0.149717,0.9888,0.132064,-0.224354,0.979,-0.189602,-0.163081,0.9934,0.189195,-0.269999,0.9721,-0.181829,-0.080049,0.9524,0.226714,-0.193657,0.933,-0.14521,-0.014317,0.9074,0.22256,-0.115552,0.9839,-0.089319,0.050098,0.8176,0.196331,-0.044476,0.9305,-0.033964,-0.058338,0.9169,0.000648,-0.067141,0.9828,-0.047279,0.003708,0.9909,0.036064,-0.019253,0.9674,-0.072855,0.010635,0.9538,0.074627,-0.032114,0.9643,-0.064386,-0.008463,1.0039,0.050916,-0.042236,0.9643,-0.058283,0.019199,0.9948,0.058634,-0.015203,0.9819,-0.018559,0.016063,0.9996,-0.031566,0.052024,1.0296,-0.05349,0.063315,0.9819,-0.004737,0.053373,0.984,-0.037989,0.023769,1.0056,0.003556,0.017994,0.9113,-0.060358,0.046641,0.9684,0.066664,0.021075,0.9925,-0.02929,0.08467,0.9672,-0.054119,0.091281,0.9836,0.0014,0.078705,0.981,-0.021219,0.114404,0.9707,-0.06511,0.10756,0.8706,0.037015,0.075292,0.823,-0.014492,0.129702,0.9708,-0.067523,0.12377,0.6303,0.11865,0.068768,0.9323,0.001865,0.200876,0.8963,0.002888,0.20582,0.9083,-0.038684,0.150567,0.715,0.049517,0.118901,0.8426,0.004371,0.225057,1.0211,0,0,0,0,0,0,0,0,0,0,0,0,0,0,0,0,0,0,0,0,0
DOGS/mixkit-46938__young-boy-petting-and-playing-with-his-dog/mixkit-46938__young-boy-petting-and-playing-with-his-dog_t0_000075.jpg,mafin,Labrador retriever,happy,-0.136708,-0.154329,0.956,0.138729,-0.148584,0.0,-0.200167,-0.132896,1.0356,0.180219,-0.102271,0.0,-0.224243,-0.063377,0.92,0.179404,-0.026552,0.0,-0.216654,0.010986,0.9335,0.202144,0.034342,0.9817,-0.192926,-0.014282,0.9537,0.189526,-0.015268,0.0,-0.179169,-0.042493,0.8445,0.172785,-0.056068,0.0,-0.166968,-0.066837,0.8679,0.149595,-0.06979,0.0,-0.026994,-0.144522,0.8943,0.107333,-0.123165,0.7869,-0.035844,-0.100419,0.9675,0.100458,-0.075527,0.9585,-0.079713,-0.109201,0.9782,0.13945,-0.075189,0.9747,-0.053503,-0.12241,0.9999,0.124143,-0.088279,0.9976,-0.059444,-0.093398,0.9636,0.114498,-0.055818,0.9787,0.040289,-0.040108,0.931,0.06755,0.020568,0.9868,0.023321,0.026221,0.9616,0.096712,0.0309,0.9911,0.006178,-0.034553,0.9292,0.070989,-0.030109,0.9757,-0.064846,-0.048493,0.9254,0.107022,-0.025928,1.0018,0.059304,0.06227,0.9946,0.034145,0.05653,0.9583,0.085736,0.062051,0.9657,0.042758,0.088517,0.9494,-0.037649,0.051308,0.8273,0.104974,0.073609,0.8766,0.038134,0.106147,1.0336,-0.117087,0.033923,0.9143,0.131347,0.063656,0.7515,0.011388,0.216401,1.0525,0.010423,0.228171,0.9584,-0.043087,0.1142,0.8064,0.080086,0.137328,0.8857,0.012736,0.204467,1.0548,0,0,0,0,0,1,0,0,0,0,1,0,0,0,0,0,0,0,1,0,0
DOGS/mixkit-46938__young-boy-petting-and-playing-with-his-dog/mixkit-46938__young-boy-petting-and-playing-with-his-dog_t0_000675.jpg,mafin,Labrador retriever,relaxed,-0.184819,-0.067848,0.9774,0.128204,-0.073705,0.9331,-0.248517,-0.014774,0.7481,0.154533,-0.0159,0.8448,-0.247259,0.068602,0.6173,0.165145,0.051937,0.8727,-0.244564,0.160349,0.9857,0.204563,0.135218,0.9845,-0.239271,0.093729,0.5075,0.182097,0.046425,0.8702,-0.23306,0.01481,0.5425,0.168931,-0.024558,0.9446,-0.200905,-0.010377,0.6915,0.132751,-0.081013,0.901,-0.035468,-0.133305,0.8701,0.01474,-0.133596,0.8686,-0.083022,-0.08212,0.99,0.06265,-0.076453,0.9681,-0.128661,-0.079131,0.9856,0.097353,-0.075488,1.0013,-0.104663,-0.093415,0.9746,0.08139,-0.090305,0.9915,-0.106131,-0.070711,0.9892,0.08123,-0.064841,1.0038,0.004469,-0.070061,0.8952,0.018606,-0.040363,0.9171,-0.022692,-0.027315,0.9576,0.053136,-0.033204,0.961,-0.028487,-0.061196,0.9114,0.036431,-0.066017,0.9096,-0.109354,-0.030773,0.9356,0.088394,-0.03196,0.9833,0.022977,-0.001776,0.9959,-0.028068,0.001368,0.9413,0.065084,-0.001392,0.993,0.021971,0.039398,0.9436,-0.071671,0.024698,0.661,0.085653,0.020743,0.8019,0.021017,0.066535,0.9284,-0.145162,0.082032,0.9405,0.112177,0.059593,0.9425,0.024954,0.19281,0.9605,0.026524,0.208535,0.8959,-0.063866,0.101541,0.8751,0.082154,0.104958,0.9887,0.023349,0.172799,0.8707,0,0,0,0,0,1,1,1,1,1,1,0,0,0,0,0,0,0,0,0,0
DOGS/mixkit-47444__dog-behind-bar-gate-howling/mixkit-47444__dog-behind-bar-gate-howling_t0_000000.jpg,masha,Pembroke,relaxed,-0.043829,-0.127836,0.8232,0.028925,-0.156026,0.953,-0.068146,-0.185371,0.7807,0.020319,-0.208482,0.5328,-0.102132,-0.223876,0.9241,0.055054,-0.246833,0.6344,-0.14792,-0.138123,0.8328,0.089847,-0.262227,0.4921,-0.14054,-0.180143,0.853,0.134198,-0.241934,0.5975,-0.142357,-0.08466,0.5771,0.16673,-0.17088,0.8363,-0.121928,-0.040709,0.4294,0.17846,-0.116791,0.8123,-0.038165,-0.07762,0.7235,0.002413,-0.089053,0.7064,-0.060621,-0.001861,0.9619,0.057437,-0.036346,0.9501,-0.090377,0.004006,0.9409,0.098285,-0.053051,0.9457,-0.079427,-0.011318,0.9758,0.073221,-0.065821,0.9596,-0.073685,0.012495,0.9281,0.08344,-0.028564,0.9755,-0.009277,0.007416,0.9245,-0.015813,0.051884,0.9198,-0.048088,0.069977,0.9189,0.026868,0.052008,0.9608,-0.037716,0.018631,0.9391,0.022379,0.007813,0.9373,-0.068133,0.044293,0.9308,0.088403,0.011022,0.9085,-0.01046,0.096128,0.9957,-0.052228,0.108653,0.9632,0.041493,0.082571,0.9712,0.002808,0.137385,0.9465,-0.065289,0.126976,0.8949,0.086796,0.087092,0.7817,0.010284,0.158846,0.9612,-0.074315,0.145009,0.84,0.137745,0.106722,0.7053,0.013368,0.167438,0.9682,0.015876,0.173688,0.8946,-0.034168,0.202481,0.9323,0.096552,0.162428,0.9387,0.011737,0.163304,1.0172,0,0,0,0,0,0,0,0,0,0,0,0,0,0,0,0,0,0,0,0,0
DOGS/mixkit-47444__dog-behind-bar-gate-howling/mixkit-47444__dog-behind-bar-gate-howling_t0_000125.jpg,masha,Pembroke,neutral,-0.08388,-0.083332,0.9459,0.096136,-0.120641,0.6624,-0.111625,-0.120106,0.8496,0.14727,-0.177586,0.3339,-0.137642,-0.135927,0.7877,0.166855,-0.171908,0.2143,-0.192541,-0.154566,0.8988,0.235288,-0.279953,0.7205,-0.167782,-0.092362,0.8794,0.276446,-0.201812,0.78,-0.150868,-0.028152,0.6048,0.262516,-0.088572,0.3589,-0.130326,0.034436,0.6595,0.208425,-0.043431,0.2508,-0.029409,-0.073555,0.7903,0.015954,-0.085118,0.798,-0.065814,0.002313,0.7661,0.079982,-0.036081,0.7765,-0.091139,0.013091,0.5733,0.109988,-0.045102,0.7448,-0.082317,-0.005269,0.6909,0.092768,-0.053774,0.6979,-0.07816,0.018188,0.6851,0.099372,-0.029148,0.751,-0.007806,-0.026202,0.8481,-0.022256,0.004734,0.88,-0.059421,0.022595,0.9661,0.02838,0.008211,0.8769,-0.040083,-0.014716,0.8318,0.026122,-0.02463,0.8809,-0.082899,0.038105,0.5258,0.110017,0.002362,0.694,-0.018543,0.053169,0.9372,-0.069249,0.0648,0.9303,0.046057,0.040099,0.9031,-0.004943,0.102716,0.9516,-0.082247,0.096525,0.679,0.095831,0.060658,0.6283,0.003189,0.130296,0.9953,-0.092318,0.126922,0.7188,0.152761,0.08084,0.634,0.005919,0.138843,0.9879,0.008209,0.146654,0.8944,-0.057835,0.190133,0.831,0.134086,0.147818,0.8486,0.00443,0.134267,1.034,0,0,0,0,0,0,0,0,0,0,0,0,0,0,0,0,0,0,0,1,1
DOGS/mixkit-47444__dog-behind-bar-gate-howling/mixkit-47444__dog-behind-bar-gate-howling_t1_000275.jpg,masha,Pembroke,neutral,-0.109312,-0.066728,0.6044,0.115243,-0.066856,0.5203,-0.167683,-0.086852,0.7411,0.145753,-0.120867,0.9095,-0.224958,-0.079651,0.8672,0.178805,-0.144746,0.9045,-0.259993,-0.113597,0.8788,0.219246,-0.160105,0.9503,-0.249218,-0.023263,0.8009,0.230902,-0.078583,0.9875,-0.220792,0.051509,0.8006,0.220466,-0.011776,0.8301,-0.189891,0.096823,0.7849,0.206631,0.037648,0.8537,-0.038414,-0.070126,0.7786,0.007114,-0.077238,0.856,-0.084457,-0.005983,0.6642,0.060886,-0.029784,0.9489,-0.114214,0.000711,0.6427,0.102744,-0.034151,0.9348,-0.103284,-0.012962,0.7344,0.080721,-0.047977,0.9734,-0.099329,0.007088,0.6899,0.08503,-0.017628,0.9346,-0.012034,-0.042404,0.9597,-0.011214,-0.018806,0.9832,-0.049524,-0.003087,0.9435,0.030476,-0.010924,0.9411,-0.040675,-0.034211,0.8972,0.018665,-0.03973,0.9366,-0.104355,0.037667,0.7872,0.093698,0.014123,0.9198,-0.0061,0.025113,0.9472,-0.058638,0.033511,0.96,0.046131,0.019865,0.9714,-0.001715,0.071691,0.9179,-0.077926,0.063881,0.7487,0.07714,0.047743,0.7875,0.001732,0.099774,0.9725,-0.104391,0.101039,0.655,0.122182,0.074685,0.6972,0.007362,0.156053,0.7801,0.007606,0.168399,0.7335,-0.065172,0.148203,0.9568,0.082185,0.128009,0.9378,0.006185,0.138012,0.4277,0,0,0,0,0,0,0,0,0,0,0,0,0,0,0,0,0,0,0,1,1
DOGS/mixkit-48727__small-dog-barking-and-wagging-its-tail-in-excitement/mixkit-48727__small-dog-barking-and-wagging-its-tail-in-excitement_t0_000029.jpg,masha,kelpie,surprise,-0.104495,-0.142159,0.978,0.045584,-0.155495,0.9732,-0.16044,-0.176979,0.8688,0.084351,-0.202142,0.8339,-0.20365,-0.118289,0.7964,0.132947,-0.149858,0.8806,-0.231969,-0.071977,0.6088,0.163317,-0.103325,0.7811,-0.275468,-0.078689,0.6609,0.211019,-0.140783,0.6202,-0.267853,-0.060308,0.8396,0.195497,-0.073277,0.6329,-0.186407,0.022116,0.8518,0.158687,0.007806,0.8716,-0.020094,-0.094324,0.757,0.033603,-0.092942,0.7729,-0.058207,-0.032846,0.9556,0.076094,-0.025025,0.9732,-0.109531,-0.041633,0.9477,0.120616,-0.02756,0.9686,-0.082407,-0.059159,0.9768,0.099364,-0.04802,0.9933,-0.086881,-0.020673,0.9925,0.100242,-0.00927,1.0021,0.014906,-0.015525,0.9756,0.022008,0.015787,0.9787,-0.018307,0.023943,0.9815,0.057486,0.026037,0.9869,-0.016042,-0.009673,0.9367,0.044974,-0.008914,0.9795,-0.089319,0.021175,0.9914,0.100778,0.028819,0.942,0.023343,0.061957,0.9353,-0.028437,0.057874,0.9632,0.068701,0.062919,0.929,0.018836,0.10753,0.9766,-0.069287,0.080842,0.7981,0.092495,0.087736,0.8007,0.016252,0.130093,0.9602,-0.116769,0.127142,0.6691,0.105522,0.118056,0.8347,0.013966,0.159838,0.9868,0.013082,0.167122,0.9455,-0.068295,0.160859,0.9364,0.07773,0.164822,0.9892,0.014414,0.154485,0.937,0,0,0,0,0,0,0,0,0,0,0,0,0,0,0,0,0,0,0,0,0
DOGS/mixkit-48727__small-dog-barking-and-wagging-its-tail-in-excitement/mixkit-48727__small-dog-barking-and-wagging-its-tail-in-excitement_t0_000116.jpg,masha,German shepherd,surprise,-0.10465,-0.10861,0.9606,0.048769,-0.111356,0.9563,-0.167689,-0.144481,0.9185,0.090684,-0.151686,0.9388,-0.218214,-0.097848,0.5365,0.138919,-0.173027,0.9291,-0.256535,-0.068318,0.397,0.193577,-0.149191,0.9266,-0.280349,-0.062029,0.905,0.206437,-0.092724,0.9209,-0.241634,-0.007589,0.8437,0.18468,-0.037436,0.932,-0.196436,0.027419,0.9158,0.143585,0.04551,0.8293,-0.018289,-0.083345,0.8486,0.028966,-0.07724,0.8058,-0.062757,-0.032064,0.9637,0.067136,-0.012449,0.9874,-0.107821,-0.039089,1.0124,0.104133,-0.004395,0.9147,-0.08351,-0.053592,0.9715,0.088305,-0.024284,1.002,-0.088147,-0.022504,0.9909,0.085583,0.006184,0.9607,0.013539,-0.036755,0.9259,0.022926,-0.012667,0.9139,-0.016934,-0.007974,0.9215,0.052423,0.004073,0.8554,-0.013374,-0.033517,0.9618,0.039253,-0.029083,0.9133,-0.096671,0.017596,0.9081,0.089083,0.035113,0.8427,0.022354,0.027525,0.9453,-0.026692,0.020042,0.9592,0.059918,0.036135,0.9216,0.013968,0.066902,0.9661,-0.061853,0.049322,0.5996,0.076771,0.068114,0.8313,0.007265,0.094192,0.9255,-0.105915,0.144383,0.4167,0.09569,0.107883,0.733,-0.003081,0.228784,0.9686,-0.005451,0.240307,0.9166,-0.059795,0.138656,0.9569,0.054295,0.154697,1.0103,0.001451,0.215281,0.804,1,0,0,0,0,0,1,0,1,0,1,1,0,0,0,0,0,0,0,0,1
DOGS/mixkit-48727__small-dog-barking-and-wagging-its-tail-in-excitement/mixkit-48727__small-dog-barking-and-wagging-its-tail-in-excitement_t0_000232.jpg,masha,German shepherd,surprise,-0.103392,-0.13306,0.9835,0.057198,-0.146514,0.9645,-0.172428,-0.158437,0.8898,0.097997,-0.190689,0.9371,-0.208593,-0.082437,0.8458,0.138826,-0.131866,0.9118,-0.231395,-0.014533,1.015,0.159002,-0.076645,0.7914,-0.272312,-0.066246,0.885,0.209023,-0.119321,0.753,-0.272832,-0.109318,0.7997,0.188706,-0.073137,0.6522,-0.177141,0.006147,0.874,0.150491,0.008504,0.9663,-0.013245,-0.093869,0.7856,0.035777,-0.091344,0.8102,-0.053849,-0.03982,0.953,0.074194,-0.025942,0.9599,-0.101566,-0.04782,0.9921,0.115387,-0.026561,0.997,-0.076429,-0.063335,0.9738,0.096372,-0.045191,1.0069,-0.080163,-0.029801,0.9685,0.095942,-0.011269,0.9742,0.017336,-0.022352,0.9574,0.027733,0.007707,0.9418,-0.011789,0.014471,0.9477,0.060513,0.018234,0.9358,-0.011604,-0.017179,0.9442,0.04525,-0.01623,0.9344,-0.082849,0.010748,0.9781,0.096556,0.023,0.9829,0.02904,0.050091,0.9785,-0.019516,0.046074,0.9674,0.070171,0.053254,0.9641,0.0241,0.09199,0.9757,-0.054692,0.070641,0.7593,0.088511,0.076382,0.7952,0.021398,0.114671,0.9587,-0.083731,0.139488,0.9322,0.096989,0.111625,0.8275,0.016647,0.18792,1.0358,0.016454,0.199156,0.9518,-0.039551,0.144262,0.9416,0.068109,0.153839,0.962,0.015817,0.177131,1.0781,0,1,0,0,0,0,1,0,1,1,1,1,0,0,0,0,0,0,0,0,0
DOGS/mixkit-48739__group-of-puppies-sleeping-in-a-pile/mixkit-48739__group-of-puppies-sleeping-in-a-pile_t0_000025.jpg,danek,American Staffordshire terrier,relaxed,-0.11268,-0.157118,0.9269,0.072929,-0.200126,0.9525,-0.163014,-0.14731,0.7872,0.119322,-0.177681,0.7951,-0.176086,-0.08876,0.8063,0.145355,-0.120453,0.909,-0.179669,-0.025588,0.9985,0.189723,-0.059992,1.0047,-0.158406,-0.046324,0.7533,0.210853,-0.12653,0.9876,-0.149044,-0.088854,0.8085,0.209364,-0.180277,1.0229,-0.134441,-0.09204,0.7661,0.12428,-0.131383,0.3881,-0.04453,-0.106673,0.6804,0.011333,-0.117055,0.7668,-0.069282,-0.040038,0.9805,0.054552,-0.054089,1.0114,-0.097276,-0.048336,0.966,0.088063,-0.069335,0.9769,-0.082615,-0.057681,0.9961,0.065732,-0.07611,0.9915,-0.084605,-0.032139,0.964,0.075316,-0.051231,0.9454,-0.008749,0.023139,0.8885,-0.007732,0.090638,0.9874,-0.033807,0.098365,0.9193,0.021195,0.090092,0.9087,-0.037565,0.032313,0.895,0.022414,0.025081,0.873,-0.079255,-0.001537,0.9623,0.081553,-0.017091,0.8878,-0.003425,0.117868,0.9194,-0.02862,0.123144,0.9611,0.024794,0.112633,0.9424,0.002548,0.140772,1.0042,-0.053316,0.120423,0.7875,0.063135,0.102983,0.7235,0.004695,0.149007,0.9819,-0.072439,0.120101,0.708,0.113139,0.098815,0.6867,0.005769,0.154534,0.9617,0.0064,0.157904,0.9424,-0.037978,0.158754,0.9707,0.05348,0.147768,0.8279,0.005325,0.151867,0.9739,0,0,0,0,0,0,0,0,0,0,0,0,0,0,0,0,0,0,0,0,0
DOGS/mixkit-48739__group-of-puppies-sleeping-in-a-pile/mixkit-48739__group-of-puppies-sleeping-in-a-pile_t0_000175.jpg,danek,American Staffordshire terrier,neutral,-0.097307,-0.176816,0.9417,0.043752,-0.183575,0.9195,-0.134715,-0.155713,0.8856,0.072859,-0.149187,0.7498,-0.152981,-0.114999,0.8604,0.077277,-0.103398,0.9134,-0.191717,-0.067552,0.9416,0.095599,-0.042408,0.9478,-0.233124,-0.120298,0.9127,0.093996,-0.100627,0.8608,-0.251515,-0.18047,0.8752,0.090642,-0.14914,0.802,-0.13695,-0.152726,0.6107,0.055493,-0.15628,0.4885,-0.008071,-0.094138,0.7082,0.034155,-0.091743,0.6647,-0.036236,-0.037289,0.9602,0.059426,-0.030105,0.9314,-0.069943,-0.049834,0.9742,0.075226,-0.036355,0.9512,-0.048901,-0.054182,0.9734,0.066785,-0.042071,0.987,-0.054861,-0.035611,0.9501,0.068871,-0.025097,0.9945,0.028973,0.04298,0.7504,0.043085,0.119292,0.7624,0.023161,0.121806,0.7994,0.058464,0.120078,0.769,0.00646,0.048002,0.6952,0.049042,0.049727,0.6303,-0.058191,-0.002369,0.829,0.067007,0.004604,1.0027,0.04347,0.141566,0.8462,0.019499,0.141593,0.8107,0.059118,0.140666,0.7808,0.041058,0.157273,0.815,-0.023078,0.132375,0.5185,0.069204,0.127906,0.7032,0.04009,0.160578,0.8562,-0.077567,0.127662,0.4812,0.075854,0.116174,0.7561,0.038772,0.163758,0.8584,0.038363,0.165935,0.8404,-0.018665,0.163446,0.748,0.061701,0.150886,0.7479,0.039145,0.162321,0.8638,0,0,0,0,0,0,0,0,0,0,0,0,0,0,0,0,0,0,0,0,0
DOGS/mixkit-48739__group-of-puppies-sleeping-in-a-pile/mixkit-48739__group-of-puppies-sleeping-in-a-pile_t1_000025.jpg,danek,Boston bull,relaxed,-0.186939,-0.334393,0.0,0.108646,-0.414812,0.0,-0.234647,-0.323414,0.0,0.179502,-0.381108,0.0,-0.27335,-0.254098,0.0,0.211232,-0.297384,0.0,-0.283676,-0.180299,0.0,0.272589,-0.210575,0.9864,-0.256451,-0.199086,0.0,0.304399,-0.305843,0.0,-0.253714,-0.247257,0.0,0.304225,-0.392459,0.0,-0.2153,-0.237705,0.0,0.187691,-0.314325,0.0,-0.074745,-0.294639,0.0,0.005045,-0.304296,0.0,-0.143771,-0.197088,0.0,0.068775,-0.199309,0.9844,-0.179395,-0.192112,0.0,0.118554,-0.219942,0.0,-0.165877,-0.215206,0.0,0.086229,-0.231178,0.0,-0.161351,-0.174433,0.0,0.09963,-0.217552,0.9818,-0.030024,-0.088653,0.8369,-0.035017,0.021112,0.8134,-0.074062,0.030868,0.9248,0.00892,0.020714,0.7409,-0.07576,-0.075319,0.8927,0.017015,-0.086529,0.7367,-0.138651,-0.122094,0.8936,0.102108,-0.145738,0.89,-0.029292,0.061051,0.7723,-0.068055,0.069235,0.8776,0.01655,0.055808,0.8116,-0.02028,0.098644,1.0067,-0.102092,0.072535,0.7296,0.079404,0.039216,0.5472,-0.018038,0.110709,0.9743,-0.133745,0.071708,0.498,0.137943,0.020444,0.3802,-0.016712,0.118201,0.9344,-0.015788,0.12309,0.9029,-0.083711,0.12377,0.855,0.053678,0.11509,0.7347,-0.017342,0.114478,0.9629,0,0,0,0,0,0,0,0,0,0,0,0,0,0,0,0,0,0,0,0,0
DOGS/mixkit-48739__group-of-puppies-sleeping-in-a-pile/mixkit-48739__group-of-puppies-sleeping-in-a-pile_t1_000150.jpg,danek,American Staffordshire terrier,neutral,-0.139893,-0.254936,0.0,0.042998,-0.272365,0.0,-0.182301,-0.240797,0.0,0.080386,-0.23061,0.0,-0.209361,-0.200055,0.0,0.090933,-0.167031,0.8518,-0.270545,-0.162893,0.6867,0.115407,-0.09542,0.9897,-0.308594,-0.203386,0.0,0.107883,-0.170133,0.6594,-0.3214,-0.249476,0.0,0.113202,-0.238075,0.0,-0.216786,-0.157984,0.5082,0.065691,-0.217015,0.0,-0.031965,-0.161771,0.4989,0.022724,-0.162456,0.4237,-0.069817,-0.091754,0.9441,0.059216,-0.083504,0.9007,-0.110891,-0.10765,0.9391,0.078848,-0.093548,0.9203,-0.084682,-0.113728,0.9276,0.067118,-0.097874,1.0042,-0.093234,-0.08926,0.9198,0.070509,-0.07914,0.9042,0.010126,0.009423,0.6641,0.021887,0.107202,0.586,-0.004175,0.113272,0.5498,0.045918,0.107845,0.6058,-0.019286,0.016882,0.5874,0.035969,0.015408,0.661,-0.09603,-0.049056,0.8257,0.067358,-0.043917,0.8762,-0.01271,0.137157,0.5935,-0.008065,0.136587,0.5463,0.046298,0.132619,0.5453,0.021562,0.155355,0.7428,-0.056047,0.126655,0.4664,0.060016,0.117781,0.5672,0.020701,0.158466,0.7727,-0.150298,0.085525,0.4384,0.069535,0.107759,0.7243,0.019735,0.160986,0.7756,0.019477,0.164021,0.8114,-0.055257,0.160473,0.559,0.049237,0.147916,0.522,0.020113,0.160195,0.7914,0,0,0,0,0,0,0,0,0,0,0,0,0,0,0,0,0,0,0,0,0
DOGS/mixkit-48739__group-of-puppies-sleeping-in-a-pile/mixkit-48739__group-of-puppies-sleeping-in-a-pile_t1_000225.jpg,danek,American Staffordshire terrier,neutral,-0.112638,-0.199834,0.0,0.036906,-0.229204,0.0,-0.150995,-0.17935,0.0,0.070035,-0.198755,0.0,-0.168245,-0.135928,0.6283,0.079877,-0.144619,0.818,-0.257409,-0.147843,0.9835,0.104263,-0.081426,1.0055,-0.263419,-0.138286,0.8552,0.092108,-0.141007,0.7418,-0.278872,-0.181336,0.0,0.091816,-0.208562,0.0,-0.172286,-0.09277,0.5481,0.067204,-0.1656,0.0,-0.013543,-0.110434,0.5509,0.033262,-0.114577,0.4657,-0.043902,-0.049348,0.9033,0.064697,-0.050634,0.9388,-0.081797,-0.059813,0.9197,0.08087,-0.059537,0.9608,-0.058823,-0.065666,0.9329,0.071607,-0.063209,0.9701,-0.064084,-0.045318,0.9343,0.074534,-0.046375,0.9434,0.029808,0.033316,0.6712,0.047791,0.116289,0.2806,-0.023002,0.123815,0.2816,0.06701,0.115669,0.3679,0.004939,0.041055,0.6202,0.051642,0.036766,0.6433,-0.065993,-0.009429,0.7576,0.073615,-0.015138,0.8432,0.044249,0.148341,0.478,0.025753,0.137256,0.3224,0.07085,0.138737,0.3982,0.016468,0.164042,0.4366,0.005433,0.154312,0.364,0.078752,0.119282,0.5179,0.048479,0.1621,0.5012,-0.109544,0.115306,0.2834,0.085451,0.10749,0.6641,0.047474,0.164529,0.7232,0.047389,0.167452,0.8073,-0.028023,0.168056,0.5672,0.073244,0.142253,0.5628,0.047918,0.163617,0.5834,0,0,0,0,0,0,0,0,0,0,0,0,0,0,0,0,0,0,0,0,0
DOGS/mixkit-48739__group-of-puppies-sleeping-in-a-pile/mixkit-48739__group-of-puppies-sleeping-in-a-pile_t2_000175.jpg,danek,American Staffordshire terrier,relaxed,-0.096572,-0.166215,0.9217,0.045406,-0.180485,0.9145,-0.134202,-0.149803,0.717,0.076727,-0.145976,0.8173,-0.151681,-0.108402,0.6109,0.080183,-0.099462,0.8046,-0.208338,-0.084717,0.7909,0.098753,-0.036863,0.9657,-0.233485,-0.111952,0.905,0.091448,-0.095687,0.8159,-0.247878,-0.175639,0.7061,0.091274,-0.149156,0.5943,-0.152683,-0.077403,0.6209,0.058894,-0.14608,0.375,-0.006802,-0.07996,0.5371,0.037014,-0.079017,0.4899,-0.034836,-0.023213,0.9186,0.062979,-0.017486,0.9132,-0.069021,-0.036782,0.9698,0.07813,-0.024286,0.8959,-0.047671,-0.041337,0.9767,0.070255,-0.028242,0.9775,-0.053533,-0.021669,0.9239,0.071874,-0.013132,0.9337,0.030982,0.054511,0.7672,0.046057,0.130235,0.4899,0.024369,0.138143,0.474,0.062249,0.13033,0.488,0.005927,0.060766,0.7284,0.052806,0.057734,0.7712,-0.055814,0.012121,0.7933,0.069924,0.014427,0.9412,0.048156,0.155828,0.4888,0.020169,0.157358,0.5074,0.065222,0.150327,0.5122,0.046086,0.173698,0.4815,-0.024158,0.145748,0.3592,0.073201,0.136595,0.5352,0.044038,0.176753,0.4609,-0.094042,0.129625,0.3242,0.078856,0.128075,0.7209,0.042908,0.180193,0.6825,0.0426,0.18272,0.6663,-0.023808,0.179759,0.7037,0.066725,0.160774,0.6469,0.0428,0.178674,0.4783,0,0,0,0,0,0,0,0,0,0,0,0,0,0,0,0,0,0,0,0,0
DOGS/mixkit-48887__team-of-husky-dogs-pulling-a-sled-through-the-snow/mixkit-48887__team-of-husky-dogs-pulling-a-sled-through-the-snow_t3_000464.jpg,danek,malamute,relaxed,-0.097174,-0.153745,0.733,-0.016942,-0.139782,0.8511,-0.130408,-0.16734,0.8545,-0.006886,-0.157697,0.9076,-0.162205,-0.188843,0.8174,0.001124,-0.174651,0.8847,-0.199502,-0.206692,0.9619,0.019753,-0.189321,0.9858,-0.183637,-0.187207,0.6911,0.053096,-0.147338,0.8755,-0.17591,-0.177211,0.7912,0.069063,-0.110464,0.7852,-0.136347,-0.130014,0.7611,0.083304,-0.071172,0.7767,0.009523,-0.036273,0.7728,0.049301,-0.023541,0.7163,-0.033244,-0.001671,0.9782,0.067626,0.036703,0.917,-0.079448,-0.023001,0.999,0.100605,0.042614,0.9247,-0.052609,-0.025893,0.9524,0.08727,0.028343,0.9199,-0.06108,-0.000452,0.9768,0.08214,0.051889,0.8845,0.035575,0.053012,0.8083,0.056852,0.097061,0.9764,0.025785,0.091892,0.8126,0.078538,0.114312,0.8671,0.009973,0.05216,0.8122,0.058151,0.062145,0.8262,-0.069996,0.031,0.8566,0.080328,0.075644,0.9496,0.052894,0.128539,0.8231,0.021136,0.115085,0.8381,0.075162,0.140858,0.8781,0.040537,0.157439,0.7565,-0.01173,0.104947,0.6452,0.088731,0.147453,0.6718,0.037106,0.164161,0.6226,-0.064005,0.097745,0.4877,0.088809,0.148552,0.4341,0.034308,0.1728,0.5687,0.033224,0.174745,0.5346,-0.006098,0.135632,0.4904,0.064357,0.173621,0.6381,0.03541,0.170723,0.6005,0,0,0,0,0,0,0,0,0,0,0,0,0,0,0,0,0,0,0,0,0
DOGS/mixkit-48900__woman-playing-with-her-beloved-pet/mixkit-48900__woman-playing-with-her-beloved-pet_t0_000144.jpg,danek,Sussex spaniel,neutral,-0.114361,-0.066722,0.1462,0.044042,-0.173806,0.7927,-0.143825,-0.169339,0.2347,0.091778,-0.145159,0.7011,-0.175807,-0.220257,0.6054,0.151689,-0.125551,0.4686,-0.217785,-0.253795,0.8221,0.240311,-0.097483,0.8608,-0.203007,-0.188789,0.8374,0.201283,-0.139378,0.458,-0.1871,-0.148679,0.6147,0.144283,-0.190788,0.3399,-0.149128,-0.066913,0.2926,0.058237,-0.192738,0.4564,-0.082872,-0.061055,0.5094,-0.042694,-0.084175,0.5754,-0.072397,-0.007939,0.6423,0.016155,-0.036502,0.9076,-0.090142,-0.006661,0.5873,0.053426,-0.074363,0.919,-0.084131,-0.014423,0.6159,0.019636,-0.071814,0.9652,-0.079329,-0.000435,0.6146,0.046423,-0.044383,0.9888,-0.022109,0.025151,0.8031,-0.002498,0.074694,0.9033,-0.0213,0.090982,0.7676,0.027404,0.068134,0.8887,-0.045343,0.040382,0.7259,0.007826,0.018312,0.8691,-0.070054,0.027043,0.6338,0.068119,-0.015233,0.8055,0.012052,0.103714,0.8587,-0.010514,0.113651,0.9116,0.041143,0.092408,1.0084,0.02316,0.123845,0.9304,-0.023118,0.116424,0.7592,0.074076,0.081909,0.5949,0.028883,0.13266,0.851,-0.031078,0.110462,0.5383,0.128861,0.07225,0.3625,0.032463,0.138712,0.9141,0.03392,0.142222,0.8977,0.003642,0.140446,0.8481,0.082852,0.122235,0.6083,0.030767,0.135968,0.8755,0,0,0,0,0,0,0,0,0,0,0,0,0,0,0,0,0,0,0,0,0
DOGS/mixkit-49255__close-up-of-a-bulldog-sitting-at-a-table/mixkit-49255__close-up-of-a-bulldog-sitting-at-a-table_t0_000325.jpg,danek,bull mastiff,neutral,-0.074697,-0.125631,0.9428,0.070402,-0.146911,0.9643,-0.122872,-0.13222,0.9967,0.110117,-0.186577,0.9626,-0.168526,-0.104166,0.9434,0.167167,-0.150643,0.8817,-0.193875,-0.028566,0.9088,0.21386,-0.089808,0.982,-0.169739,-0.051357,0.9449,0.22879,-0.150832,0.9705,-0.150987,-0.023585,0.9339,0.198759,-0.082334,0.9748,-0.121184,0.006421,0.9708,0.174655,-0.040607,0.9596,-0.049297,-0.07702,0.7878,0.000814,-0.087751,0.8433,-0.087709,-0.013906,0.9895,0.053621,-0.038689,0.9978,-0.106231,-0.008022,0.9754,0.099556,-0.045346,0.9613,-0.097417,-0.027808,0.9744,0.07409,-0.058142,0.9615,-0.091419,0.002152,0.948,0.079962,-0.028848,0.9759,-0.026474,-0.025846,0.9948,-0.02475,-0.001189,0.9759,-0.056295,0.012859,0.972,0.011563,-0.000129,0.9645,-0.055664,-0.015349,1.016,0.006056,-0.02581,0.9883,-0.089321,0.034099,0.9048,0.089086,0.001593,0.9488,-0.020334,0.028889,0.9946,-0.059267,0.038894,0.9759,0.022311,0.022587,0.9651,-0.013395,0.066466,0.9803,-0.079457,0.074906,0.745,0.058798,0.046997,0.7665,-0.006462,0.097438,0.9689,-0.096755,0.14003,0.7906,0.141093,0.108424,0.9913,0.024994,0.245624,0.9584,0.027117,0.253513,0.9172,-0.046852,0.18468,0.9956,0.079887,0.161664,1.0919,0.023216,0.240679,0.9602,0,0,0,0,0,0,0,0,0,0,0,0,0,0,0,0,0,0,0,0,0
DOGS/mixkit-49255__close-up-of-a-bulldog-sitting-at-a-table/mixkit-49255__close-up-of-a-bulldog-sitting-at-a-table_t0_000400.jpg,danek,French bulldog,neutral,-0.071122,-0.13485,1.0099,0.083818,-0.16633,0.9276,-0.120869,-0.151842,1.0201,0.121859,-0.203684,1.0045,-0.157027,-0.098026,0.8798,0.169647,-0.149098,0.8602,-0.1601,-0.016882,0.9326,0.21812,-0.101629,0.9714,-0.167522,-0.055237,0.5261,0.245641,-0.14379,0.8728,-0.139665,-0.033649,0.9145,0.253079,-0.165548,0.7483,-0.121174,-0.009436,0.9139,0.203522,-0.070759,0.536,-0.050037,-0.078981,0.7153,-0.000898,-0.092859,0.7549,-0.078825,-0.004163,1.0082,0.053564,-0.036265,0.9689,-0.109571,0.003048,0.9836,0.104585,-0.046838,1.0001,-0.099118,-0.014822,0.9632,0.074654,-0.057493,0.972,-0.091311,0.013118,0.9318,0.083567,-0.028705,0.9756,-0.028977,-0.016412,0.9542,-0.037635,0.015459,0.9333,-0.062008,0.029485,0.9932,-0.001748,0.01641,0.9513,-0.054925,-0.004863,0.9691,0.00153,-0.015005,0.9401,-0.08844,0.041895,0.9629,0.09418,0.003059,0.9654,-0.034442,0.050623,0.9814,-0.063123,0.059677,0.9549,0.008426,0.042285,0.9395,-0.0236,0.091115,0.9506,-0.075564,0.092949,0.8112,0.053038,0.064171,0.711,-0.013892,0.122359,0.9995,-0.074949,0.139734,0.7472,0.153078,0.133907,0.9064,0.00644,0.179519,0.9426,0.010934,0.193661,0.8796,-0.03879,0.201074,1.0573,0.101144,0.180041,0.9084,0.000967,0.162429,0.8892,0,0,0,0,0,0,0,0,0,0,0,0,0,0,0,0,0,0,0,0,0
DOGS/mixkit-49320__girl-sitting-in-park-lovingly-pats-her-husky-dog/mixkit-49320__girl-sitting-in-park-lovingly-pats-her-husky-dog_t0_000100.jpg,danek,Eskimo dog,neutral,-0.085771,-0.110133,1.0027,0.086449,-0.139848,0.9342,-0.128491,-0.111042,0.9944,0.127079,-0.167144,0.9697,-0.167266,-0.122321,0.9675,0.155354,-0.198319,1.0119,-0.214423,-0.13146,0.9444,0.185181,-0.229566,0.9995,-0.188606,-0.072764,0.9279,0.197949,-0.17206,0.9801,-0.164418,-0.035429,0.8784,0.188939,-0.116257,0.962,-0.12861,-0.004495,0.9379,0.175291,-0.059829,0.9106,-0.028251,-0.077162,0.8698,0.011122,-0.080133,0.8373,-0.048058,-0.023256,0.9847,0.049023,-0.025458,0.9624,-0.079041,-0.026084,0.9736,0.09003,-0.035388,0.9406,-0.063117,-0.03457,0.9889,0.066335,-0.041462,0.9677,-0.063906,-0.016547,0.9646,0.071694,-0.020532,0.9423,-0.010257,0.018618,0.9172,-0.017134,0.066184,1.0013,-0.043654,0.072934,0.9874,0.012869,0.071586,0.9354,-0.035996,0.023926,0.9614,0.017957,0.02481,0.983,-0.062656,0.019131,0.9573,0.071376,0.012047,0.9621,-0.015097,0.098876,1.007,-0.044065,0.100947,0.9767,0.018561,0.097098,0.9935,-0.010695,0.126001,0.9892,-0.056375,0.098037,0.9372,0.047012,0.087645,0.7943,-0.008114,0.134749,1.0225,-0.06815,0.088638,0.7229,0.097065,0.055279,1.0243,0.006753,0.205822,0.9021,0.007363,0.211177,0.9339,-0.041638,0.130447,0.9357,0.050023,0.123117,0.8249,0.011227,0.231609,0.9868,0,0,0,0,0,0,0,0,0,0,0,0,0,0,0,0,0,0,0,0,0
DOGS/mixkit-50657__a-blue-eyed-border-collie-licks-his-muzzle/mixkit-50657__a-blue-eyed-border-collie-licks-his-muzzle_t0_000046.jpg,danek,Border collie,neutral,-0.096762,-0.14583,0.8328,0.054199,-0.140733,0.8926,-0.145726,-0.173717,0.8783,0.095362,-0.149259,0.9649,-0.208384,-0.16387,0.9771,0.133562,-0.134198,0.9103,-0.275643,-0.138543,0.9785,0.178099,-0.108913,0.9537,-0.235485,-0.121955,0.937,0.134746,-0.107533,0.9845,-0.206893,-0.103683,0.8196,0.112236,-0.09595,0.9102,-0.175093,-0.081632,0.7413,0.083937,-0.082013,0.8592,-0.021043,-0.087145,0.8023,0.021132,-0.087771,0.8234,-0.051817,-0.019183,0.9576,0.04442,-0.016147,0.9715,-0.085632,-0.025847,0.9219,0.070425,-0.020545,0.9609,-0.066891,-0.033595,0.9313,0.057153,-0.028541,0.9812,-0.07011,-0.013296,0.9665,0.058813,-0.008839,0.9709,0.022684,0.03185,0.9189,0.046225,0.081008,0.8909,0.019917,0.086353,0.9136,0.068989,0.085196,0.9211,-0.004565,0.03799,0.8762,0.048275,0.035604,0.9281,-0.070446,0.021687,0.8652,0.058231,0.022248,0.8924,0.048795,0.109058,0.86,0.018158,0.10907,0.9525,0.070053,0.108962,0.7947,0.042707,0.136155,0.6988,-0.021757,0.108382,0.7813,0.081188,0.109512,0.8278,0.039142,0.150801,0.7608,-0.085628,0.108003,0.9334,0.081664,0.095707,0.7822,0.033057,0.16866,0.9256,0.031755,0.174283,0.8508,-0.023834,0.149078,0.897,0.06723,0.150468,0.7055,0.034726,0.161372,0.8438,0,0,0,0,0,0,0,0,0,0,,0,0,0,0,0,0,0,0,0,0
DOGS/mixkit-50657__a-blue-eyed-border-collie-licks-his-muzzle/mixkit-50657__a-blue-eyed-border-collie-licks-his-muzzle_t0_000115.jpg,danek,Border collie,relaxed,-0.106829,-0.148311,0.716,0.065643,-0.150038,0.8589,-0.158669,-0.170117,0.9482,0.11152,-0.157158,0.9451,-0.215004,-0.153267,0.989,0.153833,-0.13985,0.9555,-0.282038,-0.118853,0.9517,0.204205,-0.111676,0.9437,-0.234138,-0.111068,0.9131,0.158428,-0.108718,0.9172,-0.201656,-0.093374,0.9089,0.1349,-0.09601,0.9448,-0.165087,-0.074656,0.7917,0.107565,-0.077289,0.7433,-0.026873,-0.099011,0.813,0.0165,-0.101293,0.8954,-0.057571,-0.02648,0.9697,0.047202,-0.029331,0.9607,-0.090299,-0.031563,0.9096,0.075645,-0.035095,0.9415,-0.073078,-0.041862,0.9095,0.060028,-0.043212,0.9586,-0.075172,-0.019078,0.9379,0.063823,-0.022121,0.9467,0.013816,0.02442,0.9747,0.029673,0.075561,0.9526,-6.9e-05,0.083603,1.0052,0.057337,0.079361,0.9974,-0.015212,0.031604,0.944,0.042917,0.028341,0.9851,-0.073859,0.016226,0.9005,0.065484,0.012197,0.9019,0.032528,0.1073,0.9715,-0.001376,0.108991,0.981,0.062121,0.107033,0.9891,0.031393,0.132625,0.9528,-0.032046,0.107776,0.8809,0.075243,0.10434,0.8025,0.030956,0.140417,0.9731,-0.073041,0.110252,0.8462,0.080525,0.09331,0.7238,0.030719,0.146524,0.96,0.030677,0.149814,0.9825,-0.019912,0.144565,0.9021,0.062197,0.136775,0.9307,0.030719,0.143683,0.9713,0,0,0,0,0,0,0,0,0,0,0,0,0,0,0,0,0,0,0,0,0
DOGS/mixkit-50660__a-cute-border-collie-dog-panting-patiently-on-the-ground/mixkit-50660__a-cute-border-collie-dog-panting-patiently-on-the-ground_t0_000230.jpg,danek,Border collie,relaxed,-0.106624,-0.055877,0.7979,0.098031,-0.127658,0.6161,-0.12314,-0.013574,0.7953,0.203632,-0.152814,0.6462,-0.126625,0.032802,0.8247,0.267346,-0.144783,0.8501,-0.136667,0.053718,0.582,0.323513,-0.102035,0.9729,-0.135652,0.040055,0.8886,0.286047,-0.092921,0.7728,-0.128959,0.003124,0.6897,0.257034,-0.080442,0.6374,-0.116262,-0.052158,0.5054,0.215089,-0.049743,0.573,-0.054172,-0.079338,0.8183,-0.002465,-0.095303,0.8388,-0.085406,-0.019898,0.9335,0.051074,-0.058919,0.9615,-0.110357,-0.009597,0.9998,0.094387,-0.069921,0.9067,-0.101281,-0.022741,1.0432,0.069483,-0.075711,0.9619,-0.097054,-0.006461,1.0306,0.075268,-0.055432,0.9382,-0.04465,-0.037815,0.9656,-0.065408,-0.010969,0.896,-0.092193,0.004856,0.899,-0.024942,-0.013068,0.923,-0.070116,-0.026942,0.9249,-0.016026,-0.038515,0.9406,-0.099794,0.014395,0.8249,0.089701,-0.024667,0.8661,-0.064916,0.025413,1.0035,-0.099128,0.037069,0.8757,-0.014786,0.011731,0.9863,-0.04798,0.063341,0.9209,-0.101012,0.062425,0.7375,0.036775,0.024668,0.6784,-0.032163,0.090363,0.9301,-0.096796,0.107603,0.4711,0.144489,0.050372,0.9244,0.01824,0.22953,0.9403,0.022643,0.241231,0.9399,-0.055393,0.127454,0.8308,0.061299,0.092164,0.9838,0.010081,0.208148,0.4753,0,0,0,0,0,0,0,0,0,0,0,0,0,0,0,0,0,0,0,0,0
DOGS/mixkit-50661__a-cute-border-collie-dog-panting-patiently-on-the-ground/mixkit-50661__a-cute-border-collie-dog-panting-patiently-on-the-ground_t0_000000.jpg,masha,Border collie,happy,-0.13351,-0.110735,0.9378,0.081923,-0.103951,0.8956,-0.223268,-0.101469,0.8114,0.144695,-0.099875,0.9597,-0.278144,-0.063839,0.9367,0.184129,-0.071895,0.8896,-0.327825,-0.00933,1.0191,0.211285,-0.021705,1.0215,-0.283081,-0.005659,0.8811,0.18979,-0.034409,0.8471,-0.245894,-0.005124,0.5253,0.158591,0.008818,0.5304,-0.194852,-0.001011,0.7454,0.12916,0.001026,1.0368,-0.020263,-0.094645,0.8952,0.031075,-0.093054,0.876,-0.061474,-0.044358,0.9884,0.071387,-0.037678,0.9638,-0.104409,-0.043654,0.9579,0.103012,-0.036358,0.972,-0.082058,-0.058462,0.9625,0.08817,-0.051621,0.9971,-0.084049,-0.033513,0.9737,0.087818,-0.025205,0.9574,0.020056,-0.0424,0.9615,0.032984,-0.01703,0.9851,-0.001716,-0.008843,0.9909,0.06282,-0.008473,0.9877,-0.008815,-0.035876,1.0229,0.047251,-0.038326,0.9402,-0.088205,-0.000275,0.9447,0.095132,0.002318,1.0074,0.035693,0.015009,0.991,-0.007124,0.017004,0.9405,0.071454,0.016773,0.9705,0.032425,0.05127,0.9614,-0.049516,0.036793,0.8367,0.091143,0.039741,0.8885,0.030033,0.077168,0.9851,-0.124177,0.083299,1.0012,0.111144,0.077799,0.9921,0.023948,0.217293,0.9612,0.025046,0.233755,0.9078,-0.051934,0.102653,1.0151,0.073869,0.106485,0.9297,0.021989,0.191878,0.8984,0,0,0,0,0,0,0,0,0,0,0,0,0,0,0,0,0,0,0,0,0
DOGS/mixkit-50661__a-cute-border-collie-dog-panting-patiently-on-the-ground/mixkit-50661__a-cute-border-collie-dog-panting-patiently-on-the-ground_t0_000092.jpg,masha,Border collie,happy,-0.112491,-0.07731,0.8624,0.114154,-0.127062,0.8138,-0.138054,-0.013972,0.6642,0.169628,-0.076745,0.779,-0.153158,0.056756,0.7913,0.215981,-0.029291,0.8938,-0.178423,0.122299,0.9545,0.295266,-0.019367,0.8172,-0.174537,0.046662,0.7864,0.285415,-0.088007,0.6795,-0.158626,-0.014258,0.8259,0.23531,-0.136009,0.8116,-0.124907,-0.066512,0.8273,0.131689,-0.133914,0.7211,-0.03749,-0.102476,0.8336,0.016907,-0.110939,0.8702,-0.080878,-0.037445,0.9252,0.072979,-0.059674,0.9711,-0.110255,-0.029382,0.9914,0.121345,-0.066806,0.9647,-0.099259,-0.046955,0.9948,0.095063,-0.078901,0.9535,-0.094379,-0.022547,0.9556,0.099293,-0.050784,0.9829,-0.027467,-0.054501,0.9134,-0.041399,-0.027132,0.9143,-0.073339,-0.012692,0.9337,8e-06,-0.024318,0.9359,-0.055419,-0.045388,0.9413,0.003835,-0.052584,0.9347,-0.09695,0.008628,0.8677,0.1083,-0.016234,0.9341,-0.042214,0.009267,0.9319,-0.081532,0.019056,0.9939,0.008666,0.002539,0.9618,-0.03246,0.050348,0.9823,-0.098113,0.051753,0.8382,0.056366,0.024257,0.7674,-0.022133,0.082477,0.9539,-0.109533,0.113929,0.8117,0.154527,0.06828,0.9486,0.010923,0.244681,0.9431,0.015476,0.260613,0.9057,-0.065512,0.127422,0.936,0.07227,0.098972,0.9813,0.002363,0.216722,0.5817,0,0,0,0,0,0,0,0,0,0,0,0,0,0,0,0,0,0,0,0,0
DOGS/mixkit-50665__a-young-pitbull-canine-sitting-on-the-ground-patiently-listens/mixkit-50665__a-young-pitbull-canine-sitting-on-the-ground-patiently-listens_t0_000000.jpg,masha,American Staffordshire terrier,surprise,-0.042439,-0.086059,0.9614,0.088911,-0.115679,0.9598,-0.075309,-0.123,0.9574,0.085318,-0.167599,0.9689,-0.120228,-0.14957,0.9766,0.090938,-0.219772,0.9541,-0.183743,-0.16648,0.9885,0.115827,-0.282206,0.9848,-0.168373,-0.094396,0.9775,0.17097,-0.210359,0.9174,-0.131512,-0.03988,1.0022,0.200836,-0.132397,0.9502,-0.091044,0.015514,0.9947,0.201408,-0.039965,0.9327,-0.025522,-0.046471,0.8008,0.020728,-0.059372,0.7946,-0.057539,0.01172,0.9664,0.060053,-0.014623,1.0141,-0.082093,0.01637,0.9561,0.101661,-0.024339,0.9694,-0.07242,0.002256,1.0256,0.078284,-0.033168,0.9706,-0.068897,0.024535,0.9847,0.082811,-0.00944,0.9978,-0.01753,0.006891,0.9231,-0.038214,0.036979,0.9334,-0.061224,0.049847,0.9763,-0.003778,0.037299,0.9784,-0.042439,0.014915,0.9407,0.008838,0.009256,0.9049,-0.071629,0.045955,0.9745,0.087591,0.021701,0.9504,-0.039032,0.069517,0.9973,-0.064059,0.077385,0.9114,0.001988,0.061361,0.9335,-0.029013,0.104275,0.9406,-0.069026,0.102134,0.7686,0.04967,0.080036,0.6527,-0.017975,0.132118,1.0271,-0.068904,0.134104,0.8349,0.167495,0.12503,0.8401,0.010968,0.212643,0.9642,0.015108,0.225493,0.8072,-0.0385,0.179932,0.8983,0.084524,0.162419,0.8989,0.005702,0.195628,0.8631,0,0,0,0,0,0,0,0,0,1,0,1,0,0,0,0,0,0,0,0,0
DOGS/mixkit-50665__a-young-pitbull-canine-sitting-on-the-ground-patiently-listens/mixkit-50665__a-young-pitbull-canine-sitting-on-the-ground-patiently-listens_t0_000092.jpg,masha,American Staffordshire terrier,surprise,-0.059017,-0.089822,0.9603,0.08203,-0.110259,0.9795,-0.09236,-0.130706,0.9913,0.081484,-0.163133,0.9843,-0.138021,-0.162331,0.9436,0.095057,-0.215994,0.9954,-0.201235,-0.18206,0.9897,0.136038,-0.268332,0.9609,-0.190047,-0.107914,0.9824,0.176162,-0.193706,0.999,-0.153207,-0.049221,0.9732,0.185789,-0.116358,1.0385,-0.111218,0.006623,1.0168,0.168137,-0.032363,0.9664,-0.02679,-0.053132,0.8283,0.019686,-0.06128,0.8262,-0.060743,0.004598,0.9979,0.060584,-0.010268,1.0009,-0.088276,0.007522,0.9891,0.098061,-0.017047,0.9927,-0.076475,-0.006316,1.0034,0.077305,-0.027005,0.9933,-0.073898,0.016061,0.9805,0.081211,-0.004115,0.9848,-0.010166,0.007049,0.9174,-0.019105,0.03752,0.9757,-0.044934,0.047719,0.9748,0.012649,0.039974,0.9696,-0.035298,0.014475,0.9654,0.016689,0.009633,0.9442,-0.071561,0.044711,1.0136,0.086526,0.026249,0.9493,-0.018585,0.070217,0.976,-0.048944,0.075413,0.9489,0.020101,0.064858,0.973,-0.012097,0.105016,0.9531,-0.063676,0.101339,0.8439,0.06126,0.082706,0.7494,-0.005481,0.130273,1.0105,-0.079135,0.134746,0.7721,0.145791,0.113818,0.8948,0.010687,0.208116,0.9515,0.012691,0.218418,0.8785,-0.038835,0.176001,1.0186,0.078101,0.158262,0.9834,0.008494,0.198443,0.9065,0,0,0,0,0,0,1,0,1,0,0,0,0,0,0,0,0,0,0,0,0
DOGS/mixkit-50665__a-young-pitbull-canine-sitting-on-the-ground-patiently-listens/mixkit-50665__a-young-pitbull-canine-sitting-on-the-ground-patiently-listens_t0_000161.jpg,masha,American Staffordshire terrier,neutral,-0.068035,-0.099396,0.99,0.069684,-0.112174,1.0034,-0.105711,-0.142247,0.9766,0.067631,-0.16424,0.9633,-0.153771,-0.175901,0.9733,0.084052,-0.211846,0.9286,-0.219341,-0.19804,0.9731,0.126347,-0.257045,0.9917,-0.208787,-0.120394,0.972,0.167334,-0.184559,0.9699,-0.169591,-0.05976,0.9495,0.175326,-0.108979,0.9615,-0.125128,-0.003597,0.9974,0.157134,-0.029034,0.9685,-0.023088,-0.060809,0.8554,0.022513,-0.065958,0.8303,-0.056343,0.002946,1.0034,0.066772,-0.004658,0.954,-0.087745,0.003509,0.9972,0.102433,-0.010674,0.9774,-0.073054,-0.010108,1.0156,0.08238,-0.021576,0.9941,-0.07177,0.013815,0.9352,0.086617,0.003027,0.9841,0.001523,0.014312,0.9587,-0.000444,0.047608,0.9549,-0.028681,0.057121,0.9803,0.030711,0.051237,0.9665,-0.025231,0.021197,0.9447,0.029076,0.018328,0.9485,-0.067644,0.045621,0.9842,0.090956,0.035525,0.9405,0.000583,0.080663,0.9908,-0.03286,0.084586,0.9773,0.038264,0.077966,0.9378,0.003248,0.116209,0.9627,-0.055556,0.108084,0.8245,0.07244,0.097725,0.7718,0.006738,0.138888,0.9782,-0.079409,0.143465,0.7699,0.125126,0.127408,0.7241,0.011992,0.169096,0.9738,0.012955,0.176901,0.8802,-0.046618,0.180344,0.8631,0.080811,0.174228,1.0386,0.011197,0.163216,0.9548,0,0,0,0,0,0,0,0,0,0,0,0,0,0,0,0,0,0,0,0,0
DOGS/mixkit-50666__a-brown-pitbull-canine-panting/mixkit-50666__a-brown-pitbull-canine-panting_t0_000023.jpg,masha,American Staffordshire terrier,submission,-0.087913,-0.057073,0.9941,0.127352,-0.112417,0.9897,-0.116818,-0.063711,0.8912,0.147437,-0.156647,1.0098,-0.147844,-0.0598,0.9479,0.176256,-0.204119,0.9707,-0.167645,-0.043643,0.9312,0.236337,-0.239579,0.9971,-0.155594,-0.018004,0.8981,0.253491,-0.151506,0.986,-0.138527,-0.001203,0.8093,0.238196,-0.074225,0.913,-0.120523,0.007085,0.6645,0.196473,-0.009885,0.912,-0.045679,-0.054962,0.7957,0.003227,-0.069528,0.7002,-0.079981,0.001167,0.9407,0.051474,-0.030806,1.0065,-0.106263,0.006628,0.9574,0.095141,-0.043207,0.962,-0.095808,-0.007448,1.0002,0.068257,-0.051727,0.9902,-0.092143,0.013569,0.9437,0.076521,-0.02596,0.9747,-0.03689,-0.010084,0.8654,-0.054433,0.017775,0.9855,-0.078964,0.033462,0.9367,-0.015083,0.017045,0.976,-0.063079,0.000238,0.8951,-0.008013,-0.009637,0.9239,-0.095108,0.03571,0.952,0.086519,0.006514,0.8727,-0.05198,0.052895,0.9818,-0.082455,0.062295,0.9828,-0.005343,0.0418,0.9245,-0.04162,0.089772,0.9341,-0.089494,0.0879,0.7005,0.040712,0.058361,0.6198,-0.029409,0.120789,1.0205,-0.088032,0.136249,0.547,0.161388,0.105411,0.7531,-0.002162,0.183678,0.742,0.002186,0.19689,0.7173,-0.051978,0.177622,0.8352,0.080979,0.147616,0.9054,-0.009163,0.166483,0.7614,0,0,0,0,0,0,1,0,1,1,1,1,0,0,0,0,0,0,0,1,1
DOGS/mixkit-50670__an-innocent-looking-pitbull-canine-bitting-and-playing-with-a/mixkit-50670__an-innocent-looking-pitbull-canine-bitting-and-playing-with-a_t0_000092.jpg,danek,American Staffordshire terrier,relaxed,-0.077685,-0.1597,0.8612,0.009548,-0.139273,0.8915,-0.110434,-0.19843,0.8765,0.043946,-0.163588,0.9366,-0.149456,-0.223074,0.7372,0.069181,-0.190865,1.018,-0.194773,-0.18953,0.6809,0.102404,-0.201423,0.9695,-0.192311,-0.201048,0.6349,0.093838,-0.159803,0.9397,-0.159912,-0.158648,0.9513,0.070223,-0.133828,0.9065,-0.146249,-0.115255,0.8193,0.048001,-0.104111,0.9463,0.007881,-0.044842,0.5516,0.034567,-0.055332,0.166,-0.007686,-0.007591,0.9004,0.038426,0.020797,0.7699,-0.031906,-0.0341,0.9047,0.055723,0.009769,0.8094,-0.013479,-0.039598,0.9442,0.047741,0.007294,0.795,-0.0309,-0.012009,0.9209,0.046774,0.024272,0.8232,0.01045,0.060888,0.6591,0.029363,0.108019,0.9077,0.011258,0.110446,0.9084,0.043929,0.111774,0.8385,-0.004551,0.061363,0.6073,0.025095,0.065997,0.7172,-0.046222,0.033079,0.7219,0.036465,0.045044,0.8012,0.030215,0.130904,0.8789,0.009217,0.130567,1.0019,0.044378,0.131562,0.8221,0.026905,0.148653,0.8874,-0.027068,0.124927,0.6033,0.0504,0.122875,0.7325,0.025254,0.153836,0.8597,-0.094627,0.115994,0.5088,0.053109,0.10926,0.8447,0.024023,0.158049,0.8953,0.023617,0.160259,0.8671,-0.031841,0.164242,0.8299,0.043316,0.144884,0.8207,0.02457,0.156182,0.8831,0,0,0,0,0,0,0,0,0,0,0,0,0,0,0,0,0,0,0,0,0
DOGS/mixkit-50672__a-young-brown-pitbull-canine-catches-a-teddy-bear-with-its-muzzle/mixkit-50672__a-young-brown-pitbull-canine-catches-a-teddy-bear-with-its-muzzle_t0_000000.jpg,danek,American Staffordshire terrier,neutral,-0.094996,-0.108024,0.9907,-0.001847,-0.088203,0.9097,-0.119227,-0.163523,1.0411,0.011391,-0.135629,0.9738,-0.142189,-0.218793,0.9835,0.042576,-0.176448,1.0225,-0.194965,-0.268132,0.9896,0.096089,-0.20215,0.9891,-0.225511,-0.189458,0.9894,0.109485,-0.132076,0.9669,-0.213879,-0.105694,0.8713,0.090907,-0.069949,0.9209,-0.204316,-0.022078,0.9148,0.079799,-0.005441,0.936,-0.011433,-0.036949,0.8014,0.025674,-0.029935,0.7989,-0.037883,0.003196,0.9986,0.060823,0.028237,0.9542,-0.081573,-0.008415,0.9833,0.082169,0.030859,0.9971,-0.056689,-0.017074,1.0164,0.073419,0.019524,0.9637,-0.062882,0.00837,0.9907,0.071386,0.038826,1.0243,0.028079,0.025603,0.8727,0.061656,0.05634,0.8353,0.030763,0.056261,0.8723,0.081244,0.06598,0.8233,0.00483,0.028585,0.9087,0.049121,0.031219,0.8966,-0.06854,0.039021,0.8957,0.075224,0.054972,0.8463,0.066506,0.085941,0.9989,0.030115,0.077096,0.9286,0.08495,0.093716,0.8436,0.05677,0.118895,0.8917,-0.019065,0.091836,0.5886,0.083884,0.11873,0.7246,0.047108,0.141711,0.9961,-0.138479,0.162145,0.4626,0.083658,0.149075,0.7555,0.042282,0.154006,0.9864,0.039204,0.161493,0.8778,-0.057873,0.170392,0.5086,0.063259,0.177449,0.8706,0.044642,0.148407,0.9725,0,0,0,0,0,0,0,0,0,0,0,0,0,0,0,0,0,0,0,0,0
DOGS/mixkit-576__person-inside-a-tent-with-dog/mixkit-576__person-inside-a-tent-with-dog_t0_000023.jpg,danek,Rottweiler,neutral,-0.097803,-0.152682,1.0059,0.048679,-0.168361,0.9781,-0.148659,-0.142161,0.7678,0.11343,-0.151312,0.7869,-0.168962,-0.073884,0.8261,0.154248,-0.093637,0.8969,-0.207788,-0.002706,0.9995,0.193248,-0.026358,1.0076,-0.244343,-0.051811,0.9826,0.216749,-0.090709,0.9729,-0.266218,-0.098853,0.9995,0.218703,-0.147968,0.9558,-0.170377,-0.002768,0.9391,0.15072,-0.044352,0.9592,-0.036854,-0.106301,0.8239,0.013341,-0.110453,0.8784,-0.073006,-0.027397,0.9743,0.070171,-0.038245,0.982,-0.115538,-0.03045,0.978,0.109047,-0.049019,0.9878,-0.095414,-0.048124,0.9904,0.088755,-0.062209,0.9944,-0.095239,-0.013854,0.9673,0.092685,-0.029391,0.9721,0.005129,-0.005843,0.9329,0.010992,0.03397,0.9718,-0.022266,0.044546,0.9438,0.044213,0.039333,0.9328,-0.025667,0.003671,0.9446,0.036515,-0.001828,0.9745,-0.091319,0.022661,0.9739,0.091775,0.005642,0.9669,0.012506,0.07188,1.0043,-0.025333,0.075196,0.9382,0.052591,0.070087,0.9604,0.013284,0.107763,0.9363,-0.056508,0.095579,0.8075,0.080173,0.087331,0.9021,0.013878,0.133556,0.9139,-0.099647,0.124036,0.8192,0.107549,0.107177,0.8992,0.01391,0.145891,0.9179,0.014292,0.154052,0.881,-0.057719,0.177806,0.7973,0.081093,0.162,0.9985,0.013786,0.14003,0.9159,0,0,0,0,0,0,0,0,0,0,0,0,0,0,0,0,0,0,0,0,0
DOGS/mixkit-6356__woman-taking-a-selfie-after-a-workout/mixkit-6356__woman-taking-a-selfie-after-a-workout_t0_000000.jpg,masha,Labrador retriever,neutral,-0.129731,-0.073338,0.9352,0.12602,-0.155253,0.917,-0.132464,0.001026,0.9218,0.177114,-0.079279,0.8317,-0.117496,0.080068,0.9267,0.198037,0.015072,0.9896,-0.11239,0.16152,0.8453,0.240085,0.120294,0.9104,-0.177526,0.114486,0.9027,0.28309,-0.000341,0.8524,-0.168511,0.002186,0.9383,0.231382,-0.094981,0.8561,-0.139383,-0.084676,0.9244,0.127944,-0.172486,0.9231,-0.042134,-0.130118,0.9263,0.000176,-0.137293,0.8814,-0.07104,-0.052641,0.9533,0.051387,-0.079338,0.9648,-0.102611,-0.042437,1.0305,0.098704,-0.085971,0.9718,-0.090571,-0.061723,0.9847,0.072148,-0.099873,0.9451,-0.086575,-0.035563,0.9611,0.078287,-0.071435,0.9525,-0.027324,-0.062541,0.9062,-0.039794,-0.035526,0.9259,-0.070221,-0.021289,0.9218,0.001503,-0.033143,0.9351,-0.054272,-0.052713,0.9361,0.002892,-0.061133,0.9428,-0.093884,-0.008504,0.9444,0.090201,-0.034814,0.8645,-0.036371,0.000378,0.9935,-0.076757,0.010105,0.9821,0.011134,-0.008758,0.8958,-0.025181,0.042917,0.9767,-0.088647,0.042559,0.7168,0.056179,0.012765,0.7508,-0.016162,0.075812,0.9588,-0.087035,0.095234,0.8689,0.122408,0.089768,0.8598,0.018944,0.221671,0.9727,0.021819,0.23525,0.9023,-0.047268,0.15127,0.9983,0.074057,0.115932,0.9071,0.016358,0.208537,0.9186,0,0,0,0,0,0,0,0,0,0,0,0,0,0,0,0,0,0,0,0,0
DOGS/mixkit-6356__woman-taking-a-selfie-after-a-workout/mixkit-6356__woman-taking-a-selfie-after-a-workout_t0_000116.jpg,masha,golden retriever,relaxed,-0.142428,-0.061817,0.8869,0.132953,-0.111523,0.9108,-0.157916,0.010799,0.8714,0.175527,-0.036896,0.7748,-0.142472,0.095491,0.9502,0.186724,0.044332,0.974,-0.153973,0.180303,0.9422,0.222187,0.123315,0.8793,-0.223823,0.119457,0.9692,0.276363,0.0408,0.9387,-0.193782,0.012732,0.9421,0.220881,-0.04878,0.8998,-0.152573,-0.070986,0.6608,0.13533,-0.1295,0.8979,-0.038574,-0.126974,0.8402,0.008276,-0.130996,0.9576,-0.078472,-0.048746,0.9916,0.062348,-0.065448,0.9923,-0.111346,-0.035157,1.0154,0.106438,-0.062758,0.9832,-0.098763,-0.056123,0.9641,0.0833,-0.079999,0.937,-0.094387,-0.02941,0.974,0.086028,-0.052381,0.9399,-0.02,-0.089293,0.9024,-0.022382,-0.064909,0.9501,-0.054677,-0.051348,0.9864,0.015216,-0.058349,0.9187,-0.046808,-0.081193,0.9374,0.009069,-0.084248,0.8388,-0.098166,0.001277,0.9098,0.097853,-0.017173,0.9353,-0.020056,-0.029587,0.9385,-0.060673,-0.021516,0.9476,0.02638,-0.032938,0.9663,-0.014093,0.010229,0.9379,-0.078585,0.017036,0.7751,0.063721,0.001936,0.7407,-0.006775,0.053136,0.9021,-0.078645,0.134737,0.4966,0.116082,0.125059,0.6902,0.013072,0.198082,0.882,0.015479,0.216143,0.8271,-0.047653,0.136944,0.8202,0.075244,0.12253,0.929,0.010912,0.171389,0.8006,0,0,0,0,0,0,0,0,0,0,0,0,0,0,0,0,0,0,0,0,0
DOGS/mixkit-6356__woman-taking-a-selfie-after-a-workout/mixkit-6356__woman-taking-a-selfie-after-a-workout_t0_000203.jpg,masha,golden retriever,relaxed,-0.142632,-0.069881,0.891,0.13046,-0.108908,0.8797,-0.161761,0.011952,0.8817,0.173564,-0.035602,0.8766,-0.147952,0.096907,0.9366,0.184106,0.045916,1.0192,-0.158892,0.186337,0.8713,0.217756,0.129217,0.9575,-0.231762,0.128806,0.893,0.27288,0.042955,0.8768,-0.202119,0.014584,0.9549,0.217456,-0.04785,0.91,-0.150326,-0.078143,0.9041,0.13617,-0.121765,0.854,-0.036545,-0.123469,0.8326,0.010284,-0.128169,0.9642,-0.077404,-0.042786,0.9664,0.064243,-0.061048,1.0083,-0.112527,-0.029382,1.0122,0.107553,-0.057357,0.9761,-0.098679,-0.051987,0.9831,0.085189,-0.074834,0.9659,-0.094243,-0.022047,0.9679,0.087401,-0.046984,0.9608,-0.015487,-0.086854,0.9161,-0.016176,-0.061769,0.933,-0.048961,-0.047551,1.0155,0.021081,-0.05513,0.9893,-0.042193,-0.078042,0.936,0.013594,-0.081957,0.9009,-0.097727,0.01045,0.9371,0.098837,-0.012175,0.906,-0.013993,-0.025727,0.9317,-0.055015,-0.017571,0.9655,0.03147,-0.028521,0.9485,-0.008418,0.013817,0.922,-0.074387,0.019364,0.7141,0.065953,0.005867,0.712,-0.001959,0.057417,0.8976,-0.086902,0.123384,0.5022,0.117577,0.112875,0.4709,0.014924,0.207342,0.7775,0.01734,0.226873,0.7089,-0.050368,0.14605,0.8281,0.080533,0.12576,0.7895,0.01363,0.184464,0.6941,0,0,0,0,0,0,0,0,0,0,0,0,0,0,0,0,0,0,0,0,0
DOGS/mixkit-6356__woman-taking-a-selfie-after-a-workout/mixkit-6356__woman-taking-a-selfie-after-a-workout_t0_000348.jpg,masha,golden retriever,relaxed,-0.140578,-0.073285,0.8728,0.123399,-0.117478,0.889,-0.16057,0.002745,0.9195,0.169834,-0.039012,0.8368,-0.147758,0.087762,0.9096,0.179458,0.040237,0.9978,-0.16332,0.173525,0.96,0.212974,0.122835,0.9199,-0.231664,0.114543,0.9492,0.264334,0.034733,0.9329,-0.19984,0.004565,0.8591,0.212769,-0.049734,0.9397,-0.14786,-0.085722,0.946,0.129979,-0.127826,0.8909,-0.035831,-0.126315,0.8338,0.010058,-0.131051,0.9259,-0.076138,-0.047054,0.9882,0.063225,-0.064121,1.0143,-0.111547,-0.034323,1.0051,0.106403,-0.060669,0.9847,-0.096836,-0.054798,0.9565,0.084102,-0.07737,0.9616,-0.093161,-0.028258,1.0173,0.086295,-0.051243,0.9433,-0.014172,-0.08911,0.938,-0.014324,-0.065281,0.9446,-0.047244,-0.051939,0.9818,0.022781,-0.05814,0.9485,-0.040706,-0.081026,0.9034,0.014369,-0.084458,0.8661,-0.096825,0.002617,0.8828,0.097317,-0.017495,0.883,-0.012432,-0.029449,0.9283,-0.053815,-0.022371,0.9733,0.033313,-0.03196,0.9445,-0.007239,0.010907,0.9548,-0.073939,0.013494,0.7141,0.066373,0.001048,0.7029,-0.001052,0.053161,0.8141,-0.083579,0.120611,0.5853,0.113997,0.119903,0.6543,0.014199,0.205762,0.9705,0.015904,0.222391,0.8952,-0.047572,0.135161,0.8962,0.07566,0.115421,0.8615,0.013591,0.189611,1.0004,0,0,0,0,0,0,0,0,0,0,0,0,0,0,0,0,0,0,0,0,0
DOGS/mixkit-6356__woman-taking-a-selfie-after-a-workout/mixkit-6356__woman-taking-a-selfie-after-a-workout_t0_000435.jpg,masha,golden retriever,relaxed,-0.141732,-0.0713,0.9259,0.123912,-0.11135,0.8984,-0.163193,0.007497,0.87,0.168993,-0.037545,0.8488,-0.151458,0.092071,0.9277,0.18054,0.048594,0.9702,-0.167453,0.176556,0.9447,0.213271,0.137988,0.9255,-0.237853,0.119862,0.91,0.260064,0.041221,0.9307,-0.201718,0.01066,0.924,0.208554,-0.04786,0.9101,-0.150296,-0.083551,0.9266,0.129482,-0.122878,0.9495,-0.033171,-0.125109,0.9129,0.012022,-0.128281,0.8677,-0.075343,-0.047425,1.0366,0.067228,-0.060134,1.0053,-0.112312,-0.034879,1.037,0.108977,-0.055771,1.0221,-0.097032,-0.056799,0.9717,0.087925,-0.073576,0.9439,-0.093341,-0.028535,0.9412,0.089545,-0.046138,0.9511,-0.011569,-0.091217,0.86,-0.011734,-0.066114,0.9044,-0.0453,-0.052193,0.9903,0.025983,-0.058214,0.9813,-0.038758,-0.082718,0.9386,0.016633,-0.08672,0.8696,-0.097449,0.00348,0.9129,0.099963,-0.013011,0.8988,-0.008172,-0.029726,0.9257,-0.051857,-0.022717,0.943,0.03748,-0.031079,0.9677,-0.003584,0.011686,0.9474,-0.072258,0.013836,0.7793,0.068841,0.000907,0.7806,0.001786,0.053398,0.8791,-0.085425,0.127541,0.6602,0.113042,0.116853,0.5569,0.014187,0.207645,0.8504,0.016142,0.22791,0.7942,-0.048781,0.13735,0.8621,0.07702,0.125147,0.8669,0.012768,0.181588,0.841,0,0,0,0,0,0,0,0,0,0,0,0,0,0,0,0,0,0,0,0,0
DOGS/mixkit-6400__woman-taking-a-selfie-with-her-dog/mixkit-6400__woman-taking-a-selfie-with-her-dog_t0_000145.jpg,mafin,Pembroke,neutral,-0.046154,-0.14301,0.6111,0.09097,-0.169659,0.7636,-0.112088,-0.053997,0.6963,0.09101,-0.206178,0.7191,-0.145,-0.131154,0.6158,0.096641,-0.239773,0.84,-0.21705,-0.115421,0.7219,0.118552,-0.275459,0.9482,-0.145112,-0.065068,0.6837,0.174204,-0.215838,0.7723,-0.19025,-0.083536,0.6347,0.214905,-0.161294,0.6881,-0.072182,-0.049382,0.6943,0.21238,-0.100639,0.4762,-0.022235,-0.066475,0.7447,0.019517,-0.077822,0.7368,-0.023108,-0.028785,0.8818,0.049364,-0.040484,0.9673,-0.040104,-0.022567,0.7314,0.09337,-0.070118,0.9485,-0.033607,-0.034462,0.8325,0.061445,-0.07381,0.9682,-0.027685,-0.010907,0.8462,0.076234,-0.035285,0.9651,-0.004252,0.022839,0.8272,-0.040718,0.08833,0.9679,-0.060336,0.096642,0.9157,-0.010803,0.086832,0.9033,-0.028062,0.029678,0.8898,0.022625,0.025994,0.7836,-0.028305,0.006747,0.0,0.094169,-0.009639,0.8816,-0.041237,0.116992,1.0484,-0.05935,0.120818,0.9876,-0.007247,0.113044,0.9481,-0.034893,0.1371,0.9495,-0.065998,0.116892,0.7784,0.035597,0.102953,0.7479,-0.032408,0.142827,0.9796,-0.065719,0.104687,0.5869,0.117509,0.081325,0.9589,-0.030735,0.147667,0.9389,-0.029751,0.150587,0.9399,-0.052102,0.141983,0.8545,0.040142,0.139199,0.7881,-0.03147,0.145375,0.9445,0,0,0,0,0,0,0,0,0,0,0,0,0,0,0,0,0,0,0,0,0
DOGS/mixkit-6400__woman-taking-a-selfie-with-her-dog/mixkit-6400__woman-taking-a-selfie-with-her-dog_t0_000232.jpg,mafin,dingo,neutral,-0.029787,-0.146953,0.5835,0.075385,-0.198507,0.6807,-0.049087,-0.160378,0.3572,0.082948,-0.243571,0.7197,-0.063275,-0.144724,0.3961,0.090516,-0.279357,0.7317,-0.068382,-0.058224,0.7262,0.112213,-0.315154,0.9515,-0.060519,-0.067292,0.3857,0.166853,-0.254794,0.6547,-0.052688,-0.076429,0.3209,0.203708,-0.190196,0.3903,-0.042177,-0.107577,0.348,0.172338,-0.127927,0.4063,-0.020141,-0.089111,0.7043,0.015835,-0.099478,0.7055,-0.034125,-0.0374,0.8924,0.049327,-0.058939,0.9776,-0.055661,-0.036859,0.7916,0.089881,-0.082867,0.9838,-0.045694,-0.04534,0.8566,0.06171,-0.086034,0.9959,-0.043971,-0.029258,0.9151,0.074733,-0.060042,0.9455,-0.01752,0.020837,0.8562,-0.055073,0.093516,0.9652,-0.075172,0.104139,0.9595,-0.023769,0.089563,0.9096,-0.041946,0.028166,0.9477,0.009552,0.022852,0.7692,-0.040691,-0.005226,0.9314,0.080177,-0.024798,0.8765,-0.053162,0.124,1.0419,-0.071899,0.129572,0.9299,-0.01736,0.116988,0.9487,-0.043674,0.145188,1.0422,-0.077528,0.127206,0.7754,0.029837,0.103188,0.7777,-0.039782,0.150937,0.9922,-0.077749,0.102154,0.5057,0.110397,0.078988,0.9019,-0.036723,0.15637,0.9962,-0.03524,0.159367,0.9718,-0.059923,0.150333,0.8916,0.042192,0.137307,0.8161,-0.038025,0.153914,0.9978,,,,,,,,,,,,,,,,,,,,,
DOGS/mixkit-6400__woman-taking-a-selfie-with-her-dog/mixkit-6400__woman-taking-a-selfie-with-her-dog_t0_000319.jpg,mafin,Pembroke,neutral,-0.032194,-0.142106,0.7972,0.071635,-0.176412,0.8165,-0.093964,-0.123065,0.6333,0.08613,-0.211159,0.7624,-0.149099,-0.119171,0.8393,0.098778,-0.242235,0.8488,-0.20202,-0.099354,0.9209,0.12873,-0.271286,0.9242,-0.159055,-0.071421,0.9049,0.173773,-0.218888,0.7277,-0.124326,-0.069524,0.7975,0.210399,-0.168429,0.6271,-0.063724,-0.054847,0.6446,0.208891,-0.106062,0.4806,-0.014054,-0.078974,0.5493,0.02393,-0.089399,0.7131,-0.028534,-0.01669,0.8888,0.055435,-0.043125,0.9724,-0.052922,-0.017157,0.7819,0.094045,-0.065078,1.0359,-0.042817,-0.027249,0.8865,0.068423,-0.069108,0.9821,-0.040008,-0.006907,0.8391,0.078752,-0.04316,0.9479,-0.004109,0.035843,0.8048,-0.029489,0.102909,0.9819,-0.048836,0.111429,0.929,-0.000658,0.099838,0.9359,-0.025517,0.043482,0.8597,0.021197,0.035787,0.7796,-0.037888,0.01784,0.8806,0.081646,-0.009909,0.9058,-0.027308,0.129936,1.0002,-0.047194,0.133955,0.9794,0.002253,0.12424,0.9432,-0.021403,0.146712,0.9777,-0.054165,0.125525,0.5813,0.039536,0.107839,0.7255,-0.019338,0.150501,0.9579,-0.048672,0.084316,0.6567,0.093011,0.090665,0.7445,-0.017542,0.153885,0.9297,-0.016559,0.156012,0.91,-0.042783,0.146657,0.8023,0.041484,0.143092,0.7929,-0.018276,0.152366,0.9437,0,0,0,0,0,0,0,0,0,0,0,0,0,0,0,0,0,0,0,0,0
DOGS/mixkit-6400__woman-taking-a-selfie-with-her-dog/mixkit-6400__woman-taking-a-selfie-with-her-dog_t0_000406.jpg,mafin,dingo,neutral,-0.063702,-0.114412,0.4549,0.06189,-0.17376,0.8212,-0.120546,-0.095448,0.529,0.073072,-0.214456,0.7865,-0.16388,-0.097572,0.6239,0.092064,-0.23784,0.58,-0.219036,-0.076441,0.4516,0.117398,-0.257402,0.6469,-0.132555,-0.156217,0.2779,0.16367,-0.197078,0.6574,-0.107855,-0.156551,0.2588,0.189159,-0.14974,0.7099,-0.084059,-0.098219,0.2079,0.194672,-0.0939,0.6406,-0.029593,-0.076573,0.5414,0.004298,-0.083847,0.5809,-0.036798,-0.033689,0.5506,0.03256,-0.039357,1.0246,-0.070734,-0.014713,0.0,0.073172,-0.059263,0.9444,-0.050766,-0.047346,0.4167,0.047051,-0.060991,0.9725,-0.037609,-0.019567,0.3948,0.057117,-0.039289,0.9265,-0.026778,0.027994,0.7238,-0.053243,0.09816,0.9196,-0.068524,0.113715,0.8786,-0.014126,0.103767,0.9079,-0.050703,0.034845,0.7676,0.000545,0.02962,0.7907,-0.039889,0.009954,0.0,0.060354,-0.007963,0.8804,-0.064578,0.126484,0.9918,-0.073668,0.140954,0.9391,-0.034707,0.132749,0.9385,-0.058188,0.142606,0.9838,-0.082762,0.122538,0.5891,0.028819,0.084689,0.7178,-0.034228,0.154232,0.994,-0.083731,0.086245,0.5311,0.093439,0.07003,0.7223,0.000439,0.155932,0.9243,0.030876,0.154412,0.9389,-0.080326,0.144347,0.0,0.014248,0.136889,0.0,-0.054877,0.148518,0.0,0,0,0,0,0,0,0,0,0,0,0,0,0,0,0,0,0,0,0,0,0
DOGS/mixkit-6400__woman-taking-a-selfie-with-her-dog/mixkit-6400__woman-taking-a-selfie-with-her-dog_t0_000522.jpg,mafin,dingo,neutral,-0.072279,-0.157377,0.9227,0.046106,-0.179591,0.9805,-0.136038,-0.146223,0.6713,0.088573,-0.215985,0.7566,-0.186109,-0.13573,0.7275,0.143768,-0.218119,0.7091,-0.262433,-0.117944,0.8938,0.185112,-0.187363,0.6869,-0.224028,-0.0965,0.8283,0.175026,-0.178034,0.5394,-0.157265,-0.090043,0.9493,0.169026,-0.155633,0.617,-0.086778,-0.078924,0.9809,0.148519,-0.140401,0.7831,-0.021876,-0.094047,0.7678,0.016604,-0.104057,0.7545,-0.029973,-0.028631,1.0023,0.056457,-0.047878,0.9816,-0.051035,-0.033005,0.9152,0.088649,-0.065147,0.9066,-0.040886,-0.040271,0.9928,0.068192,-0.06458,0.9789,-0.04027,-0.0215,0.9757,0.075758,-0.048452,0.923,0.003373,0.035877,0.9018,-0.006265,0.104848,0.9227,-0.027042,0.110112,0.9046,0.022917,0.102051,0.9487,-0.018675,0.04454,0.9274,0.029733,0.035666,0.8794,-0.034248,0.00502,0.9299,0.08048,-0.018419,0.9237,-0.003757,0.130645,0.9708,-0.025552,0.134051,0.9208,0.028478,0.125356,0.9534,0.001288,0.144962,0.9791,-0.033803,0.120404,0.7436,0.057721,0.105884,0.8573,0.002819,0.147788,0.9882,-0.036774,0.094549,0.8833,0.10315,0.081274,0.9068,0.0043,0.150541,1.0074,0.005128,0.152298,0.9892,-0.023076,0.145625,0.937,0.056766,0.137563,0.9391,0.003674,0.149332,1.0096,0,0,0,0,0,0,0,0,0,0,0,0,0,0,0,0,0,0,0,0,0
DOGS/mixkit-7316__husky-sled-dogs-in-the-snow/mixkit-7316__husky-sled-dogs-in-the-snow_t0_000116.jpg,masha,Eskimo dog,neutral,-0.112274,-0.109537,0.8188,0.097304,-0.141038,0.9244,-0.142858,-0.134412,0.9972,0.133364,-0.158029,0.9142,-0.169162,-0.159189,1.0199,0.164535,-0.183941,0.8856,-0.204305,-0.184567,0.9729,0.193327,-0.218731,0.9842,-0.209273,-0.123685,0.9842,0.179812,-0.169814,0.9234,-0.189367,-0.069454,0.9513,0.174002,-0.124135,0.9372,-0.174365,-0.014895,0.9157,0.17182,-0.063625,0.7614,-0.033079,-0.065492,0.7959,0.011228,-0.071115,0.8197,-0.04949,0.001279,0.9455,0.042221,-0.01558,1.0072,-0.080686,-0.000629,0.943,0.078023,-0.025349,0.9891,-0.065192,-0.00994,0.9663,0.056573,-0.032904,0.9642,-0.065469,0.01,0.9803,0.063041,-0.009921,0.9666,-0.000472,0.022484,0.9751,0.001225,0.059991,0.9883,-0.026428,0.069383,1.0115,0.030161,0.061932,0.9902,-0.026013,0.030943,0.9464,0.02643,0.023676,0.9456,-0.062748,0.040868,0.9755,0.068975,0.021991,0.9362,0.004343,0.089187,0.9792,-0.02733,0.09338,0.9619,0.036795,0.084806,0.9861,0.008605,0.119934,0.9894,-0.047358,0.098212,0.8838,0.064566,0.085162,0.8849,0.010672,0.134122,0.9714,-0.066087,0.103761,0.8702,0.099051,0.100555,1.0025,0.015574,0.169216,0.9535,0.017412,0.182613,0.9587,-0.029459,0.140519,0.9558,0.064695,0.135057,0.9465,0.013522,0.150233,0.9784,0,0,0,0,0,0,0,0,0,0,0,0,0,0,0,0,0,0,0,0,0
DOGS/mixkit-7316__husky-sled-dogs-in-the-snow/mixkit-7316__husky-sled-dogs-in-the-snow_t1_000058.jpg,masha,malamute,relaxed,-0.065361,-0.156566,0.7025,0.063847,-0.157046,0.9155,-0.072489,-0.164219,0.7635,0.081239,-0.188992,0.9465,-0.079578,-0.169689,0.8231,0.100363,-0.218715,0.995,-0.085583,-0.173944,0.9575,0.130351,-0.243794,1.0005,-0.095544,-0.155754,0.7689,0.141929,-0.198089,0.9454,-0.098584,-0.14171,0.8122,0.144677,-0.157365,0.9736,-0.097055,-0.126892,0.7598,0.149595,-0.114873,0.8108,-0.053799,-0.055441,0.7316,-0.020755,-0.065622,0.7839,-0.058915,0.00367,0.9383,0.014683,-0.016333,0.9611,-0.080436,-0.000199,0.9128,0.043001,-0.03327,0.9316,-0.070401,-0.00625,0.9487,0.024834,-0.031055,0.9482,-0.069268,0.009756,0.9498,0.031932,-0.018302,0.9439,-0.023844,0.050351,0.9469,-0.026838,0.107736,0.8959,-0.045247,0.115689,0.9355,-0.002728,0.104803,0.9583,-0.045209,0.060523,0.96,0.001551,0.048595,0.8807,-0.062422,0.03796,0.9302,0.04087,0.011343,0.8815,-0.021837,0.130918,0.9541,-0.041023,0.13793,0.9171,0.004645,0.123638,0.9501,-0.012259,0.148185,0.941,-0.050505,0.130348,0.6512,0.032807,0.103637,0.8839,-0.007518,0.154708,1.0362,-0.059711,0.104736,0.8275,0.09113,0.042584,1.0397,0.032919,0.203309,0.8543,0.034944,0.207914,0.8993,-0.031487,0.15441,0.8259,0.047198,0.126925,0.9031,0.040781,0.226502,0.8457,0,0,0,0,0,0,0,0,0,0,0,0,0,0,0,0,0,0,0,0,0
DOGS/mixkit-7316__husky-sled-dogs-in-the-snow/mixkit-7316__husky-sled-dogs-in-the-snow_t7_000145.jpg,masha,Siberian husky,relaxed,-0.106993,-0.106866,0.9117,0.094845,-0.151147,0.9331,-0.138036,-0.130731,1.0114,0.133448,-0.165339,0.9128,-0.164553,-0.153573,1.0085,0.164579,-0.190384,0.9022,-0.199802,-0.175281,0.9549,0.196396,-0.226421,0.9859,-0.200598,-0.116905,0.9802,0.179947,-0.175018,0.9165,-0.178185,-0.066869,0.9885,0.173857,-0.128931,0.9561,-0.162682,-0.015025,0.9397,0.175694,-0.067405,0.9049,-0.033275,-0.063591,0.8311,0.009567,-0.069936,0.8061,-0.047022,0.000874,0.9569,0.040152,-0.016789,0.9744,-0.075638,-0.00151,0.9768,0.075192,-0.027452,0.9675,-0.061444,-0.010221,0.9557,0.053617,-0.034284,0.979,-0.061525,0.00922,0.9356,0.060836,-0.011646,0.9772,-0.003603,0.024828,0.9603,-0.005306,0.06541,0.9893,-0.031479,0.074497,0.9872,0.023631,0.067751,0.9682,-0.028171,0.032822,0.965,0.023059,0.026238,0.9714,-0.05902,0.039765,0.9295,0.066594,0.019902,0.9232,-0.002591,0.095632,0.96,-0.032688,0.100176,0.9641,0.029196,0.09111,0.9669,0.002756,0.125605,0.9854,-0.050426,0.102902,0.8652,0.058585,0.088291,0.8414,0.005418,0.138259,1.0147,-0.063775,0.108217,0.767,0.09938,0.0936,1.0264,0.010691,0.16987,0.9712,0.013149,0.183807,0.9216,-0.029887,0.142174,0.9446,0.060041,0.134048,0.9947,0.008069,0.150833,1.0084,0,0,0,0,0,0,0,0,0,0,0,0,0,0,0,0,0,0,0,0,0
DOGS/mixkit-7355__team-of-husky-sled-dogs-running-in-the-snow/mixkit-7355__team-of-husky-sled-dogs-running-in-the-snow_t0_000087.jpg,danek,Eskimo dog,neutral,-0.085107,-0.148645,0.7478,-0.015724,-0.154322,0.5945,-0.077201,-0.190081,1.0977,-0.020788,-0.184152,0.5709,-0.076228,-0.22506,0.8924,-0.018317,-0.204651,0.4288,-0.078433,-0.262028,0.9803,0.012614,-0.183678,0.6373,-0.126564,-0.22731,0.8827,0.000818,-0.20298,0.6517,-0.156078,-0.182528,0.9023,0.024077,-0.162184,0.7486,-0.169113,-0.130049,0.7895,0.028764,-0.112601,0.7763,-0.003532,-0.051575,0.6234,0.022673,-0.047318,0.7663,-0.026892,-0.003414,0.9994,0.032253,0.000147,0.6539,-0.063582,-0.017939,0.9966,0.046206,-0.003319,0.6416,-0.041619,-0.02075,0.9952,0.039905,-0.010651,0.6904,-0.047844,-0.001679,0.9678,0.039079,0.004851,0.7172,0.025879,0.052208,0.845,0.059335,0.104148,0.9557,0.039059,0.107933,1.0332,0.074273,0.108075,0.883,0.005731,0.055438,0.7951,0.042787,0.054782,0.7704,-0.052469,0.029189,0.9193,0.039434,0.026052,0.7088,0.061218,0.126827,1.0161,0.039102,0.127146,0.9725,0.074971,0.127102,0.929,0.05729,0.14523,0.9958,-0.000466,0.120978,0.7258,0.080612,0.122993,0.7407,0.054575,0.151769,0.9369,-0.097006,0.098803,0.6332,0.078766,0.104745,0.5936,0.054696,0.156111,0.8646,0.053912,0.15922,0.8544,-0.016225,0.155069,0.7863,0.069859,0.150459,0.862,0.055449,0.153628,0.9136,0,0,0,0,0,0,0,0,0,0,0,0,0,0,0,0,0,0,0,0,0
DOGS/mixkit-7804__throwing-a-treat-to-a-dog/mixkit-7804__throwing-a-treat-to-a-dog_t0_000150.jpg,danek,Labrador retriever,relaxed,-0.067583,-0.174022,0.8667,0.080321,-0.205601,0.823,-0.128354,-0.126266,0.7574,0.13628,-0.156897,0.6611,-0.141079,-0.045084,0.7958,0.162588,-0.086615,0.4961,-0.152706,0.031366,0.9827,0.246691,0.000715,0.793,-0.129006,0.003383,0.6205,0.254198,-0.105347,0.809,-0.114676,-0.017946,0.9488,0.253636,-0.184804,0.844,-0.101513,-0.031951,0.9099,0.103059,-0.226477,0.8769,-0.039846,-0.13051,0.6965,-0.000364,-0.139343,0.6928,-0.066446,-0.049407,0.8991,0.047235,-0.075799,0.9705,-0.092966,-0.045598,0.9543,0.089327,-0.091519,0.9559,-0.083903,-0.059852,0.9867,0.061917,-0.101304,0.9688,-0.077087,-0.035383,0.9205,0.073467,-0.070063,0.9447,-0.024447,0.007261,0.8509,-0.04201,0.06353,0.9839,-0.065472,0.074382,0.8679,-0.006772,0.062077,0.9274,-0.047974,0.016747,0.8163,0.004749,0.007365,0.8326,-0.065747,-0.005471,0.8523,0.079939,-0.032884,0.8996,-0.035546,0.101347,0.9212,-0.063966,0.108564,0.9172,0.008586,0.09157,0.9558,-0.018283,0.135663,0.9805,-0.059836,0.126702,0.6755,0.052499,0.092394,0.5881,-0.009654,0.150592,0.9335,-0.056708,0.139697,0.528,0.12734,0.098192,0.7226,-0.005237,0.157956,0.9342,-0.002096,0.162818,0.9085,-0.035595,0.172034,0.8571,0.08367,0.154717,0.8743,-0.007515,0.154409,0.9699,0,0,0,0,0,0,0,0,0,0,0,0,0,0,0,0,0,0,0,0,0
DOGS/mixkit-7804__throwing-a-treat-to-a-dog/mixkit-7804__throwing-a-treat-to-a-dog_t0_000325.jpg,danek,Labrador retriever,neutral,-0.118766,-0.154045,0.9335,0.119508,-0.190801,0.9104,-0.184726,-0.097606,0.8123,0.177508,-0.129652,0.2591,-0.184442,-0.009807,0.6997,0.206665,-0.038638,0.7551,-0.148585,0.058387,0.982,0.229545,0.042912,0.9018,-0.174188,0.044269,0.9135,0.256509,-0.030888,0.927,-0.152234,0.017217,0.5726,0.253905,-0.112027,0.947,-0.137367,0.007812,0.8353,0.173754,-0.086565,0.4311,-0.050417,-0.140339,0.6612,0.000246,-0.15084,0.7222,-0.082676,-0.056855,0.9919,0.06102,-0.086531,0.9169,-0.11966,-0.053766,0.9794,0.105115,-0.099678,0.9915,-0.105677,-0.073767,0.9698,0.079028,-0.111289,0.9228,-0.099356,-0.040044,0.9834,0.087125,-0.078996,0.9121,-0.01835,-0.026442,0.9435,-0.021175,0.021181,0.9805,-0.054639,0.037006,0.9427,0.02161,0.020558,0.898,-0.050111,-0.014753,0.911,0.01684,-0.025241,0.9317,-0.08954,-0.004865,0.9486,0.092511,-0.038141,0.8634,-0.013714,0.062,0.947,-0.054834,0.073925,0.9587,0.034622,0.053254,0.9329,-0.002534,0.102262,0.9967,-0.069366,0.095209,0.7743,0.066926,0.067997,0.5968,0.005606,0.126735,1.007,-0.071595,0.128946,0.6787,0.118681,0.101071,0.6797,0.016714,0.165635,0.735,0.021603,0.183187,0.6589,-0.037077,0.177706,0.8016,0.078866,0.149896,0.7267,0.011417,0.144858,0.7759,0,0,0,0,0,0,0,0,0,0,0,0,0,0,0,0,0,0,0,0,0
DOGS/mixkit-7804__throwing-a-treat-to-a-dog/mixkit-7804__throwing-a-treat-to-a-dog_t0_000475.jpg,danek,Labrador retriever,neutral,-0.11076,-0.11994,0.6412,0.091396,-0.202823,0.7702,-0.137011,-0.076737,0.8119,0.180295,-0.195966,0.5348,-0.130021,-0.033343,0.6446,0.241017,-0.138409,0.7814,-0.087394,0.040462,0.8464,0.267609,-0.0453,0.9479,-0.11934,-0.018821,0.4934,0.246984,-0.104683,0.8521,-0.13277,-0.06584,0.718,0.21283,-0.151488,0.7679,-0.122344,-0.098967,0.8184,0.177198,-0.137066,0.721,-0.06364,-0.122507,0.6832,-0.023523,-0.133579,0.7406,-0.083283,-0.038603,0.9074,0.030137,-0.084178,0.9528,-0.106628,-0.032932,0.9494,0.07278,-0.105043,0.9724,-0.099861,-0.045882,0.962,0.04336,-0.112837,0.9661,-0.091614,-0.026268,0.924,0.058075,-0.082329,0.9518,-0.039011,0.001583,0.8023,-0.052278,0.057805,0.9484,-0.072754,0.072163,0.8685,-0.016134,0.051185,0.9075,-0.059193,0.012994,0.8735,-0.009392,-0.001799,0.8066,-0.076184,-0.002586,0.8537,0.069222,-0.046788,0.8436,-0.04017,0.096106,0.923,-0.067741,0.107545,0.8937,0.00256,0.079996,0.9549,-0.018448,0.126249,0.9029,-0.063465,0.126405,0.7185,0.044758,0.075086,0.5832,-0.008648,0.13935,0.9939,-0.06182,0.142376,0.7508,0.124532,0.087655,0.6583,-0.000234,0.152859,0.994,0.00357,0.158613,0.9416,-0.03474,0.166823,0.8773,0.075435,0.136196,0.9055,-0.006,0.143418,1.0474,0,0,0,0,0,0,0,0,0,0,0,0,0,0,0,0,0,0,0,0,0
DOGS/mixkit-7804__throwing-a-treat-to-a-dog/mixkit-7804__throwing-a-treat-to-a-dog_t0_000550.jpg,danek,Labrador retriever,relaxed,-0.086418,-0.145059,0.8594,0.108326,-0.200972,0.8242,-0.138291,-0.087476,0.8849,0.171164,-0.14917,0.8284,-0.135374,-0.019498,0.85,0.199305,-0.074211,0.7692,-0.123773,0.059249,1.0047,0.252656,-0.005652,0.6761,-0.103296,0.023995,0.9441,0.274684,-0.086827,0.9202,-0.092613,0.007432,0.8494,0.25861,-0.167074,0.8815,-0.094611,-0.025007,0.7797,0.116295,-0.220134,0.9184,-0.050481,-0.12655,0.6127,-0.006919,-0.136915,0.7902,-0.076294,-0.048849,0.9114,0.042871,-0.08143,0.9255,-0.100947,-0.047127,0.9784,0.086313,-0.098128,0.9564,-0.09151,-0.058535,1.0456,0.057954,-0.10868,0.9674,-0.086391,-0.038079,0.9268,0.069818,-0.077242,0.9766,-0.033484,-0.001405,0.8383,-0.051019,0.05253,0.9444,-0.074373,0.065458,0.9024,-0.014376,0.050856,0.9249,-0.056552,0.008839,0.7551,-0.003725,-0.001735,0.8328,-0.073211,-0.011356,0.9301,0.077721,-0.039887,0.8211,-0.044021,0.092212,0.9544,-0.071976,0.100988,0.9508,0.001355,0.081409,0.9302,-0.025543,0.125164,0.9515,-0.067185,0.121395,0.6526,0.047658,0.081997,0.5917,-0.015637,0.140447,0.9879,-0.062567,0.140443,0.7729,0.129125,0.097058,0.7342,-0.010957,0.149402,1.0071,-0.00779,0.155391,0.9353,-0.039244,0.172692,0.8404,0.080281,0.146249,0.8364,-0.013495,0.144585,1.016,0,0,0,0,0,0,0,0,0,0,0,0,0,0,0,0,0,0,0,0,0
DOGS/mixkit-8418__dog-catching-food-in-slow-motion/mixkit-8418__dog-catching-food-in-slow-motion_t0_000000.jpg,masha,Labrador retriever,sad,-0.077956,-0.168918,0.8274,0.083836,-0.20589,0.8475,-0.135498,-0.1234,0.7321,0.126629,-0.147424,0.7996,-0.142559,-0.04479,0.8276,0.146929,-0.08007,0.8815,-0.157583,0.035236,0.9873,0.198351,-0.010884,0.9727,-0.141367,-0.002249,0.5956,0.241445,-0.097433,0.9553,-0.120929,-0.020188,0.9252,0.244427,-0.182244,0.9118,-0.106634,-0.031135,0.8485,0.100249,-0.224955,1.0031,-0.044066,-0.129013,0.6708,-0.006692,-0.13738,0.7401,-0.067555,-0.053033,0.8626,0.040898,-0.071013,0.9609,-0.096685,-0.042777,0.7929,0.082633,-0.086626,0.9634,-0.08632,-0.056651,0.7393,0.055917,-0.095226,0.9372,-0.080904,-0.034514,0.8446,0.066925,-0.065778,0.9309,-0.029234,0.007506,0.8367,-0.046905,0.065469,0.9728,-0.070112,0.076709,0.9149,-0.01091,0.062894,0.8767,-0.052754,0.016281,0.8596,-0.001087,0.008046,0.8383,-0.069542,-0.006066,0.8465,0.073327,-0.028346,0.913,-0.04043,0.103107,0.9568,-0.067607,0.110629,0.8908,0.00353,0.092641,0.9893,-0.024235,0.135334,0.9942,-0.062785,0.128805,0.66,0.051185,0.094118,0.6092,-0.015991,0.15027,0.9462,-0.059077,0.142456,0.5442,0.121998,0.097892,0.7493,-0.012349,0.156797,0.9285,-0.009711,0.160937,0.9052,-0.038782,0.172409,0.8487,0.077819,0.152789,0.9929,-0.014287,0.153768,0.9443,0,0,0,0,0,0,0,0,0,0,0,0,0,0,0,0,0,0,0,0,0
DOGS/mixkit-8418__dog-catching-food-in-slow-motion/mixkit-8418__dog-catching-food-in-slow-motion_t0_000200.jpg,masha,black-and-tan coonhound,surprise,-0.124825,-0.148852,0.9284,0.104395,-0.190876,0.8432,-0.184026,-0.097147,0.8587,0.162585,-0.128456,0.6084,-0.184782,-0.011052,0.819,0.194817,-0.040542,0.8041,-0.150774,0.059934,1.0017,0.223267,0.043822,1.0088,-0.184609,0.042231,0.8471,0.254981,-0.036095,0.9632,-0.15569,0.007676,0.4714,0.244696,-0.113235,0.9677,-0.138803,0.00747,0.8933,0.159872,-0.104508,0.4796,-0.049141,-0.133744,0.7221,0.000286,-0.143788,0.7933,-0.082923,-0.052263,0.9646,0.059607,-0.077963,0.9235,-0.11879,-0.049267,0.9887,0.105378,-0.092981,0.9977,-0.106043,-0.06923,0.9865,0.076649,-0.106697,0.8911,-0.099274,-0.035445,0.9605,0.088373,-0.068763,0.91,-0.021649,-0.02776,0.9416,-0.023351,0.01876,0.963,-0.056825,0.035094,0.9294,0.019683,0.018594,0.8955,-0.052298,-0.016014,0.921,0.013183,-0.026478,0.9365,-0.090353,-0.001201,0.9314,0.093298,-0.027606,0.8849,-0.015999,0.061029,0.9628,-0.057333,0.072249,0.9544,0.033142,0.052187,0.9188,-0.004608,0.101353,0.9811,-0.073149,0.092829,0.7655,0.064181,0.067056,0.6416,0.002574,0.126117,1.0501,-0.071273,0.133477,0.6701,0.113083,0.09933,0.6293,0.019944,0.178978,0.6768,0.025006,0.193019,0.6541,-0.041543,0.174739,0.8675,0.080744,0.152084,0.93,0.008426,0.143008,0.636,1,0,0,0,0,0,0,0,1,0,0,0,0,0,0,0,0,0,1,0,0
DOGS/mixkit-8432__doog-catching-food/mixkit-8432__doog-catching-food_t0_000000.jpg,masha,Labrador retriever,neutral,-0.082656,-0.164888,0.7678,0.089211,-0.204378,0.8929,-0.13587,-0.112495,0.7558,0.132759,-0.144339,0.8608,-0.142753,-0.032098,0.7741,0.153099,-0.072333,0.9145,-0.153737,0.042103,0.9903,0.20352,-0.005799,0.9813,-0.133646,0.004379,0.7119,0.248296,-0.08776,0.9264,-0.116825,-0.011393,0.9779,0.253133,-0.1768,1.0077,-0.104634,-0.024889,0.8549,0.106747,-0.222305,0.9426,-0.047126,-0.131834,0.6328,-0.008816,-0.139703,0.6893,-0.072684,-0.04833,0.8648,0.038666,-0.07337,0.9976,-0.097952,-0.042672,0.8865,0.08255,-0.088899,0.9833,-0.089394,-0.055551,0.8953,0.054958,-0.098871,0.9445,-0.082932,-0.033823,0.9075,0.065429,-0.067812,0.9714,-0.031418,0.001319,0.8618,-0.049637,0.057863,0.9151,-0.073492,0.070094,0.8961,-0.013163,0.056151,0.8928,-0.054886,0.011255,0.8783,-0.00336,0.001522,0.8374,-0.072862,-0.004988,0.8847,0.073825,-0.029214,0.8324,-0.04371,0.096416,0.989,-0.072235,0.10427,0.944,0.001295,0.086612,0.9177,-0.027374,0.128228,0.9741,-0.062294,0.127085,0.6665,0.047995,0.089848,0.6527,-0.013921,0.148106,0.9023,-0.05643,0.144402,0.5933,0.124433,0.099576,0.8412,-0.008897,0.15706,0.9687,-0.006025,0.163391,0.9008,-0.03815,0.176645,0.8285,0.072836,0.159498,0.8691,-0.011021,0.152895,1.0004,0,0,0,0,0,0,0,0,0,0,0,0,0,0,0,0,0,0,0,0,0
DOGS/mixkit-8432__doog-catching-food/mixkit-8432__doog-catching-food_t0_000075.jpg,masha,Labrador retriever,neutral,-0.082232,-0.16796,0.8637,0.088361,-0.208293,0.8712,-0.136975,-0.115087,0.752,0.134106,-0.146535,0.8077,-0.143615,-0.035576,0.7943,0.154026,-0.076348,0.8813,-0.15652,0.041682,1.0122,0.206405,-0.0076,0.9559,-0.135227,0.00572,0.6412,0.250383,-0.092293,0.9327,-0.118222,-0.012373,0.8629,0.256325,-0.177789,0.9983,-0.106154,-0.025941,0.7554,0.105893,-0.225858,0.7767,-0.046989,-0.130709,0.5765,-0.008399,-0.139404,0.6714,-0.071838,-0.047277,0.9373,0.039634,-0.075518,0.9521,-0.099213,-0.044017,0.9026,0.083445,-0.09412,0.9484,-0.089634,-0.058775,0.9897,0.054454,-0.105351,0.9979,-0.082791,-0.030921,0.8755,0.067699,-0.070221,0.9889,-0.030313,0.001541,0.8266,-0.048148,0.059136,0.9027,-0.072152,0.071171,0.9188,-0.011118,0.056173,0.9371,-0.053883,0.012112,0.8521,-0.001367,0.000685,0.8507,-0.071821,-0.002124,0.8469,0.074705,-0.031547,0.8799,-0.041785,0.097696,0.9627,-0.070436,0.10619,0.9167,0.002951,0.085697,0.9587,-0.023538,0.131007,0.9662,-0.065824,0.124312,0.641,0.050206,0.087091,0.6449,-0.013308,0.146511,0.9706,-0.063362,0.136356,0.6292,0.124935,0.092568,0.7774,-0.007242,0.154823,1.0187,-0.004205,0.160496,0.9736,-0.041116,0.170048,0.8469,0.076503,0.145568,0.9346,-0.00976,0.150348,0.9818,0,0,0,0,0,0,0,0,0,0,0,0,0,0,0,0,0,0,0,0,0
DOGS/mixkit-9464__stray-dog-sunbathing/mixkit-9464__stray-dog-sunbathing_t0_000115.jpg,danek,Scottish deerhound,neutral,-0.125594,-0.135013,0.9403,0.081769,-0.155332,0.8737,-0.164368,-0.139981,0.8534,0.158386,-0.178191,0.5282,-0.203124,-0.12041,0.9059,0.251543,-0.152414,0.7613,-0.259097,-0.078065,0.828,0.314516,-0.096717,0.9882,-0.198388,-0.090795,0.941,0.254044,-0.132833,0.656,-0.176219,-0.075735,0.976,0.195637,-0.154753,0.7366,-0.147648,-0.052253,0.8795,0.159095,-0.11583,0.6017,-0.048671,-0.076878,0.7685,0.003728,-0.092159,0.7127,-0.056149,-0.012692,0.9772,0.042893,-0.03982,0.9581,-0.083742,-0.00965,0.9518,0.088483,-0.056913,1.0256,-0.071703,-0.020414,0.9863,0.061078,-0.060313,0.9711,-0.069121,-0.002778,0.9443,0.070164,-0.037727,0.9895,-0.007045,0.015217,0.9592,-0.002833,0.063752,0.9616,-0.026656,0.07584,1.0097,0.026499,0.061044,0.9752,-0.032652,0.025958,0.9663,0.022538,0.013572,0.9741,-0.063841,0.028404,0.9256,0.079348,-0.007135,0.9181,0.002308,0.089333,0.9733,-0.023196,0.096605,0.9813,0.031755,0.082703,0.9474,0.008433,0.11166,0.9945,-0.044296,0.099991,0.9232,0.061087,0.074038,0.8335,0.011393,0.12178,1.0092,-0.055399,0.114434,0.9494,0.089088,0.079742,0.8552,0.013717,0.128846,0.9814,0.015085,0.133273,0.9708,-0.020729,0.133489,0.885,0.052392,0.115526,0.9016,0.012569,0.125442,1.0053,0,0,0,0,0,0,0,0,0,0,0,0,0,0,0,0,0,0,0,0,0
DOGS/mixkit-9464__stray-dog-sunbathing/mixkit-9464__stray-dog-sunbathing_t0_000207.jpg,danek,Scottish deerhound,relaxed,-0.130122,-0.128939,0.8739,0.09119,-0.164376,0.7322,-0.167866,-0.127942,0.9071,0.173639,-0.189045,0.6909,-0.203165,-0.106726,0.8006,0.237036,-0.156468,0.7387,-0.258062,-0.063785,0.9014,0.290916,-0.103226,1.012,-0.197039,-0.084416,0.6947,0.247021,-0.131394,0.7852,-0.173943,-0.072882,1.0012,0.200799,-0.156267,0.8256,-0.147352,-0.058188,0.8537,0.162741,-0.120027,0.5941,-0.046117,-0.082127,0.841,0.002754,-0.093293,0.8498,-0.055971,-0.022817,0.9867,0.037456,-0.03989,0.9183,-0.089307,-0.02011,0.9162,0.082843,-0.055392,1.0016,-0.073982,-0.03151,0.9927,0.056035,-0.060149,0.9797,-0.071814,-0.012618,0.9439,0.064612,-0.036206,0.9606,-0.007901,0.017027,0.971,-0.004213,0.069373,0.9649,-0.029367,0.079656,0.9667,0.025057,0.067917,0.9771,-0.033478,0.026664,0.9413,0.020792,0.016712,0.9692,-0.067858,0.019803,0.9337,0.072892,-0.004858,0.9334,-3.4e-05,0.095459,0.9761,-0.025873,0.100965,0.9702,0.029371,0.090051,0.9629,0.004945,0.116458,1.0055,-0.046483,0.101295,0.8842,0.055897,0.080507,0.8802,0.006826,0.123901,0.9936,-0.059294,0.11034,0.8688,0.081409,0.085013,0.9137,0.008241,0.129644,0.9938,0.009111,0.13321,0.9643,-0.024717,0.131873,0.9301,0.046174,0.117637,0.88,0.00757,0.126921,1.01,0,0,0,0,0,0,0,0,0,0,0,0,0,0,0,0,0,0,0,0,0
DOGS/mixkit-9464__stray-dog-sunbathing/mixkit-9464__stray-dog-sunbathing_t0_000345.jpg,danek,Scottish deerhound,relaxed,-0.123533,-0.135768,0.8859,0.098315,-0.163993,0.881,-0.168381,-0.138204,0.8569,0.164637,-0.166263,0.7984,-0.213359,-0.116554,0.8667,0.214791,-0.130295,0.8886,-0.286907,-0.046719,0.9209,0.263919,-0.072971,0.9748,-0.206778,-0.092829,0.944,0.234466,-0.137893,0.7371,-0.184221,-0.073669,0.9561,0.185628,-0.1665,0.6031,-0.154977,-0.050996,0.9163,0.156432,-0.097642,0.6756,-0.041102,-0.090796,0.7805,0.013173,-0.101184,0.7649,-0.055823,-0.025366,0.9991,0.0467,-0.042935,1.0154,-0.088992,-0.022248,0.9601,0.089028,-0.055524,0.9935,-0.073486,-0.033303,1.0092,0.064675,-0.061778,0.9455,-0.072187,-0.015563,0.9434,0.071428,-0.037865,0.9888,-0.000476,0.014326,0.9925,0.004362,0.06669,0.952,-0.022254,0.077298,0.937,0.033878,0.065813,1.0093,-0.02677,0.023181,0.9723,0.027793,0.014532,0.9295,-0.069081,0.017407,0.9259,0.076592,-0.006942,0.9223,0.008331,0.094251,0.988,-0.019737,0.099882,0.966,0.038589,0.089017,0.9698,0.012469,0.116802,0.9921,-0.042933,0.101684,0.8464,0.063609,0.080548,0.8473,0.014498,0.125387,1.0225,-0.056132,0.116188,0.8933,0.083272,0.087012,0.9095,0.016006,0.132004,0.9906,0.016864,0.136221,0.9777,-0.019443,0.13502,0.9544,0.050441,0.119817,0.9406,0.01527,0.128747,1.029,0,0,0,0,0,0,0,0,0,0,0,0,0,0,0,0,0,0,0,0,0
DOGS/mixkit-9464__stray-dog-sunbathing/mixkit-9464__stray-dog-sunbathing_t0_000506.jpg,danek,briard,neutral,-0.090762,-0.162493,0.3325,0.070195,-0.20092,0.8776,-0.099094,-0.159615,0.3833,0.130067,-0.182925,0.9292,-0.136508,-0.13271,0.2412,0.177572,-0.137227,0.9849,-0.146169,-0.139109,0.2177,0.242909,-0.080792,0.9181,-0.161558,-0.133319,0.1599,0.225415,-0.170311,0.9276,-0.161293,-0.137256,0.2667,0.180676,-0.251782,0.909,-0.144258,-0.142931,0.2063,0.084582,-0.221237,0.8324,-0.068207,-0.102306,0.792,-0.019929,-0.112387,0.8107,-0.079892,-0.036911,0.9055,0.011642,-0.052909,0.8932,-0.110545,-0.034463,0.9249,0.06167,-0.065958,0.9596,-0.096081,-0.045805,0.9347,0.034754,-0.070445,0.9304,-0.095017,-0.025724,0.957,0.040017,-0.049612,0.9445,-0.040198,0.019281,1.0,-0.032033,0.086885,0.924,-0.058167,0.096313,0.9426,-0.000517,0.084706,0.9786,-0.068809,0.029362,0.9626,-0.007352,0.020177,0.9517,-0.093118,0.007382,0.91,0.049462,-0.015882,0.892,-0.026137,0.112275,0.9705,-0.053065,0.117393,0.9742,0.005236,0.106434,0.9525,-0.020731,0.129796,0.9934,-0.074509,0.11289,0.9771,0.032886,0.092404,0.8578,-0.018975,0.134854,0.9935,-0.089811,0.11173,0.8867,0.06353,0.093518,0.777,-0.01756,0.139048,0.9891,-0.016577,0.141707,0.9748,-0.053551,0.140174,0.9411,0.023168,0.127181,0.8906,-0.018238,0.137116,0.9944,0,0,0,0,0,0,0,0,0,0,0,0,0,0,0,0,0,0,0,0,0
DOGS/mixkit-9464__stray-dog-sunbathing/mixkit-9464__stray-dog-sunbathing_t0_000575.jpg,danek,Irish wolfhound,relaxed,-0.135729,-0.134591,0.8005,0.085337,-0.165855,0.8871,-0.175546,-0.151225,0.7565,0.154027,-0.148081,0.867,-0.209752,-0.148991,0.7519,0.195226,-0.112272,0.9368,-0.240773,-0.109478,0.944,0.253781,-0.07258,0.9953,-0.220943,-0.097766,0.5923,0.236927,-0.143419,0.7748,-0.196317,-0.092004,0.7608,0.185875,-0.192034,0.8348,-0.172404,-0.076759,0.6309,0.133531,-0.128644,0.5898,-0.060398,-0.089051,0.7542,-0.007066,-0.098943,0.7024,-0.066976,-0.017527,0.9898,0.030327,-0.036007,0.9991,-0.097175,-0.01614,0.9806,0.078665,-0.054432,1.0224,-0.083512,-0.027093,0.9968,0.050343,-0.059151,0.9528,-0.081585,-0.007072,0.9561,0.059658,-0.03172,1.0029,-0.011605,0.020365,0.9789,-0.000783,0.069287,0.9787,-0.026192,0.081605,0.9493,0.027916,0.066562,0.9721,-0.037329,0.03131,0.9456,0.016745,0.018827,0.9864,-0.077218,0.026003,0.9145,0.068299,0.000588,0.9175,0.005516,0.096046,0.9502,-0.022118,0.103418,0.961,0.034863,0.089521,0.9567,0.010736,0.118604,0.9733,-0.046062,0.106735,0.8727,0.05927,0.078907,0.8325,0.013226,0.127843,0.9933,-0.058981,0.119795,0.8499,0.080456,0.087249,0.8803,0.014972,0.134534,0.993,0.016011,0.138748,0.953,-0.019532,0.138254,0.9104,0.049409,0.120677,0.9607,0.014075,0.131295,0.9998,0,0,0,0,0,0,0,0,0,0,0,0,0,0,0,0,0,0,0,0,0
DOGS/pixabay_135024/pixabay_135024_t0_000000.jpg,danek,golden retriever,submission,-0.11974,-0.068902,0.8227,0.133598,-0.156201,0.9466,-0.158324,-0.021455,0.8505,0.194159,-0.118239,0.7428,-0.162234,0.032787,0.7424,0.234432,-0.060672,0.9419,-0.172905,0.08765,0.925,0.286378,0.024688,0.9213,-0.169364,0.055107,0.705,0.314092,-0.073419,0.9035,-0.165066,0.002006,0.8186,0.275942,-0.136845,0.6594,-0.113013,0.010766,0.8298,0.153281,-0.152783,0.3828,-0.045686,-0.087507,0.6639,0.004097,-0.105486,0.7933,-0.091463,-0.018786,0.7761,0.070912,-0.062618,0.7465,-0.117112,-0.006783,0.6676,0.131703,-0.081706,0.6681,-0.10698,-0.020746,0.674,0.095505,-0.086085,0.7852,-0.103477,-0.002989,0.7257,0.104864,-0.061546,0.7338,-0.036404,-0.052791,0.8328,-0.05135,-0.022051,1.0099,-0.080025,-0.003578,0.9579,-0.010026,-0.024773,0.92,-0.067654,-0.038633,0.8783,-0.003305,-0.054312,0.8528,-0.100516,0.016359,0.7984,0.114976,-0.030876,0.6234,-0.046432,0.015855,0.9827,-0.081034,0.027946,0.9371,0.002833,0.003537,0.9742,-0.033956,0.053865,0.9758,-0.087887,0.055899,0.8323,0.047936,0.015645,0.7741,-0.02398,0.079848,0.9617,-0.090232,0.095358,0.8229,0.1404,0.050747,0.788,0.002242,0.15554,0.9548,0.008786,0.172686,0.8645,-0.055206,0.132405,0.8846,0.074941,0.097337,0.929,-0.004803,0.131665,0.8979,0,0,0,0,0,0,0,0,0,0,0,0,0,0,0,0,0,0,0,0,0
DOGS/pixabay_135024/pixabay_135024_t0_000090.jpg,danek,golden retriever,relaxed,-0.106377,-0.108418,0.8078,0.115521,-0.165292,0.9507,-0.175861,-0.099651,0.8835,0.170925,-0.127188,0.7645,-0.214913,-0.049006,0.9596,0.199071,-0.065299,0.9361,-0.234041,0.017058,0.9545,0.254225,0.00267,0.9964,-0.20426,0.005164,0.9498,0.277981,-0.076635,0.9336,-0.177387,-0.003149,0.744,0.277348,-0.137294,0.8024,-0.137438,0.025911,0.6861,0.146431,-0.148586,0.3688,-0.042571,-0.093579,0.7539,0.019057,-0.105507,0.843,-0.085925,-0.01665,0.9046,0.075515,-0.041225,0.948,-0.131509,-0.008437,0.8943,0.12028,-0.052029,0.9419,-0.113449,-0.027681,0.9439,0.094843,-0.063617,0.9091,-0.10699,0.001806,0.9529,0.101995,-0.033728,0.9157,-0.0176,-0.038609,0.9653,-0.022959,-0.006463,0.9876,-0.055438,0.00863,1.0329,0.015327,-0.004028,0.9877,-0.048278,-0.028228,0.9849,0.015616,-0.037017,0.9596,-0.097208,0.0313,0.8373,0.106885,-0.002437,0.8025,-0.020202,0.031395,0.9997,-0.057089,0.040698,0.9581,0.025136,0.024327,1.0028,-0.011598,0.069485,0.9025,-0.072042,0.064755,0.9661,0.064897,0.034713,0.9028,-0.005689,0.090919,0.963,-0.082172,0.093735,0.8376,0.136111,0.056146,0.8664,0.014196,0.171067,1.0024,0.018739,0.189087,0.924,-0.048876,0.132303,1.015,0.077351,0.105604,1.0001,0.009351,0.147608,0.9775,0,0,0,0,0,0,0,0,0,0,0,0,0,0,0,0,0,0,0,0,0
DOGS/pixabay_135024/pixabay_135024_t0_000180.jpg,danek,golden retriever,relaxed,-0.100145,-0.125393,0.9037,0.108712,-0.169808,0.9552,-0.170063,-0.116111,0.9069,0.162266,-0.13438,0.7876,-0.212341,-0.063484,0.9773,0.188653,-0.071673,0.9438,-0.239042,0.002185,0.9739,0.243985,-0.008961,0.9923,-0.204507,-0.010951,0.9343,0.270459,-0.083546,0.9756,-0.175584,-0.011015,0.8318,0.269072,-0.145878,0.8986,-0.141267,0.008827,0.8048,0.133319,-0.17355,0.1922,-0.039615,-0.094514,0.7942,0.018505,-0.103264,0.9176,-0.081038,-0.014368,0.951,0.072411,-0.036761,0.9845,-0.127757,-0.005788,0.8696,0.119,-0.047754,0.9548,-0.1097,-0.027358,0.9228,0.092824,-0.060797,0.9924,-0.102173,0.005031,0.9389,0.100166,-0.027717,0.9113,-0.015507,-0.032007,0.9645,-0.020507,0.000803,0.9789,-0.051857,0.014629,1.0201,0.01688,0.003411,0.9736,-0.044964,-0.022354,1.0416,0.016561,-0.029836,0.9811,-0.092367,0.034895,0.8809,0.103898,0.002674,0.8925,-0.017569,0.038254,1.0109,-0.053957,0.04653,0.9395,0.026703,0.031481,1.0011,-0.00941,0.075401,0.9432,-0.068023,0.068283,0.9505,0.06563,0.040769,0.9248,-0.004238,0.095681,0.9643,-0.077208,0.094156,0.8716,0.133833,0.05728,0.9065,0.016868,0.184235,0.9746,0.020825,0.200951,0.9496,-0.044008,0.129847,0.9783,0.074997,0.108562,0.9891,0.01128,0.156485,1.0888,0,0,0,0,0,0,0,0,0,0,0,0,0,0,0,0,0,0,0,0,0
DOGS/pixabay_135024/pixabay_135024_t0_000270.jpg,danek,golden retriever,relaxed,-0.095575,-0.134237,0.9125,0.103896,-0.173798,0.9235,-0.16511,-0.123889,0.8905,0.155378,-0.140335,0.8232,-0.207168,-0.070454,0.9456,0.181544,-0.078708,0.9181,-0.235928,-0.005797,1.0245,0.234302,-0.018768,0.9952,-0.199903,-0.020401,0.9226,0.266112,-0.091396,0.9936,-0.173093,-0.017282,0.8078,0.266235,-0.153437,0.8884,-0.140122,0.003112,0.8663,0.141983,-0.148738,0.2255,-0.04109,-0.097945,0.8393,0.013993,-0.105439,0.8553,-0.077919,-0.013141,0.935,0.070828,-0.034371,1.0061,-0.126343,-0.005426,0.8854,0.119504,-0.047091,0.9577,-0.108096,-0.029149,0.918,0.091836,-0.061171,0.986,-0.099517,0.006949,0.9088,0.100056,-0.024169,0.9495,-0.016709,-0.026721,0.947,-0.021284,0.007691,0.9703,-0.05163,0.021023,1.002,0.016233,0.010422,0.985,-0.044838,-0.016492,1.0004,0.015281,-0.024902,0.9692,-0.090186,0.038111,0.8936,0.103671,0.005473,0.8754,-0.017886,0.045232,1.0078,-0.053204,0.052706,0.9353,0.025602,0.038814,1.0,-0.009542,0.081963,0.9453,-0.066533,0.073112,0.943,0.064507,0.045771,0.8892,-0.004305,0.101763,0.9967,-0.073732,0.0975,0.8701,0.13363,0.055909,0.876,0.018048,0.190437,0.9707,0.022057,0.206114,0.9119,-0.041532,0.131474,0.958,0.074643,0.110119,1.0322,0.01214,0.162471,0.9586,0,0,0,0,0,0,0,0,0,0,0,0,0,0,0,0,0,0,0,0,0
DOGS/pixabay_135024/pixabay_135024_t0_000390.jpg,danek,golden retriever,relaxed,-0.092474,-0.129721,0.8601,0.101743,-0.176127,0.9417,-0.160507,-0.121119,0.9354,0.154201,-0.141152,0.8136,-0.200991,-0.069655,0.9647,0.182057,-0.081036,0.9192,-0.223404,-0.006623,0.9957,0.242892,-0.024036,0.9504,-0.192107,-0.016179,0.9887,0.269091,-0.096076,0.9601,-0.167262,-0.01607,0.7757,0.265359,-0.157736,0.9288,-0.136304,0.008041,0.7565,0.132566,-0.16783,0.3207,-0.04263,-0.093285,0.8383,0.013394,-0.102139,0.8591,-0.079464,-0.01083,0.9282,0.073353,-0.034693,0.9695,-0.122773,-0.002604,0.9157,0.121805,-0.048767,0.9305,-0.106304,-0.024096,0.9409,0.093421,-0.061257,0.9596,-0.09886,0.007884,0.8801,0.102407,-0.025916,0.931,-0.019085,-0.025801,0.9435,-0.025293,0.008504,0.9725,-0.055037,0.02233,1.0392,0.011855,0.010047,0.9875,-0.047436,-0.015464,1.013,0.013304,-0.0242,0.9574,-0.09073,0.037745,0.904,0.105612,0.003729,0.8796,-0.02226,0.045567,0.9998,-0.056938,0.054113,0.9687,0.021236,0.038252,0.97,-0.013211,0.081909,0.9578,-0.068082,0.075486,0.9766,0.061356,0.045846,0.8861,-0.007165,0.101528,0.9955,-0.075141,0.099136,0.8733,0.132646,0.056924,0.889,0.017933,0.195549,0.9203,0.022169,0.2108,0.8978,-0.041924,0.133392,0.9689,0.071939,0.110965,1.0084,0.011351,0.165797,0.9384,0,0,0,0,0,0,0,0,0,0,0,0,0,0,0,0,0,0,0,0,0
DOGS/pixabay_135024/pixabay_135024_t1_000330.jpg,danek,golden retriever,relaxed,-0.096166,-0.125473,0.8658,0.108083,-0.174808,0.9257,-0.161545,-0.119735,0.8725,0.15812,-0.139304,0.8325,-0.202304,-0.068527,0.9658,0.184113,-0.079698,0.969,-0.226246,-0.002969,0.9369,0.237633,-0.021764,1.0023,-0.19307,-0.015709,0.9454,0.273049,-0.09307,0.928,-0.167429,-0.009448,0.8955,0.270467,-0.155784,0.8475,-0.136532,0.009629,0.8504,0.129996,-0.184261,0.3224,-0.042736,-0.093448,0.7932,0.015033,-0.102783,0.8346,-0.0786,-0.012711,0.9652,0.075223,-0.035515,0.9822,-0.122295,-0.005519,0.8374,0.123492,-0.04882,0.9593,-0.106113,-0.026879,0.9629,0.09542,-0.061558,0.9745,-0.098552,0.006327,0.9338,0.103975,-0.026534,0.9528,-0.019578,-0.02669,0.9588,-0.026983,0.008504,0.9193,-0.056652,0.022063,1.0087,0.010422,0.010194,0.9554,-0.047823,-0.016351,0.9759,0.013116,-0.024918,0.9158,-0.090799,0.035892,0.8839,0.107299,0.003185,0.8603,-0.024117,0.045531,0.9871,-0.05871,0.053925,0.978,0.019535,0.038234,0.9822,-0.014555,0.081981,0.9626,-0.068743,0.075006,0.9526,0.060795,0.04566,0.8402,-0.008124,0.101125,0.9672,-0.075529,0.097648,0.844,0.133818,0.055432,0.8652,0.017229,0.191087,0.9206,0.021633,0.207104,0.8627,-0.042736,0.133892,0.9496,0.071475,0.11071,1.0071,0.01062,0.162254,0.9882,0,0,0,0,0,0,0,0,0,0,0,0,0,0,0,0,0,0,0,0,0
DOGS/pixabay_148508/pixabay_148508_t0_000180.jpg,danek,golden retriever,neutral,-0.110347,-0.230741,0.3102,0.066984,-0.222375,0.9729,-0.165171,-0.196244,0.2881,0.101545,-0.197964,0.8151,-0.203521,-0.161757,0.2463,0.116714,-0.155765,0.9089,-0.212518,-0.097665,0.1145,0.137384,-0.083796,0.9263,-0.22035,-0.15588,0.252,0.157739,-0.159141,1.0149,-0.199029,-0.152447,0.1899,0.173025,-0.230966,0.9192,-0.169918,-0.116601,0.4174,0.100088,-0.118486,0.8468,-0.044895,-0.141161,0.2651,0.003909,-0.141067,0.379,-0.085564,-0.039315,0.5461,0.025385,-0.053211,0.8239,-0.122957,-0.052646,0.4624,0.052571,-0.067053,0.545,-0.103551,-0.061906,0.5824,0.040287,-0.07815,0.8596,-0.106217,-0.035157,0.61,0.041209,-0.046814,0.7249,-0.017093,0.021511,0.7722,-0.011431,0.088134,0.9248,-0.045143,0.086462,0.8424,0.016349,0.089467,0.9017,-0.045043,0.023154,0.7033,0.006662,0.028933,0.7388,-0.107644,-0.004472,0.592,0.039423,-0.007561,0.737,-0.014033,0.115984,0.9856,-0.050088,0.111483,0.9385,0.011727,0.115683,0.9413,-0.017278,0.132095,0.9815,-0.075846,0.09857,0.653,0.025325,0.104761,0.8213,-0.017952,0.13525,1.0268,-0.1089,0.083248,0.4419,0.034211,0.089558,0.7552,-0.018987,0.138878,0.9407,-0.019499,0.140987,0.9569,-0.071096,0.130704,0.6802,0.009322,0.130866,0.9139,-0.018659,0.137219,0.9946,0,0,0,0,0,0,0,0,0,0,0,0,0,0,0,0,0,0,0,0,0
DOGS/pixabay_170811/pixabay_170811_t0_000000.jpg,danek,standard poodle,neutral,-0.113835,-0.094456,0.8346,0.125866,-0.131481,0.8067,-0.137353,-0.009148,0.8623,0.180173,-0.066741,0.7891,-0.133533,0.074275,0.8397,0.219482,0.028928,0.5977,-0.13053,0.205067,0.9989,0.338388,0.135175,0.754,-0.213397,0.100008,0.8529,0.365975,-0.022328,0.7663,-0.231195,-0.011626,0.829,0.290529,-0.13211,0.6418,-0.135713,-0.116029,0.8189,0.14368,-0.155072,0.8133,-0.04433,-0.106015,0.9164,0.003059,-0.117598,0.8912,-0.062605,-0.045676,0.883,0.051783,-0.065277,0.9009,-0.095062,-0.041307,0.8841,0.10347,-0.066101,0.7331,-0.080136,-0.055019,0.9155,0.07184,-0.078553,0.8088,-0.079245,-0.032873,0.9266,0.078874,-0.055792,0.8077,-0.019256,-0.041741,0.8418,-0.021186,-0.006645,0.9343,-0.048792,0.004998,0.9916,0.008938,-0.006767,0.9294,-0.046879,-0.029826,0.8683,0.009857,-0.048695,0.7216,-0.08533,-0.005135,0.8151,0.089734,-0.029256,0.7968,-0.017883,0.019407,0.9308,-0.050796,0.031599,0.9617,0.017792,0.017224,0.941,-0.011984,0.046838,0.9677,-0.079863,0.0412,0.7344,0.055369,0.00608,0.7016,-0.007923,0.065101,0.9441,-0.111369,0.08915,0.7602,0.11205,0.043964,0.6582,0.007352,0.1154,0.9401,0.008884,0.124767,0.9389,-0.070327,0.113201,0.8016,0.051317,0.073508,0.8487,0.011555,0.14471,0.9099,0,0,0,0,0,0,0,0,0,0,0,0,0,0,0,0,0,0,0,0,0
DOGS/pixabay_213195/pixabay_213195_t1_000000.jpg,anton,Tibetan mastiff,relaxed,-0.177177,-0.23981,0.6211,0.083436,-0.194473,0.9221,-0.193836,-0.149192,0.0,0.113126,-0.149943,0.9468,-0.210599,-0.15119,0.0,0.137122,-0.102735,0.9902,-0.225065,-0.098917,0.0,0.163083,-0.052864,0.9834,-0.19693,-0.044814,0.0,0.182559,-0.121799,0.9445,-0.207539,-0.135885,0.0,0.161827,-0.182068,0.9379,-0.195707,-0.167582,0.45,0.095696,-0.208485,0.8982,-0.067051,-0.146303,0.6241,-0.015224,-0.149473,0.6041,-0.095448,-0.035005,0.9876,0.029318,-0.045863,0.9722,-0.138032,-0.04143,0.9699,0.068163,-0.056633,0.9819,-0.115576,-0.054722,0.9652,0.04625,-0.068524,1.0069,-0.118108,-0.022641,1.0157,0.05243,-0.036027,0.9706,-0.026641,-0.003668,0.9513,-0.020337,0.042851,0.9584,-0.050324,0.058691,0.9617,0.011919,0.054269,0.9699,-0.056633,0.005364,0.9606,0.003519,3.2e-05,0.9754,-0.113984,0.012643,0.9735,0.05618,-0.0008,0.9972,-0.015379,0.088118,0.9565,-0.036786,0.102922,0.991,0.009913,0.098833,0.9869,-0.013851,0.121275,0.9637,-0.082244,0.088124,0.8871,0.047888,0.081526,0.8885,-0.014976,0.141182,0.9831,-0.104445,0.142324,0.8835,0.058408,0.144996,0.8659,-0.019237,0.334061,0.0,-0.008342,0.226962,0.0,-0.093556,0.171078,0.9314,0.051553,0.168919,0.9785,-0.008032,0.261861,1.067,,,,,,,,,,,,,,,,,,,,,
DOGS/pixabay_22752/pixabay_22752_t0_000522.jpg,masha,Rhodesian ridgeback,relaxed,-0.101681,-0.196687,0.9147,0.050625,-0.184197,0.9842,-0.134119,-0.159463,0.8117,0.093692,-0.185767,0.9217,-0.141969,-0.102977,0.8958,0.127746,-0.11837,0.87,-0.157899,-0.021402,1.0132,0.152148,-0.035547,0.9739,-0.196978,-0.098501,0.9542,0.167134,-0.130987,0.7954,-0.232137,-0.179464,0.9276,0.104898,-0.131016,0.8955,-0.143805,-0.216651,0.609,0.090352,-0.108474,0.975,-0.038048,-0.109195,0.6594,0.005387,-0.10896,0.7347,-0.06083,-0.036915,0.9378,0.043969,-0.047771,0.9985,-0.097579,-0.051478,0.9687,0.074493,-0.065832,0.9684,-0.077236,-0.059192,0.9964,0.055143,-0.069756,0.9668,-0.081394,-0.032662,0.9255,0.063337,-0.045499,0.9495,0.008396,0.029261,0.9356,0.022216,0.093596,0.9495,-0.006616,0.10313,0.9315,0.050026,0.09419,0.8959,-0.017293,0.040446,0.9097,0.035194,0.031405,0.9733,-0.069862,0.007006,0.9293,0.059905,-0.007816,0.951,0.02603,0.129913,0.9673,-0.004618,0.133198,0.942,0.054614,0.125873,0.9916,0.028381,0.155067,0.9247,-0.028037,0.125433,0.8772,0.066206,0.117271,0.7985,0.028528,0.160416,0.9729,-0.051518,0.117423,0.8529,0.072218,0.09606,0.7339,0.028614,0.164244,0.9905,0.028646,0.16664,0.9616,-0.013967,0.161436,0.9389,0.05751,0.153794,0.8555,0.028579,0.162527,0.9965,0,0,0,0,0,0,0,0,0,0,0,0,0,0,0,0,0,0,0,0,0
DOGS/pixabay_233504/pixabay_233504_t0_000000.jpg,masha,German shepherd,relaxed,-0.122003,-0.13288,0.5659,0.081002,-0.135176,0.8573,-0.148547,-0.161057,0.8612,0.100135,-0.16816,0.8579,-0.186161,-0.180204,0.9555,0.129624,-0.198815,0.8757,-0.225226,-0.201675,0.995,0.173724,-0.233407,0.8844,-0.19575,-0.146063,0.9609,0.154663,-0.16271,0.8972,-0.171868,-0.101421,0.7395,0.152411,-0.113419,0.8837,-0.145734,-0.056354,0.5743,0.132265,-0.059922,0.4881,-0.033536,-0.08353,0.7072,0.004772,-0.088779,0.619,-0.046455,-0.00967,0.9635,0.039621,-0.023518,0.9504,-0.077878,-0.015812,0.9535,0.067169,-0.036781,0.9889,-0.061757,-0.025805,0.9768,0.048962,-0.041596,0.9542,-0.063439,-0.00317,0.9435,0.057462,-0.021239,0.9204,0.006656,0.030954,0.9595,0.013794,0.08192,0.9233,-0.010373,0.088753,0.9267,0.038997,0.083498,0.9072,-0.016894,0.038191,0.9902,0.032215,0.03249,0.9461,-0.057049,0.030832,0.9348,0.06174,0.0136,0.8647,0.016569,0.112038,0.9667,-0.011806,0.11448,1.0024,0.044284,0.108845,0.9554,0.01967,0.134299,0.9896,-0.030287,0.112213,0.8534,0.061639,0.102698,0.8235,0.020967,0.141709,1.0052,-0.051151,0.110599,0.8677,0.078483,0.100055,0.8687,0.02155,0.146664,1.0084,0.021808,0.149856,0.9545,-0.018038,0.144507,0.9717,0.058691,0.137519,0.9114,0.021244,0.144201,0.9736,0,0,0,0,0,0,0,0,0,0,0,0,0,0,0,0,0,0,0,0,0
DOGS/pixabay_23686/pixabay_23686_t0_000046.jpg,danek,Rhodesian ridgeback,neutral,-0.152927,-0.158188,0.9694,0.110056,-0.177115,0.9799,-0.215075,-0.086297,0.8086,0.173757,-0.105067,0.7782,-0.201513,0.020211,0.7803,0.166539,-0.026602,0.9324,-0.181341,0.131524,0.9684,0.189718,0.0926,0.9577,-0.221739,0.03793,0.8083,0.236811,-0.0074,0.9184,-0.217711,-0.023715,0.3776,0.256634,-0.077122,0.9652,-0.180017,-0.025905,0.8513,0.142957,-0.127071,0.4144,-0.040782,-0.142362,0.7181,0.010565,-0.146701,0.7924,-0.083726,-0.059503,0.9469,0.060079,-0.072582,0.9515,-0.130363,-0.061587,0.991,0.099082,-0.087336,0.9567,-0.107975,-0.080412,0.9676,0.074077,-0.099064,0.9464,-0.106726,-0.046059,0.9889,0.082792,-0.06692,0.9701,-9.3e-05,-0.034617,0.9146,0.001454,0.010389,0.9733,-0.036626,0.021828,0.9168,0.03975,0.009592,0.9208,-0.03442,-0.023243,0.9647,0.033227,-0.030787,0.9226,-0.096578,-0.001933,0.9261,0.086255,-0.026562,0.8779,0.004165,0.04561,0.946,-0.042215,0.052806,0.968,0.049742,0.04049,0.9649,0.008147,0.088055,0.9551,-0.068882,0.073902,0.8091,0.075358,0.061379,0.7739,0.011814,0.112519,0.9544,-0.096021,0.100401,0.9524,0.104629,0.092351,0.8707,0.013366,0.126999,0.9582,0.014383,0.136724,0.91,-0.054605,0.170851,0.7293,0.088653,0.156321,0.937,0.012707,0.119666,0.9983,0,0,0,0,0,0,0,0,0,0,0,0,0,0,0,0,0,0,0,0,0
DOGS/pixabay_23686/pixabay_23686_t0_000184.jpg,danek,vizsla,relaxed,-0.151447,-0.164768,0.9511,0.097199,-0.145716,0.9476,-0.22099,-0.088844,0.8451,0.142449,-0.071299,0.8902,-0.202133,0.002727,0.8104,0.13227,0.003967,0.8948,-0.20658,0.111422,0.9867,0.14143,0.119386,0.9481,-0.279445,0.022341,0.9471,0.170478,0.026515,0.9344,-0.30717,-0.054648,1.0989,0.191146,-0.040376,0.9914,-0.188421,-0.100572,0.2402,0.12823,-0.047975,0.3325,-0.027582,-0.134384,0.8354,0.026378,-0.131169,0.769,-0.074675,-0.069449,0.9135,0.076044,-0.060796,0.9062,-0.120592,-0.076828,0.9444,0.106435,-0.064159,0.9534,-0.094525,-0.089708,0.9867,0.091186,-0.077495,0.9737,-0.099608,-0.060724,0.9834,0.091581,-0.050816,0.9799,0.020621,-0.044148,0.8856,0.040321,0.002498,0.9672,0.002847,0.008887,0.8831,0.072767,0.011089,0.9206,-0.010737,-0.03725,0.8995,0.051848,-0.037026,0.972,-0.09812,-0.022493,0.875,0.089216,-0.017961,0.9414,0.044563,0.042469,0.9863,-0.001874,0.041308,0.9366,0.08291,0.044681,0.9542,0.038217,0.080926,0.9607,-0.046009,0.057851,0.6763,0.094209,0.061563,0.9462,0.032586,0.104212,0.9667,-0.130718,0.096167,0.7895,0.100042,0.09097,0.85,0.030436,0.116117,0.961,0.029151,0.124465,0.9027,-0.069642,0.158162,0.7497,0.077763,0.152568,1.0401,0.031492,0.110465,0.9847,0,0,0,0,0,0,0,0,0,0,0,0,0,0,0,0,0,0,0,0,0
DOGS/pixabay_23686/pixabay_23686_t0_000253.jpg,danek,vizsla,neutral,-0.144715,-0.178309,0.9773,0.098485,-0.144027,0.8836,-0.220718,-0.107354,0.6943,0.139603,-0.0672,0.6897,-0.204851,-0.015929,0.7799,0.126397,0.004035,0.8564,-0.21588,0.094512,0.9779,0.121622,0.086362,0.571,-0.279046,-0.002264,0.9617,0.153075,0.024384,0.8666,-0.30428,-0.077236,1.0204,0.168648,-0.028916,0.9121,-0.196081,-0.0624,0.4692,0.128085,-0.061534,0.5761,-0.024293,-0.133982,0.649,0.0307,-0.128603,0.7112,-0.073653,-0.075796,0.9567,0.076511,-0.055638,0.974,-0.116467,-0.086324,0.9759,0.106372,-0.058331,1.0032,-0.091557,-0.096531,0.9192,0.09168,-0.07163,0.9666,-0.097745,-0.069888,0.9434,0.091514,-0.045936,0.993,0.030625,-0.033463,0.9037,0.054537,0.014263,0.9721,0.013607,0.019033,0.8879,0.086877,0.023623,0.9113,-0.002595,-0.028669,0.9108,0.061062,-0.025481,0.9386,-0.096379,-0.033595,0.8578,0.088307,-0.01637,0.9137,0.055245,0.054138,0.9748,0.005683,0.05134,0.9524,0.091311,0.057465,0.9356,0.04583,0.092584,0.985,-0.043311,0.060965,0.6394,0.095658,0.074045,0.7991,0.037804,0.115403,0.9853,-0.135432,0.090121,0.7035,0.096788,0.106226,0.8203,0.033204,0.130677,0.9397,0.030988,0.140299,0.8788,-0.067346,0.151216,0.6245,0.073198,0.160221,1.0043,0.035192,0.123212,0.9682,0,0,0,0,0,0,0,0,0,0,0,0,0,0,0,0,0,0,0,0,0
DOGS/pixabay_237987/pixabay_237987_t0_000450.jpg,masha,golden retriever,neutral,-0.164641,-0.18456,0.8626,0.089513,-0.16244,0.8473,-0.198833,-0.136031,0.375,0.12921,-0.140253,0.3066,-0.217348,-0.058905,0.5624,0.12876,-0.049314,0.5171,-0.277073,0.000636,0.9912,0.133297,0.026616,0.9062,-0.307537,-0.077684,0.8439,0.15005,-0.037874,0.6603,-0.289719,-0.156272,0.8341,0.136726,-0.092189,0.388,-0.182006,-0.148224,0.3267,0.113006,-0.108371,0.2734,-0.017114,-0.129519,0.6323,0.033614,-0.126211,0.5382,-0.045098,-0.063691,0.9601,0.066346,-0.052804,0.9662,-0.1026,-0.080285,0.9627,0.100811,-0.055777,0.9053,-0.069677,-0.088231,0.9421,0.084271,-0.066705,0.9585,-0.077574,-0.059399,0.9437,0.084743,-0.04282,0.9161,0.031642,-0.008393,0.8563,0.060053,0.045823,0.9377,0.026213,0.047227,0.9151,0.084409,0.053862,0.9144,0.002403,-0.004572,0.8944,0.057213,-0.002309,0.8717,-0.080091,-0.019827,0.8539,0.079926,-0.00665,0.871,0.058661,0.08055,0.966,0.018825,0.074542,0.9444,0.085046,0.083085,0.9586,0.046717,0.1141,0.919,-0.033576,0.075999,0.5812,0.092008,0.090213,0.773,0.041146,0.12738,0.9364,-0.100693,0.079944,0.8115,0.096775,0.085526,0.5703,0.038606,0.135135,0.9394,0.037384,0.139987,0.904,-0.034183,0.122817,0.9145,0.076468,0.128337,0.9174,0.039564,0.131524,0.9814,0,0,1,0,0,0,0,0,0,0,0,0,0,0,0,0,0,0,0,0,0
DOGS/pixabay_237987/pixabay_237987_t0_000600.jpg,masha,golden retriever,relaxed,-0.17202,-0.18441,0.7211,0.093551,-0.167893,0.8288,-0.204717,-0.131912,0.3182,0.144217,-0.151505,0.4534,-0.21645,-0.051483,0.5668,0.135929,-0.050383,0.366,-0.285659,0.009996,0.934,0.146001,0.029222,0.9006,-0.318212,-0.070922,0.7021,0.161014,-0.040118,0.7899,-0.295799,-0.151949,0.6796,0.15188,-0.096157,0.3418,-0.198087,-0.108371,0.3992,0.115282,-0.083229,0.3084,-0.025506,-0.135777,0.562,0.026466,-0.134099,0.5549,-0.053326,-0.06635,0.9655,0.065411,-0.058346,0.9138,-0.111826,-0.082937,0.9866,0.105113,-0.062772,0.9285,-0.077997,-0.094792,0.9799,0.085847,-0.078363,0.9622,-0.086465,-0.059972,0.9401,0.087292,-0.045982,0.9102,0.0267,-0.013909,0.8761,0.048613,0.04107,0.9601,0.013615,0.044045,0.9362,0.077374,0.048908,0.9164,-0.00434,-0.008458,0.8641,0.056199,-0.007342,0.8651,-0.086495,-0.018189,0.8836,0.084216,-0.006807,0.857,0.049006,0.076747,0.9444,0.007754,0.072261,0.9436,0.080696,0.079078,0.9514,0.040365,0.113152,0.9823,-0.041636,0.075998,0.6578,0.092321,0.08703,0.7754,0.035751,0.127897,0.9409,-0.104244,0.085319,0.8023,0.099828,0.083414,0.6429,0.034202,0.135427,0.9398,0.033367,0.140261,0.8665,-0.042503,0.124858,0.8844,0.07803,0.129769,0.8135,0.034893,0.131936,0.959,0,0,0,0,0,0,0,0,0,0,0,0,0,0,0,0,0,0,0,0,0
DOGS/pixabay_237988/pixabay_237988_t0_000100.jpg,masha,golden retriever,relaxed,-0.190835,-0.147919,0.7025,0.109915,-0.133346,0.7503,-0.246832,-0.162194,0.5295,0.166354,-0.073347,0.5335,-0.277797,-0.035088,0.4222,0.158412,0.007363,0.8279,-0.337308,0.087869,0.6799,0.177612,0.098227,0.9321,-0.371555,-0.017732,0.542,0.19043,0.02242,0.6428,-0.259861,-0.055209,0.4676,0.152399,-0.034022,0.2839,-0.224096,-0.039483,0.6747,0.123497,-0.061281,0.5858,-0.043104,-0.13011,0.7269,0.012143,-0.128444,0.6547,-0.074971,-0.062666,0.9595,0.059309,-0.058624,0.925,-0.13901,-0.073207,0.9642,0.111858,-0.066216,0.9542,-0.106298,-0.09371,0.9443,0.083425,-0.085878,0.8882,-0.108321,-0.050766,0.9319,0.090147,-0.04399,0.9783,0.015736,-0.032579,0.9574,0.034474,0.000506,1.0103,-0.004312,0.006936,0.9288,0.068848,0.009364,0.8941,-0.016075,-0.026903,0.9319,0.046987,-0.027735,0.9363,-0.10426,-0.009559,0.9139,0.091742,-0.007542,0.948,0.039739,0.037941,0.9936,-0.009711,0.035958,0.942,0.07936,0.040273,0.9606,0.035869,0.084187,0.9326,-0.056963,0.055019,0.6867,0.098682,0.05569,0.7491,0.032496,0.107783,0.9868,-0.116102,0.097454,0.4614,0.109129,0.083335,0.7965,0.03126,0.121069,0.935,0.031168,0.129603,0.839,-0.060296,0.129943,0.8124,0.086791,0.129559,0.9433,0.031288,0.114639,0.9474,0,0,0,0,0,0,0,0,0,0,0,0,0,0,0,0,0,0,0,0,0
DOGS/pixabay_237988/pixabay_237988_t0_000400.jpg,masha,golden retriever,neutral,-0.121566,-0.092113,0.8642,0.157714,-0.196548,0.7048,-0.15423,-0.032902,0.5987,0.219906,-0.216628,0.5656,-0.135992,0.037655,0.6942,0.25957,-0.091456,0.7032,-0.161028,0.133242,0.7929,0.305069,0.002719,0.8678,-0.213679,0.061119,0.6194,0.297416,-0.089531,0.481,-0.170369,-0.006167,0.4623,0.242453,-0.103274,0.4322,-0.122209,-0.050299,0.476,0.220537,-0.10548,0.4921,-0.048638,-0.120137,0.6406,0.000442,-0.136198,0.6364,-0.062932,-0.045665,0.9668,0.056037,-0.082802,0.9571,-0.108907,-0.036626,0.9435,0.120092,-0.110305,0.8928,-0.092565,-0.065774,0.9475,0.080564,-0.122036,0.9239,-0.083612,-0.020745,0.9115,0.096199,-0.079239,0.8964,-0.024251,-0.029352,0.8632,-0.04815,0.014327,0.8611,-0.075629,0.030758,0.9004,-0.0064,0.008684,0.8979,-0.050151,-0.015329,0.7435,0.006063,-0.032592,0.8185,-0.082393,0.014327,0.9281,0.100453,-0.037326,0.858,-0.044969,0.050981,0.9703,-0.077101,0.061204,0.9854,0.006668,0.034827,0.9534,-0.027953,0.090097,0.9646,-0.082039,0.080897,0.8158,0.065785,0.036527,0.5822,-0.016967,0.112042,0.9948,-0.082071,0.104186,0.7566,0.139191,0.080269,0.7809,-0.00884,0.128906,0.9006,-0.00556,0.138624,0.7891,-0.052386,0.142905,1.0402,0.080935,0.102421,0.7813,-0.012656,0.120653,0.9463,0,0,0,0,0,0,0,0,0,0,0,0,0,0,0,0,0,0,0,0,0
DOGS/pixabay_251873/pixabay_251873_t0_000023.jpg,danek,German short-haired pointer,neutral,-0.16451,-0.132796,0.9119,0.135174,-0.190395,0.8749,-0.21131,-0.05902,0.7692,0.189533,-0.093535,0.7322,-0.203695,0.014217,0.6891,0.180311,0.015904,0.8391,-0.176424,0.109316,0.925,0.21644,0.139279,0.9824,-0.243813,0.065441,0.9968,0.228748,0.022639,0.8243,-0.16075,0.022565,0.7237,0.243096,-0.05784,0.9204,-0.134264,0.017931,0.9207,0.162076,-0.058552,1.0147,-0.047411,-0.156881,0.8329,-0.002659,-0.166461,0.7735,-0.078863,-0.064805,0.908,0.057363,-0.101146,0.9103,-0.113826,-0.057361,0.9749,0.095829,-0.110296,0.9334,-0.098493,-0.071844,0.9731,0.073048,-0.117342,0.9481,-0.094374,-0.050845,0.9785,0.078189,-0.096655,0.9619,-0.013651,-0.044908,0.9514,-0.02358,0.00155,0.8891,-0.055156,0.017909,0.9676,0.018458,0.000216,0.9784,-0.044175,-0.031987,0.9603,0.019704,-0.044196,0.9012,-0.086073,-0.014842,0.9782,0.08517,-0.057732,0.9094,-0.01973,0.042052,0.9913,-0.055039,0.055782,1.0213,0.029502,0.03107,0.9481,-0.004491,0.07899,0.9919,-0.05869,0.079673,0.8204,0.072121,0.046873,0.7489,0.005714,0.101341,0.9288,-0.056432,0.115448,0.8796,0.12358,0.071188,0.8454,0.011773,0.118635,0.9227,0.014584,0.126538,0.8796,-0.016915,0.171541,0.9385,0.099839,0.142503,0.9794,0.009331,0.112549,0.9485,0,0,0,0,0,0,0,0,0,0,0,0,0,0,0,0,0,0,0,0,0
DOGS/pixabay_304308/pixabay_304308_t1_000360.jpg,danek,malamute,neutral,-0.087583,-0.146683,0.8207,0.026954,-0.141316,0.8267,-0.113752,-0.174748,0.9468,0.051744,-0.171404,0.9469,-0.137644,-0.204141,0.9876,0.071042,-0.20206,0.9631,-0.159285,-0.239829,0.9916,0.094768,-0.233498,1.0058,-0.161079,-0.187069,1.004,0.109039,-0.184744,0.9427,-0.160714,-0.139418,0.8493,0.103165,-0.137345,0.968,-0.148537,-0.079721,0.8019,0.102174,-0.074578,0.9449,-0.024059,-0.056006,0.7301,0.016421,-0.06069,0.7719,-0.044258,-0.0005,0.9848,0.044229,-0.001631,0.9675,-0.076397,-0.005905,0.9789,0.06809,-0.010667,0.9927,-0.058746,-0.01305,0.9715,0.05325,-0.014504,0.9367,-0.061075,0.006056,0.9774,0.058288,0.002066,0.9489,0.011621,0.046182,0.9514,0.024361,0.097258,0.9618,-0.004554,0.105121,0.9452,0.049466,0.099372,0.9454,-0.013445,0.05438,0.9137,0.037292,0.048506,0.9543,-0.05767,0.035614,0.9393,0.063721,0.031784,0.9764,0.02466,0.125212,0.9673,-0.006158,0.127934,0.9724,0.052601,0.124475,0.9638,0.023557,0.14874,1.0152,-0.025513,0.121854,0.9179,0.067467,0.116727,0.8427,0.02381,0.154983,1.0004,-0.061942,0.107621,0.8269,0.081736,0.106332,0.8245,0.023659,0.161582,1.0057,0.023684,0.165626,0.9635,-0.020665,0.15314,0.8984,0.060383,0.149888,0.9015,0.023811,0.158156,1.0222,0,0,0,0,0,0,0,0,0,0,0,0,0,0,0,0,0,0,0,0,0
DOGS/pixabay_351276/pixabay_351276_t0_000048.jpg,masha,golden retriever,sad,-0.147303,-0.154351,0.9016,0.097497,-0.167643,0.8082,-0.173418,-0.094972,0.8647,0.120185,-0.097604,0.7544,-0.177237,-0.021601,0.9086,0.11428,-0.010415,0.6344,-0.185123,0.063582,0.9912,0.126484,0.072828,0.9375,-0.296906,-0.016047,0.8922,0.16838,-0.011354,0.8431,-0.293151,-0.130088,0.7656,0.183652,-0.105216,0.7374,-0.170937,-0.190827,0.7859,0.114462,-0.18514,0.6895,-0.017205,-0.138182,0.7502,0.029649,-0.138917,0.7907,-0.04931,-0.070296,0.9933,0.059016,-0.070777,0.9475,-0.096686,-0.079349,0.94,0.092723,-0.079031,0.9341,-0.069767,-0.093464,0.9401,0.074471,-0.090337,0.9627,-0.076494,-0.061855,0.982,0.07857,-0.061384,0.97,0.024622,-0.005138,0.9598,0.040736,0.055259,1.006,0.00337,0.060215,0.9303,0.071682,0.060196,0.9658,-0.012405,-0.002296,0.9116,0.058796,0.000673,0.8857,-0.079699,-0.028357,0.8495,0.07813,-0.027544,0.8903,0.03981,0.088904,1.0081,0.001496,0.087438,0.9435,0.071787,0.089992,0.944,0.033713,0.118767,0.9446,-0.047242,0.089046,0.7909,0.086133,0.094226,0.8802,0.030589,0.132023,0.9497,-0.114985,0.081963,0.6989,0.098925,0.091668,0.8628,0.029479,0.138911,0.9703,0.028882,0.143667,0.9748,-0.049529,0.145606,0.9363,0.076664,0.145188,1.0415,0.030054,0.13557,1.0068,1,0,0,0,0,0,0,0,0,0,0,0,0,0,0,0,0,0,0,0,0
DOGS/pixabay_351277/pixabay_351277_t0_000048.jpg,danek,golden retriever,neutral,-0.137184,-0.152654,0.918,0.09352,-0.182828,0.6906,-0.164196,-0.117781,0.81,0.113801,-0.124449,0.7932,-0.174763,-0.067348,0.992,0.11759,-0.070518,0.8316,-0.216856,-0.02669,0.9579,0.125383,0.00151,0.9227,-0.267559,-0.095957,0.9258,0.167282,-0.080457,0.827,-0.258128,-0.174243,0.6453,0.191236,-0.169902,0.8812,-0.150025,-0.200037,0.7609,0.104488,-0.214454,0.6554,-0.028293,-0.118765,0.6964,0.015637,-0.121914,0.7248,-0.044261,-0.043451,0.9575,0.049182,-0.057352,0.9466,-0.090158,-0.056752,0.933,0.082732,-0.072051,0.9512,-0.064404,-0.066066,0.969,0.061511,-0.077513,1.0098,-0.069469,-0.034264,0.9199,0.069669,-0.052284,0.9778,0.014972,0.015439,0.9187,0.026934,0.09394,0.9944,-0.005742,0.095622,0.9771,0.056389,0.093842,0.9383,-0.0139,0.022257,0.9057,0.044376,0.01846,0.9773,-0.065258,-0.001608,0.9751,0.070075,-0.019285,1.038,0.026264,0.119186,0.96,-0.00507,0.117534,0.9377,0.056328,0.118202,0.9378,0.025465,0.136368,1.0124,-0.033355,0.10452,0.8769,0.077627,0.103275,0.8836,0.025369,0.139807,0.9948,-0.062864,0.093061,0.874,0.095004,0.086354,0.8641,0.025347,0.142658,1.0209,0.02526,0.144453,1.0108,-0.02277,0.135213,0.9072,0.066034,0.139895,0.835,0.025346,0.141348,1.0293,0,0,0,0,0,0,0,0,0,0,0,0,0,0,0,0,0,0,0,0,0
DOGS/pixabay_37130/pixabay_37130_t0_000000.jpg,masha,American Staffordshire terrier,happy,-0.094697,-0.158735,0.9777,0.063916,-0.174342,0.9555,-0.165055,-0.140916,0.9426,0.126117,-0.131344,0.7672,-0.20976,-0.093595,0.8938,0.145666,-0.05793,0.85,-0.245709,-0.010539,0.9559,0.177038,0.007917,0.9733,-0.235869,-0.064767,0.4632,0.213853,-0.064892,1.0229,-0.186459,-0.058001,1.0069,0.209691,-0.157444,0.9948,-0.155958,-0.026916,0.9646,0.106488,-0.129578,0.5067,-0.033339,-0.120301,0.8366,0.009886,-0.125485,0.8855,-0.066736,-0.042233,0.9414,0.05986,-0.055868,1.0186,-0.107568,-0.040793,0.9792,0.100366,-0.063203,0.958,-0.088456,-0.056993,1.005,0.078053,-0.074275,0.9536,-0.086046,-0.029559,0.9644,0.082038,-0.047983,0.9941,-0.000311,-0.019981,0.9605,0.003085,0.020569,0.9592,-0.029164,0.032399,0.9654,0.037449,0.025294,0.9808,-0.028565,-0.010688,0.9389,0.028832,-0.016713,0.9822,-0.079236,0.015275,0.9698,0.084974,-0.003839,0.9521,0.007642,0.060984,0.9539,-0.031558,0.065751,0.9693,0.047109,0.056181,0.9533,0.013468,0.100943,0.9868,-0.056889,0.08148,0.9005,0.076188,0.066547,0.8541,0.015518,0.118376,0.9921,-0.086584,0.109695,0.9578,0.107575,0.099324,1.0399,0.028865,0.226208,1.0628,0.030871,0.243083,0.9681,-0.034112,0.144637,0.9572,0.070494,0.135352,0.9288,0.026519,0.202454,0.9612,0,0,0,0,0,0,0,0,0,0,0,0,0,0,0,0,0,0,0,0,0
DOGS/pixabay_45144/pixabay_45144_t0_000325.jpg,danek,Eskimo dog,neutral,-0.058691,-0.147842,0.9899,0.029812,-0.159576,0.6781,-0.069861,-0.181487,0.9347,0.04014,-0.191558,0.6543,-0.078237,-0.212048,0.9158,0.060643,-0.216847,0.6374,-0.098859,-0.237761,1.0221,0.092711,-0.241115,0.9894,-0.142986,-0.189175,0.896,0.077071,-0.202679,0.8681,-0.160288,-0.137308,0.7971,0.067628,-0.169255,0.7876,-0.151751,-0.073058,0.5915,0.06043,-0.134453,0.745,-0.019699,-0.066446,0.6814,0.010984,-0.069626,0.6678,-0.039274,0.003108,0.9712,0.035534,-0.003589,0.8953,-0.070878,-0.008791,0.9531,0.05765,-0.019331,0.8823,-0.05162,-0.01324,1.0017,0.044755,-0.018887,0.8592,-0.058147,0.006297,0.9601,0.048439,-0.002571,0.9256,0.013953,0.054993,0.8844,0.034577,0.117919,0.9476,0.010683,0.123813,0.9316,0.054229,0.115875,0.8407,-0.009602,0.063134,0.8836,0.03658,0.054885,0.9128,-0.053785,0.036732,0.8753,0.045257,0.025999,0.8746,0.037069,0.139611,0.9835,0.011361,0.142922,0.8825,0.058024,0.135508,0.927,0.036067,0.15336,0.9362,-0.019198,0.128367,0.6662,0.062876,0.11682,0.6742,0.035196,0.15579,0.9672,-0.103678,0.057956,0.9005,0.062534,0.092532,0.8421,0.011083,0.170587,1.0173,0.006983,0.176879,0.9852,-0.022147,0.149129,0.7761,0.060952,0.143582,0.8908,0.027035,0.160805,0.8413,0,0,0,0,0,0,0,0,0,0,0,0,0,0,0,0,0,0,0,0,0
DOGS/pixabay_598/pixabay_598_t0_000000.jpg,danek,Cardigan,neutral,-0.049559,-0.119,0.918,0.03223,-0.138115,0.9544,-0.072579,-0.16703,0.9534,0.047475,-0.184664,0.9855,-0.102565,-0.210361,0.9484,0.068013,-0.226301,0.9699,-0.147782,-0.242819,0.9703,0.098457,-0.270013,1.0003,-0.165139,-0.160087,0.9311,0.133764,-0.208211,1.0083,-0.149507,-0.094771,0.9313,0.141347,-0.145233,0.9717,-0.11615,-0.039365,0.9195,0.1285,-0.081943,0.9494,-0.022055,-0.05757,0.8787,0.010648,-0.061076,0.8894,-0.033897,-0.005613,0.9585,0.034718,-0.008542,0.9547,-0.063067,-0.00437,0.9449,0.065454,-0.017667,0.9397,-0.04846,-0.015028,0.9689,0.047651,-0.022281,0.9794,-0.048085,0.003014,0.9362,0.051559,-0.005348,0.9755,-0.00049,0.046816,0.9316,-0.000431,0.097632,0.9999,-0.022365,0.104683,0.9623,0.023262,0.098636,0.9596,-0.022575,0.053162,0.9678,0.022703,0.049848,0.9687,-0.045739,0.033971,0.9641,0.053335,0.027862,0.9497,0.002246,0.123064,1.0,-0.019905,0.126884,0.9706,0.025588,0.120656,1.0465,0.005941,0.142805,1.0023,-0.034166,0.12038,0.9851,0.04461,0.111314,1.014,0.007345,0.149477,0.9678,-0.046665,0.103438,0.8979,0.065676,0.097776,0.7434,0.015975,0.184035,0.9246,0.016398,0.190068,0.9536,-0.021894,0.146256,0.9111,0.043779,0.138531,0.9552,0.021772,0.224004,0.9707,0,0,0,0,0,0,0,0,0,0,0,0,0,0,0,0,0,0,0,0,0
DOGS/pixabay_598/pixabay_598_t0_000087.jpg,danek,whippet,neutral,-0.048012,-0.130209,0.8306,0.026836,-0.144098,0.9592,-0.072111,-0.173894,0.9854,0.036569,-0.187619,0.9585,-0.103761,-0.204387,0.9633,0.057424,-0.22324,0.9641,-0.148097,-0.225092,1.0016,0.088871,-0.252954,0.9805,-0.159394,-0.165433,0.9029,0.122222,-0.204114,0.9477,-0.147086,-0.117001,0.8737,0.127143,-0.155915,0.9697,-0.119377,-0.084955,0.8781,0.115448,-0.108213,0.9414,-0.023816,-0.062452,0.7974,0.010268,-0.06744,0.7554,-0.03503,-0.005378,0.91,0.035993,-0.009893,0.9988,-0.06452,-0.005913,0.8255,0.06505,-0.019995,0.8919,-0.050349,-0.015453,0.926,0.047631,-0.024151,0.9397,-0.048853,0.00299,0.9037,0.052711,-0.006283,0.9388,0.001487,0.053103,0.9184,0.005511,0.116679,0.9532,-0.014825,0.121605,0.9531,0.02838,0.115434,0.9451,-0.020561,0.059109,0.974,0.025062,0.056213,0.9541,-0.041736,0.033439,0.8696,0.054256,0.025421,0.9067,0.008721,0.137887,0.9664,-0.011361,0.139881,1.0276,0.030468,0.135375,0.9541,0.01072,0.150468,0.9658,-0.02762,0.126301,0.8511,0.045877,0.121327,0.9176,0.011344,0.153319,0.9989,-0.03865,0.105282,0.931,0.060258,0.108143,0.8622,0.013081,0.160811,1.0153,0.013611,0.163553,0.9908,-0.016544,0.146853,0.9196,0.04192,0.146865,0.9253,0.015623,0.172988,1.0114,0,0,0,0,0,0,0,0,0,0,0,0,0,0,0,0,0,0,0,0,0
DOGS/pixabay_598/pixabay_598_t0_000232.jpg,danek,Cardigan,neutral,-0.051912,-0.122605,0.9478,0.027347,-0.13616,0.9957,-0.073632,-0.16578,0.9682,0.047507,-0.182376,0.9289,-0.100136,-0.207297,1.0651,0.073689,-0.225039,0.9993,-0.149269,-0.24464,0.9898,0.117108,-0.264066,0.9769,-0.174928,-0.170079,0.9175,0.142002,-0.197209,0.9729,-0.170959,-0.096722,0.9476,0.143096,-0.128823,0.8974,-0.13723,-0.039313,0.9167,0.118098,-0.061015,0.9262,-0.024239,-0.048523,0.8997,0.013414,-0.052059,0.8717,-0.044803,0.001237,0.9522,0.039443,-0.005729,0.9634,-0.078144,-0.000737,0.9472,0.068194,-0.015036,0.9296,-0.060618,-0.010048,0.9828,0.051189,-0.020543,0.9791,-0.061474,0.009051,0.9882,0.055941,-0.001434,0.9726,0.004287,0.039243,0.9644,0.008788,0.085384,0.9955,-0.016275,0.093864,0.9267,0.033813,0.087008,0.9257,-0.02099,0.046558,0.9628,0.02877,0.042017,1.018,-0.056728,0.036354,0.9942,0.057769,0.026233,0.9766,0.011986,0.111376,0.9993,-0.013676,0.115571,1.0261,0.036903,0.108903,0.9925,0.014497,0.131629,0.9812,-0.034197,0.111935,1.0356,0.055153,0.101367,0.9903,0.015774,0.139251,1.0163,-0.053599,0.103861,0.9249,0.073182,0.091764,0.8645,0.020337,0.193421,0.936,0.021634,0.200772,0.965,-0.023842,0.139249,0.9423,0.054915,0.132262,0.9426,0.024404,0.239876,0.9794,0,0,0,0,0,0,0,0,0,0,0,0,0,0,0,0,0,0,0,0,0
DOGS/pixabay_77620/pixabay_77620_t0_000046.jpg,masha,American Staffordshire terrier,relaxed,-0.090696,-0.120407,0.975,0.095813,-0.167953,0.9348,-0.119369,-0.064018,0.8151,0.151718,-0.138219,0.8526,-0.122499,0.002622,0.819,0.187934,-0.074221,0.9044,-0.127362,0.072613,0.9929,0.239053,-0.013561,1.0201,-0.160741,0.012338,0.9419,0.25213,-0.090415,0.9679,-0.184008,-0.036776,1.0201,0.257211,-0.156426,0.9555,-0.107775,-0.036654,0.4167,0.135631,-0.139939,0.1999,-0.055157,-0.083732,0.8213,-0.00137,-0.094974,0.6603,-0.072427,-0.021875,0.9729,0.041921,-0.045806,0.9684,-0.104046,-0.014908,0.9784,0.091848,-0.070502,1.002,-0.092101,-0.032033,0.9681,0.059331,-0.082137,0.9662,-0.086574,-0.006418,0.9474,0.074791,-0.041579,0.936,-0.029608,0.009508,0.9201,-0.038107,0.059267,0.618,-0.061866,0.068811,0.5575,-0.008325,0.05672,0.7292,-0.053739,0.019976,0.8851,-0.001709,0.009131,0.9221,-0.080571,0.025809,0.9175,0.080153,-0.00425,0.8514,-0.036521,0.100421,0.5091,-0.068267,0.122223,0.3806,-0.006661,0.076551,0.632,-0.026215,0.153279,0.6756,-0.086965,0.124338,0.3779,0.035748,0.074496,0.6373,-0.01845,0.177818,0.5515,-0.093847,0.127888,0.4073,0.102492,0.11705,0.464,-0.010804,0.188665,0.5201,-0.006966,0.19543,0.494,-0.054386,0.17426,0.3855,0.06571,0.195041,0.5828,-0.014749,0.18198,0.548,0,0,0,0,0,0,0,0,0,0,0,1,0,0,1,1,0,0,0,0,0
DOGS/pixabay_77620/pixabay_77620_t0_000230.jpg,masha,American Staffordshire terrier,surprise,-0.092101,-0.181584,0.9226,0.051468,-0.202535,0.9159,-0.140722,-0.142219,0.8721,0.101764,-0.173355,0.771,-0.150092,-0.089507,0.9425,0.130465,-0.115059,0.9743,-0.162734,-0.026338,0.9473,0.169211,-0.051064,0.9706,-0.198242,-0.086914,0.9589,0.174261,-0.117651,0.9261,-0.217416,-0.141665,0.9533,0.186326,-0.176679,0.9499,-0.138703,-0.079843,0.6758,0.12518,-0.061016,0.7199,-0.038825,-0.117377,0.82,0.005013,-0.123204,0.7665,-0.057333,-0.039243,0.9635,0.048255,-0.054366,0.9497,-0.101901,-0.045537,1.0039,0.088116,-0.072374,0.9559,-0.080509,-0.064982,0.9736,0.063909,-0.083008,0.9668,-0.080322,-0.023946,0.9727,0.073516,-0.046789,0.9434,-0.000568,0.017126,0.9318,0.005891,0.08337,0.9526,-0.021862,0.093811,0.9698,0.037216,0.08495,0.9535,-0.027638,0.029165,0.9076,0.028703,0.018053,0.9488,-0.070561,0.01701,0.8986,0.075367,-0.007207,0.9449,0.012457,0.120256,0.9381,-0.018437,0.12505,0.9444,0.04303,0.114624,0.9233,0.018651,0.150609,0.9485,-0.043232,0.121718,0.8745,0.067429,0.106633,0.8575,0.019807,0.160837,0.9323,-0.066479,0.12263,0.7642,0.091772,0.101997,0.7865,0.020842,0.167912,0.9592,0.021571,0.171957,0.9384,-0.026724,0.158821,0.9068,0.062069,0.161054,0.8678,0.020435,0.164574,0.9344,0,0,0,0,0,0,0,0,0,0,0,0,0,0,0,0,0,0,0,0,0
DOGS/pixabay_78200/pixabay_78200_t0_000050.jpg,danek,Norfolk terrier,neutral,-0.099391,-0.200332,0.9161,0.045256,-0.201032,0.7973,-0.136326,-0.151242,0.8349,0.092017,-0.169372,0.622,-0.165552,-0.092474,0.8402,0.113484,-0.121542,0.725,-0.216046,-0.038374,0.7673,0.136615,-0.056392,0.7529,-0.236732,-0.119659,0.9598,0.146322,-0.139695,0.8206,-0.23026,-0.211195,0.7926,0.12594,-0.191853,0.7557,-0.122143,-0.226552,0.6303,0.065908,-0.219848,0.7871,0.007664,-0.097643,0.6133,0.042907,-0.095369,0.5251,-0.027638,-0.02506,0.9792,0.047911,-0.015562,0.9054,-0.07543,-0.036225,0.9481,0.075423,-0.023271,0.9167,-0.047948,-0.046486,0.9585,0.061899,-0.031944,0.8696,-0.055917,-0.014764,0.9658,0.061607,-0.005877,0.9269,0.022019,0.035296,0.9452,0.029527,0.090424,0.9725,0.006998,0.096963,0.9278,0.048737,0.093624,0.9556,-0.003806,0.040415,0.8743,0.044917,0.039518,0.8705,-0.061152,0.018138,0.9227,0.061742,0.025787,0.861,0.029161,0.118066,0.9594,0.006209,0.119719,0.9541,0.04721,0.114324,0.9588,0.026997,0.138038,0.9806,-0.021849,0.1137,0.8454,0.061421,0.104007,0.8055,0.02598,0.143793,0.9002,-0.05439,0.119839,0.8224,0.074668,0.094622,0.7485,0.024661,0.149584,0.8477,0.024335,0.152368,0.7818,-0.012963,0.145725,0.8411,0.051577,0.134854,0.8013,0.02498,0.147154,0.8834,0,0,0,0,0,0,0,0,0,0,0,0,0,0,0,0,0,0,0,0,0
DOGS/pixabay_78200/pixabay_78200_t0_000200.jpg,danek,Border terrier,neutral,-0.130689,-0.179052,0.9006,0.069824,-0.177451,0.9832,-0.17439,-0.128637,0.801,0.108601,-0.120173,0.8656,-0.214683,-0.05514,0.8911,0.135791,-0.060013,0.8892,-0.281778,0.011548,0.9701,0.17654,0.006418,0.8518,-0.293689,-0.077759,0.8019,0.187718,-0.068958,0.8604,-0.264985,-0.165213,0.8521,0.160228,-0.142531,0.8875,-0.15311,-0.199411,0.8749,0.081433,-0.195789,0.8381,-0.018837,-0.091,0.7324,0.029421,-0.083682,0.6906,-0.046246,-0.022407,0.96,0.057456,-0.007806,0.9386,-0.103007,-0.031839,0.9698,0.093556,-0.007039,0.9549,-0.071582,-0.03893,0.9605,0.076057,-0.020231,0.9824,-0.077278,-0.014009,0.942,0.076668,0.006933,0.9737,0.016773,0.01821,0.9383,0.034605,0.061588,0.9804,0.00467,0.063558,0.9651,0.060594,0.070307,0.9717,-0.013211,0.022962,0.9579,0.045464,0.024301,0.9287,-0.080618,0.018254,0.9468,0.079766,0.036618,0.9665,0.038044,0.090589,0.9084,0.005346,0.086134,0.9917,0.064535,0.09481,0.931,0.034818,0.112292,0.905,-0.031635,0.080281,0.8302,0.079701,0.091714,0.8755,0.033148,0.118541,0.9551,-0.083659,0.089994,0.6639,0.091572,0.089699,0.8329,0.031898,0.123518,0.9205,0.031158,0.126717,0.9262,-0.02348,0.113703,0.8272,0.062635,0.123563,0.9299,0.032326,0.120994,0.9432,0,0,0,0,0,0,0,0,0,0,0,0,0,0,0,0,0,0,0,0,0
DOGS/pixabay_87875/pixabay_87875_t0_000058.jpg,danek,Rhodesian ridgeback,neutral,-0.115764,-0.176998,0.7645,0.095871,-0.182678,0.9653,-0.164384,-0.106792,0.5414,0.165628,-0.186194,0.7681,-0.151974,-0.021472,0.7602,0.224035,-0.145434,0.6905,-0.155066,0.064591,0.9343,0.261503,-0.020432,0.9965,-0.233087,-0.002423,0.9357,0.220417,-0.082094,0.5248,-0.267836,-0.077504,1.0013,0.185986,-0.105701,0.9596,-0.137913,-0.070828,0.6365,0.153424,-0.091888,0.9505,-0.038682,-0.120779,0.7389,0.01005,-0.125468,0.7282,-0.064865,-0.056352,0.9805,0.048675,-0.067732,0.9719,-0.104823,-0.05922,1.0268,0.094293,-0.079531,0.9238,-0.085053,-0.074236,0.9892,0.068114,-0.09057,0.9855,-0.085902,-0.046044,0.9651,0.075299,-0.060876,0.958,-0.00616,0.00551,0.9484,-0.008033,0.059888,0.9432,-0.037636,0.067251,0.8887,0.027,0.062309,0.9313,-0.037558,0.012931,0.9398,0.025893,0.00855,0.9335,-0.079978,-0.010431,0.9102,0.075487,-0.022671,0.8858,-0.001412,0.095493,0.9479,-0.036666,0.098688,0.9586,0.036284,0.091769,0.9788,0.004289,0.12387,0.957,-0.058214,0.100195,0.8845,0.064286,0.084138,0.8288,0.005821,0.132371,1.0252,-0.079939,0.093424,0.8384,0.095839,0.075851,0.8371,0.006668,0.137767,1.0183,0.007212,0.141525,0.9883,-0.043012,0.144194,0.8964,0.069873,0.127236,0.7998,0.006194,0.135054,1.0129,0,0,0,0,0,0,0,0,0,0,0,0,0,0,0,0,0,0,0,0,0
DOGS/pixabay_87875/pixabay_87875_t0_000290.jpg,danek,Rhodesian ridgeback,neutral,-0.077148,-0.143556,0.8369,0.075474,-0.20872,0.9739,-0.085312,-0.090342,0.8052,0.140671,-0.189358,0.6307,-0.077029,-0.021994,0.5741,0.193787,-0.132094,0.7918,-0.056579,0.035208,0.875,0.246105,-0.085545,0.84,-0.086788,-0.015065,0.8539,0.256524,-0.162805,0.7198,-0.102655,-0.085281,0.9558,0.184024,-0.244449,0.6363,-0.084229,-0.15175,0.6436,0.07794,-0.245297,0.7695,-0.049682,-0.096854,0.7234,-0.016433,-0.108577,0.7592,-0.05103,-0.03173,0.8749,0.025661,-0.058434,0.9592,-0.073543,-0.031687,0.8755,0.067704,-0.081949,0.9401,-0.064876,-0.039987,0.8894,0.039448,-0.082213,1.0025,-0.06026,-0.021701,0.8395,0.052159,-0.06046,0.9325,-0.019862,0.038538,0.7964,-0.042709,0.113326,0.9239,-0.062112,0.121798,0.8716,-0.014397,0.109223,0.8155,-0.038007,0.043886,0.7867,0.005543,0.038857,0.7832,-0.045843,0.008646,0.9713,0.063816,-0.025462,0.8623,-0.037412,0.138209,0.8776,-0.058039,0.143897,0.953,-0.005691,0.128611,0.8374,-0.028307,0.154222,0.9348,-0.068238,0.134612,0.5968,0.042293,0.106444,0.4822,-0.025369,0.158698,0.8956,-0.067397,0.107206,0.4463,0.119942,0.083463,0.4749,-0.022509,0.16273,0.8353,-0.021027,0.164986,0.8066,-0.050261,0.156803,0.8219,0.059185,0.140256,0.4815,-0.023868,0.160802,0.883,0,0,0,0,0,0,0,0,0,0,0,0,0,0,0,0,0,0,0,0,0
DOGS/pixabay_98824/pixabay_98824_t0_000096.jpg,danek,flat-coated retriever,fearful,-0.19799,-0.204268,0.438,0.071303,-0.193585,0.8225,-0.215949,-0.030496,0.2352,0.089177,-0.092871,0.5759,-0.208923,0.050762,0.18,0.07964,0.035233,0.7261,-0.236922,0.231102,0.1041,0.140206,0.171352,0.8059,-0.364594,0.05005,0.3948,0.167043,0.018606,0.875,-0.316984,-0.073157,0.3267,0.133466,-0.097021,0.8051,-0.218776,-0.221352,0.4495,0.075105,-0.206865,0.6885,-0.059864,-0.184019,0.8056,-0.006495,-0.186269,0.8197,-0.087823,-0.090229,0.9844,0.036747,-0.096284,0.941,-0.13168,-0.092618,0.9148,0.06608,-0.106068,0.9299,-0.108785,-0.108171,0.9243,0.049192,-0.115131,0.9883,-0.110165,-0.078707,0.9866,0.053825,-0.088754,0.9468,-0.000936,-0.03613,0.9306,0.023392,0.035005,0.9213,-0.012558,0.043516,0.9448,0.053915,0.039679,0.8761,-0.034621,-0.024347,0.9472,0.029334,-0.030358,0.9324,-0.106136,-0.033926,0.8798,0.054575,-0.052339,0.9501,0.027711,0.077393,1.0079,-0.01325,0.079432,0.9647,0.061333,0.07682,0.9753,0.027198,0.112078,1.0078,-0.052552,0.090466,0.9057,0.07353,0.085273,0.9029,0.02529,0.130907,0.9686,-0.099929,0.113808,0.8243,0.081265,0.093543,0.8727,0.024521,0.141074,0.9412,0.024027,0.147925,0.9323,-0.046762,0.169556,0.8703,0.064284,0.169293,0.9516,0.02486,0.135767,0.9793,0,0,0,0,0,0,0,0,0,0,0,0,0,0,0,0,0,0,0,0,0
DOGS/pixabay_98824/pixabay_98824_t0_000360.jpg,danek,flat-coated retriever,neutral,-0.185842,-0.166083,0.813,0.100027,-0.110365,0.8798,-0.210723,-0.065505,0.8559,0.094985,-0.020599,0.7614,-0.215421,0.021049,0.6852,0.106696,0.070081,0.6068,-0.218366,0.162821,0.5726,0.15243,0.195388,0.9649,-0.276144,0.003119,0.6065,0.175128,0.065676,0.9363,-0.287895,-0.123473,0.7732,0.153667,-0.038639,0.9265,-0.200834,-0.189091,0.8182,0.106043,-0.112795,0.7887,-0.052332,-0.149791,0.8651,-0.00553,-0.157249,0.8951,-0.078689,-0.070795,0.9787,0.049819,-0.088277,0.9716,-0.116999,-0.066931,0.9926,0.078593,-0.096698,0.9389,-0.099298,-0.084806,0.973,0.06141,-0.106523,1.0057,-0.096487,-0.057053,0.9811,0.067099,-0.081085,0.9699,0.01006,-0.03702,0.9326,0.033957,0.016049,0.9312,-0.00153,0.030219,0.9614,0.066661,0.017818,0.9536,-0.02261,-0.023653,0.9429,0.043573,-0.034517,0.9377,-0.089835,-0.015248,0.9001,0.072652,-0.046821,0.8805,0.041579,0.050888,0.9575,-0.000629,0.059555,0.9921,0.076691,0.048088,0.9764,0.042758,0.084312,0.9294,-0.033716,0.080732,0.8499,0.090993,0.064108,0.9762,0.042234,0.109999,0.9668,-0.0737,0.114389,0.7739,0.105025,0.092567,0.8864,0.04283,0.119764,0.9762,0.043508,0.126866,0.9073,-0.020172,0.172434,0.8393,0.090032,0.155555,0.8929,0.042552,0.115123,0.9546,0,0,0,0,0,0,0,0,0,0,0,0,0,0,0,0,0,0,0,0,0
DOGS/segment_long_16404188_18/segment_long_16404188_18_t0_000000.jpg,masha,Border collie,happy,-0.069882,-0.102119,0.9828,0.028699,-0.115608,0.9988,-0.103261,-0.145387,0.9854,0.061566,-0.166447,0.9619,-0.134846,-0.184842,0.9864,0.093182,-0.214609,0.9762,-0.172775,-0.222888,0.9399,0.131942,-0.263849,0.9589,-0.195924,-0.135356,0.9081,0.157006,-0.174524,0.9055,-0.194202,-0.035731,0.7995,0.160611,-0.083251,0.871,-0.163543,0.026018,0.5172,0.138899,0.014846,0.9095,-0.02808,-0.070759,0.8971,0.01135,-0.073392,0.8925,-0.057857,-0.002064,0.9332,0.054881,-0.00728,1.0052,-0.09309,-0.001013,0.9394,0.087794,-0.009042,0.9671,-0.077023,-0.017216,0.9753,0.07159,-0.022838,0.99,-0.075081,0.01111,0.9527,0.073138,0.003867,0.9836,0.003071,0.001648,0.988,0.00854,0.029215,0.9934,-0.02005,0.038186,0.9316,0.037222,0.034431,0.9411,-0.021085,0.008638,0.9259,0.027589,0.005135,0.9547,-0.074082,0.042505,0.9591,0.077852,0.035306,0.9468,0.011859,0.062945,0.9651,-0.023953,0.064876,0.9711,0.04735,0.061065,0.9594,0.014384,0.097869,0.9646,-0.052305,0.080925,0.9039,0.068993,0.074999,0.8535,0.014617,0.117354,0.9651,-0.09203,0.110251,0.904,0.09389,0.09261,0.9313,0.019126,0.252273,0.9816,0.019318,0.258908,0.887,-0.045424,0.134311,1.0081,0.065019,0.12862,1.0098,0.018649,0.247723,1.0503,0,0,0,0,0,1,1,1,1,0,1,1,0,0,0,0,0,0,0,0,1
DOGS/segment_long_16404188_18/segment_long_16404188_18_t0_000092.jpg,masha,Border collie,surprise,-0.069046,-0.096915,1.0331,0.030342,-0.106866,1.0403,-0.106078,-0.147437,0.958,0.064584,-0.15914,0.9718,-0.143004,-0.193424,0.9576,0.098498,-0.209363,0.989,-0.188263,-0.236848,0.903,0.141318,-0.261151,0.9903,-0.21351,-0.148551,0.9509,0.167148,-0.170627,0.9865,-0.211257,-0.045477,0.7141,0.171122,-0.083197,0.8628,-0.177284,0.036936,0.5849,0.150709,0.025562,0.7657,-0.02974,-0.057041,0.8781,0.014542,-0.059362,0.8605,-0.061093,0.00857,0.9761,0.059968,0.004532,0.9987,-0.100544,0.007551,0.9727,0.093997,0.001217,0.9259,-0.082133,-0.009627,0.971,0.077205,-0.01315,0.9528,-0.08112,0.022219,0.978,0.078982,0.015495,0.9419,0.005027,0.008707,1.0112,0.011056,0.035065,0.9765,-0.019388,0.043703,0.9707,0.040973,0.040898,0.9606,-0.020491,0.015362,0.9849,0.031087,0.012366,0.9984,-0.079341,0.054445,0.9981,0.082577,0.045597,0.9476,0.014817,0.069453,0.9755,-0.023509,0.07095,0.953,0.051976,0.067792,0.9748,0.016548,0.105586,0.9912,-0.052473,0.092123,0.8121,0.076202,0.088108,0.817,0.016269,0.12799,0.9789,-0.084226,0.152438,0.6523,0.093406,0.145891,0.7445,0.01777,0.187143,0.9803,0.018495,0.200408,0.9155,-0.042398,0.15422,0.9218,0.063782,0.152358,0.7368,0.01683,0.168577,0.9056,0,0,0,0,0,0,0,0,1,0,0,0,0,0,0,0,0,0,0,0,1
DOGS/segment_long_16404188_18/segment_long_16404188_18_t0_000161.jpg,masha,Border collie,relaxed,-0.067795,-0.092401,1.0238,0.033648,-0.104112,1.0194,-0.107618,-0.142884,1.0032,0.06921,-0.158814,0.9746,-0.146568,-0.189171,0.9956,0.104876,-0.210938,0.9505,-0.19447,-0.233387,0.9139,0.149364,-0.263379,0.9571,-0.219274,-0.143477,0.9759,0.177404,-0.171096,0.9786,-0.214459,-0.036512,0.668,0.18163,-0.079717,0.8682,-0.175861,0.062215,0.6287,0.162699,0.029012,0.7189,-0.03037,-0.05355,0.8098,0.016544,-0.056933,0.848,-0.062181,0.014669,0.9687,0.062915,0.007968,0.9744,-0.103687,0.01472,0.9669,0.097394,0.003383,0.9478,-0.084664,-0.003806,0.9812,0.079994,-0.011438,0.9235,-0.083351,0.029798,0.958,0.082518,0.01886,0.9106,0.003808,0.010622,0.9738,0.007834,0.035781,0.9722,-0.023417,0.04557,0.953,0.039215,0.041328,0.9989,-0.022621,0.017705,0.9339,0.030796,0.013756,0.9877,-0.081074,0.062674,0.9073,0.087138,0.049582,0.9884,0.011195,0.071178,0.9526,-0.027777,0.073569,0.9734,0.050738,0.068836,1.0122,0.014067,0.108563,0.9777,-0.054086,0.097457,0.7584,0.077945,0.08996,0.7523,0.014293,0.132433,0.9559,-0.086126,0.159766,0.5036,0.104143,0.146106,0.644,0.01447,0.144595,1.0221,0.014639,0.151527,0.9767,-0.049155,0.165053,0.8506,0.073429,0.162533,0.71,0.014406,0.139973,0.9973,0,0,0,0,0,0,0,0,0,0,0,0,0,0,0,0,0,0,0,0,0
DOGS/segment_long_19887614_26/segment_long_19887614_26_t0_000115.jpg,masha,German short-haired pointer,relaxed,-0.109475,-0.187784,0.929,0.060587,-0.19227,0.7285,-0.140677,-0.129996,0.8579,0.114444,-0.155278,0.8152,-0.152821,-0.048707,0.9079,0.151162,-0.080064,0.8709,-0.168279,0.039935,0.9788,0.182827,0.028836,0.9891,-0.22913,-0.046196,0.9604,0.201455,-0.096599,0.9085,-0.246182,-0.131137,1.0078,0.190311,-0.183171,0.91,-0.134427,-0.189537,0.8106,0.07976,-0.196719,0.7809,-0.04187,-0.112239,0.6706,0.02036,-0.110249,0.7048,-0.059885,-0.039999,0.9621,0.063283,-0.051108,0.9578,-0.099264,-0.044766,0.954,0.095603,-0.063141,0.9608,-0.079815,-0.058216,0.9901,0.076942,-0.070747,0.9897,-0.08099,-0.027994,0.9713,0.083206,-0.044948,0.9868,0.006279,0.010563,0.8971,0.010624,0.072155,0.9258,-0.020019,0.076859,0.9791,0.040208,0.077017,0.9221,-0.023878,0.018878,0.9229,0.037808,0.015232,0.8954,-0.076586,0.007411,0.8943,0.084099,-0.011477,0.9635,0.013248,0.103391,1.0034,-0.021033,0.10491,0.9799,0.045942,0.102694,1.0023,0.015418,0.130549,1.0194,-0.048284,0.102805,0.921,0.072375,0.09537,0.8878,0.016114,0.140008,1.0045,-0.07324,0.104925,0.9026,0.096161,0.091439,0.9091,0.016575,0.146003,0.9719,0.016855,0.149662,0.9638,-0.031084,0.146642,0.9448,0.064187,0.136465,0.9276,0.016412,0.143135,0.9736,0,0,0,0,0,0,0,0,0,0,0,0,0,0,0,0,0,0,0,0,0
DOGS/segment_long_19887614_26/segment_long_19887614_26_t0_000276.jpg,masha,German short-haired pointer,relaxed,-0.128452,-0.184178,0.9434,0.071457,-0.185937,0.8695,-0.162486,-0.121253,0.8924,0.124598,-0.13449,0.788,-0.169803,-0.03245,0.8367,0.149141,-0.047046,0.8703,-0.179536,0.080307,1.0011,0.173028,0.054431,0.9816,-0.245259,-0.011638,0.8705,0.207033,-0.044921,0.8859,-0.258195,-0.104848,0.758,0.215552,-0.123566,0.901,-0.143088,-0.198607,0.901,0.090082,-0.198694,0.8452,-0.049764,-0.122725,0.7546,0.01008,-0.120962,0.8112,-0.070881,-0.050166,0.9969,0.056946,-0.055275,0.9779,-0.113883,-0.055606,0.952,0.092462,-0.064106,0.975,-0.092436,-0.071641,0.9867,0.072143,-0.076567,0.9788,-0.093481,-0.036912,0.964,0.079145,-0.046097,1.0261,0.00448,-0.002529,0.9375,0.016093,0.055185,0.9565,-0.019111,0.062699,0.955,0.048544,0.059652,0.9014,-0.027259,0.005711,0.9644,0.037,0.001817,0.9423,-0.088755,0.000102,0.904,0.080353,-0.010162,0.9977,0.019653,0.09031,1.0277,-0.019428,0.092175,0.9956,0.056035,0.089733,0.99,0.02153,0.123427,1.0041,-0.052512,0.093981,0.8598,0.079263,0.090847,0.9114,0.02163,0.137343,0.994,-0.088929,0.100418,0.7984,0.099079,0.094232,0.9247,0.021976,0.144757,0.9895,0.022282,0.149708,0.9458,-0.033561,0.144073,0.8712,0.072474,0.141452,0.9461,0.021749,0.141106,0.9926,0,0,0,0,0,0,0,0,0,0,0,0,0,0,0,0,0,0,0,0,0
DOGS/segment_long_27611809_27/segment_long_27611809_27_t0_000100.jpg,danek,Lakeland terrier,neutral,-0.127766,-0.136109,0.8364,0.113258,-0.176804,0.7613,-0.148922,-0.09822,0.883,0.160414,-0.144003,0.6279,-0.159389,-0.059375,0.72,0.193727,-0.088098,0.7434,-0.171256,0.012347,0.5627,0.252697,-0.029508,0.5845,-0.18372,-0.060525,0.8152,0.245881,-0.105481,0.9326,-0.192313,-0.1136,0.8391,0.205649,-0.171936,0.8228,-0.139606,-0.144962,0.802,0.125817,-0.197638,0.7443,-0.058967,-0.108411,0.6855,-0.005816,-0.119084,0.7031,-0.078752,-0.042374,0.9467,0.046002,-0.062146,0.848,-0.118547,-0.034967,1.0003,0.088709,-0.070123,0.9408,-0.100585,-0.051547,0.9689,0.064956,-0.079324,0.8584,-0.097604,-0.026891,0.9233,0.069998,-0.054944,0.8829,-0.014774,0.002428,0.9242,-0.004903,0.066744,0.9468,-0.037871,0.080059,0.9553,0.032489,0.065068,0.947,-0.045699,0.014467,0.9243,0.019604,0.003807,0.9002,-0.09398,0.009979,0.8639,0.079104,-0.018049,0.8623,0.003903,0.103657,0.9927,-0.033016,0.11251,0.9638,0.042602,0.095212,0.9839,0.012659,0.132105,0.9661,-0.056347,0.118899,0.7034,0.069178,0.088049,0.7298,0.015045,0.138838,0.9649,-0.066536,0.133122,0.5556,0.094697,0.102461,0.6183,0.016207,0.142982,0.9928,0.016833,0.145514,0.9799,-0.021433,0.148788,0.9357,0.056514,0.129953,0.8355,0.015712,0.141034,0.9758,0,0,0,0,0,0,0,0,0,0,0,0,0,0,0,0,0,0,0,0,0
DOGS/segment_long_27611809_27/segment_long_27611809_27_t1_000500.jpg,danek,Lakeland terrier,neutral,-0.136758,-0.16837,0.8677,0.102532,-0.146747,0.6838,-0.180467,-0.11582,0.7566,0.14594,-0.075369,0.7308,-0.216795,-0.043542,0.8894,0.155257,-0.004947,0.3119,-0.280796,0.042606,0.8738,0.171373,0.073595,0.1483,-0.270335,-0.053757,0.7845,0.220178,-0.02231,0.2494,-0.235438,-0.128165,0.8116,0.189515,-0.08195,0.2533,-0.153638,-0.187222,0.8666,0.107741,-0.168549,0.6319,-0.011502,-0.115655,0.6131,0.042718,-0.110211,0.642,-0.041998,-0.061113,0.9102,0.072754,-0.041797,0.9035,-0.08799,-0.066668,0.9755,0.104827,-0.038802,0.9351,-0.063583,-0.076822,0.978,0.09119,-0.053325,0.9602,-0.066237,-0.053405,0.9489,0.089208,-0.029214,0.9497,0.040322,0.001287,0.8733,0.054587,0.055019,0.9781,0.018345,0.05803,0.878,0.086411,0.061339,0.9422,0.002928,0.004455,0.8222,0.073421,0.00841,0.8763,-0.068589,-0.022243,0.8429,0.09694,0.003406,0.8174,0.056385,0.084644,0.9498,0.015839,0.082207,1.001,0.089411,0.086309,0.9605,0.051022,0.113909,0.9378,-0.026953,0.077065,0.6774,0.108975,0.086192,0.7905,0.043909,0.13073,0.8529,-0.077346,0.0853,0.819,0.12133,0.086563,0.6547,0.032313,0.164637,0.5417,0.02984,0.173694,0.4428,-0.017917,0.115209,0.7752,0.084483,0.123923,0.6278,0.033241,0.166964,0.9637,0,0,0,0,0,0,0,0,0,0,0,0,0,0,0,0,0,0,0,0,0
DOGS/segment_long_27611809_27/segment_long_27611809_27_t1_000700.jpg,danek,Lakeland terrier,relaxed,-0.140374,-0.165449,0.8333,0.105486,-0.172968,0.8075,-0.179438,-0.105892,0.9077,0.148524,-0.115478,0.5043,-0.196501,-0.026353,0.7399,0.154062,-0.021636,0.5915,-0.242878,0.078806,0.8792,0.209188,0.057837,0.8984,-0.260799,-0.02448,0.7878,0.223863,-0.036929,0.4027,-0.250015,-0.114338,0.8001,0.212052,-0.142755,0.53,-0.157929,-0.180514,0.8576,0.112568,-0.196689,0.7968,-0.027017,-0.125686,0.7492,0.029801,-0.125495,0.6877,-0.054765,-0.061676,0.9281,0.065773,-0.054736,0.9757,-0.103692,-0.063734,1.0003,0.105833,-0.057144,0.9445,-0.078633,-0.078859,0.9851,0.08581,-0.071717,0.9531,-0.079261,-0.049621,0.9359,0.08688,-0.042351,0.9695,0.016493,-0.003126,0.9442,0.019647,0.053805,0.9871,-0.015424,0.060471,0.9681,0.054099,0.059894,0.9448,-0.017511,0.004265,0.926,0.050714,0.001056,0.9678,-0.079579,-0.013615,0.8805,0.093659,-0.00906,0.9027,0.021085,0.08756,0.9933,-0.018323,0.089286,0.9338,0.058596,0.087029,0.9518,0.024863,0.115303,0.9903,-0.046789,0.087158,0.7489,0.090566,0.08557,0.8609,0.025319,0.125865,0.9814,-0.067312,0.097285,0.6278,0.116927,0.095466,0.6222,0.025486,0.132654,0.9507,0.025685,0.136655,0.8645,-0.018068,0.125757,0.8445,0.070982,0.124652,0.9361,0.025353,0.129706,1.007,0,0,0,0,0,0,0,0,0,0,0,0,0,0,0,0,0,0,0,0,0
DOGS/segment_long_27611809_28/segment_long_27611809_28_t0_000100.jpg,masha,otterhound,neutral,-0.16083,-0.137339,0.7684,0.12697,-0.110785,0.7166,-0.21182,-0.066848,0.7158,0.156065,-0.042699,0.597,-0.231774,0.028868,0.6428,0.153948,0.029867,0.5371,-0.302782,0.152032,0.8626,0.184186,0.10025,0.6006,-0.291493,0.013508,0.8581,0.193234,0.02755,0.4203,-0.251229,-0.073715,0.8076,0.196494,-0.053356,0.4529,-0.172816,-0.156529,0.6725,0.141078,-0.124429,0.7209,-0.00776,-0.133603,0.8673,0.049533,-0.127571,0.7904,-0.053974,-0.074964,0.9098,0.07986,-0.052116,0.9554,-0.109195,-0.079946,1.0111,0.11919,-0.042089,0.9474,-0.07937,-0.094446,0.9288,0.103414,-0.060893,0.9928,-0.08342,-0.064247,0.9484,0.099482,-0.035779,0.9405,0.030643,-0.028305,0.9098,0.037288,0.01985,0.9727,-0.002271,0.02168,0.9929,0.071258,0.032116,0.9337,-0.005753,-0.025273,0.9346,0.064164,-0.018956,0.9063,-0.08982,-0.03155,0.8958,0.103068,-0.003616,0.9191,0.037396,0.057247,0.9652,-0.009442,0.052085,0.9726,0.076383,0.062665,0.9527,0.033679,0.095267,1.0233,-0.049811,0.049355,0.7915,0.105264,0.078548,0.8072,0.030985,0.112295,0.8815,-0.101545,0.069864,0.6254,0.129486,0.104179,0.5654,0.028489,0.125188,0.7716,0.027531,0.131077,0.6568,-0.040163,0.106383,0.746,0.085507,0.139396,0.6189,0.029707,0.118794,0.8234,0,0,0,0,0,0,0,0,0,0,0,0,0,0,0,0,0,0,0,0,0
DOGS/segment_long_27611809_28/segment_long_27611809_28_t0_000250.jpg,masha,otterhound,neutral,-0.1601,-0.159389,0.8719,0.13246,-0.135746,0.4632,-0.201566,-0.096503,0.8711,0.154151,-0.038505,0.6248,-0.220007,-0.007409,0.7121,0.151747,0.031978,0.4846,-0.289239,0.114576,0.7686,0.206574,0.121966,0.3361,-0.294581,-0.016702,0.7686,0.212553,0.023806,0.4017,-0.251205,-0.104262,0.713,0.207176,-0.06051,0.4642,-0.173218,-0.17423,0.8649,0.146631,-0.156676,0.4895,-0.013631,-0.136595,0.6701,0.0491,-0.131914,0.6232,-0.055835,-0.076057,0.9348,0.075583,-0.05771,0.9431,-0.11032,-0.079423,1.0175,0.114814,-0.053038,0.9719,-0.081347,-0.094665,0.9619,0.098289,-0.070798,0.9588,-0.084424,-0.064307,0.9615,0.095693,-0.04223,0.9605,0.028032,-0.02132,0.919,0.033692,0.034525,0.9545,-0.005779,0.037971,0.995,0.069317,0.045567,0.9562,-0.009202,-0.018197,0.9483,0.062219,-0.012592,0.9037,-0.089269,-0.032384,0.9067,0.100454,-0.009451,0.9347,0.035347,0.071416,0.9773,-0.009818,0.068097,0.9531,0.074274,0.075925,0.9582,0.03443,0.103043,0.9785,-0.038814,0.060415,0.8101,0.105119,0.081434,0.8546,0.033173,0.111927,0.966,-0.07511,0.055131,0.6272,0.135811,0.08973,0.8301,0.032604,0.117129,0.9835,0.032347,0.120235,0.9418,-0.015133,0.101753,0.7074,0.097077,0.134951,0.8183,0.032828,0.11466,0.9942,0,0,0,0,0,0,0,0,0,0,0,0,0,0,0,0,0,0,0,0,0
DOGS/segment_long_27611809_28/segment_long_27611809_28_t0_000400.jpg,masha,otterhound,neutral,-0.131198,-0.096162,0.81,0.169538,-0.13623,0.6659,-0.157292,-0.023113,0.7633,0.223623,-0.070788,0.4701,-0.173611,0.070037,0.7067,0.235574,0.004151,0.4768,-0.191856,0.20527,0.8364,0.285177,0.098733,0.6328,-0.216642,0.076838,0.9472,0.326435,-0.017396,0.4215,-0.193793,-0.023954,0.7476,0.295006,-0.111928,0.3959,-0.14804,-0.110285,0.8238,0.176893,-0.157049,0.697,-0.018263,-0.126362,0.9081,0.03789,-0.130346,0.8977,-0.063402,-0.048992,0.9454,0.087314,-0.059856,0.9899,-0.11128,-0.038998,0.9619,0.140107,-0.058934,1.0182,-0.090363,-0.05987,0.9737,0.113497,-0.077677,0.968,-0.087722,-0.031917,0.9455,0.113948,-0.045628,0.9733,-0.003929,-0.034453,0.9254,-0.010706,0.00378,0.9692,-0.046053,0.013668,0.961,0.028556,0.009003,0.9613,-0.038233,-0.026407,0.9465,0.030857,-0.029841,0.953,-0.093029,0.002627,0.9135,0.121717,-0.011713,0.8834,-0.01067,0.040145,0.9703,-0.055495,0.044726,0.9296,0.037636,0.037583,0.9585,-0.006537,0.080972,0.9508,-0.09057,0.061148,0.7865,0.082894,0.048637,0.8179,-0.001562,0.110957,0.878,-0.115145,0.103689,0.412,0.123505,0.081958,0.3956,0.004174,0.14404,0.4272,0.003632,0.167889,0.311,-0.061695,0.131066,0.7564,0.06921,0.113622,0.8014,0.004394,0.149334,0.5609,0,0,0,0,0,0,0,0,0,0,0,0,0,0,0,0,0,0,0,0,0
DOGS/segment_long_27611809_28/segment_long_27611809_28_t0_000700.jpg,masha,otterhound,neutral,-0.110491,-0.120549,0.6663,0.148096,-0.197964,0.4321,-0.135209,-0.07688,0.5137,0.204321,-0.149153,0.39,-0.140226,-0.018142,0.4218,0.234091,-0.097447,0.4892,-0.148483,0.087418,0.6416,0.308807,-0.073728,0.7488,-0.158545,0.011237,0.6778,0.293119,-0.134322,0.4311,-0.164483,-0.056763,0.4505,0.256839,-0.181325,0.3517,-0.127911,-0.121728,0.6679,0.154853,-0.223628,0.6079,-0.040566,-0.12535,0.733,0.018147,-0.14001,0.7143,-0.069757,-0.047448,0.9703,0.067384,-0.080269,0.964,-0.109885,-0.035568,0.9911,0.117599,-0.094472,1.0148,-0.094191,-0.055926,0.9895,0.087922,-0.105933,0.9859,-0.088257,-0.02969,0.9533,0.096129,-0.073985,0.954,-0.028301,-0.007642,0.9283,-0.040118,0.04967,0.9833,-0.067727,0.063691,0.9394,-0.002308,0.04813,0.8886,-0.057927,0.00334,0.8823,0.00971,-0.006913,0.901,-0.085052,0.007821,0.8824,0.104918,-0.039511,0.8352,-0.032414,0.086763,0.9378,-0.064813,0.096433,0.9743,0.009097,0.075637,0.9486,-0.015545,0.121384,0.9836,-0.081295,0.109653,0.8058,0.058181,0.072434,0.6751,-0.004374,0.139285,0.9916,-0.084739,0.12645,0.5267,0.1209,0.08184,0.5236,0.008429,0.16814,0.5555,0.012508,0.175748,0.499,-0.040067,0.154206,0.7347,0.071467,0.125361,0.8108,0.009038,0.174635,0.6738,0,0,0,0,0,0,0,0,0,0,0,0,0,0,0,0,0,0,0,0,0
DOGS/segment_long_33131112_33/segment_long_33131112_33_t1_000050.jpg,masha,Labrador retriever,neutral,-0.154451,-0.171399,0.252,0.09675,-0.207739,0.7625,-0.16141,-0.119566,0.5596,0.126729,-0.15453,0.78,-0.157252,-0.056362,0.4679,0.126629,-0.090408,0.755,-0.162912,0.010109,0.9467,0.138723,-0.006675,0.9722,-0.172523,-0.052646,0.4046,0.169425,-0.085165,0.9162,-0.148912,-0.066829,0.2489,0.193344,-0.151988,0.8933,-0.144575,-0.101547,0.3584,0.112663,-0.186551,0.4001,-0.057687,-0.148424,0.5248,-0.012215,-0.154823,0.4575,-0.086932,-0.082386,0.9698,0.038494,-0.093888,0.9208,-0.130678,-0.093302,0.9577,0.078616,-0.106652,0.9363,-0.109752,-0.105581,0.9414,0.055613,-0.118275,0.9325,-0.109622,-0.072958,0.8713,0.06119,-0.087679,0.8957,-0.017838,0.023862,0.5227,-0.004019,0.099636,0.8435,-0.050208,0.102556,0.8881,0.033326,0.099319,0.8252,-0.04688,0.026497,0.5257,0.012073,0.028204,0.6004,-0.097344,-0.035651,0.7681,0.06168,-0.047695,0.9076,-0.002118,0.135075,0.7879,-0.048649,0.134472,0.7623,0.036675,0.130374,0.814,-0.000446,0.152397,0.9521,-0.061783,0.122302,0.5604,0.058947,0.113399,0.5853,0.000352,0.154946,0.9581,-0.07059,0.106063,0.578,0.088343,0.077381,0.4338,0.01532,0.140788,0.9679,0.015865,0.141326,0.9414,-0.043334,0.145119,0.828,0.052441,0.146846,0.7065,0.01484,0.139515,0.9898,0,0,0,0,0,0,0,0,0,0,0,0,0,0,0,0,0,0,0,0,0
DOGS/segment_long_34689720_36/segment_long_34689720_36_t0_000116.jpg,masha,dingo,relaxed,-0.118931,-0.142904,0.7253,0.086302,-0.197695,0.8261,-0.146448,-0.155245,0.5611,0.147333,-0.193705,0.6393,-0.19218,-0.15199,0.7218,0.186426,-0.150369,0.2894,-0.209561,-0.132652,0.659,0.271676,-0.087508,0.6397,-0.182144,-0.134266,0.4502,0.183391,-0.166385,0.4091,-0.160664,-0.114455,0.8775,0.164419,-0.194858,0.4536,-0.136273,-0.098324,0.6923,0.098966,-0.210312,0.5956,-0.042634,-0.115446,0.4459,0.010735,-0.125892,0.4606,-0.056197,-0.046765,0.9239,0.039915,-0.062402,0.898,-0.085254,-0.053714,0.9644,0.072191,-0.083373,0.9418,-0.07139,-0.06156,0.968,0.050641,-0.08547,0.9525,-0.06984,-0.039617,0.9354,0.060306,-0.060978,0.9291,0.000443,0.024683,0.8149,0.011195,0.10418,0.8865,-0.009137,0.108609,0.8712,0.034685,0.102671,0.812,-0.021286,0.031941,0.9068,0.024666,0.026386,0.8176,-0.058583,-0.008945,0.9331,0.062347,-0.027712,0.8707,0.017572,0.132306,0.8921,-0.003025,0.134793,0.9715,0.040917,0.127724,0.8142,0.020161,0.144917,0.9571,-0.020144,0.107542,0.8535,0.054778,0.106341,0.6763,0.020504,0.147169,0.9683,-0.034137,0.078703,0.7745,0.070905,0.091789,0.5563,0.020797,0.149423,0.9272,0.021159,0.150999,0.8919,-0.005965,0.137823,0.9271,0.046328,0.133205,0.7308,0.020696,0.148481,0.9576,0,0,0,0,0,0,0,0,0,0,0,0,0,0,0,0,0,0,0,0,0
DOGS/segment_long_34689720_36/segment_long_34689720_36_t0_000203.jpg,masha,German shepherd,neutral,-0.146407,-0.14544,0.5844,0.083499,-0.172547,0.7491,-0.16786,-0.095191,0.2551,0.141222,-0.203329,0.6512,-0.148437,-0.043307,0.3013,0.192396,-0.182177,0.2767,-0.166452,0.007091,0.8056,0.232909,-0.146344,0.7506,-0.175204,-0.04625,0.3551,0.237943,-0.163763,0.8657,-0.176447,-0.071672,0.1427,0.21896,-0.125432,0.924,-0.162331,-0.14254,0.1851,0.190343,-0.10755,0.8405,-0.062289,-0.133448,0.5048,-0.00897,-0.141881,0.4555,-0.084659,-0.043225,0.9797,0.03825,-0.079464,0.9479,-0.118295,-0.046234,0.9563,0.078249,-0.096075,0.9512,-0.103173,-0.058538,0.9907,0.051391,-0.10359,0.9284,-0.100488,-0.032474,1.0161,0.062589,-0.075871,0.9612,-0.031462,-0.004402,0.9,-0.030963,0.056579,0.9058,-0.061172,0.071732,0.8969,0.005136,0.052977,0.8472,-0.060557,0.010622,0.8903,0.003286,-0.005567,0.7906,-0.092472,3.7e-05,0.9037,0.069641,-0.036555,0.7953,-0.026134,0.094466,0.9182,-0.060423,0.105749,0.9503,0.012303,0.084221,0.8875,-0.015539,0.130096,0.8933,-0.069743,0.113329,0.7416,0.045077,0.084794,0.6581,-0.009768,0.145436,0.9012,-0.07529,0.105114,0.6075,0.08874,0.081178,0.6605,-0.00686,0.15351,0.8732,-0.005624,0.159523,0.8281,-0.043285,0.163557,0.9554,0.044756,0.141046,0.8816,-0.008164,0.149506,0.9306,0,0,0,0,0,0,0,0,0,0,0,0,0,0,0,0,0,0,0,0,0
DOGS/segment_long_34689720_36/segment_long_34689720_36_t0_000319.jpg,masha,dingo,neutral,-0.1125,-0.143155,0.9176,0.058871,-0.136396,0.7461,-0.163087,-0.165222,0.9152,0.107936,-0.135806,0.8447,-0.210547,-0.161071,0.9592,0.15011,-0.122739,0.9647,-0.241934,-0.117146,0.9605,0.207744,-0.123973,0.9135,-0.23744,-0.109995,0.7607,0.163549,-0.099984,0.8946,-0.219306,-0.084709,0.9298,0.139304,-0.079366,0.9322,-0.19589,-0.045676,0.9429,0.114364,-0.056723,0.998,-0.030279,-0.101552,0.7292,0.018758,-0.103884,0.748,-0.051808,-0.035779,0.9671,0.046705,-0.035013,0.9816,-0.090419,-0.04741,0.9646,0.07382,-0.046538,1.024,-0.068261,-0.054186,0.9791,0.05812,-0.053855,0.9883,-0.072501,-0.031848,0.9854,0.061916,-0.030732,0.9449,0.016634,0.020431,0.9002,0.036353,0.073528,0.9057,0.00762,0.081853,0.9411,0.061106,0.07769,0.9034,-0.009812,0.028279,0.8754,0.041215,0.025094,0.9022,-0.069033,0.002222,0.9204,0.060523,0.00339,0.9225,0.039618,0.110067,0.9586,0.006986,0.111942,0.9555,0.064759,0.109456,0.972,0.036891,0.139562,0.9388,-0.029304,0.109662,0.7578,0.073845,0.108039,0.7824,0.035498,0.147852,0.9405,-0.085428,0.10212,0.8966,0.076906,0.100503,0.6491,0.034514,0.154026,0.9338,0.033987,0.157739,0.8904,-0.02691,0.151547,0.9571,0.061834,0.145537,0.9202,0.034963,0.151086,0.9445,0,0,0,0,0,0,0,0,0,0,0,0,0,0,0,0,0,0,0,0,0
DOGS/segment_long_34689720_38/segment_long_34689720_38_t0_000058.jpg,masha,dingo,neutral,-0.109154,-0.139933,1.0026,0.086978,-0.177683,0.7705,-0.149654,-0.13108,0.8886,0.130497,-0.188069,0.4991,-0.181735,-0.119985,0.7458,0.172488,-0.19698,0.4273,-0.194566,-0.096782,0.1232,0.218066,-0.210027,0.8489,-0.176796,-0.089947,0.7566,0.205771,-0.165873,0.8719,-0.144673,-0.09088,0.8325,0.192279,-0.145958,0.7151,-0.109163,-0.062942,0.7037,0.172869,-0.112243,0.8194,-0.038153,-0.101382,0.5499,0.012073,-0.114798,0.5143,-0.055264,-0.030078,0.9358,0.044252,-0.048122,0.9083,-0.080046,-0.035576,0.9962,0.078411,-0.065747,0.998,-0.067575,-0.042615,0.9476,0.055862,-0.068354,0.9885,-0.067783,-0.0241,0.9312,0.064174,-0.047729,0.9171,-0.010917,0.024334,0.8298,-0.015052,0.090509,0.8751,-0.03819,0.099021,0.7925,0.015005,0.09203,0.8106,-0.035462,0.033162,0.9025,0.016702,0.025779,0.7597,-0.059867,0.005274,0.8774,0.069058,-0.015781,0.7765,-0.009534,0.12713,0.8181,-0.035583,0.132154,0.892,0.019984,0.122507,0.8028,-0.004184,0.148102,0.9042,-0.046186,0.118468,0.7384,0.04684,0.110692,0.6267,-0.002933,0.152461,0.8894,-0.053634,0.098421,0.7887,0.082065,0.09537,0.6611,-0.001866,0.156068,0.915,-0.001307,0.158342,0.9047,-0.029651,0.14872,0.7927,0.043864,0.146594,0.7766,-0.002351,0.154376,0.9253,0,0,0,0,0,0,0,0,0,0,0,0,0,0,0,0,0,0,0,0,0
DOGS/segment_long_34689720_38/segment_long_34689720_38_t0_000232.jpg,masha,German shepherd,neutral,-0.124204,-0.132507,0.8113,0.082676,-0.1513,0.8004,-0.159389,-0.134427,0.9511,0.117759,-0.155229,0.8445,-0.198139,-0.129525,0.9202,0.161338,-0.145969,0.8175,-0.232059,-0.107733,0.9821,0.211507,-0.1578,1.0226,-0.205423,-0.098786,0.8948,0.182371,-0.124715,0.9307,-0.180615,-0.092707,1.058,0.163609,-0.095566,0.8995,-0.153033,-0.078705,0.8158,0.148098,-0.060603,0.8983,-0.038441,-0.100076,0.6838,0.009925,-0.110383,0.6841,-0.060043,-0.027693,1.0054,0.050905,-0.044289,0.9449,-0.093738,-0.031575,1.0071,0.080502,-0.057531,0.9969,-0.077125,-0.044137,0.9553,0.061443,-0.065383,0.9371,-0.076987,-0.01944,0.9436,0.065066,-0.038841,0.9735,-1.5e-05,0.011754,0.9377,0.008145,0.064141,0.9437,-0.022781,0.078198,0.9471,0.042091,0.063969,0.9523,-0.028407,0.022144,0.906,0.031247,0.013075,0.9189,-0.069768,0.016968,0.9126,0.076015,-0.003714,0.9076,0.013268,0.103692,0.9346,-0.021686,0.112092,0.9521,0.05053,0.097968,0.9661,0.018165,0.136917,1.0109,-0.042919,0.11595,0.8483,0.072098,0.095466,0.8435,0.020557,0.149656,1.0223,-0.058396,0.117921,0.9621,0.088511,0.098255,0.8952,0.021966,0.157668,0.9922,0.022816,0.162827,0.9646,-0.021737,0.162408,0.8429,0.065776,0.149353,0.9373,0.021224,0.153714,0.9868,0,0,0,0,0,0,0,0,0,0,0,0,0,0,0,0,0,0,0,0,0
DOGS/segment_long_34689720_38/segment_long_34689720_38_t0_000348.jpg,masha,dingo,neutral,-0.109154,-0.139933,1.0026,0.086978,-0.177683,0.7705,-0.149654,-0.13108,0.8886,0.130497,-0.188069,0.4991,-0.181735,-0.119985,0.7458,0.172488,-0.19698,0.4273,-0.194566,-0.096782,0.1232,0.218066,-0.210027,0.8489,-0.176796,-0.089947,0.7566,0.205771,-0.165873,0.8719,-0.144673,-0.09088,0.8325,0.192279,-0.145958,0.7151,-0.109163,-0.062942,0.7037,0.172869,-0.112243,0.8194,-0.038153,-0.101382,0.5499,0.012073,-0.114798,0.5143,-0.055264,-0.030078,0.9358,0.044252,-0.048122,0.9083,-0.080046,-0.035576,0.9962,0.078411,-0.065747,0.998,-0.067575,-0.042615,0.9476,0.055862,-0.068354,0.9885,-0.067783,-0.0241,0.9312,0.064174,-0.047729,0.9171,-0.010917,0.024334,0.8298,-0.015052,0.090509,0.8751,-0.03819,0.099021,0.7925,0.015005,0.09203,0.8106,-0.035462,0.033162,0.9025,0.016702,0.025779,0.7597,-0.059867,0.005274,0.8774,0.069058,-0.015781,0.7765,-0.009534,0.12713,0.8181,-0.035583,0.132154,0.892,0.019984,0.122507,0.8028,-0.004184,0.148102,0.9042,-0.046186,0.118468,0.7384,0.04684,0.110692,0.6267,-0.002933,0.152461,0.8894,-0.053634,0.098421,0.7887,0.082065,0.09537,0.6611,-0.001866,0.156068,0.915,-0.001307,0.158342,0.9047,-0.029651,0.14872,0.7927,0.043864,0.146594,0.7766,-0.002351,0.154376,0.9253,0,0,0,0,0,0,0,0,0,0,0,0,0,0,0,0,0,0,0,0,0
DOGS/segment_long_34689720_39/segment_long_34689720_39_t0_000232.jpg,masha,German shepherd,neutral,-0.108658,-0.140435,0.9562,0.084225,-0.176893,0.7247,-0.145059,-0.131543,0.8495,0.129393,-0.189471,0.5053,-0.17598,-0.122819,0.7796,0.175905,-0.205633,0.4492,-0.186342,-0.09998,0.0731,0.215098,-0.20514,0.9068,-0.172171,-0.094153,0.7062,0.202007,-0.166776,0.8548,-0.141487,-0.094378,0.8713,0.186525,-0.142001,0.7769,-0.11176,-0.065405,0.7746,0.171866,-0.114666,0.7802,-0.039031,-0.103609,0.4976,0.009288,-0.115799,0.4765,-0.05664,-0.03236,0.9263,0.04269,-0.050292,0.9145,-0.080144,-0.038685,1.0111,0.075592,-0.066683,1.0014,-0.06817,-0.044812,0.9541,0.054175,-0.06981,0.9778,-0.068566,-0.026928,0.9577,0.061774,-0.049685,0.8982,-0.012005,0.028289,0.81,-0.013928,0.096885,0.7868,-0.036593,0.102648,0.7722,0.014879,0.099663,0.7913,-0.035653,0.035805,0.8816,0.014689,0.030539,0.7445,-0.059643,0.004088,0.8454,0.06702,-0.016165,0.7996,-0.008041,0.131297,0.8448,-0.033356,0.13257,0.9516,0.01902,0.127863,0.8145,-0.003891,0.148124,0.9158,-0.045108,0.116365,0.7373,0.043058,0.112412,0.6206,-0.003035,0.151411,0.935,-0.052363,0.095715,0.7799,0.077755,0.095581,0.6242,-0.002296,0.154257,0.9231,-0.00182,0.156189,0.9214,-0.029864,0.145283,0.821,0.037504,0.145052,0.7137,-0.002605,0.153029,0.9389,0,0,0,0,0,0,0,0,0,0,0,0,0,0,0,0,0,0,0,0,0
DOGS/segment_long_34689720_39/segment_long_34689720_39_t0_000406.jpg,masha,German shepherd,neutral,-0.108658,-0.140435,0.9562,0.084225,-0.176893,0.7247,-0.145059,-0.131543,0.8495,0.129393,-0.189471,0.5053,-0.17598,-0.122819,0.7796,0.175905,-0.205633,0.4492,-0.186342,-0.09998,0.0731,0.215098,-0.20514,0.9068,-0.172171,-0.094153,0.7062,0.202007,-0.166776,0.8548,-0.141487,-0.094378,0.8713,0.186525,-0.142001,0.7769,-0.11176,-0.065405,0.7746,0.171866,-0.114666,0.7802,-0.039031,-0.103609,0.4976,0.009288,-0.115799,0.4765,-0.05664,-0.03236,0.9263,0.04269,-0.050292,0.9145,-0.080144,-0.038685,1.0111,0.075592,-0.066683,1.0014,-0.06817,-0.044812,0.9541,0.054175,-0.06981,0.9778,-0.068566,-0.026928,0.9577,0.061774,-0.049685,0.8982,-0.012005,0.028289,0.81,-0.013928,0.096885,0.7868,-0.036593,0.102648,0.7722,0.014879,0.099663,0.7913,-0.035653,0.035805,0.8816,0.014689,0.030539,0.7445,-0.059643,0.004088,0.8454,0.06702,-0.016165,0.7996,-0.008041,0.131297,0.8448,-0.033356,0.13257,0.9516,0.01902,0.127863,0.8145,-0.003891,0.148124,0.9158,-0.045108,0.116365,0.7373,0.043058,0.112412,0.6206,-0.003035,0.151411,0.935,-0.052363,0.095715,0.7799,0.077755,0.095581,0.6242,-0.002296,0.154257,0.9231,-0.00182,0.156189,0.9214,-0.029864,0.145283,0.821,0.037504,0.145052,0.7137,-0.002605,0.153029,0.9389,0,0,0,0,0,0,0,0,0,0,0,0,0,0,0,0,0,0,0,0,0
DOGS/segment_long_35174438_42/segment_long_35174438_42_t0_000029.jpg,danek,Labrador retriever,neutral,-0.117189,-0.074615,0.901,0.095276,-0.199541,0.9155,-0.136671,-0.014508,0.9075,0.1748,-0.143665,0.8039,-0.122751,0.046463,0.8887,0.202445,-0.046779,0.9716,-0.131654,0.117649,0.9769,0.250972,0.043278,0.9796,-0.145941,0.058642,0.8217,0.31749,-0.062242,0.9144,-0.140669,0.003917,0.7637,0.297451,-0.148997,0.7579,-0.113484,-0.032997,0.657,0.136663,-0.16954,0.573,-0.048992,-0.129111,0.8014,0.00507,-0.147762,0.8388,-0.077211,-0.047661,0.9842,0.060049,-0.090164,1.0009,-0.107804,-0.038317,0.9732,0.113568,-0.107992,1.001,-0.098742,-0.061015,0.988,0.080052,-0.122953,0.9628,-0.089565,-0.02801,0.9974,0.093257,-0.081954,0.9257,-0.028042,-0.028131,0.88,-0.048188,0.024148,0.951,-0.077146,0.038853,0.921,-0.006542,0.021624,0.9351,-0.057261,-0.014508,0.9363,0.006018,-0.028958,0.8615,-0.08494,0.00492,0.9555,0.09774,-0.045216,0.9222,-0.046658,0.06495,0.9593,-0.077945,0.074446,0.9783,0.000976,0.053097,0.9893,-0.031116,0.10026,0.966,-0.085202,0.096005,0.778,0.049879,0.052599,0.7334,-0.021075,0.120419,0.9534,-0.095448,0.123133,0.8436,0.1292,0.0654,0.6972,-0.01701,0.128477,0.9346,-0.014415,0.13399,0.925,-0.063145,0.167732,0.9719,0.072915,0.113809,0.7767,-0.018912,0.124629,0.9561,0,0,0,0,0,0,0,0,0,0,0,0,0,0,0,0,0,0,0,0,0
DOGS/segment_long_35176722_43/segment_long_35176722_43_t4_000360.jpg,danek,dingo,angry,-0.149553,-0.116306,0.7979,0.078783,-0.144347,0.8814,-0.211543,-0.132892,0.7476,0.140841,-0.117928,0.7852,-0.2577,-0.140763,0.9025,0.158359,-0.068801,0.5677,-0.277547,-0.119801,0.8587,0.158145,0.007413,0.7111,-0.27074,-0.109762,0.7326,0.148884,-0.043854,0.71,-0.219374,-0.061237,0.5687,0.126532,-0.046307,0.6018,-0.165258,-0.071059,0.4509,0.113441,-0.067233,0.5371,-0.040821,-0.124765,0.5874,0.019212,-0.120413,0.7051,-0.073446,-0.059112,0.9681,0.057717,-0.065509,0.9101,-0.109429,-0.063785,0.9572,0.093621,-0.07389,0.9471,-0.088112,-0.082062,0.9668,0.074684,-0.085527,0.9563,-0.091334,-0.047384,0.9604,0.07693,-0.056208,0.969,0.013279,-0.010447,0.8842,0.038845,0.03063,0.918,-0.001341,0.041473,0.865,0.075747,0.035647,0.8968,-0.019788,-0.001701,0.9449,0.045134,-0.006578,0.9031,-0.090867,-0.008207,0.9368,0.075444,-0.015811,0.948,0.047095,0.078145,1.0092,-0.002486,0.082248,0.9802,0.089141,0.076936,0.9215,0.043676,0.126166,0.9185,-0.038996,0.093055,0.7753,0.101401,0.089356,0.8451,0.041994,0.143758,0.9503,-0.07924,0.11152,0.7469,0.110266,0.100161,0.7085,0.041749,0.154079,0.9885,0.041463,0.161082,1.0042,-0.023639,0.154737,0.9038,0.088403,0.14869,0.9769,0.04177,0.14885,0.9727,0,0,0,0,0,0,0,0,0,0,0,0,0,0,0,0,0,0,0,0,0
DOGS/segment_long_35176722_44/segment_long_35176722_44_t1_000150.jpg,danek,Labrador retriever,angry,-0.119471,-0.161718,0.9554,0.085066,-0.152764,0.2229,-0.166483,-0.154763,0.8608,0.087555,-0.134864,0.2218,-0.196316,-0.119647,0.8966,0.091653,-0.134417,0.5656,-0.232976,-0.071722,0.8474,0.129115,-0.056239,0.3027,-0.217318,-0.140799,0.8221,0.114245,-0.104531,0.5534,-0.173053,-0.12066,0.7558,0.1251,-0.108936,0.1556,-0.154986,-0.109366,0.9211,0.096527,-0.102249,0.2835,0.0021,-0.120684,0.5449,0.04784,-0.118775,0.4929,-0.025896,-0.067316,0.9364,0.076859,-0.065259,0.667,-0.067392,-0.077929,0.9759,0.096641,-0.072148,0.6029,-0.041498,-0.084568,0.9319,0.087422,-0.077397,0.6224,-0.048848,-0.062543,0.9205,0.087263,-0.060127,0.6455,0.040635,0.000241,0.8208,0.053661,0.07368,0.7741,0.026066,0.080312,0.8296,0.08314,0.076403,0.777,0.015671,0.008373,0.7199,0.070155,0.004205,0.7397,-0.049849,-0.02663,0.8708,0.08733,-0.025528,0.7335,0.053969,0.109717,0.7774,0.026099,0.110341,0.7229,0.087832,0.109572,0.7937,0.049426,0.147294,0.8266,-0.006643,0.102933,0.6643,0.105016,0.09943,0.835,0.048193,0.153437,0.8489,-0.040367,0.098747,0.6659,0.113885,0.084524,0.7902,0.037389,0.174274,0.8132,0.036906,0.180066,0.819,-0.002859,0.14801,0.8139,0.088157,0.149452,0.8335,0.046471,0.157528,0.7958,0,0,0,0,0,0,0,0,0,0,0,0,0,0,0,0,0,0,0,0,0
DOGS/segment_long_37348445_51/segment_long_37348445_51_t0_000058.jpg,danek,dhole,sad,-0.107576,-0.158545,0.9127,0.068938,-0.150364,0.9705,-0.131706,-0.184612,0.9758,0.08244,-0.177222,0.7864,-0.161684,-0.197028,0.9385,0.115066,-0.178178,0.7148,-0.196658,-0.189299,0.9875,0.136664,-0.173018,0.602,-0.198119,-0.151393,0.9651,0.145961,-0.171033,0.8431,-0.184027,-0.11934,0.9069,0.144285,-0.149658,0.7711,-0.170962,-0.081879,0.8909,0.152814,-0.124148,0.8059,-0.039781,-0.060055,0.5129,0.01468,-0.07181,0.4919,-0.05828,0.012446,0.9829,0.046489,0.002451,0.9776,-0.096881,-0.001398,0.9694,0.083421,-0.020363,0.9457,-0.075315,-0.008625,0.9489,0.057577,-0.021687,0.976,-0.078733,0.01814,0.9779,0.070919,0.002162,0.9307,0.007232,0.041407,0.9002,0.017233,0.093874,0.9132,0.00261,0.098555,0.9728,0.034293,0.095692,0.942,-0.013357,0.049025,0.9169,0.031022,0.042853,0.864,-0.067807,0.044514,0.9063,0.076589,0.03053,0.9007,0.022688,0.113894,0.9578,0.008772,0.115227,0.9965,0.037234,0.111719,0.9396,0.028469,0.12824,0.9588,-0.003893,0.109537,0.806,0.0644,0.105829,0.8082,0.030478,0.132671,0.9742,-0.017855,0.099957,0.7015,0.102009,0.099085,0.8919,0.031898,0.135992,0.9352,0.032679,0.137913,0.9124,0.0117,0.128459,0.7384,0.070742,0.137236,0.9641,0.031265,0.134532,0.964,0,0,0,0,0,0,0,0,0,0,0,0,0,0,0,0,0,0,0,0,0
DOGS/segment_long_37348445_51/segment_long_37348445_51_t1_000087.jpg,danek,dingo,neutral,-0.101373,-0.153709,0.8674,0.071057,-0.150764,0.8369,-0.129586,-0.175443,1.0162,0.08749,-0.179404,0.6938,-0.162755,-0.183707,1.0235,0.122179,-0.182967,0.6734,-0.197997,-0.172915,0.981,0.143962,-0.181845,0.6478,-0.193046,-0.136459,0.9336,0.155294,-0.176758,0.7558,-0.173721,-0.106701,0.9707,0.155735,-0.157031,0.7913,-0.148596,-0.075454,0.8818,0.160978,-0.128985,0.834,-0.040401,-0.056142,0.6652,0.012032,-0.068733,0.5402,-0.050871,0.019825,0.9772,0.047857,0.004523,0.9467,-0.086073,0.006878,0.925,0.087441,-0.02243,0.9654,-0.067806,0.000294,0.9796,0.060282,-0.020796,0.9517,-0.06849,0.025892,0.9538,0.074768,0.002054,0.9345,0.005724,0.047702,0.8216,0.02132,0.101327,0.8786,0.007083,0.106977,0.8425,0.040737,0.100604,0.883,-0.012618,0.055338,0.8162,0.029704,0.048935,0.8183,-0.057222,0.052143,0.9516,0.08155,0.031533,0.8459,0.028041,0.11991,0.9095,0.010862,0.122407,0.8625,0.04556,0.115797,0.9295,0.020653,0.130544,0.8596,-0.01592,0.11364,0.6685,0.066963,0.107256,0.7758,0.021296,0.133085,0.8988,-0.029705,0.106223,0.7611,0.116271,0.094991,0.6633,0.021699,0.135274,0.9068,0.022026,0.136768,0.889,-0.005786,0.128571,0.7765,0.081431,0.131497,0.6874,0.021552,0.134366,0.9122,0,0,0,0,0,0,0,0,0,0,0,0,0,0,0,0,0,0,0,0,0
DOGS/segment_long_37348445_51/segment_long_37348445_51_t1_000174.jpg,danek,dingo,neutral,-0.08102,-0.176684,0.7774,0.043179,-0.157359,0.9357,-0.108419,-0.190807,0.9737,0.044675,-0.194533,0.9564,-0.138154,-0.19904,0.9844,0.059819,-0.216529,0.8658,-0.173353,-0.192937,0.9923,0.084507,-0.218702,0.6481,-0.151671,-0.163627,0.9297,0.111189,-0.198668,0.8787,-0.127185,-0.136834,1.0656,0.125312,-0.173837,0.8547,-0.102745,-0.108769,0.947,0.126853,-0.148565,0.8673,-0.038449,-0.057772,0.7012,0.000386,-0.064301,0.7581,-0.040613,0.013856,0.9456,0.041185,0.005364,0.9493,-0.061762,0.008623,0.9132,0.076948,-0.019774,1.0019,-0.052567,0.002827,0.947,0.051413,-0.018063,0.9244,-0.049903,0.020048,0.9508,0.065202,0.004708,0.9674,-0.004008,0.051747,0.896,0.014909,0.108499,0.9912,-0.001529,0.115681,1.0029,0.037972,0.107354,0.9536,-0.024082,0.059479,0.8898,0.02035,0.051931,0.8732,-0.041981,0.042678,0.973,0.074868,0.034141,0.8834,0.020515,0.129915,0.996,0.005338,0.135476,0.993,0.040846,0.123911,0.9503,0.026543,0.144097,0.9923,-0.027114,0.126661,0.8748,0.053811,0.114826,0.8909,0.011535,0.151009,0.9626,-0.036019,0.107392,0.8444,0.118589,0.092639,0.8309,0.013607,0.153943,0.9833,0.014653,0.155844,0.9633,-0.011734,0.148808,0.9567,0.059988,0.142092,0.7839,0.012793,0.152619,0.9899,0,0,0,0,0,0,0,0,0,0,0,0,0,0,0,0,0,0,0,0,0
DOGS/segment_long_37348445_54/segment_long_37348445_54_t0_000116.jpg,masha,dingo,sad,-0.093466,-0.142536,0.9574,0.057078,-0.147046,0.8494,-0.113291,-0.170228,0.9883,0.075117,-0.177973,1.0069,-0.135051,-0.190647,0.9966,0.095827,-0.203033,0.949,-0.168791,-0.198905,0.9709,0.131399,-0.214473,0.9626,-0.187418,-0.154616,0.9542,0.146979,-0.172381,0.9935,-0.18741,-0.108958,0.9947,0.148398,-0.128337,0.9408,-0.183314,-0.055239,0.8787,0.148571,-0.079659,0.9079,-0.036161,-0.055847,0.6287,0.016723,-0.057293,0.6209,-0.058344,0.012719,0.9723,0.051384,0.010294,1.0087,-0.102478,0.007389,0.9513,0.085657,0.001783,1.0101,-0.077333,-0.002202,0.9598,0.064418,-0.00799,0.9684,-0.082119,0.022365,1.0348,0.072357,0.019658,0.9762,0.006918,0.035229,0.9004,0.019723,0.076367,0.9283,-0.005792,0.083104,0.9655,0.044203,0.07927,0.9613,-0.019948,0.042342,0.9196,0.034509,0.038518,0.9497,-0.080168,0.051416,0.9214,0.077447,0.049446,0.9349,0.023357,0.099383,0.9605,-0.004832,0.102293,0.9338,0.048741,0.098649,0.9837,0.023255,0.123555,0.9923,-0.041993,0.110233,0.7999,0.072053,0.103427,0.8931,0.022697,0.134212,0.977,-0.084202,0.126077,0.8713,0.095223,0.115861,0.9206,0.022644,0.140849,1.0035,0.022823,0.14515,0.9713,-0.041979,0.14714,0.985,0.066651,0.146593,0.9307,0.022756,0.137634,0.9864,0,0,0,0,0,0,0,0,0,0,0,0,0,0,0,0,0,0,0,0,0
DOGS/segment_long_37348445_54/segment_long_37348445_54_t0_000203.jpg,masha,dingo,sad,-0.071154,-0.149786,0.9081,0.068471,-0.156322,0.9473,-0.095804,-0.165077,1.0187,0.072869,-0.192337,1.0424,-0.121717,-0.176363,1.0003,0.080937,-0.222006,1.0414,-0.154319,-0.175811,0.9901,0.102742,-0.242474,0.9782,-0.146289,-0.138508,0.9818,0.1432,-0.212101,0.906,-0.127528,-0.103715,0.9988,0.164032,-0.166657,0.8016,-0.104854,-0.065464,0.9492,0.185465,-0.119577,0.8119,-0.033264,-0.05191,0.6818,0.010473,-0.062482,0.6808,-0.04198,0.022842,0.9946,0.048309,-0.000314,1.0444,-0.068403,0.020638,0.9665,0.091344,-0.022394,0.9621,-0.056689,0.010399,0.9567,0.062075,-0.025037,0.9911,-0.053629,0.033596,0.9553,0.075177,0.001178,0.9377,-0.006806,0.043912,0.8922,-0.015982,0.094273,0.9701,-0.034013,0.103168,0.9419,0.007701,0.093028,0.9438,-0.02739,0.053101,0.9104,0.017046,0.043045,0.9351,-0.048313,0.058283,0.9456,0.081984,0.031631,0.9263,-0.01256,0.11793,1.0071,-0.032336,0.123782,0.9683,0.012287,0.111297,0.9394,-0.004196,0.139673,0.9737,-0.041302,0.128791,0.9247,0.052122,0.104342,0.6365,-0.000147,0.14882,1.0388,-0.047071,0.129982,0.8808,0.114545,0.098382,0.8519,0.002162,0.154447,1.0001,0.003709,0.158066,0.972,-0.027744,0.160753,0.9479,0.072178,0.139492,0.8099,0.00109,0.151714,1.024,0,0,0,0,0,0,0,0,0,0,0,0,0,0,0,0,0,0,0,0,0
DOGS/segment_long_37348445_54/segment_long_37348445_54_t0_000290.jpg,masha,dingo,sad,-0.067996,-0.154473,0.9018,0.074672,-0.159235,0.9595,-0.093115,-0.168837,0.9549,0.075139,-0.196463,1.0268,-0.119869,-0.177988,0.9663,0.081642,-0.22424,0.9731,-0.153563,-0.174332,0.9408,0.10177,-0.24472,0.9685,-0.14234,-0.136811,0.982,0.14482,-0.217007,0.8808,-0.121209,-0.103561,0.9679,0.166817,-0.17677,0.7938,-0.094092,-0.070605,0.9247,0.179495,-0.135274,0.7169,-0.034735,-0.050805,0.7105,0.00681,-0.062988,0.713,-0.041359,0.022796,1.0018,0.048111,-0.001444,0.9953,-0.066546,0.020494,0.9638,0.093186,-0.024418,0.9944,-0.055493,0.010919,0.9664,0.061554,-0.026623,0.9813,-0.052734,0.032952,0.9733,0.076507,-0.0007,0.9667,-0.007841,0.045533,0.8727,-0.020052,0.094637,1.0028,-0.037618,0.102309,0.9635,0.003976,0.093278,0.9441,-0.029207,0.054047,0.9554,0.016705,0.04437,0.8364,-0.048423,0.05697,0.9925,0.084422,0.029104,0.912,-0.016465,0.118157,1.0146,-0.03541,0.123437,0.9718,0.009098,0.111624,0.9317,-0.007022,0.140102,0.9751,-0.042661,0.127907,0.9099,0.050633,0.104219,0.7301,-0.002048,0.149934,0.9927,-0.048643,0.1259,0.8545,0.119702,0.095537,0.8117,0.000913,0.155869,0.9955,0.002964,0.159519,0.9335,-0.025936,0.160767,0.9565,0.076386,0.140816,0.7653,-0.000489,0.152982,1.0281,0,0,0,0,0,0,0,0,0,0,0,0,0,0,0,0,0,0,0,0,0
DOGS/segment_long_37348445_55/segment_long_37348445_55_t1_000116.jpg,masha,dingo,relaxed,-0.069341,-0.155484,0.8732,0.06814,-0.1593,0.938,-0.093266,-0.168744,0.969,0.068055,-0.197184,1.0269,-0.120482,-0.17748,1.0017,0.07453,-0.226416,0.9959,-0.155389,-0.174845,0.9964,0.096337,-0.246062,0.9366,-0.144218,-0.139059,0.9639,0.140546,-0.218331,0.893,-0.122834,-0.108611,0.993,0.160731,-0.180848,0.7504,-0.098663,-0.076596,0.9405,0.178331,-0.141459,0.7589,-0.03237,-0.053891,0.6839,0.009157,-0.064358,0.7743,-0.039344,0.017821,1.0013,0.048374,0.001045,1.002,-0.065061,0.015249,1.0247,0.091303,-0.022924,1.0154,-0.053692,0.006581,0.9874,0.062457,-0.023528,0.9743,-0.050768,0.026836,0.9275,0.075298,0.001351,0.998,-0.007841,0.044506,0.9007,-0.017631,0.097681,0.9773,-0.035013,0.105074,0.9596,0.006744,0.096682,0.9908,-0.028586,0.052457,0.9761,0.01733,0.044899,0.8901,-0.045945,0.05057,1.0051,0.083142,0.031391,0.9292,-0.013212,0.121686,1.0165,-0.032249,0.126348,1.0035,0.011906,0.115682,0.9841,-0.003875,0.142833,0.9997,-0.04048,0.126681,0.8929,0.050982,0.105982,0.7627,0.001215,0.151365,1.0318,-0.047198,0.119996,0.8213,0.116649,0.097947,0.8073,0.004977,0.157325,0.9834,0.007183,0.160841,0.9593,-0.022502,0.157915,0.9635,0.073508,0.140938,0.8462,0.003307,0.154485,1.0234,0,0,0,0,0,0,0,0,0,0,0,0,0,0,0,0,0,0,0,0,0
DOGS/segment_long_37348445_55/segment_long_37348445_55_t1_000203.jpg,masha,dingo,relaxed,-0.075332,-0.152508,0.8156,0.071571,-0.15705,0.9323,-0.099191,-0.168844,0.9668,0.074374,-0.195914,1.0414,-0.127245,-0.179655,0.9992,0.085706,-0.223499,0.9939,-0.162879,-0.17817,0.9526,0.111741,-0.240345,0.9548,-0.153958,-0.138542,0.9451,0.152554,-0.20643,0.8807,-0.133031,-0.103649,0.9725,0.169589,-0.169042,0.8049,-0.110757,-0.063591,0.9488,0.184493,-0.12755,0.788,-0.035046,-0.053229,0.7394,0.008787,-0.063897,0.7394,-0.043784,0.018735,0.9876,0.04943,0.000238,0.9828,-0.071639,0.015135,1.0056,0.091103,-0.021917,0.9995,-0.058695,0.006137,0.9805,0.063213,-0.02338,0.9808,-0.05645,0.028126,0.9554,0.075343,0.001433,0.9547,-0.0069,0.041971,0.9166,-0.014776,0.093196,0.9563,-0.033811,0.10122,0.9847,0.010069,0.091792,0.9248,-0.029156,0.050998,0.952,0.018858,0.042051,0.9218,-0.05109,0.052413,1.0135,0.082827,0.030922,0.919,-0.01111,0.116683,1.0097,-0.031901,0.122686,1.0049,0.015265,0.110271,0.952,-0.002576,0.138397,1.0052,-0.041955,0.124678,0.8971,0.052328,0.10283,0.7608,0.001815,0.147329,1.0522,-0.049251,0.121567,0.8445,0.113112,0.096257,0.8091,0.004811,0.153126,1.0155,0.006766,0.156576,0.9751,-0.025317,0.156597,0.9584,0.071376,0.138707,0.799,0.00343,0.150365,1.0087,0,0,0,0,0,0,0,0,0,0,0,0,0,0,0,0,0,0,0,0,0
DOGS/segment_long_37348445_55/segment_long_37348445_55_t1_000348.jpg,masha,dingo,neutral,-0.108954,-0.142961,0.91,0.062748,-0.158409,0.9214,-0.095779,-0.168295,0.9934,0.077505,-0.195354,1.016,-0.149831,-0.172996,0.9879,0.106646,-0.20817,0.9765,-0.156053,-0.184474,1.002,0.145806,-0.213424,0.9691,-0.165788,-0.1349,0.9627,0.160963,-0.193958,0.9622,-0.151378,-0.091597,1.0238,0.162188,-0.146157,0.993,-0.136054,-0.047081,0.9506,0.154477,-0.104364,0.8782,-0.011659,-0.049004,0.6339,0.043646,-0.054875,0.7022,-0.067565,0.01415,0.973,0.062902,-0.002773,0.973,-0.07194,0.012567,0.9947,0.07887,-0.016759,0.9202,-0.084826,-0.000651,0.9838,0.07766,-0.022747,1.0003,-0.087518,0.024858,0.9801,0.086457,0.00112,0.9737,0.008046,0.033418,0.94,-0.011642,0.085746,0.9679,-0.013411,0.089055,0.9721,0.014207,0.086837,0.9808,-0.016969,0.043529,0.9416,0.013476,0.038681,0.9806,-0.082574,0.053183,1.0118,0.089876,0.030105,0.9158,0.022371,0.116106,0.9875,-0.003922,0.120087,0.9752,0.018517,0.106275,0.9851,0.015395,0.127403,0.9829,-0.02978,0.122748,0.8854,0.047783,0.10306,0.8422,-0.004086,0.141468,0.9961,-0.084162,0.129621,0.9024,0.08521,0.098907,0.7944,-0.003158,0.147189,1.0126,-0.002415,0.150723,0.9918,-0.019046,0.156733,0.9078,0.054417,0.143147,0.8824,0.024391,0.147302,1.0291,0,0,0,0,0,0,0,0,0,0,0,0,0,0,0,0,0,0,0,0,0
DOGS/segment_long_37348445_56/segment_long_37348445_56_t0_000319.jpg,danek,dingo,neutral,-0.090769,-0.143463,0.8966,0.068485,-0.146976,0.9465,-0.110585,-0.16889,1.0081,0.080294,-0.187124,1.015,-0.136192,-0.182785,0.9939,0.102719,-0.212259,0.9246,-0.169705,-0.183184,0.9871,0.138402,-0.219064,0.9468,-0.18054,-0.141731,0.9383,0.159121,-0.181542,0.9227,-0.173495,-0.106342,0.979,0.159592,-0.143204,0.9588,-0.16284,-0.065768,0.9773,0.158248,-0.104027,0.9049,-0.036189,-0.054822,0.6766,0.016145,-0.061088,0.6466,-0.053644,0.012872,0.9785,0.05076,0.004342,0.993,-0.088571,0.005916,0.9734,0.087675,-0.010141,0.9877,-0.068796,-0.001589,1.0052,0.063946,-0.01401,0.988,-0.072627,0.020268,0.9826,0.073305,0.008802,0.9379,0.001107,0.039453,0.9544,0.007192,0.0878,0.9963,-0.017077,0.095978,0.9852,0.032577,0.088324,0.9905,-0.025135,0.047987,0.9368,0.029185,0.040696,0.917,-0.069224,0.048,0.9686,0.078846,0.036764,0.9336,0.010225,0.110696,0.9585,-0.015813,0.115152,0.9577,0.036658,0.107036,0.9706,0.013263,0.131375,1.016,-0.041455,0.117714,0.9458,0.064479,0.102936,0.8592,0.014474,0.138969,1.0117,-0.066755,0.121214,0.8877,0.095956,0.1029,0.8146,0.015373,0.144346,0.9901,0.016091,0.147632,0.961,-0.029997,0.147572,0.927,0.065684,0.138385,0.8812,0.014997,0.141755,1.0319,0,0,0,0,0,0,0,0,0,0,0,0,0,0,0,0,0,0,0,0,0
DOGS/segment_long_37348445_56/segment_long_37348445_56_t1_000000.jpg,danek,dingo,neutral,-0.138114,-0.16116,0.8478,0.152481,-0.202018,0.4697,-0.171314,-0.142759,0.6784,0.154802,-0.219666,0.6802,-0.190085,-0.119563,0.6463,0.166941,-0.196328,0.6509,-0.199734,-0.078196,0.7374,0.201784,-0.172766,0.1876,-0.209306,-0.093884,0.5372,0.211265,-0.198356,0.7134,-0.189541,-0.10759,0.7258,0.207843,-0.208564,0.7417,-0.177839,-0.100576,0.6477,0.216009,-0.144508,0.8778,-0.039913,-0.101076,0.6402,0.018405,-0.109425,0.6243,-0.05933,-0.017929,0.9686,0.053375,-0.033232,0.9729,-0.099396,-0.023103,0.9612,0.106634,-0.056119,0.9922,-0.077159,-0.033694,0.9806,0.072791,-0.059682,0.9857,-0.080106,-0.007762,1.0365,0.085855,-0.029806,0.9526,-0.004146,0.016161,0.929,-0.002727,0.074198,0.9632,-0.029326,0.08188,0.9814,0.025095,0.073009,0.9823,-0.032831,0.025582,0.9294,0.025967,0.017639,0.9357,-0.074801,0.021333,1.0116,0.088894,0.003356,0.9568,0.001227,0.099142,0.9847,-0.026221,0.104502,0.9646,0.028961,0.094118,1.0015,0.005483,0.119401,0.9988,-0.050256,0.101251,0.9568,0.0615,0.085424,0.8633,0.006419,0.125,1.0074,-0.073585,0.098548,0.9959,0.105123,0.077852,0.803,0.007011,0.129264,0.9778,0.007302,0.131823,0.9737,-0.039458,0.1293,0.9064,0.062111,0.120237,0.8795,0.006788,0.127284,1.0066,0,0,0,0,0,0,0,0,0,0,0,0,0,0,0,0,0,0,0,0,0
DOGS/segment_long_37348578_57/segment_long_37348578_57_t0_000116.jpg,danek,dingo,relaxed,-0.082698,-0.114967,0.8174,0.118737,-0.206088,0.953,-0.110256,-0.083984,0.7952,0.147318,-0.202499,0.8326,-0.116371,-0.037607,0.7533,0.178118,-0.181862,0.9403,-0.140459,0.021559,0.8887,0.220861,-0.173741,0.9474,-0.168076,-0.030552,0.9274,0.250605,-0.216721,0.6483,-0.159471,-0.088956,0.8671,0.248283,-0.248608,0.8391,-0.100089,-0.097331,0.7067,0.239233,-0.163025,0.5778,-0.033936,-0.069453,0.776,0.01283,-0.082411,0.7911,-0.052553,-0.001814,0.8598,0.052315,-0.025268,0.9452,-0.079164,0.002346,0.8545,0.100367,-0.047114,0.9439,-0.06737,-0.008802,0.8365,0.070517,-0.046506,0.938,-0.065911,0.008785,0.8584,0.080714,-0.026933,0.9693,-0.022169,0.023488,0.9109,-0.044674,0.073384,0.983,-0.061499,0.083717,0.965,-0.019949,0.07062,0.9637,-0.044666,0.031533,0.9273,0.005359,0.02127,0.9057,-0.068675,0.033499,0.8318,0.087836,0.001018,0.9527,-0.041159,0.09949,1.007,-0.057629,0.106136,0.9788,-0.016394,0.090687,0.9355,-0.03153,0.118646,0.9817,-0.066285,0.107056,0.9521,0.028156,0.07632,0.8128,-0.026842,0.125228,0.9941,-0.077534,0.099044,0.8041,0.113406,0.072237,0.6784,-0.023793,0.129945,0.9553,-0.022221,0.132776,0.9597,-0.047327,0.135085,1.0216,0.037687,0.110533,0.8067,-0.025191,0.127767,0.9682,0,0,0,0,0,0,0,0,0,0,0,0,0,0,0,0,0,0,0,0,0
DOGS/segment_long_37348578_57/segment_long_37348578_57_t0_000319.jpg,danek,Chihuahua,relaxed,-0.119179,-0.127799,0.6116,0.124701,-0.190629,0.8859,-0.135436,-0.118343,0.6463,0.153078,-0.203793,0.8276,-0.155451,-0.086955,0.7797,0.18647,-0.195196,1.0132,-0.164944,-0.045878,0.546,0.228079,-0.186593,1.0126,-0.17362,-0.057193,0.8249,0.237705,-0.241455,0.9263,-0.157054,-0.09722,0.8683,0.209469,-0.205595,0.3864,-0.142507,-0.103941,0.8414,0.205078,-0.153542,0.6657,-0.033393,-0.072889,0.6628,0.019572,-0.091844,0.6624,-0.056398,0.001743,0.9755,0.049752,-0.016497,0.9572,-0.093491,-0.002414,0.9469,0.098259,-0.032572,0.94,-0.076575,-0.01294,0.9612,0.07141,-0.036079,0.953,-0.076959,0.009417,0.9484,0.076403,-0.01273,0.9351,-0.020414,0.016715,0.98,-0.024874,0.066757,0.9928,-0.049926,0.071765,0.9464,0.002353,0.070773,0.9632,-0.047898,0.025686,0.9773,0.010978,0.017954,0.9813,-0.072152,0.039331,0.975,0.078793,0.018601,0.9142,-0.022875,0.09445,0.9702,-0.047737,0.095952,0.9678,0.005096,0.093439,1.0233,-0.017406,0.11594,1.0193,-0.064671,0.094224,0.9917,0.03331,0.087366,0.9126,-0.015082,0.122599,0.9943,-0.07076,0.105892,0.8719,0.077197,0.088488,0.7529,-0.011712,0.130376,1.0195,-0.008229,0.137297,0.9993,-0.046635,0.126411,0.9356,0.034172,0.126573,0.9027,-0.013174,0.126875,1.0269,0,0,0,0,0,0,0,0,0,0,0,0,0,0,0,0,0,0,0,0,0
DOGS/segment_long_4835989_62/segment_long_4835989_62_t0_000000.jpg,masha,pug,sad,-0.197361,0.008051,0.4109,0.141296,-0.128631,0.5966,-0.205789,0.013571,0.4096,0.188258,-0.077129,0.5931,-0.197304,0.083028,0.31,0.213716,-0.033303,0.8489,-0.211567,0.116714,0.277,0.269985,-0.010249,0.9986,-0.23143,0.020382,0.4019,0.244271,-0.056574,0.8048,-0.208641,0.041086,0.6008,0.205186,-0.10993,0.8037,-0.194938,-0.054834,0.3089,0.141822,-0.15841,0.6108,-0.074738,-0.109293,0.7422,0.002006,-0.120414,0.6368,-0.132595,0.008075,0.915,0.101862,-0.03569,0.8969,-0.180544,0.01953,1.0015,0.154075,-0.042078,0.9374,-0.161253,0.002213,0.9745,0.126849,-0.050952,0.9359,-0.15426,0.025884,0.9041,0.127874,-0.027952,0.8665,-0.027802,-0.051559,0.9371,-0.021777,-0.025213,0.9806,-0.058214,-0.009514,0.9728,0.01945,-0.023974,0.9459,-0.063299,-0.037482,0.9301,0.009241,-0.051945,0.9149,-0.149359,0.063988,0.848,0.136885,0.007564,0.7697,-0.01682,0.005316,0.9849,-0.061702,0.015607,0.9325,0.03231,-0.000153,0.9248,-0.012153,0.041762,0.9784,-0.094516,0.048648,0.5818,0.078251,0.020703,0.5687,-0.009063,0.071315,1.0038,-0.16279,0.171193,0.4915,0.121604,0.107005,0.1846,-0.007991,0.078802,1.0519,-0.007113,0.084454,0.9484,-0.091199,0.204289,0.5984,0.063979,0.116305,0.3953,-0.008478,0.075488,1.0253,0,0,0,0,0,0,0,0,0,0,0,0,0,0,0,0,0,0,0,0,0
DOGS/segment_long_4835989_62/segment_long_4835989_62_t0_000225.jpg,masha,pug,sad,-0.116161,-0.157499,0.8874,0.080512,-0.130815,0.8372,-0.171562,-0.119075,0.8877,0.114275,-0.098667,0.69,-0.214455,-0.068955,0.8478,0.146219,-0.050918,0.7239,-0.26949,-0.004023,0.9895,0.172245,0.003221,1.0001,-0.285717,-0.078992,0.8423,0.159757,-0.054463,0.9225,-0.279229,-0.146633,0.9477,0.139586,-0.110412,0.8151,-0.145125,-0.156712,0.654,0.092808,-0.135569,0.4703,-0.017009,-0.090666,0.692,0.044632,-0.091647,0.6893,-0.070827,0.004889,0.923,0.096957,0.001581,0.8645,-0.139838,0.003485,0.9442,0.134349,0.007217,0.8603,-0.10407,-0.014241,1.0113,0.118222,-0.00834,0.9655,-0.107301,0.025546,0.9224,0.11486,0.01824,0.8736,0.027676,-0.022386,0.962,0.033041,0.002968,0.9842,-0.000268,0.010867,0.9962,0.060874,0.011504,0.9714,-0.003151,-0.01649,0.9421,0.056508,-0.016924,0.9885,-0.114327,0.064282,0.8324,0.116284,0.048207,0.7819,0.035261,0.032827,0.9659,-0.004562,0.034582,0.9479,0.067943,0.034748,0.9221,0.037828,0.065464,0.9619,-0.045679,0.063375,0.4751,0.09558,0.061903,0.5946,0.0413,0.094402,0.9283,-0.148752,0.15186,0.4938,0.123958,0.115312,0.7084,0.041395,0.104459,1.0162,0.041279,0.111426,0.9304,-0.054615,0.174739,0.8099,0.107699,0.181731,0.7566,0.041454,0.099841,1.0288,0,0,0,0,0,0,0,0,0,0,0,0,0,0,0,0,0,0,0,0,0
DOGS/segment_long_6173829_82/segment_long_6173829_82_t0_000000.jpg,danek,flat-coated retriever,neutral,-0.082315,-0.149138,0.4772,0.072471,-0.184472,0.6111,-0.094322,-0.108701,0.4407,0.116311,-0.15153,0.7676,-0.09999,-0.071584,0.2787,0.148172,-0.110131,0.9111,-0.12072,-0.031162,0.2703,0.203181,-0.096107,0.7881,-0.117217,-0.060146,0.2488,0.268108,-0.222584,0.6903,-0.133134,-0.088588,0.3179,0.199252,-0.251567,0.8587,-0.07877,-0.193229,0.6469,0.084722,-0.222668,0.6588,-0.055205,-0.082257,0.5543,0.00616,-0.110743,0.4064,-0.067343,-0.025639,0.8525,0.034671,-0.068153,0.7407,-0.091335,-0.018646,0.7909,0.081635,-0.104086,0.8146,-0.081435,-0.03093,0.8074,0.058742,-0.098085,0.8418,-0.078406,-0.014379,0.8983,0.063647,-0.081729,0.7914,-0.032536,0.029273,0.7897,-0.041025,0.102341,0.8546,-0.065428,0.113269,0.8787,-0.008562,0.089604,0.8395,-0.053783,0.038753,0.8483,-0.006855,0.028028,0.7863,-0.074161,0.012346,0.9066,0.051895,-0.039683,0.7195,-0.033968,0.127383,0.9254,-0.059919,0.13768,0.9349,-0.002438,0.109771,0.7869,-0.02436,0.138507,0.8844,-0.072119,0.120154,0.6396,0.026883,0.083124,0.7217,-0.022096,0.140971,0.8493,-0.080283,0.09106,0.8232,0.059564,0.067438,0.4469,-0.019891,0.14387,0.8056,-0.018551,0.145641,0.7933,-0.051429,0.144318,0.8266,0.026053,0.115708,0.6714,-0.020842,0.142729,0.8143,0,0,0,0,0,0,0,0,0,0,0,0,0,0,0,0,0,0,0,0,0
DOGS/segment_long_6173829_82/segment_long_6173829_82_t1_000000.jpg,danek,flat-coated retriever,happy,-0.082342,-0.154028,0.4527,0.072966,-0.181078,0.7086,-0.093147,-0.112425,0.4065,0.116095,-0.149114,0.7782,-0.093873,-0.082547,0.2593,0.146033,-0.107891,0.9027,-0.123762,-0.031492,0.6306,0.200181,-0.096972,0.8621,-0.117837,-0.064195,0.2579,0.266835,-0.220518,0.8506,-0.126348,-0.10027,0.3247,0.197989,-0.247996,0.8919,-0.080856,-0.184708,0.506,0.084032,-0.213436,0.6218,-0.052874,-0.086321,0.5995,0.003234,-0.111159,0.4989,-0.067301,-0.025559,0.8584,0.040268,-0.079074,0.7772,-0.09175,-0.017177,0.8166,0.073945,-0.097787,0.8042,-0.082617,-0.028877,0.8482,0.054452,-0.097829,0.7652,-0.077898,-0.014006,0.8566,0.060462,-0.081004,0.8093,-0.031902,0.026518,0.8916,-0.042286,0.101468,0.8151,-0.067431,0.11312,0.8617,-0.010217,0.08901,0.8899,-0.053869,0.036546,0.8876,-0.005748,0.02515,0.7444,-0.074808,0.011081,0.8939,0.060887,-0.053667,0.7477,-0.034896,0.126109,0.8708,-0.060272,0.137453,0.9071,-0.004629,0.109176,0.8819,-0.026127,0.138012,0.9077,-0.073333,0.120338,0.7246,0.025756,0.082448,0.7293,-0.023871,0.140057,0.9289,-0.080469,0.091982,0.8159,0.057747,0.068974,0.4745,-0.021864,0.142894,0.8264,-0.020597,0.144568,0.806,-0.053526,0.143723,0.9288,0.025908,0.114978,0.7998,-0.022667,0.141705,0.8539,0,0,0,0,0,0,0,0,0,0,0,0,0,0,0,0,0,0,0,0,0
DOGS/segment_long_6318319_87/segment_long_6318319_87_t0_000000.jpg,danek,Yorkshire terrier,relaxed,-0.169086,-0.189951,0.9499,0.100008,-0.123867,0.6859,-0.183584,-0.137963,0.9339,0.117721,-0.083847,0.765,-0.189144,-0.07239,1.0276,0.123876,-0.042537,0.7167,-0.237382,-0.020972,0.9969,0.144727,0.022662,0.6105,-0.330901,-0.085318,0.7889,0.154263,-0.044611,0.7709,-0.276946,-0.155305,0.7654,0.150635,-0.092568,0.7407,-0.184647,-0.207521,0.8897,0.118294,-0.131701,0.6738,-0.025596,-0.107615,0.6414,0.032426,-0.100526,0.6926,-0.049871,-0.037255,0.9576,0.054704,-0.029641,0.9978,-0.107115,-0.047971,0.9812,0.091204,-0.030373,0.9369,-0.076148,-0.062102,0.9715,0.073405,-0.042807,1.0004,-0.081155,-0.024816,0.9402,0.074967,-0.017323,0.9735,0.025977,0.006701,0.9639,0.046153,0.049047,0.9775,0.016033,0.055212,0.9329,0.073795,0.055629,1.0062,-0.003198,0.012599,0.9517,0.054169,0.011215,0.9403,-0.080948,0.011128,0.9056,0.082755,0.014449,0.882,0.050091,0.079791,0.9455,0.016943,0.078749,0.9959,0.078984,0.082174,0.9937,0.04651,0.111308,0.9394,-0.024115,0.08054,0.8361,0.105411,0.085884,0.89,0.043677,0.125943,0.9886,-0.06851,0.104774,0.5187,0.127096,0.098195,0.7658,0.042268,0.132914,0.9728,0.041612,0.137555,0.9302,-0.006384,0.128329,0.8459,0.089038,0.135329,0.8508,0.04292,0.129598,0.9994,0,0,0,0,0,0,0,0,0,0,0,0,0,0,0,0,0,0,0,0,0
DOGS/segment_long_6318319_87/segment_long_6318319_87_t1_000125.jpg,danek,Yorkshire terrier,neutral,-0.178683,-0.214399,0.8938,0.092483,-0.112567,0.6347,-0.174517,-0.158759,0.7538,0.109837,-0.059445,0.515,-0.170814,-0.081254,0.8103,0.112763,-0.000885,0.4366,-0.217934,-0.032371,0.947,0.133149,0.035421,0.3664,-0.293248,-0.09791,0.8444,0.137967,-0.018055,0.4532,-0.283577,-0.180921,0.7587,0.132805,-0.078627,0.4373,-0.197988,-0.233575,0.8606,0.104348,-0.111669,0.6625,-0.014418,-0.112372,0.7518,0.032357,-0.099902,0.7369,-0.054577,-0.040766,0.9802,0.051482,-0.027881,0.8886,-0.107727,-0.05401,1.009,0.087194,-0.025222,0.8418,-0.077661,-0.066572,0.9509,0.069802,-0.036924,0.8527,-0.084808,-0.030384,0.9535,0.070592,-0.016761,0.8511,0.036874,0.006762,0.8974,0.067177,0.054662,0.9738,0.036482,0.057671,0.9808,0.091492,0.06228,0.9313,0.007598,0.010891,0.8177,0.064775,0.011577,0.8433,-0.087491,0.005494,0.8762,0.079246,0.009638,0.8089,0.069772,0.085013,0.9685,0.036587,0.081834,0.9881,0.092695,0.087632,0.9158,0.062992,0.11166,0.9305,-0.011765,0.078183,0.7855,0.104244,0.088083,0.8142,0.059354,0.121294,0.9226,-0.069975,0.098782,0.4456,0.108874,0.086707,0.7617,0.057502,0.12747,0.9317,0.056367,0.13108,0.8863,0.000207,0.122041,0.8383,0.085636,0.123225,0.8746,0.058368,0.124629,0.9526,0,0,0,0,0,0,0,0,0,0,0,0,0,0,0,0,0,0,0,0,0
DOGS/segment_long_6318319_87/segment_long_6318319_87_t1_000300.jpg,danek,Lhasa,relaxed,-0.175095,-0.203499,0.9538,0.076607,-0.135009,0.5888,-0.181412,-0.146993,0.9122,0.109287,-0.082023,0.5706,-0.182139,-0.075343,0.9437,0.106355,-0.034586,0.6809,-0.232082,-0.024289,0.9723,0.11347,0.018794,0.8282,-0.300671,-0.094258,0.8374,0.128683,-0.026185,0.8315,-0.290684,-0.17272,0.7548,0.127088,-0.07903,0.7033,-0.191582,-0.225895,0.9413,0.104383,-0.125596,0.5268,-0.016562,-0.107842,0.6769,0.036986,-0.099146,0.6525,-0.052323,-0.040197,0.9686,0.055985,-0.027642,0.9512,-0.110745,-0.053289,1.008,0.089598,-0.026647,0.9598,-0.079621,-0.065078,0.9499,0.073945,-0.038904,0.9485,-0.084815,-0.030821,1.0104,0.073598,-0.016288,0.9754,0.034643,0.010158,0.9518,0.059868,0.056268,1.0151,0.030508,0.059802,0.9182,0.083693,0.062397,0.963,0.006156,0.013379,0.8734,0.059417,0.014827,0.8712,-0.085774,0.003685,0.8674,0.077258,0.011357,0.8825,0.061931,0.085918,0.936,0.03125,0.08378,0.9834,0.085075,0.088138,0.9781,0.0564,0.114892,0.9624,-0.016559,0.080978,0.7968,0.097573,0.089465,0.9292,0.053171,0.125762,0.969,-0.076986,0.100264,0.2919,0.104143,0.091139,0.8072,0.051331,0.131811,0.9802,0.050165,0.135392,0.9443,-0.002847,0.125878,0.8147,0.079676,0.129093,0.8604,0.052186,0.129056,0.9947,0,0,0,0,0,0,0,0,0,0,0,0,0,0,0,0,0,0,0,0,0
DOGS/segment_long_6318319_87/segment_long_6318319_87_t2_000325.jpg,danek,Lhasa,relaxed,-0.178988,-0.192869,0.9239,0.09482,-0.117549,0.7712,-0.18526,-0.133363,0.8885,0.106086,-0.075098,0.7526,-0.188492,-0.063952,0.9918,0.106648,-0.026739,0.6787,-0.236252,-0.01464,0.9987,0.124685,0.023342,0.7745,-0.317789,-0.089001,0.8269,0.140151,-0.021931,0.7921,-0.290377,-0.172134,0.8238,0.133409,-0.075161,0.8035,-0.192921,-0.218263,0.9365,0.109028,-0.12046,0.7744,-0.019519,-0.107569,0.7282,0.033855,-0.097213,0.7302,-0.056013,-0.040253,0.9259,0.052621,-0.027984,0.977,-0.111191,-0.052522,0.9694,0.087109,-0.026021,0.9287,-0.081289,-0.061834,0.972,0.070942,-0.038268,0.9145,-0.085809,-0.031592,0.9627,0.070668,-0.016467,0.9889,0.031879,0.007627,0.9141,0.059016,0.052971,1.0357,0.029066,0.057285,0.9773,0.083125,0.059438,1.0136,0.003758,0.011433,0.9151,0.057507,0.011895,0.8377,-0.088329,0.003848,0.882,0.075551,0.011726,0.9156,0.061006,0.082949,0.9335,0.029053,0.080942,0.9933,0.084556,0.085529,1.0089,0.054764,0.111756,0.9652,-0.017561,0.078799,0.8079,0.098571,0.086603,0.9298,0.051041,0.123697,0.9732,-0.076446,0.1052,0.4748,0.107211,0.093221,0.8136,0.049058,0.129931,0.9577,0.047839,0.13388,0.9483,-0.006204,0.124074,0.8005,0.079904,0.128448,0.8783,0.050005,0.127037,0.985,0,0,0,0,0,0,0,0,0,0,0,0,0,0,0,0,0,0,0,0,0
DOGS/segment_long_6561423_110/segment_long_6561423_110_t0_000000.jpg,masha,Cardigan,relaxed,-0.073644,-0.113403,0.9347,0.023892,-0.108454,1.0176,-0.113598,-0.159621,0.9796,0.056861,-0.150174,0.9959,-0.145951,-0.201743,0.9951,0.096522,-0.190454,0.9555,-0.191586,-0.241669,0.9464,0.144633,-0.230815,0.9947,-0.217215,-0.158024,1.0031,0.149552,-0.14707,0.9521,-0.218642,-0.072518,0.9249,0.136992,-0.065858,0.8158,-0.19002,-0.001192,0.8897,0.095355,0.043642,0.862,-0.025065,-0.062957,0.8497,0.017127,-0.061803,0.8343,-0.055444,-0.003819,0.9434,0.050967,-0.000272,1.0005,-0.089719,-0.006,0.9555,0.077571,0.001808,0.9652,-0.072327,-0.01703,0.9589,0.064972,-0.010596,0.9477,-0.073223,0.00554,0.9909,0.064929,0.010802,0.9686,0.016687,0.010544,0.9583,0.038864,0.045198,0.9734,0.008475,0.050341,0.9982,0.064898,0.053608,0.9829,-0.008069,0.016419,0.9099,0.040309,0.014782,0.9943,-0.069695,0.03602,0.9557,0.068493,0.036267,0.9587,0.042117,0.0759,1.0461,0.007022,0.075068,0.985,0.069597,0.079579,0.9441,0.036889,0.106442,1.0039,-0.028847,0.084346,0.9084,0.080212,0.091932,0.9717,0.033093,0.120662,1.0029,-0.098127,0.09558,0.957,0.088723,0.101774,0.8164,0.028382,0.22616,0.7024,0.027436,0.231792,0.7138,-0.032155,0.131066,0.9705,0.067281,0.13374,0.9307,0.034996,0.254318,0.9466,0,0,0,0,0,0,0,0,0,0,0,0,0,0,0,0,0,0,0,0,0
DOGS/segment_long_6561423_110/segment_long_6561423_110_t0_000092.jpg,masha,Cardigan,relaxed,-0.07451,-0.11555,0.9857,0.015448,-0.108092,1.0352,-0.109476,-0.16032,0.9585,0.049949,-0.14565,1.0178,-0.137922,-0.203324,0.9917,0.090331,-0.183476,0.9716,-0.181026,-0.24673,0.9253,0.137851,-0.221297,0.9828,-0.212815,-0.168373,0.9253,0.139252,-0.145416,0.9682,-0.219364,-0.085281,0.9456,0.123664,-0.071469,0.8898,-0.195674,-0.013313,0.8995,0.084264,0.037919,0.9069,-0.023858,-0.059065,0.8777,0.017572,-0.056183,0.8281,-0.053441,-0.002801,0.9656,0.047708,0.002334,1.0184,-0.090041,-0.007813,0.949,0.073217,0.005193,0.9742,-0.071025,-0.017393,0.9459,0.061843,-0.007253,0.9738,-0.073427,0.005408,0.9871,0.060616,0.013476,1.0242,0.020923,0.017363,0.9034,0.050099,0.054523,0.939,0.020471,0.057605,0.9505,0.074611,0.062567,0.9814,-0.003726,0.02226,0.9529,0.042872,0.022323,0.9235,-0.070813,0.034963,0.9413,0.063414,0.037284,0.9953,0.05372,0.083985,0.9753,0.019741,0.081127,0.9391,0.078391,0.088695,0.9797,0.046801,0.11241,0.9909,-0.019793,0.086972,0.8573,0.082806,0.098154,0.794,0.040759,0.125405,0.9801,-0.10721,0.091121,1.0416,0.083703,0.094452,0.6391,0.019972,0.235499,0.6483,0.018491,0.240569,0.6429,-0.028937,0.132253,0.9656,0.068077,0.129842,0.8102,0.025517,0.263666,0.9673,0,0,0,0,0,0,0,0,0,0,0,0,0,0,0,0,0,0,0,0,0
DOGS/segment_long_6561423_110/segment_long_6561423_110_t0_000161.jpg,masha,Cardigan,relaxed,-0.073051,-0.115316,1.0073,0.014256,-0.109585,1.0045,-0.108579,-0.159863,0.9927,0.048776,-0.14653,0.9695,-0.137014,-0.202555,1.0324,0.088531,-0.183916,1.0313,-0.179609,-0.243786,0.9774,0.135246,-0.222252,0.9652,-0.209844,-0.167615,0.954,0.136415,-0.146432,0.9914,-0.216231,-0.085343,0.9987,0.121254,-0.072654,0.9453,-0.192064,-0.01375,0.8919,0.084728,0.033743,0.8854,-0.023939,-0.058437,0.9125,0.017074,-0.056732,0.8535,-0.052716,-0.002902,0.9472,0.047793,0.000845,1.0077,-0.088672,-0.007734,0.9434,0.073257,0.003456,0.9987,-0.069991,-0.017102,0.9694,0.061846,-0.008853,0.9841,-0.072192,0.005181,1.0091,0.060754,0.012007,1.01,0.021142,0.017814,0.9421,0.049446,0.05552,0.9838,0.020061,0.05854,0.9434,0.073969,0.062659,1.0152,-0.003445,0.02337,0.9634,0.043074,0.022436,0.9202,-0.069699,0.034817,0.9487,0.063608,0.035686,0.974,0.052846,0.084377,0.9373,0.019254,0.082094,0.968,0.077462,0.08851,0.9373,0.046132,0.112172,1.0027,-0.019082,0.08758,0.9102,0.081655,0.096489,0.8093,0.040544,0.124997,1.0136,-0.106536,0.090233,0.9733,0.08273,0.090328,0.683,0.020782,0.229012,0.746,0.019341,0.234587,0.8137,-0.028107,0.132382,0.8881,0.068787,0.127524,0.8593,0.02612,0.261115,0.9854,0,0,0,0,0,0,0,0,0,0,0,0,0,0,0,0,0,0,0,0,0
DOGS/segment_long_6561423_110/segment_long_6561423_110_t0_000299.jpg,masha,Cardigan,relaxed,-0.072904,-0.116891,1.0027,0.01505,-0.111091,0.9762,-0.108122,-0.160924,0.9919,0.04883,-0.149183,0.9573,-0.137036,-0.202953,0.9888,0.088212,-0.187991,0.9898,-0.180374,-0.244683,1.0065,0.134306,-0.226314,0.9652,-0.21023,-0.169684,0.9318,0.136929,-0.152081,0.943,-0.216072,-0.087923,0.9012,0.122565,-0.077792,0.9342,-0.190502,-0.016701,0.946,0.086403,0.03383,0.8192,-0.024752,-0.059916,0.913,0.017272,-0.057743,0.886,-0.053636,-0.004564,0.9302,0.04759,-0.00082,1.0578,-0.088439,-0.009002,0.9662,0.074092,0.001291,1.0148,-0.070436,-0.018405,0.9641,0.061674,-0.011276,1.0052,-0.07238,0.003766,1.0143,0.061278,0.01037,1.0046,0.019511,0.016735,0.9716,0.04589,0.054658,0.9895,0.016574,0.058338,0.9445,0.071106,0.061675,0.9457,-0.005287,0.022263,0.9266,0.041896,0.021152,0.962,-0.068723,0.033162,0.9575,0.063814,0.034872,1.0081,0.049228,0.083786,0.9938,0.015787,0.08197,0.9878,0.075117,0.087684,0.9994,0.042787,0.11175,0.9668,-0.021707,0.087794,0.9225,0.081024,0.095892,0.8668,0.038015,0.124604,0.9528,-0.100334,0.08799,1.0147,0.084381,0.088566,0.8421,0.021258,0.228037,0.7226,0.019888,0.234928,0.8016,-0.030149,0.131903,0.9591,0.070018,0.128511,0.8645,0.030319,0.272177,0.9747,0,0,0,0,0,0,0,0,0,0,0,0,0,0,0,0,0,0,0,0,0
DOGS/segment_long_6561423_111/segment_long_6561423_111_t0_000000.jpg,masha,Border collie,relaxed,-0.074443,-0.118638,1.0162,0.013378,-0.113147,1.0299,-0.109552,-0.161799,0.9403,0.045875,-0.150817,0.9671,-0.138948,-0.205657,0.9633,0.085626,-0.190614,0.9599,-0.182722,-0.249489,0.9871,0.131804,-0.230233,0.9655,-0.213612,-0.170334,0.9363,0.135873,-0.155909,0.9706,-0.219538,-0.081827,0.8719,0.121273,-0.081236,0.9069,-0.165951,-0.005352,0.7319,0.084129,0.034953,0.8361,-0.026953,-0.060575,0.8947,0.016129,-0.058509,0.8448,-0.055387,-0.006334,0.9749,0.047081,-0.00246,1.0272,-0.090293,-0.011067,0.962,0.073362,-0.00123,0.9722,-0.072141,-0.020008,1.0019,0.060826,-0.013804,0.9829,-0.074319,0.001655,1.0111,0.060814,0.008519,1.0245,0.018593,0.015492,0.9131,0.045173,0.05381,0.9777,0.016,0.057585,0.9793,0.070699,0.060565,0.9529,-0.006739,0.020912,0.9366,0.041452,0.019925,0.9708,-0.070528,0.030299,0.9592,0.063282,0.033475,1.0072,0.048802,0.082867,0.9872,0.015316,0.081306,0.9759,0.075193,0.08686,0.9841,0.042449,0.111075,0.963,-0.022688,0.087382,0.9029,0.080933,0.09508,0.8455,0.036927,0.124181,1.0204,-0.101335,0.085263,1.0526,0.083151,0.090367,0.8354,0.018725,0.228719,0.7728,0.017677,0.236094,0.8031,-0.032291,0.131668,0.9819,0.067814,0.129515,0.8484,0.027982,0.271359,0.9938,0,0,0,0,0,0,0,0,0,0,0,0,0,0,0,0,0,0,0,0,0
DOGS/segment_long_6561423_111/segment_long_6561423_111_t0_000069.jpg,masha,Cardigan,relaxed,-0.072801,-0.117751,0.9747,0.015197,-0.111561,1.0059,-0.106937,-0.161012,0.9458,0.048234,-0.149301,0.9317,-0.135412,-0.204498,1.0046,0.087599,-0.188128,0.9631,-0.17933,-0.247681,0.9468,0.134213,-0.226902,0.9853,-0.210066,-0.1702,0.9319,0.137145,-0.151098,0.9337,-0.216831,-0.087615,0.9546,0.122315,-0.077029,0.9602,-0.191511,-0.015286,0.8977,0.085303,0.036792,0.8333,-0.025037,-0.059693,0.878,0.017588,-0.057403,0.8321,-0.053868,-0.004886,0.9482,0.047455,-0.000677,1.016,-0.088895,-0.009798,0.9507,0.073654,0.001398,0.9983,-0.07074,-0.018945,1.0072,0.061339,-0.011117,0.9809,-0.072938,0.003092,0.9934,0.061079,0.010431,1.0245,0.019731,0.016462,0.9411,0.046449,0.053739,0.9731,0.017122,0.057153,0.9709,0.071656,0.060731,0.983,-0.005016,0.021801,0.934,0.042026,0.020902,0.9347,-0.069694,0.031801,0.9347,0.063784,0.034855,0.9722,0.050037,0.082717,0.9748,0.016246,0.080569,0.9632,0.075781,0.08674,0.9931,0.043576,0.110823,0.9995,-0.021905,0.086351,0.9124,0.080851,0.095155,0.8297,0.038369,0.123461,0.956,-0.10247,0.089056,0.9876,0.082993,0.090389,0.7993,0.020765,0.234268,0.7752,0.019509,0.239613,0.7635,-0.029881,0.130669,0.9488,0.068764,0.12764,0.8541,0.025655,0.259463,0.994,0,0,0,0,0,0,0,0,0,0,0,0,0,0,0,0,0,0,0,0,0
DOGS/segment_long_6561423_111/segment_long_6561423_111_t0_000161.jpg,masha,Cardigan,relaxed,-0.070243,-0.118052,0.9733,0.016644,-0.113677,1.0127,-0.10655,-0.162521,1.0239,0.049196,-0.155612,0.9909,-0.137048,-0.205042,0.9789,0.087988,-0.195739,0.9674,-0.181392,-0.246455,0.9761,0.134306,-0.23612,0.952,-0.209293,-0.167615,0.9444,0.141043,-0.159811,0.9486,-0.212803,-0.082118,0.9478,0.129145,-0.081197,0.8848,-0.182261,-0.007213,0.9048,0.091348,0.035079,0.8747,-0.025725,-0.060591,0.8215,0.01669,-0.060072,0.8261,-0.054581,-0.004307,0.9772,0.04887,-0.002877,0.9866,-0.088782,-0.007267,0.9321,0.075395,-0.002129,1.0028,-0.071291,-0.017716,0.9635,0.062332,-0.014527,1.0023,-0.072524,0.004738,0.9784,0.063087,0.007924,1.0309,0.017913,0.014655,0.9774,0.040566,0.051332,0.95,0.011568,0.056419,0.9708,0.06613,0.058063,0.9804,-0.006932,0.021011,0.9231,0.041011,0.018612,1.0441,-0.068553,0.034489,0.9561,0.065546,0.033931,0.9522,0.043977,0.080917,0.9816,0.010384,0.080379,0.9551,0.070828,0.084241,0.9608,0.03848,0.110239,0.9838,-0.025584,0.087685,0.9137,0.078863,0.093683,0.9346,0.034374,0.123803,0.9806,-0.10073,0.095349,1.0018,0.085693,0.097368,0.868,0.020608,0.224809,0.833,0.019887,0.230765,0.8866,-0.029801,0.132343,0.9707,0.066228,0.133288,1.0358,0.02442,0.250812,0.8919,0,0,0,0,0,0,0,0,0,0,0,0,0,0,0,0,0,0,0,0,0
DOGS/segment_long_6561423_111/segment_long_6561423_111_t0_000253.jpg,masha,Border collie,relaxed,-0.070619,-0.116378,0.9847,0.016342,-0.112844,1.0096,-0.106307,-0.160584,0.9916,0.048517,-0.155139,1.0017,-0.138107,-0.203977,1.0351,0.08753,-0.196475,1.0137,-0.182971,-0.245864,0.9614,0.133375,-0.237673,0.9708,-0.210237,-0.166488,0.9481,0.142446,-0.161843,0.9414,-0.213612,-0.07936,0.9172,0.131289,-0.077371,0.9091,-0.183424,-0.005186,0.768,0.09348,0.035381,0.9409,-0.027158,-0.06099,0.849,0.014944,-0.060455,0.8569,-0.05625,-0.003949,0.9611,0.047927,-0.002175,1.0032,-0.090367,-0.006487,0.959,0.074489,-0.002423,0.9646,-0.073217,-0.016978,0.9618,0.061391,-0.014614,1.0056,-0.074012,0.004958,0.9913,0.062401,0.008369,1.0226,0.015292,0.01576,0.9332,0.03745,0.053086,0.9481,0.008033,0.058851,0.9597,0.063449,0.059538,0.9774,-0.010814,0.022422,0.9513,0.038977,0.019562,1.021,-0.069598,0.035153,0.9575,0.064794,0.034845,1.0114,0.040953,0.082911,0.9792,0.007572,0.083123,0.9981,0.068371,0.086169,0.985,0.036471,0.112286,0.994,-0.027135,0.089973,0.9668,0.077572,0.094509,0.919,0.032677,0.125119,1.0101,-0.095166,0.094934,0.9526,0.084413,0.096,0.8497,0.022603,0.223115,0.7543,0.021969,0.230524,0.8078,-0.030586,0.134301,0.992,0.065092,0.134042,0.9875,0.030368,0.262119,0.9057,0,0,0,0,0,0,0,0,0,0,0,0,0,0,0,0,0,0,0,0,0
DOGS/segment_long_6561423_112/segment_long_6561423_112_t0_000184.jpg,danek,kelpie,relaxed,-0.073794,-0.122245,1.05,0.009207,-0.115898,1.0015,-0.105688,-0.166957,0.9527,0.047398,-0.15145,0.9907,-0.13274,-0.211816,0.9832,0.088012,-0.189297,0.9573,-0.172851,-0.25548,0.9628,0.137085,-0.226941,0.9494,-0.207605,-0.180359,0.9813,0.135131,-0.152892,0.9521,-0.220078,-0.09726,0.9525,0.116616,-0.083122,0.9262,-0.192657,-0.023685,0.913,0.078662,0.024833,0.8622,-0.026754,-0.055865,0.8749,0.015012,-0.05391,0.8332,-0.050352,-0.001821,0.8766,0.040447,-0.000414,0.9486,-0.082919,-0.007145,0.8022,0.067739,-0.004117,0.9837,-0.066292,-0.015395,0.8339,0.053487,-0.014472,0.8853,-0.06813,0.004699,0.8762,0.055139,0.009199,0.9381,0.017878,0.030649,0.903,0.045939,0.077037,0.9564,0.019637,0.082256,0.9074,0.068017,0.081875,0.9431,-0.007341,0.036989,0.8823,0.039529,0.034952,0.9488,-0.065606,0.034466,0.8187,0.056374,0.036538,0.8903,0.046993,0.105195,0.9367,0.018383,0.104558,0.8856,0.07075,0.108383,0.9954,0.040649,0.132465,0.9793,-0.02046,0.105359,0.8433,0.076565,0.111723,0.8831,0.036586,0.143182,0.942,-0.097303,0.097008,0.8268,0.078711,0.101253,0.8162,0.02879,0.170167,0.8975,0.027323,0.176623,0.8886,-0.030236,0.146411,0.871,0.062834,0.143644,0.8967,0.035342,0.16706,0.9312,0,0,0,0,0,0,0,0,0,0,0,0,0,0,0,0,0,0,0,0,0
DOGS/segment_long_6564931_114/segment_long_6564931_114_t0_000253.jpg,masha,Cardigan,surprise,-0.065675,-0.107536,0.9796,0.026349,-0.108508,1.0297,-0.109957,-0.156172,1.0011,0.05563,-0.156157,0.9555,-0.146223,-0.200795,0.9548,0.091483,-0.201113,1.0013,-0.196535,-0.242546,0.9454,0.137009,-0.246758,0.976,-0.218335,-0.144878,0.9943,0.153498,-0.158898,0.9366,-0.213514,-0.048826,0.9037,0.151816,-0.068063,0.7601,-0.175361,0.03028,0.7442,0.123512,0.039892,0.9356,-0.023673,-0.064275,0.8513,0.016635,-0.065604,0.8161,-0.056032,-0.002675,0.963,0.055784,-0.002038,0.9776,-0.093629,-0.004214,0.9598,0.084737,-0.002739,0.9883,-0.075279,-0.018719,0.9786,0.070635,-0.016082,1.0016,-0.075673,0.008912,0.9747,0.072286,0.009151,0.9868,0.012235,0.005868,0.9849,0.025775,0.035057,0.9665,-0.003517,0.041555,0.9718,0.053415,0.041739,0.9359,-0.011629,0.011847,0.9575,0.037257,0.009886,1.0399,-0.075092,0.040378,0.9546,0.076524,0.037582,0.9384,0.030545,0.065984,1.0013,-0.005731,0.066427,0.98,0.061329,0.067014,0.9889,0.028826,0.098588,0.9644,-0.036775,0.078843,0.9176,0.077681,0.080974,0.8792,0.026203,0.115491,0.9779,-0.093864,0.10482,0.8883,0.092319,0.099486,0.8685,0.021848,0.228466,0.8515,0.021347,0.233304,0.8421,-0.035995,0.128355,1.013,0.066167,0.13215,1.0567,0.025482,0.244145,1.013,0,0,0,0,0,0,0,0,0,0,0,0,0,0,0,0,0,0,0,0,0
DOGS/segment_long_6564931_114/segment_long_6564931_114_t0_000345.jpg,masha,Cardigan,neutral,-0.067801,-0.106762,1.025,0.02276,-0.107034,1.0124,-0.110499,-0.157029,0.9574,0.05234,-0.153356,0.9653,-0.144124,-0.203298,1.0024,0.088317,-0.196981,1.0278,-0.192202,-0.245618,0.985,0.132668,-0.240556,0.9787,-0.217143,-0.15783,0.9162,0.148194,-0.158522,1.0082,-0.214503,-0.062794,0.8888,0.145682,-0.072397,0.7546,-0.182872,0.024334,0.7515,0.115263,0.044905,0.9214,-0.025259,-0.059907,0.8822,0.015921,-0.061059,0.8468,-0.056447,-0.000749,0.9751,0.053934,0.000619,0.9953,-0.093447,-0.002371,0.9428,0.081558,0.000632,0.9567,-0.075336,-0.015937,0.9924,0.068264,-0.012509,0.9637,-0.075672,0.010498,1.0019,0.069409,0.011757,0.9426,0.012891,0.008731,0.9632,0.030623,0.038266,0.9649,0.000377,0.044016,0.9742,0.057973,0.045562,1.009,-0.011582,0.014733,0.9465,0.0376,0.012435,1.015,-0.074313,0.04089,0.9534,0.074466,0.038949,0.9658,0.035589,0.068801,0.9832,-0.001238,0.068126,0.9872,0.06539,0.071417,0.9528,0.032079,0.100344,0.9629,-0.034258,0.081168,0.8511,0.07862,0.086943,0.9085,0.028427,0.116975,0.984,-0.095696,0.105438,0.9202,0.090304,0.105532,0.8959,0.023756,0.222676,0.7784,0.023319,0.229002,0.7727,-0.035632,0.129709,0.9957,0.064344,0.135105,1.0381,0.028416,0.250693,1.022,0,0,0,0,0,0,0,0,0,0,0,0,0,0,0,0,0,0,0,0,0
DOGS/segment_long_6564931_115/segment_long_6564931_115_t0_000092.jpg,danek,Cardigan,relaxed,-0.065863,-0.108868,0.9659,0.018898,-0.109484,1.0282,-0.107819,-0.159318,0.9738,0.050796,-0.15569,0.9603,-0.140634,-0.205012,0.9807,0.08652,-0.20031,1.0154,-0.187249,-0.245999,0.9594,0.130211,-0.243774,0.9667,-0.213812,-0.158467,0.9446,0.145805,-0.161702,0.9985,-0.213855,-0.062773,0.9485,0.144936,-0.073135,0.8131,-0.183262,0.02141,0.7322,0.1148,0.043942,0.9408,-0.024915,-0.06294,0.8562,0.01487,-0.064352,0.865,-0.057307,-0.001923,0.9571,0.053768,-0.000425,0.9679,-0.094468,-0.003321,0.9669,0.081641,-0.000365,0.9784,-0.076541,-0.017461,0.9876,0.068227,-0.013795,0.9953,-0.076795,0.009503,1.0281,0.069269,0.010651,0.9909,0.013281,0.008161,0.9742,0.029949,0.037609,0.9421,0.000211,0.043872,0.9471,0.057431,0.044974,0.9855,-0.010695,0.014384,0.9343,0.037778,0.01187,1.0325,-0.075667,0.041077,0.9716,0.074238,0.038621,0.9278,0.03474,0.068729,1.028,-0.001447,0.068349,0.9985,0.06458,0.071107,0.9635,0.031766,0.100777,0.9569,-0.033358,0.081442,0.8752,0.078242,0.08683,0.9155,0.028584,0.117067,0.9755,-0.092553,0.109773,0.8692,0.089224,0.106844,0.9085,0.021385,0.227296,0.8541,0.020829,0.234396,0.8146,-0.033683,0.130415,0.9977,0.063323,0.138201,1.0296,0.024091,0.233828,1.0612,0,0,0,0,0,0,0,0,0,0,0,0,0,0,0,0,0,0,0,0,0
DOGS/segment_long_6564931_115/segment_long_6564931_115_t0_000184.jpg,danek,Cardigan,relaxed,-0.066075,-0.106655,0.9715,0.02912,-0.104229,1.0182,-0.111404,-0.155934,0.9811,0.058403,-0.157199,0.9839,-0.148333,-0.20069,1.0219,0.095495,-0.204293,0.9947,-0.198691,-0.242693,0.9516,0.142639,-0.251073,0.9817,-0.222142,-0.149638,0.9033,0.162225,-0.168065,0.924,-0.215373,-0.052371,0.8586,0.161132,-0.077247,0.7059,-0.178607,0.035359,0.6594,0.129656,0.044818,0.9311,-0.026362,-0.061278,0.8501,0.017214,-0.062964,0.8828,-0.058744,0.000398,0.9575,0.057001,-0.001712,0.9702,-0.096577,-5.1e-05,0.9637,0.087001,-0.003749,0.9352,-0.078645,-0.015658,0.9778,0.072293,-0.017889,0.9748,-0.078056,0.012792,0.9593,0.074302,0.009146,0.9612,0.010219,0.007649,0.9452,0.020716,0.03539,0.9186,-0.009828,0.043131,0.9547,0.049515,0.041635,0.9761,-0.014877,0.014359,0.9731,0.03581,0.011072,1.0041,-0.075988,0.043905,0.9188,0.078792,0.038084,0.9364,0.025492,0.066469,1.0031,-0.0127,0.067895,0.9634,0.058887,0.066972,0.9921,0.025269,0.098389,0.9607,-0.041959,0.083653,0.908,0.07791,0.082492,0.9254,0.023768,0.116488,0.979,-0.085523,0.115753,0.8709,0.091842,0.108414,0.7584,0.02378,0.2036,1.0341,0.02385,0.213971,0.9669,-0.03422,0.138133,1.0008,0.065209,0.13836,0.9407,0.023395,0.192397,1.0465,0,0,0,0,0,0,0,0,0,0,0,0,0,0,0,0,0,0,0,0,0
DOGS/segment_long_6564931_115/segment_long_6564931_115_t0_000253.jpg,danek,Cardigan,relaxed,-0.069938,-0.097368,0.9977,0.034141,-0.100933,0.9764,-0.118969,-0.147917,0.9626,0.064856,-0.151333,0.9767,-0.158452,-0.19478,0.9648,0.103482,-0.20179,0.9932,-0.211887,-0.237547,0.9685,0.150559,-0.249807,0.9653,-0.236351,-0.138228,0.9336,0.171864,-0.162878,0.9487,-0.226091,-0.036271,0.8187,0.172073,-0.066668,0.6262,-0.183434,0.048684,0.4834,0.13994,0.067525,0.8929,-0.027575,-0.057437,0.8343,0.019003,-0.059375,0.8499,-0.062855,0.004846,0.9707,0.060205,0.001425,0.9728,-0.102401,0.005102,0.9528,0.092987,0.000184,0.9306,-0.083587,-0.011936,0.9855,0.077918,-0.015649,0.9791,-0.082767,0.018653,0.9737,0.079227,0.014029,0.9388,0.009469,0.000983,0.9903,0.01973,0.025291,0.9571,-0.012016,0.034236,0.9229,0.048765,0.031747,0.9774,-0.016508,0.007735,0.9567,0.034813,0.004373,0.9525,-0.081598,0.049096,0.875,0.083292,0.041749,0.9226,0.024618,0.05746,1.009,-0.015707,0.059261,0.9549,0.05926,0.05806,1.0064,0.024404,0.091013,0.9483,-0.044194,0.080043,0.8088,0.079143,0.077669,0.8725,0.023185,0.112294,0.9406,-0.077402,0.135302,0.847,0.09007,0.121122,0.6921,0.024413,0.18891,1.0417,0.024258,0.201661,0.928,-0.035103,0.13976,1.0005,0.062837,0.131267,0.9736,0.022879,0.17239,0.9941,0,0,0,0,0,0,0,0,0,0,0,0,0,0,0,0,0,0,0,0,0
DOGS/segment_long_6564931_115/segment_long_6564931_115_t0_000345.jpg,danek,Border collie,relaxed,-0.068207,-0.103827,0.959,0.030092,-0.103648,0.9816,-0.114864,-0.154248,0.9682,0.058543,-0.152249,0.971,-0.152284,-0.200801,0.983,0.09485,-0.198292,0.9523,-0.202312,-0.243453,0.9349,0.140779,-0.243976,0.9597,-0.225424,-0.144151,0.9432,0.158727,-0.158767,0.9593,-0.217312,-0.046874,0.9219,0.158023,-0.066048,0.7159,-0.176087,0.038668,0.729,0.124642,0.05727,0.9488,-0.024969,-0.061292,0.9062,0.017901,-0.062653,0.8206,-0.057555,-7.2e-05,0.9655,0.058529,0.000162,0.9683,-0.096358,-0.000775,0.9473,0.087763,0.000137,0.954,-0.07808,-0.015438,0.9843,0.073812,-0.013166,1.0,-0.077299,0.012088,1.0043,0.075509,0.011197,0.9798,0.012128,0.002523,0.969,0.024887,0.028839,0.9874,-0.005563,0.035854,0.9613,0.052968,0.035685,0.9999,-0.01235,0.008579,0.9252,0.036691,0.006101,0.9802,-0.076002,0.042034,0.9253,0.080873,0.039187,0.8964,0.030266,0.059773,0.9931,-0.008386,0.060089,0.996,0.062345,0.061402,0.9871,0.02908,0.091646,0.9628,-0.03832,0.07697,0.8379,0.079036,0.079386,0.9006,0.027025,0.111085,0.9719,-0.094509,0.113617,0.944,0.093643,0.104117,0.8426,0.026461,0.228355,0.8101,0.025666,0.234976,0.7446,-0.03547,0.130773,0.975,0.067822,0.135598,1.0344,0.028515,0.225088,1.0292,0,0,0,0,0,0,0,0,0,0,0,0,0,0,0,0,0,0,0,0,0
DOGS/segment_long_6564931_118/segment_long_6564931_118_t0_000000.jpg,masha,Cardigan,surprise,-0.065814,-0.100537,1.0069,0.027553,-0.104236,0.9841,-0.110217,-0.149295,0.9936,0.058767,-0.152595,0.9853,-0.147926,-0.195093,0.9843,0.095354,-0.200286,0.9863,-0.198071,-0.234604,0.9845,0.1404,-0.246047,0.9644,-0.220162,-0.1398,0.9866,0.161033,-0.159998,0.9757,-0.214694,-0.041912,0.918,0.163245,-0.06314,0.7346,-0.158921,0.045942,0.7417,0.134388,0.050666,0.9142,-0.025653,-0.061028,0.8938,0.014932,-0.063135,0.9448,-0.058897,0.001768,0.9674,0.057895,-0.000367,0.9694,-0.095628,0.00236,0.9317,0.088699,-0.001243,0.9752,-0.078324,-0.011702,0.9879,0.073338,-0.014852,1.0103,-0.077541,0.01356,0.9726,0.075261,0.010756,0.9567,0.010321,0.003641,1.0034,0.022048,0.030531,0.9795,-0.007573,0.038332,0.9355,0.05092,0.036238,1.0034,-0.014109,0.010289,0.9729,0.035461,0.007034,0.972,-0.075384,0.044946,0.926,0.080984,0.039115,0.923,0.026938,0.060822,0.9867,-0.011559,0.062363,1.0188,0.060207,0.060766,1.0059,0.02608,0.094054,0.9903,-0.04206,0.079515,0.8661,0.078563,0.07626,0.8916,0.024272,0.113386,0.9689,-0.095443,0.107653,0.9171,0.098833,0.100535,0.9224,0.022581,0.211108,0.7502,0.022813,0.220661,0.7456,-0.042997,0.133514,1.0015,0.070312,0.132522,0.9949,0.029707,0.278104,0.967,0,0,0,0,0,0,0,0,0,0,0,0,0,0,0,0,0,0,0,0,0
DOGS/segment_long_6564931_118/segment_long_6564931_118_t0_000092.jpg,masha,Cardigan,relaxed,-0.0644,-0.104326,0.9584,0.025058,-0.106921,0.9831,-0.108118,-0.152643,0.9874,0.0564,-0.154111,0.9856,-0.144003,-0.199202,1.0299,0.092883,-0.200436,1.0009,-0.193023,-0.240103,0.9531,0.137112,-0.244947,0.9606,-0.217408,-0.148143,0.9835,0.15519,-0.160425,0.9676,-0.213911,-0.052821,0.9112,0.154707,-0.066326,0.7653,-0.163267,0.037424,0.7754,0.123626,0.046832,0.8636,-0.025493,-0.062989,0.9065,0.014537,-0.064566,0.8733,-0.057148,-0.000318,0.9876,0.055957,-0.001091,0.9926,-0.094606,-0.000215,0.9662,0.085025,-0.001203,0.948,-0.076861,-0.014473,0.9512,0.070842,-0.014723,0.9873,-0.076378,0.011365,0.9773,0.072378,0.010431,0.9431,0.01174,0.005071,1.0088,0.026764,0.033801,0.9745,-0.003685,0.041057,0.9564,0.055016,0.040273,0.9901,-0.012296,0.012166,0.9561,0.036783,0.008468,0.9884,-0.074757,0.043058,0.9321,0.078354,0.038186,0.949,0.031653,0.064922,0.9808,-0.005977,0.065506,1.0055,0.063279,0.066123,0.9828,0.029865,0.097783,0.9928,-0.037304,0.079465,0.8792,0.078503,0.080803,0.9178,0.026776,0.115316,0.9478,-0.094954,0.10601,0.9699,0.094591,0.100137,0.983,0.020614,0.222452,0.7799,0.020664,0.229422,0.7976,-0.039158,0.130021,0.9814,0.068145,0.132486,0.9881,0.026394,0.265476,0.9674,0,0,0,0,0,0,0,0,0,0,0,0,0,0,0,0,0,0,0,0,0
DOGS/segment_long_6564931_118/segment_long_6564931_118_t0_000161.jpg,masha,Cardigan,relaxed,-0.064785,-0.10734,1.0186,0.02018,-0.110481,0.9575,-0.107591,-0.155803,0.9858,0.052156,-0.155945,0.9977,-0.14137,-0.202062,0.9902,0.089186,-0.202067,0.9804,-0.189243,-0.243767,0.9705,0.133099,-0.245797,0.9819,-0.215522,-0.155776,0.9356,0.149774,-0.164053,0.9843,-0.214622,-0.060892,0.9088,0.147503,-0.069221,0.8231,-0.167041,0.026416,0.7774,0.115301,0.042145,0.9335,-0.025971,-0.062487,0.8687,0.014445,-0.063293,0.8516,-0.057177,-0.001501,0.9756,0.053606,-0.000752,1.0218,-0.094014,-0.001725,0.956,0.081788,7.1e-05,0.9914,-0.076361,-0.015191,0.9577,0.068132,-0.013117,1.0163,-0.076101,0.00953,1.0033,0.069056,0.010507,0.9839,0.012475,0.009984,0.9799,0.029932,0.040648,0.9686,0.000142,0.047594,0.9601,0.057963,0.047147,0.9234,-0.011647,0.017101,0.9616,0.037608,0.013345,0.9776,-0.074306,0.041912,0.9409,0.074542,0.038178,0.9126,0.034433,0.071659,1.0062,-0.001275,0.072359,0.9964,0.064841,0.07315,1.0073,0.03182,0.103771,1.0049,-0.033889,0.083476,0.974,0.078417,0.086671,0.9232,0.028535,0.1201,1.0014,-0.098323,0.103918,0.9409,0.091594,0.102193,0.9394,0.018801,0.215723,0.7353,0.018986,0.224679,0.737,-0.037249,0.131201,1.0009,0.066912,0.1331,0.9828,0.023352,0.273995,0.9271,0,0,0,0,0,0,0,0,0,0,0,0,0,0,0,0,0,0,0,0,0
DOGS/segment_long_6564931_118/segment_long_6564931_118_t0_000253.jpg,masha,Cardigan,surprise,-0.064473,-0.108215,1.0143,0.017597,-0.111503,0.9494,-0.106467,-0.156376,1.0012,0.049545,-0.156482,1.0024,-0.140115,-0.202425,0.9986,0.085795,-0.203144,0.9738,-0.187502,-0.243153,0.9751,0.128479,-0.246796,0.9741,-0.213796,-0.156282,0.9391,0.146119,-0.16615,0.968,-0.213697,-0.06476,0.9331,0.144756,-0.073915,0.7761,-0.169311,0.019929,0.6832,0.114174,0.039991,0.9289,-0.025817,-0.061952,0.8499,0.014931,-0.062929,0.8632,-0.056334,-0.001913,0.9849,0.053601,-0.001742,1.0258,-0.092783,-0.002191,0.9486,0.081582,-0.001528,0.9844,-0.075332,-0.01542,0.9654,0.067889,-0.014654,1.0081,-0.075109,0.008921,0.9974,0.068871,0.009345,0.9736,0.013373,0.01112,0.9705,0.030872,0.042848,0.9963,0.001211,0.049957,0.9539,0.05896,0.049114,0.9558,-0.010975,0.018317,0.9484,0.03849,0.014461,0.9936,-0.072964,0.041341,0.9581,0.073888,0.037302,0.9434,0.035391,0.073565,1.017,-0.000131,0.074717,0.981,0.065722,0.074856,0.9755,0.0332,0.105504,0.9745,-0.032654,0.085287,0.9409,0.07947,0.087501,0.928,0.030127,0.12116,0.9834,-0.099209,0.100627,0.9799,0.093211,0.102142,0.9263,0.019138,0.208891,0.7591,0.019533,0.217689,0.7727,-0.035755,0.131379,0.9916,0.068481,0.132758,0.9832,0.021411,0.277714,0.9616,0,0,0,0,0,0,0,0,0,0,0,0,0,0,0,0,0,0,0,0,0
DOGS/segment_long_6564931_119/segment_long_6564931_119_t0_000138.jpg,masha,Cardigan,relaxed,-0.066874,-0.107086,0.9717,0.021531,-0.10779,1.0031,-0.109828,-0.157636,0.9676,0.055069,-0.153214,0.9831,-0.143144,-0.203376,1.0038,0.091997,-0.19556,0.9691,-0.190271,-0.244359,0.9844,0.136757,-0.237551,0.9716,-0.21689,-0.154867,0.9491,0.151243,-0.157427,0.971,-0.216802,-0.060153,0.9002,0.146133,-0.068034,0.7625,-0.18666,0.018126,0.8823,0.110539,0.051893,0.9411,-0.024541,-0.064031,0.9007,0.016685,-0.064221,0.9032,-0.056795,-0.004239,0.9888,0.055344,-0.001573,0.9547,-0.093848,-0.004889,0.9739,0.082669,-0.000685,0.9541,-0.075793,-0.019074,0.9717,0.069865,-0.014202,0.9915,-0.075855,0.007366,0.9891,0.070296,0.009577,0.9419,0.014596,0.00479,0.933,0.032735,0.033119,0.9241,0.002059,0.038961,0.9677,0.06026,0.040844,0.9868,-0.009761,0.011109,0.9362,0.039209,0.008602,1.022,-0.074244,0.037964,0.9716,0.075707,0.036251,0.8785,0.037634,0.063595,0.9882,7e-05,0.063057,0.9671,0.067592,0.066577,0.9654,0.034266,0.095518,0.978,-0.031661,0.07721,0.8745,0.079815,0.08405,0.9307,0.030968,0.112798,0.9771,-0.092302,0.109323,0.9492,0.089617,0.107204,0.9377,0.024416,0.229284,0.9497,0.024062,0.237009,0.8665,-0.03234,0.128983,0.9723,0.064728,0.134312,1.007,0.024701,0.223975,1.0623,0,0,0,0,0,0,0,0,0,0,0,0,0,0,0,0,0,0,0,0,0
DOGS/segment_long_6564931_119/segment_long_6564931_119_t0_000207.jpg,masha,Cardigan,relaxed,-0.068096,-0.104812,0.9741,0.019872,-0.106246,1.0192,-0.111133,-0.155012,0.9866,0.053277,-0.151107,0.9611,-0.144405,-0.200047,1.0336,0.090301,-0.194386,1.0065,-0.191627,-0.241125,1.0049,0.13497,-0.236359,0.9783,-0.217877,-0.152555,0.9269,0.149202,-0.155394,0.9617,-0.216675,-0.057198,0.9484,0.144838,-0.064029,0.7903,-0.184649,0.023518,0.7406,0.111136,0.049681,0.8885,-0.025065,-0.061827,0.8848,0.015788,-0.062004,0.8491,-0.056339,-0.002061,0.9581,0.055259,-0.000326,0.9901,-0.093473,-0.002664,0.947,0.082612,0.000404,0.967,-0.075548,-0.017127,0.987,0.069663,-0.013005,1.0074,-0.075377,0.009879,0.9844,0.070203,0.011088,0.9348,0.015236,0.00772,0.9823,0.034107,0.037189,0.9587,0.003726,0.043001,1.0039,0.061857,0.044597,0.9917,-0.009174,0.013898,0.9467,0.039907,0.011263,0.9962,-0.073908,0.040801,0.9791,0.075356,0.03741,1.0183,0.039277,0.067826,0.9229,0.002185,0.067282,0.9465,0.068879,0.070482,0.9928,0.03574,0.099782,0.9471,-0.031217,0.080327,0.8948,0.08095,0.087329,0.9008,0.032038,0.116554,0.9651,-0.099126,0.106841,0.9768,0.090514,0.109066,0.9,0.024176,0.235316,0.7322,0.023816,0.240385,0.6906,-0.033314,0.129816,0.988,0.065492,0.134531,0.9351,0.02744,0.246692,1.0481,0,0,0,0,0,0,0,0,0,0,0,0,0,0,0,0,0,0,0,0,0
DOGS/segment_long_6564931_119/segment_long_6564931_119_t0_000276.jpg,masha,Cardigan,relaxed,-0.066404,-0.107484,0.9949,0.019625,-0.108794,0.9858,-0.109294,-0.156482,0.9941,0.052712,-0.153365,0.961,-0.142939,-0.202328,0.9998,0.089545,-0.198055,0.9949,-0.189967,-0.243555,1.0079,0.13379,-0.241136,0.9341,-0.216341,-0.154389,0.9269,0.147857,-0.157697,1.0045,-0.215253,-0.060039,0.9061,0.14519,-0.069955,0.8203,-0.179594,0.021077,0.7897,0.111221,0.046006,0.9038,-0.02469,-0.061793,0.883,0.016056,-0.062344,0.8282,-0.055898,-0.001717,0.9574,0.054676,-0.000675,0.9502,-0.092649,-0.00261,0.9506,0.082292,-1.9e-05,0.9667,-0.074818,-0.016515,0.9676,0.068987,-0.013679,0.9801,-0.074942,0.009749,1.0109,0.06962,0.010614,0.9705,0.014797,0.009457,0.9598,0.033117,0.040124,0.9485,0.003189,0.046581,0.9602,0.061025,0.046923,0.9662,-0.009624,0.016198,0.9503,0.039846,0.012795,1.0168,-0.073274,0.04138,0.9738,0.074684,0.037284,0.9386,0.037825,0.071015,0.9956,0.001556,0.071193,1.0006,0.067926,0.073102,0.9879,0.034612,0.102917,1.0104,-0.031897,0.083084,0.9156,0.080342,0.08829,0.8799,0.031177,0.119446,0.9596,-0.098775,0.106127,0.9171,0.092142,0.107381,0.8408,0.021504,0.214965,0.7452,0.020946,0.223984,0.7997,-0.034339,0.13147,0.9888,0.066348,0.134705,0.9617,0.027145,0.260751,0.9532,0,0,0,0,0,0,0,0,0,0,0,0,0,0,0,0,0,0,0,0,0
DOGS/segment_long_6564931_119/segment_long_6564931_119_t0_000345.jpg,masha,Cardigan,neutral,-0.06595,-0.11459,0.9765,0.013023,-0.114356,1.0328,-0.104408,-0.160008,0.962,0.046305,-0.157054,0.9374,-0.13537,-0.204452,1.0049,0.083956,-0.200674,0.991,-0.1791,-0.244608,0.9971,0.128635,-0.241716,0.9326,-0.207448,-0.166039,0.9708,0.139268,-0.164368,0.9745,-0.210304,-0.082046,0.9767,0.132957,-0.080805,0.7849,-0.17915,-0.006572,0.7855,0.100644,0.02915,0.8165,-0.025924,-0.062134,0.8255,0.014852,-0.062568,0.8317,-0.049118,-0.006479,0.9319,0.047874,-0.004376,0.9483,-0.080923,-0.009394,0.8827,0.075209,-0.00407,0.9486,-0.065285,-0.018482,0.8779,0.061213,-0.015555,0.9154,-0.066046,0.000986,0.9503,0.062884,0.005728,0.9815,0.015562,0.017584,0.9403,0.037094,0.055864,0.9692,0.007682,0.061506,0.9544,0.062919,0.061902,0.9963,-0.009346,0.024533,0.9082,0.039148,0.020681,0.9896,-0.063591,0.032221,0.898,0.066387,0.034535,0.944,0.040413,0.086283,0.9936,0.0065,0.086008,0.9923,0.06838,0.087957,0.9917,0.036139,0.115393,1.0127,-0.02639,0.093287,0.9163,0.078468,0.096428,0.9433,0.032441,0.12821,1.0396,-0.081261,0.108101,0.9935,0.085535,0.101222,0.7808,0.01806,0.203333,0.8101,0.01778,0.210774,0.8308,-0.029201,0.137424,0.9033,0.06623,0.13623,0.939,0.015103,0.255915,0.9462,0,0,0,0,0,0,0,0,0,0,0,0,0,0,0,0,0,0,0,0,0
DOGS/segment_long_6564931_120/segment_long_6564931_120_t0_000092.jpg,masha,Cardigan,relaxed,-0.062021,-0.123949,0.9668,0.01062,-0.122926,0.9701,-0.097913,-0.166876,0.9661,0.043135,-0.164821,0.9692,-0.126508,-0.208721,0.9969,0.080624,-0.206467,0.9644,-0.167053,-0.2479,0.9929,0.124088,-0.248951,0.9198,-0.196946,-0.172706,0.959,0.132681,-0.171283,0.9444,-0.202854,-0.090496,0.9134,0.123035,-0.092656,0.9333,-0.181523,-0.019857,0.9782,0.095763,0.00323,0.9841,-0.025146,-0.057723,0.828,0.018985,-0.058133,0.8456,-0.051199,-0.002014,0.9731,0.047384,-0.002841,1.011,-0.084828,-0.006052,0.9785,0.073902,-0.003174,0.9692,-0.067102,-0.015383,0.9716,0.061082,-0.014486,0.9771,-0.069278,0.005901,1.0166,0.061729,0.007049,1.0269,0.018381,0.023486,0.9925,0.039242,0.0637,0.9437,0.010919,0.068415,0.9949,0.063951,0.070007,0.973,-0.006693,0.029927,0.9853,0.040895,0.026677,0.9654,-0.066279,0.035564,0.943,0.063086,0.03214,0.9499,0.041691,0.093032,0.9946,0.009344,0.092215,1.014,0.068525,0.095044,0.9587,0.03672,0.120257,0.9816,-0.023796,0.095331,0.8973,0.076833,0.102247,0.8782,0.032895,0.132122,1.0486,-0.098286,0.089493,0.9569,0.083533,0.100968,0.8608,0.015754,0.207679,0.8094,0.015043,0.214012,0.8395,-0.028552,0.134515,0.9401,0.063686,0.137992,0.9823,0.019309,0.247832,1.0146,0,0,0,0,0,0,0,0,0,0,0,0,0,0,0,0,0,0,0,0,0
DOGS/segment_long_6568961_122/segment_long_6568961_122_t0_000175.jpg,danek,Norwegian elkhound,neutral,-0.037959,-0.127313,0.852,0.063615,-0.211979,0.9515,-0.073976,-0.11462,0.7703,0.078478,-0.264877,0.6269,-0.073103,-0.065669,0.8101,0.156934,-0.18114,0.3754,-0.071735,-0.042849,0.6585,0.225384,-0.162138,0.2057,-0.066361,-0.067131,0.6912,0.231912,-0.254462,0.5304,-0.057753,-0.079608,0.7277,0.194126,-0.2647,0.3128,-0.048975,-0.090388,0.6988,0.234093,-0.190266,0.2186,-0.033597,-0.079834,0.4938,0.001072,-0.100051,0.6877,-0.037304,-0.021231,0.8946,0.044209,-0.063889,0.9428,-0.058082,-0.015674,0.8701,0.084585,-0.097059,0.993,-0.051576,-0.027388,0.9759,0.052742,-0.097888,0.92,-0.044545,-0.009607,0.9686,0.071229,-0.070386,0.9685,-0.029266,0.035518,0.4748,-0.070449,0.10281,0.7715,-0.090395,0.118479,0.7487,-0.037457,0.093563,0.7917,-0.046313,0.042608,0.4999,-0.00382,0.033328,0.5278,-0.037509,0.011905,0.7309,0.081975,-0.033262,0.8637,-0.063887,0.138594,0.7749,-0.085586,0.1503,0.8099,-0.021705,0.120098,0.8869,-0.032839,0.167433,0.6729,-0.071512,0.16614,0.4469,0.034226,0.094087,0.5543,-0.016307,0.175205,0.7183,-0.05906,0.167813,0.3017,0.145235,0.047462,0.5461,0.046812,0.211464,0.6538,0.058024,0.220135,0.689,-0.023277,0.183764,0.6546,0.064313,0.132756,0.6509,-0.013132,0.177726,0.6433,0,0,0,0,0,0,0,0,0,0,0,0,0,0,0,0,0,0,0,0,0
DOGS/segment_long_6568961_122/segment_long_6568961_122_t0_000250.jpg,danek,Norwegian elkhound,neutral,-0.004375,-0.148568,0.8999,0.056009,-0.183705,0.8695,-0.06971,-0.137918,0.5579,0.069263,-0.239412,0.7553,-0.084564,-0.07076,0.7828,0.099803,-0.207718,0.4131,-0.075381,-0.002844,0.9767,0.128815,-0.141781,0.815,-0.098644,-0.048367,0.6477,0.207475,-0.238653,0.4195,-0.072716,-0.080774,0.2982,0.227169,-0.223242,0.6212,-0.061079,-0.08507,0.6012,0.233771,-0.170848,0.623,-0.030927,-0.082689,0.5056,0.006135,-0.09972,0.7087,-0.043886,-0.03149,0.8954,0.042846,-0.062961,0.9941,-0.064822,-0.025982,0.8756,0.08443,-0.090283,0.9639,-0.058237,-0.038137,0.8754,0.054907,-0.093765,0.9786,-0.051612,-0.019671,0.9158,0.069048,-0.066077,0.9569,-0.036595,0.023577,0.6489,-0.081263,0.084278,0.7999,-0.103042,0.098199,0.8117,-0.047606,0.077691,0.8259,-0.053437,0.028177,0.6417,-0.011858,0.023097,0.6529,-0.046092,0.002915,0.905,0.075578,-0.030066,0.8903,-0.075988,0.119518,0.9068,-0.099328,0.129201,0.8515,-0.032769,0.104489,0.8965,-0.048139,0.146373,0.8295,-0.078883,0.145661,0.5681,0.025603,0.086,0.504,-0.029265,0.155953,0.9111,-0.079705,0.143137,0.5232,0.148068,0.04815,0.8004,0.037128,0.215783,0.8379,0.042719,0.224585,0.8831,-0.04359,0.169506,0.9337,0.056928,0.125367,0.9003,-0.001969,0.1748,0.4632,0,0,0,0,0,0,0,0,0,0,0,0,0,0,0,0,0,0,0,0,0
DOGS/segment_long_6568961_122/segment_long_6568961_122_t0_000325.jpg,danek,Norwegian elkhound,sad,-0.02219,-0.138632,0.9635,0.059429,-0.179597,0.938,-0.087085,-0.122311,0.8751,0.08729,-0.2314,0.8278,-0.101203,-0.053165,0.8074,0.12047,-0.195904,0.5806,-0.099811,0.017525,1.0016,0.144982,-0.131434,0.7701,-0.088079,-0.002198,0.7202,0.241915,-0.217679,0.3593,-0.088868,-0.024766,0.4229,0.249538,-0.176697,0.6071,-0.079797,-0.033619,0.5729,0.245957,-0.12354,0.6078,-0.028807,-0.090639,0.7037,0.015052,-0.105248,0.7417,-0.048967,-0.02925,0.8877,0.056661,-0.063174,0.9986,-0.075223,-0.024504,0.947,0.101787,-0.085928,0.964,-0.06622,-0.03998,0.9714,0.071476,-0.093948,0.9615,-0.060706,-0.015671,0.8489,0.084251,-0.062434,0.9477,-0.032692,0.006197,0.6937,-0.079158,0.064027,0.7896,-0.103527,0.079138,0.8016,-0.040699,0.05967,0.8749,-0.049784,0.011826,0.5949,-0.005827,0.007099,0.7037,-0.057793,0.008706,0.6723,0.0914,-0.024421,0.8574,-0.076048,0.103644,0.933,-0.103237,0.113395,0.8466,-0.029105,0.090604,0.9053,-0.048996,0.135954,0.8287,-0.083172,0.133365,0.5331,0.032092,0.081504,0.5124,-0.030929,0.149358,0.8747,-0.084434,0.13434,0.4911,0.147291,0.063696,0.6715,0.0473,0.244988,0.7831,0.05285,0.254442,0.7996,-0.045625,0.170323,0.8443,0.059501,0.132045,0.8589,-0.009739,0.175446,0.6374,0,0,0,0,0,0,0,0,0,0,0,0,0,0,0,0,0,0,0,0,0
DOGS/segment_long_6568967_125/segment_long_6568967_125_t0_000000.jpg,masha,malinois,surprise,-0.087614,-0.11705,0.8525,0.069845,-0.174592,0.8944,-0.116133,-0.114108,0.7234,0.109977,-0.225202,0.963,-0.121371,-0.077817,0.7341,0.167702,-0.229247,0.9082,-0.11111,-0.031905,0.9115,0.230734,-0.197444,0.9522,-0.113202,-0.051592,0.8174,0.191724,-0.17577,0.8877,-0.106038,-0.041218,0.5767,0.18762,-0.126018,0.8276,-0.097841,-0.048472,0.7738,0.165098,-0.067499,0.8835,-0.036207,-0.112306,0.8765,0.002853,-0.118577,0.8871,-0.059662,-0.034526,0.9415,0.043302,-0.047894,0.9712,-0.087542,-0.034033,1.0167,0.084493,-0.061996,0.9399,-0.075121,-0.048491,0.9769,0.059336,-0.070994,0.9777,-0.072714,-0.022052,0.9679,0.066325,-0.041842,0.948,-0.024135,0.00901,0.936,-0.039304,0.063306,0.9368,-0.063789,0.071252,0.9674,-0.007536,0.066587,0.9384,-0.047789,0.017286,0.9515,0.002572,0.013055,0.9121,-0.067279,0.011768,0.9503,0.069624,-0.000265,0.8922,-0.037378,0.098858,0.9441,-0.06475,0.104199,1.0206,-0.0012,0.095288,0.9709,-0.0285,0.129551,0.967,-0.068644,0.115041,0.9447,0.031568,0.093951,0.786,-0.02177,0.144893,0.9461,-0.071852,0.110576,0.7004,0.091705,0.088434,0.7059,0.001674,0.22425,0.875,0.002518,0.229263,0.8492,-0.047314,0.15298,0.9077,0.03296,0.139258,0.8716,0.002456,0.23473,1.0562,0,0,0,0,0,0,0,0,0,0,0,0,0,0,0,0,0,0,0,0,0
DOGS/segment_long_6568967_125/segment_long_6568967_125_t0_000350.jpg,masha,malinois,surprise,-0.098638,-0.150736,0.9326,0.038517,-0.149733,0.8699,-0.148648,-0.160247,0.8903,0.08682,-0.17776,0.9961,-0.191585,-0.128353,0.9414,0.137743,-0.169202,0.9043,-0.224992,-0.063197,1.0122,0.195085,-0.120926,0.9899,-0.236401,-0.126601,0.8873,0.14234,-0.132114,0.8435,-0.188131,-0.080548,1.019,0.127147,-0.087972,0.9312,-0.162538,-0.049276,1.0102,0.098197,-0.049248,0.9665,-0.016113,-0.104685,0.8399,0.02507,-0.098865,0.7492,-0.049124,-0.044401,0.9946,0.053832,-0.025739,0.9726,-0.087291,-0.052784,0.9985,0.085479,-0.029431,1.0006,-0.065638,-0.063239,0.9911,0.070519,-0.042809,1.0116,-0.069818,-0.037243,0.9807,0.070093,-0.014062,1.0328,0.018295,0.013449,0.9421,0.040464,0.061395,0.9514,0.006865,0.063599,0.9515,0.067725,0.070241,0.9493,-0.007888,0.015738,0.9237,0.043586,0.02014,0.9534,-0.070917,0.001112,0.9164,0.06868,0.021847,0.9608,0.043757,0.094469,0.9492,0.006498,0.091542,0.9825,0.072118,0.099936,0.9649,0.038113,0.122575,0.9664,-0.027991,0.097867,0.8358,0.075601,0.108318,0.8694,0.032244,0.138456,0.933,-0.092808,0.096986,0.9377,0.077735,0.109158,0.8138,0.006065,0.223711,0.9316,0.004748,0.234159,0.8734,-0.027177,0.144862,0.9229,0.058389,0.148866,0.9477,0.00575,0.215215,0.8478,0,0,0,0,0,0,0,0,0,0,0,0,0,0,0,0,0,0,0,0,0
DOGS/segment_long_7093612_127/segment_long_7093612_127_t0_000322.jpg,danek,Appenzeller,neutral,-0.102383,-0.125957,1.0122,0.033385,-0.119172,0.976,-0.134477,-0.164651,0.9887,0.06595,-0.139877,0.924,-0.163137,-0.205064,1.0039,0.093167,-0.163248,0.8438,-0.193136,-0.251402,0.9558,0.109055,-0.202564,0.9659,-0.210268,-0.176895,0.8883,0.102878,-0.153167,0.8424,-0.207359,-0.097599,0.8604,0.094399,-0.113553,0.8709,-0.171468,-0.04814,0.8767,0.095527,-0.070421,0.9058,-0.011488,-0.071192,0.7382,0.027836,-0.06897,0.7126,-0.037059,-0.013532,0.8594,0.052523,-0.015652,0.8417,-0.06826,-0.019085,0.7499,0.077793,-0.02151,0.7944,-0.053477,-0.026561,0.8647,0.063409,-0.028697,0.8546,-0.054466,-0.006994,0.8464,0.068416,-0.00725,0.8583,0.020504,0.038878,0.9176,0.032627,0.089891,0.9078,0.006918,0.094255,0.9165,0.057508,0.095731,0.8917,-0.00163,0.044289,0.8885,0.044498,0.043664,0.9631,-0.051775,0.024222,0.8311,0.065315,0.023144,0.9429,0.033055,0.12003,0.966,0.003455,0.120327,0.9567,0.059299,0.121584,0.9567,0.031032,0.143607,0.9733,-0.023551,0.117245,0.8306,0.069029,0.119013,0.8665,0.030469,0.149954,0.9701,-0.059333,0.116959,0.5566,0.075138,0.108002,0.8251,0.028851,0.154422,0.9827,0.028932,0.156841,0.9487,-0.015631,0.147967,0.7937,0.058396,0.151385,0.9345,0.028483,0.152596,0.9751,0,0,0,0,0,0,0,0,0,0,0,0,0,0,0,0,0,0,0,0,0
DOGS/segment_long_7683651_154/segment_long_7683651_154_t0_000050.jpg,danek,Pomeranian,relaxed,-0.084926,-0.152181,0.4197,0.076547,-0.156048,0.5616,-0.115693,-0.183311,0.7172,0.091024,-0.205864,0.797,-0.145058,-0.194481,0.8246,0.112246,-0.237058,0.9616,-0.17909,-0.19683,0.7636,0.151202,-0.251601,0.8545,-0.182632,-0.136036,0.6296,0.186818,-0.199949,0.5182,-0.176132,-0.112448,0.4924,0.198065,-0.15846,0.4611,-0.133957,-0.019391,0.3369,0.183576,-0.102254,0.4392,-0.038349,-0.055804,0.5597,0.016301,-0.061357,0.544,-0.058842,0.01647,0.9936,0.061438,0.004935,0.9545,-0.101985,0.026494,0.93,0.11383,-0.004258,0.9351,-0.084545,0.002256,0.9708,0.084683,-0.017785,0.9477,-0.079075,0.038108,0.9465,0.091888,0.016366,0.9456,-0.014182,-0.008193,0.8849,-0.016118,0.018302,0.9885,-0.038475,0.031198,0.9389,0.012964,0.019532,0.9917,-0.036667,0.001296,0.9523,0.012357,-0.006741,0.8668,-0.080099,0.068266,0.8833,0.104253,0.046553,0.8703,-0.012423,0.045164,0.9733,-0.039526,0.054103,0.965,0.021316,0.041322,1.0133,-0.005782,0.076174,0.9468,-0.060107,0.075883,0.8268,0.056329,0.053137,0.8399,-0.000747,0.099353,0.9712,-0.084109,0.125617,0.895,0.116543,0.091719,0.6345,0.022194,0.211678,0.9924,0.024291,0.219086,0.9062,-0.040309,0.125946,0.8941,0.064003,0.10697,0.8721,0.022773,0.210449,0.9546,0,0,0,0,0,0,0,0,0,0,0,0,0,0,0,0,0,0,0,0,0
DOGS/segment_long_7683651_154/segment_long_7683651_154_t0_000125.jpg,danek,Pomeranian,relaxed,-0.099921,-0.183031,0.3464,0.120056,-0.196515,0.1696,-0.134556,-0.195143,0.5681,0.126843,-0.257193,0.3513,-0.173208,-0.20941,0.6274,0.16935,-0.245891,0.5253,-0.207529,-0.211895,0.5076,0.225614,-0.241377,0.4115,-0.197852,-0.129079,0.5785,0.276272,-0.164914,0.2461,-0.130023,0.01488,0.4768,0.220489,-0.220914,0.1496,-0.113385,0.026305,0.6172,0.196156,-0.169439,0.3809,-0.04507,-0.07979,0.4491,0.021524,-0.096488,0.4575,-0.062771,0.00028,0.953,0.082112,-0.027527,0.9403,-0.100371,0.01486,0.8725,0.145806,-0.044519,0.9027,-0.086949,-0.011301,0.9709,0.109226,-0.058183,0.9817,-0.077614,0.022252,0.8734,0.120078,-0.017411,0.9091,-0.017992,-0.036092,0.8284,-0.027286,-0.001304,0.9709,-0.052886,0.016116,0.9604,0.010737,-0.005301,0.9424,-0.044839,-0.021974,0.9383,0.013376,-0.037392,0.8446,-0.077967,0.050544,0.824,0.133889,0.018794,0.7923,-0.023336,0.030459,0.9611,-0.054464,0.043414,0.9606,0.022108,0.019588,0.9887,-0.0121,0.067199,0.9681,-0.069468,0.069986,0.687,0.068309,0.031627,0.7395,-0.001229,0.098051,0.9986,-0.071578,0.133673,0.5446,0.137489,0.074186,0.4965,0.038051,0.217336,0.8751,0.042343,0.227866,0.8352,-0.037935,0.131437,0.6906,0.081082,0.098573,0.7923,0.036148,0.209487,0.8819,0,0,0,0,0,0,0,0,0,0,0,0,0,0,0,0,0,0,0,0,0
DOGS/segment_long_9006741_163/segment_long_9006741_163_t0_000406.jpg,masha,American Staffordshire terrier,surprise,-0.104555,-0.09317,0.9901,0.032654,-0.089301,0.9926,-0.145053,-0.156605,0.9881,0.094086,-0.118299,0.8971,-0.196703,-0.201418,0.9258,0.145673,-0.089417,0.8376,-0.282087,-0.200151,1.0047,0.192289,-0.033869,0.9596,-0.261551,-0.122141,0.8853,0.159308,-0.040928,0.6311,-0.252603,-0.044735,0.896,0.134083,-0.050741,0.9186,-0.21586,0.0276,0.9425,0.109862,-0.031242,0.9181,-0.027268,-0.052039,0.8594,0.02292,-0.052283,0.8817,-0.064256,-0.003172,0.958,0.07439,-0.008327,0.948,-0.118128,-0.000741,0.9667,0.104922,-0.001636,0.9341,-0.091397,-0.022236,0.9928,0.089781,-0.012991,0.955,-0.091291,0.012811,0.9433,0.092535,0.003378,0.8735,0.023033,-0.020833,0.8461,0.050573,0.00286,0.9566,0.009987,0.012343,0.9686,0.081687,0.010591,0.9313,-0.00327,-0.010378,0.895,0.052359,-0.01896,0.8922,-0.091652,0.047961,0.9574,0.097271,0.023029,0.8064,0.058709,0.04036,0.9694,0.008716,0.041292,0.9796,0.095005,0.040563,0.9431,0.059193,0.082768,0.9635,-0.034236,0.069213,0.7146,0.106448,0.062957,0.8266,0.055099,0.113775,1.0052,-0.087457,0.161336,0.9629,0.112806,0.093328,0.6361,0.046433,0.174646,0.8102,0.045051,0.190496,0.7305,-0.024074,0.147683,0.9193,0.09357,0.152654,0.6597,0.048259,0.150803,0.6168,1,0,0,0,0,0,0,0,1,1,0,1,0,0,1,0,0,0,0,0,0
