video_name,source_video,emotion,frame_role,resolution_tier,frame_time_s,file_name
fearful_001.mp4,.trashed-1792267605-1fa0111d21a3c1559af5f4e27c750fa0_1_1.mp4,fearful,start,low_resolution,2.27,low_resolution/fearful/fearful_001_1.jpg
fearful_001.mp4,.trashed-1792267605-1fa0111d21a3c1559af5f4e27c750fa0_1_1.mp4,fearful,end,low_resolution,3.57,low_resolution/fearful/fearful_001_2.jpg
fearful_002.mp4,.trashed-1792267620-09e22ac2101a647095f286a3d2a4811d_1_1.mp4,fearful,start,low_resolution,0.9,low_resolution/fearful/fearful_002_1.jpg
fearful_002.mp4,.trashed-1792267620-09e22ac2101a647095f286a3d2a4811d_1_1.mp4,fearful,end,low_resolution,2.21,low_resolution/fearful/fearful_002_2.jpg
fearful_003.mp4,.trashed-1792267656-7d1ce6504456322aa6a1a041237c45f8_1_1.mp4,fearful,start,low_resolution,1.3,low_resolution/fearful/fearful_003_1.jpg
fearful_003.mp4,.trashed-1792267656-7d1ce6504456322aa6a1a041237c45f8_1_1.mp4,fearful,end,low_resolution,2.17,low_resolution/fearful/fearful_003_2.jpg
fearful_004.mp4,.trashed-1792268361-b09459c7cc473bddd617ec878e35e0c1.mp4,fearful,start,low_resolution,2.25,low_resolution/fearful/fearful_004_1.jpg
fearful_004.mp4,.trashed-1792268361-b09459c7cc473bddd617ec878e35e0c1.mp4,fearful,end,low_resolution,3.42,low_resolution/fearful/fearful_004_2.jpg
fearful_005.mp4,.trashed-1792268557-2490703a15a1c397b203ecdd4df9da31.mp4,fearful,start,low_resolution,7.65,low_resolution/fearful/fearful_005_1.jpg
fearful_005.mp4,.trashed-1792268557-2490703a15a1c397b203ecdd4df9da31.mp4,fearful,end,low_resolution,8.6,low_resolution/fearful/fearful_005_2.jpg
fearful_006.mp4,.trashed-1792268689-f61593297fb22f7751b31eb5136f62b6.mp4,fearful,start,low_resolution,1.12,low_resolution/fearful/fearful_006_1.jpg
fearful_006.mp4,.trashed-1792268689-f61593297fb22f7751b31eb5136f62b6.mp4,fearful,end,low_resolution,6.07,low_resolution/fearful/fearful_006_2.jpg
fearful_007.mp4,.trashed-1792268967-783b949a0ede7f7cd59f08ae98eaaaf0.mp4,fearful,start,low_resolution,21.56,low_resolution/fearful/fearful_007_1.jpg
fearful_007.mp4,.trashed-1792268967-783b949a0ede7f7cd59f08ae98eaaaf0.mp4,fearful,end,low_resolution,23.59,low_resolution/fearful/fearful_007_2.jpg
fearful_008.mp4,.trashed-1792269115-1ec5b20ba168cc101752f1b3af156c11.mp4,fearful,start,low_resolution,1.13,low_resolution/fearful/fearful_008_1.jpg
fearful_008.mp4,.trashed-1792269115-1ec5b20ba168cc101752f1b3af156c11.mp4,fearful,end,low_resolution,1.74,low_resolution/fearful/fearful_008_2.jpg
fearful_009.mp4,.trashed-1792269171-857ac5b642ca42a6739dcb3df6b005d5.mp4,fearful,start,low_resolution,0.94,low_resolution/fearful/fearful_009_1.jpg
fearful_009.mp4,.trashed-1792269171-857ac5b642ca42a6739dcb3df6b005d5.mp4,fearful,end,low_resolution,1.39,low_resolution/fearful/fearful_009_2.jpg
fearful_010.mp4,0275a3a616805eebc617d33e05de50b6.mp4,fearful,start,low_resolution,0.99,low_resolution/fearful/fearful_010_1.jpg
fearful_010.mp4,0275a3a616805eebc617d33e05de50b6.mp4,fearful,end,low_resolution,2.66,low_resolution/fearful/fearful_010_2.jpg
fearful_011.mp4,0391ad757cd6716aa420052e0821721d.mp4,fearful,start,low_resolution,3.47,low_resolution/fearful/fearful_011_1.jpg
fearful_011.mp4,0391ad757cd6716aa420052e0821721d.mp4,fearful,end,low_resolution,4.16,low_resolution/fearful/fearful_011_2.jpg
happy_001.mp4,0624e56ea6b21e97f8add5e791faf2ed.mp4,happy,start,low_resolution,1.81,low_resolution/happy/happy_001_1.jpg
happy_001.mp4,0624e56ea6b21e97f8add5e791faf2ed.mp4,happy,end,low_resolution,3.44,low_resolution/happy/happy_001_2.jpg
happy_002.mp4,062b5463177ed0f313a18faacd6c28f5,happy,start,low_resolution,3.33,low_resolution/happy/happy_002_1.jpg
happy_002.mp4,062b5463177ed0f313a18faacd6c28f5,happy,end,low_resolution,4.9,low_resolution/happy/happy_002_2.jpg
happy_003.mp4,062b5463177ed0f313a18faacd6c28f5.mp4,happy,start,low_resolution,4.47,low_resolution/happy/happy_003_1.jpg
happy_003.mp4,062b5463177ed0f313a18faacd6c28f5.mp4,happy,end,low_resolution,5.2,low_resolution/happy/happy_003_2.jpg
happy_004.mp4,062cfe5246128b85e5e7720ca583ef0d.mp4,happy,start,low_resolution,10.18,low_resolution/happy/happy_004_1.jpg
happy_004.mp4,062cfe5246128b85e5e7720ca583ef0d.mp4,happy,end,low_resolution,12.13,low_resolution/happy/happy_004_2.jpg
happy_005.mp4,06d4b78acfe62e45cc395ed7612c143e.mp4,happy,start,low_resolution,2.1,low_resolution/happy/happy_005_1.jpg
happy_005.mp4,06d4b78acfe62e45cc395ed7612c143e.mp4,happy,end,low_resolution,4.71,low_resolution/happy/happy_005_2.jpg
fearful_012.mp4,09e22ac2101a647095f286a3d2a4811d.mp4,fearful,start,low_resolution,1.0,low_resolution/fearful/fearful_012_1.jpg
fearful_012.mp4,09e22ac2101a647095f286a3d2a4811d.mp4,fearful,end,low_resolution,2.03,low_resolution/fearful/fearful_012_2.jpg
fearful_013.mp4,10936490-hd_1080_1920_30fps.mp4,fearful,start,high_resolution,0.86,high_resolution/fearful/fearful_013_1.jpg
surprise_001.mp4,11607681-uhd_3840_2160_24fps.mp4,surprise,start,high_resolution,0.09,high_resolution/surprise/surprise_001_1.jpg
surprise_001.mp4,11607681-uhd_3840_2160_24fps.mp4,surprise,end,high_resolution,1.92,high_resolution/surprise/surprise_001_2.jpg
happy_006.mp4,119057d4e978e7d4179e39e5b4ec783e.mp4,happy,start,low_resolution,0.94,low_resolution/happy/happy_006_1.jpg
happy_006.mp4,119057d4e978e7d4179e39e5b4ec783e.mp4,happy,end,low_resolution,1.03,low_resolution/happy/happy_006_2.jpg
fearful_014.mp4,12488565_1080_1920_30fps.mp4,fearful,start,high_resolution,0.96,high_resolution/fearful/fearful_014_1.jpg
fearful_014.mp4,12488565_1080_1920_30fps.mp4,fearful,end,high_resolution,4.02,high_resolution/fearful/fearful_014_2.jpg
angry_001.mp4,12774662_2560_1440_50fps.mp4,angry,start,high_resolution,1.01,high_resolution/angry/angry_001_1.jpg
angry_001.mp4,12774662_2560_1440_50fps.mp4,angry,end,high_resolution,8.06,high_resolution/angry/angry_001_2.jpg
surprise_002.mp4,13308604_2160_3840_24fps.mp4,surprise,start,high_resolution,4.0,high_resolution/surprise/surprise_002_1.jpg
surprise_002.mp4,13308604_2160_3840_24fps.mp4,surprise,end,high_resolution,6.98,high_resolution/surprise/surprise_002_2.jpg
surprise_003.mp4,13372728-hd_1920_1080_60fps.mp4,surprise,start,high_resolution,0.29,high_resolution/surprise/surprise_003_1.jpg
surprise_003.mp4,13372728-hd_1920_1080_60fps.mp4,surprise,end,high_resolution,5.14,high_resolution/surprise/surprise_003_2.jpg
surprise_004.mp4,13948804_3840_2160_30fps.mp4,surprise,start,high_resolution,0.0,high_resolution/surprise/surprise_004_1.jpg
surprise_004.mp4,13948804_3840_2160_30fps.mp4,surprise,end,high_resolution,9.19,high_resolution/surprise/surprise_004_2.jpg
fearful_015.mp4,13F3FFpKs5s_000021,fearful,start,low_resolution,1.01,low_resolution/fearful/fearful_015_1.jpg
fearful_015.mp4,13F3FFpKs5s_000021,fearful,end,low_resolution,5.62,low_resolution/fearful/fearful_015_2.jpg
surprise_005.mp4,13F3FFpKs5s_000386,surprise,start,low_resolution,11.69,low_resolution/surprise/surprise_005_1.jpg
surprise_005.mp4,13F3FFpKs5s_000386,surprise,end,low_resolution,13.91,low_resolution/surprise/surprise_005_2.jpg
angry_002.mp4,14173020_1920_1080_24fps.mp4,angry,start,high_resolution,2.12,high_resolution/angry/angry_002_1.jpg
angry_002.mp4,14173020_1920_1080_24fps.mp4,angry,end,high_resolution,17.77,high_resolution/angry/angry_002_2.jpg
surprise_006.mp4,14173028_1920_1080_24fps.mp4,surprise,start,high_resolution,2.17,high_resolution/surprise/surprise_006_1.jpg
surprise_006.mp4,14173028_1920_1080_24fps.mp4,surprise,end,high_resolution,10.89,high_resolution/surprise/surprise_006_2.jpg
angry_003.mov,142_RG9nc18wNF9IRA.mov,angry,start,high_resolution,4.48,high_resolution/angry/angry_003_1.jpg
angry_003.mov,142_RG9nc18wNF9IRA.mov,angry,end,high_resolution,5.94,high_resolution/angry/angry_003_2.jpg
fearful_016.mp4,14994764_2160_3840_24fps.mp4,fearful,start,high_resolution,0.56,high_resolution/fearful/fearful_016_1.jpg
fearful_016.mp4,14994764_2160_3840_24fps.mp4,fearful,end,high_resolution,2.33,high_resolution/fearful/fearful_016_2.jpg
angry_004.mp4,15355190_1080_1920_25fps.mp4,angry,start,high_resolution,1.86,high_resolution/angry/angry_004_1.jpg
angry_004.mp4,15355190_1080_1920_25fps.mp4,angry,end,high_resolution,4.38,high_resolution/angry/angry_004_2.jpg
fearful_017.mp4,15471274-uhd_2160_3840_60fps.mp4,fearful,start,high_resolution,1.72,high_resolution/fearful/fearful_017_1.jpg
fearful_017.mp4,15471274-uhd_2160_3840_60fps.mp4,fearful,end,high_resolution,2.07,high_resolution/fearful/fearful_017_2.jpg
angry_005.mp4,15659456_2160_3840_24fps.mp4,angry,start,high_resolution,0.43,high_resolution/angry/angry_005_1.jpg
angry_005.mp4,15659456_2160_3840_24fps.mp4,angry,end,high_resolution,1.34,high_resolution/angry/angry_005_2.jpg
surprise_007.mp4,15826375_2160_3840_30fps.mp4,surprise,start,high_resolution,0.74,high_resolution/surprise/surprise_007_1.jpg
surprise_007.mp4,15826375_2160_3840_30fps.mp4,surprise,end,high_resolution,3.12,high_resolution/surprise/surprise_007_2.jpg
angry_006.mp4,16257945-hd_1080_1920_60fps.mp4,angry,start,high_resolution,1.97,high_resolution/angry/angry_006_1.jpg
angry_006.mp4,16257945-hd_1080_1920_60fps.mp4,angry,end,high_resolution,11.44,high_resolution/angry/angry_006_2.jpg
surprise_008.mp4,16622185-hd_1080_1920_24fps.mp4,surprise,start,high_resolution,0.76,high_resolution/surprise/surprise_008_1.jpg
surprise_008.mp4,16622185-hd_1080_1920_24fps.mp4,surprise,end,high_resolution,1.54,high_resolution/surprise/surprise_008_2.jpg
fearful_018.mp4,1fa0111d21a3c1559af5f4e27c750fa0.mp4,fearful,start,low_resolution,1.3,low_resolution/fearful/fearful_018_1.jpg
fearful_018.mp4,1fa0111d21a3c1559af5f4e27c750fa0.mp4,fearful,end,low_resolution,3.53,low_resolution/fearful/fearful_018_2.jpg
surprise_009.mp4,20006116-hd_1080_1920_30fps.mp4,surprise,start,high_resolution,0.98,high_resolution/surprise/surprise_009_1.jpg
surprise_009.mp4,20006116-hd_1080_1920_30fps.mp4,surprise,end,high_resolution,1.81,high_resolution/surprise/surprise_009_2.jpg
happy_007.mp4,2000d2027672c191bd667b8e05f66ba8.mp4,happy,start,low_resolution,1.06,low_resolution/happy/happy_007_1.jpg
happy_007.mp4,2000d2027672c191bd667b8e05f66ba8.mp4,happy,end,low_resolution,1.93,low_resolution/happy/happy_007_2.jpg
surprise_010.mp4,20336151-hd_1920_1080_30fps.mp4,surprise,start,high_resolution,3.77,high_resolution/surprise/surprise_010_1.jpg
surprise_010.mp4,20336151-hd_1920_1080_30fps.mp4,surprise,end,high_resolution,21.34,high_resolution/surprise/surprise_010_2.jpg
surprise_011.mp4,20fba7ac4f60698970d4a043282f8c3c,surprise,start,low_resolution,0.52,low_resolution/surprise/surprise_011_1.jpg
surprise_011.mp4,20fba7ac4f60698970d4a043282f8c3c,surprise,end,low_resolution,4.87,low_resolution/surprise/surprise_011_2.jpg
happy_008.mp4,2156e5322b6fc467778d43fe6819d718.mp4,happy,start,low_resolution,1.05,low_resolution/happy/happy_008_1.jpg
happy_008.mp4,2156e5322b6fc467778d43fe6819d718.mp4,happy,end,low_resolution,2.18,low_resolution/happy/happy_008_2.jpg
happy_009.mp4,26e56713feac4fa96a94073821f9d8b7.mp4,happy,start,low_resolution,4.49,low_resolution/happy/happy_009_1.jpg
happy_009.mp4,26e56713feac4fa96a94073821f9d8b7.mp4,happy,end,low_resolution,5.21,low_resolution/happy/happy_009_2.jpg
happy_010.mp4,27ed2230b7e96b0c0695844d555592e1.mp4,happy,start,low_resolution,2.3,low_resolution/happy/happy_010_1.jpg
happy_010.mp4,27ed2230b7e96b0c0695844d555592e1.mp4,happy,end,low_resolution,3.33,low_resolution/happy/happy_010_2.jpg
fearful_019.mp4,288b92d215dfc03182eca1af3267dc84,fearful,start,low_resolution,7.36,low_resolution/fearful/fearful_019_1.jpg
fearful_019.mp4,288b92d215dfc03182eca1af3267dc84,fearful,end,low_resolution,9.01,low_resolution/fearful/fearful_019_2.jpg
surprise_012.mp4,2eb8da604080aa0ae0b46eecf23dc5be,surprise,start,low_resolution,1.51,low_resolution/surprise/surprise_012_1.jpg
surprise_012.mp4,2eb8da604080aa0ae0b46eecf23dc5be,surprise,end,low_resolution,5.71,low_resolution/surprise/surprise_012_2.jpg
happy_011.mp4,360e2cf331b1b13210fc5cc8c3476011.mp4,happy,start,low_resolution,1.51,low_resolution/happy/happy_011_1.jpg
happy_011.mp4,360e2cf331b1b13210fc5cc8c3476011.mp4,happy,end,low_resolution,8.44,low_resolution/happy/happy_011_2.jpg
fearful_020.mp4,3665853229-preview.mp4,fearful,start,low_resolution,0.92,low_resolution/fearful/fearful_020_1.jpg
fearful_020.mp4,3665853229-preview.mp4,fearful,end,low_resolution,3.07,low_resolution/fearful/fearful_020_2.jpg
angry_007.mp4,368fb53ab6d45f963abeadb226527691,angry,start,low_resolution,2.87,low_resolution/angry/angry_007_1.jpg
angry_007.mp4,368fb53ab6d45f963abeadb226527691,angry,end,low_resolution,5.11,low_resolution/angry/angry_007_2.jpg
angry_008.mp4,37d9031d59fa3ca54fc5db141f602507,angry,start,low_resolution,2.3,low_resolution/angry/angry_008_1.jpg
angry_008.mp4,37d9031d59fa3ca54fc5db141f602507,angry,end,low_resolution,5.17,low_resolution/angry/angry_008_2.jpg
happy_012.mp4,3d979479f13f9e55fc231f0e7aef7bdc.mp4,happy,start,low_resolution,4.64,low_resolution/happy/happy_012_1.jpg
happy_012.mp4,3d979479f13f9e55fc231f0e7aef7bdc.mp4,happy,end,low_resolution,6.53,low_resolution/happy/happy_012_2.jpg
happy_013.mp4,3e9101dc533a541bb3bae18a2a999d17.mp4,happy,start,low_resolution,4.56,low_resolution/happy/happy_013_1.jpg
happy_013.mp4,3e9101dc533a541bb3bae18a2a999d17.mp4,happy,end,low_resolution,5.13,low_resolution/happy/happy_013_2.jpg
fearful_021.mp4,4027286419-preview.mp4,fearful,start,low_resolution,1.56,low_resolution/fearful/fearful_021_1.jpg
fearful_021.mp4,4027286419-preview.mp4,fearful,end,low_resolution,3.98,low_resolution/fearful/fearful_021_2.jpg
fearful_022.mp4,4210977-hd_1280_720_25fps.mp4,fearful,start,high_resolution,1.18,high_resolution/fearful/fearful_022_1.jpg
fearful_022.mp4,4210977-hd_1280_720_25fps.mp4,fearful,end,high_resolution,2.4,high_resolution/fearful/fearful_022_2.jpg
angry_009.mp4,4763071-hd_1920_1080_25fps.mp4,angry,start,high_resolution,4.48,high_resolution/angry/angry_009_1.jpg
angry_009.mp4,4763071-hd_1920_1080_25fps.mp4,angry,end,high_resolution,12.75,high_resolution/angry/angry_009_2.jpg
angry_010.mp4,4MTnLmOIJVA_000418,angry,start,low_resolution,8.06,low_resolution/angry/angry_010_1.jpg
angry_010.mp4,4MTnLmOIJVA_000418,angry,end,low_resolution,8.56,low_resolution/angry/angry_010_2.jpg
happy_014.mp4,4a9f752c429dd086765efbb0354187bf,happy,start,low_resolution,4.52,low_resolution/happy/happy_014_1.jpg
happy_014.mp4,4a9f752c429dd086765efbb0354187bf,happy,end,low_resolution,7.47,low_resolution/happy/happy_014_2.jpg
happy_015.mp4,4af1e8f295e043119d8d14a9b016d197.mp4,happy,start,low_resolution,3.01,low_resolution/happy/happy_015_1.jpg
happy_015.mp4,4af1e8f295e043119d8d14a9b016d197.mp4,happy,end,low_resolution,4.32,low_resolution/happy/happy_015_2.jpg
fearful_023.mp4,4cb1b107e769ef5bea220d5a95ec289b.mp4,fearful,start,low_resolution,1.7,low_resolution/fearful/fearful_023_1.jpg
fearful_023.mp4,4cb1b107e769ef5bea220d5a95ec289b.mp4,fearful,end,low_resolution,2.78,low_resolution/fearful/fearful_023_2.jpg
fearful_024.mp4,4f5a272a90baebcd639802dc908a3d9a.mp4,fearful,start,low_resolution,1.54,low_resolution/fearful/fearful_024_1.jpg
fearful_024.mp4,4f5a272a90baebcd639802dc908a3d9a.mp4,fearful,end,low_resolution,2.51,low_resolution/fearful/fearful_024_2.jpg
fearful_025.mp4,4f5a272a90baebcd639802dc908a3d9a_1_1.mp4,fearful,start,low_resolution,1.02,low_resolution/fearful/fearful_025_1.jpg
fearful_025.mp4,4f5a272a90baebcd639802dc908a3d9a_1_1.mp4,fearful,end,low_resolution,1.67,low_resolution/fearful/fearful_025_2.jpg
angry_011.mp4,5479435-uhd_3840_2160_25fps.mp4,angry,start,high_resolution,2.3,high_resolution/angry/angry_011_1.jpg
angry_011.mp4,5479435-uhd_3840_2160_25fps.mp4,angry,end,high_resolution,7.25,high_resolution/angry/angry_011_2.jpg
angry_012.mp4,5496003-uhd_3840_2160_24fps.mp4,angry,start,high_resolution,3.34,high_resolution/angry/angry_012_1.jpg
angry_012.mp4,5496003-uhd_3840_2160_24fps.mp4,angry,end,high_resolution,11.18,high_resolution/angry/angry_012_2.jpg
surprise_013.mp4,5728460-uhd_2160_3840_24fps.mp4,surprise,start,high_resolution,0.71,high_resolution/surprise/surprise_013_1.jpg
surprise_013.mp4,5728460-uhd_2160_3840_24fps.mp4,surprise,end,high_resolution,1.51,high_resolution/surprise/surprise_013_2.jpg
fearful_026.mp4,5F6ULZBf0g8_000720,fearful,start,low_resolution,4.42,low_resolution/fearful/fearful_026_1.jpg
fearful_026.mp4,5F6ULZBf0g8_000720,fearful,end,low_resolution,11.43,low_resolution/fearful/fearful_026_2.jpg
happy_016.mp4,5cec1f5ddc4d9252e809308fc4719351,happy,start,low_resolution,1.28,low_resolution/happy/happy_016_1.jpg
happy_016.mp4,5cec1f5ddc4d9252e809308fc4719351,happy,end,low_resolution,3.81,low_resolution/happy/happy_016_2.jpg
fearful_027.mp4,5fb350085b5b1abd50942258af61cc89.mp4,fearful,start,high_resolution,1.76,high_resolution/fearful/fearful_027_1.jpg
fearful_027.mp4,5fb350085b5b1abd50942258af61cc89.mp4,fearful,end,high_resolution,6.34,high_resolution/fearful/fearful_027_2.jpg
angry_013.mp4,5nsFcoiOc3Y_000006,angry,start,low_resolution,1.05,low_resolution/angry/angry_013_1.jpg
angry_013.mp4,5nsFcoiOc3Y_000006,angry,end,low_resolution,7.81,low_resolution/angry/angry_013_2.jpg
neutral_001.mp4,5nsFcoiOc3Y_000533,neutral,start,low_resolution,20.83,low_resolution/neutral/neutral_001_1.jpg
neutral_001.mp4,5nsFcoiOc3Y_000533,neutral,end,low_resolution,21.45,low_resolution/neutral/neutral_001_2.jpg
happy_017.mp4,5zCvEu2S10E_000469,happy,start,low_resolution,3.75,low_resolution/happy/happy_017_1.jpg
happy_017.mp4,5zCvEu2S10E_000469,happy,end,low_resolution,4.43,low_resolution/happy/happy_017_2.jpg
happy_018.mp4,601745faf63ebfe2e5ba6d92d00a7806.mp4,happy,start,low_resolution,18.91,low_resolution/happy/happy_018_1.jpg
happy_018.mp4,601745faf63ebfe2e5ba6d92d00a7806.mp4,happy,end,low_resolution,19.41,low_resolution/happy/happy_018_2.jpg
fearful_028.mp4,62192775c2b49e4ab29008863306334c.mp4,fearful,start,low_resolution,1.76,low_resolution/fearful/fearful_028_1.jpg
fearful_028.mp4,62192775c2b49e4ab29008863306334c.mp4,fearful,end,low_resolution,2.66,low_resolution/fearful/fearful_028_2.jpg
angry_014.mp4,62c61aa6ec774b9680a0d9018d9d5c3e,angry,start,low_resolution,3.75,low_resolution/angry/angry_014_1.jpg
angry_014.mp4,62c61aa6ec774b9680a0d9018d9d5c3e,angry,end,low_resolution,6.82,low_resolution/angry/angry_014_2.jpg
fearful_029.mp4,6314345-hd_1920_1080_24fps.mp4,fearful,start,high_resolution,1.36,high_resolution/fearful/fearful_029_1.jpg
fearful_029.mp4,6314345-hd_1920_1080_24fps.mp4,fearful,end,high_resolution,5.46,high_resolution/fearful/fearful_029_2.jpg
happy_019.mp4,66d5955d905ddeef5d6e3a332ab1dc1f.mp4,happy,start,low_resolution,0.92,low_resolution/happy/happy_019_1.jpg
happy_019.mp4,66d5955d905ddeef5d6e3a332ab1dc1f.mp4,happy,end,low_resolution,3.82,low_resolution/happy/happy_019_2.jpg
happy_020.mp4,68d228a94e658e2269a8794e850d7a22.mp4,happy,start,low_resolution,0.79,low_resolution/happy/happy_020_1.jpg
happy_020.mp4,68d228a94e658e2269a8794e850d7a22.mp4,happy,end,low_resolution,5.28,low_resolution/happy/happy_020_2.jpg
surprise_014.mp4,6L2wvfZL1X8_000291,surprise,start,low_resolution,0.82,low_resolution/surprise/surprise_014_1.jpg
surprise_014.mp4,6L2wvfZL1X8_000291,surprise,end,low_resolution,1.93,low_resolution/surprise/surprise_014_2.jpg
angry_015.mov,6_c29iYWthIHRyeWFwa2EgMg.mov,angry,start,high_resolution,0.21,high_resolution/angry/angry_015_1.jpg
angry_015.mov,6_c29iYWthIHRyeWFwa2EgMg.mov,angry,end,high_resolution,5.21,high_resolution/angry/angry_015_2.jpg
fearful_030.mp4,6e8129da66db084ec2c52a1260150087.mp4,fearful,start,low_resolution,3.32,low_resolution/fearful/fearful_030_1.jpg
fearful_030.mp4,6e8129da66db084ec2c52a1260150087.mp4,fearful,end,low_resolution,3.76,low_resolution/fearful/fearful_030_2.jpg
fearful_031.mp4,702e56b36b4c30dfa048a7d65afb2775,fearful,start,low_resolution,5.42,low_resolution/fearful/fearful_031_1.jpg
fearful_031.mp4,702e56b36b4c30dfa048a7d65afb2775,fearful,end,low_resolution,12.2,low_resolution/fearful/fearful_031_2.jpg
angry_016.mp4,7187c65be27a9eb784de0c797e3ab93c,angry,start,low_resolution,2.36,low_resolution/angry/angry_016_1.jpg
angry_016.mp4,7187c65be27a9eb784de0c797e3ab93c,angry,end,low_resolution,5.07,low_resolution/angry/angry_016_2.jpg
surprise_015.mp4,7199277-uhd_2160_3840_25fps.mp4,surprise,start,high_resolution,0.51,high_resolution/surprise/surprise_015_1.jpg
surprise_015.mp4,7199277-uhd_2160_3840_25fps.mp4,surprise,end,high_resolution,1.38,high_resolution/surprise/surprise_015_2.jpg
happy_021.mp4,7602a2d013ef006558002656da7765a4.mp4,happy,start,low_resolution,11.54,low_resolution/happy/happy_021_1.jpg
happy_021.mp4,7602a2d013ef006558002656da7765a4.mp4,happy,end,low_resolution,12.16,low_resolution/happy/happy_021_2.jpg
fearful_032.mp4,7682705-uhd_3840_2160_25fps.mp4,fearful,start,high_resolution,1.41,high_resolution/fearful/fearful_032_1.jpg
fearful_032.mp4,7682705-uhd_3840_2160_25fps.mp4,fearful,end,high_resolution,2.54,high_resolution/fearful/fearful_032_2.jpg
happy_022.mp4,771b9e1d8ab8536be7c8575c9149479b.mp4,happy,start,low_resolution,2.73,low_resolution/happy/happy_022_1.jpg
happy_022.mp4,771b9e1d8ab8536be7c8575c9149479b.mp4,happy,end,low_resolution,3.98,low_resolution/happy/happy_022_2.jpg
fearful_033.mp4,796445f1adc1913d1e9c4843c1a96bda.mp4,fearful,start,low_resolution,0.96,low_resolution/fearful/fearful_033_1.jpg
fearful_033.mp4,796445f1adc1913d1e9c4843c1a96bda.mp4,fearful,end,low_resolution,4.36,low_resolution/fearful/fearful_033_2.jpg
fearful_034.mp4,7a1da912409a791228d2d55e3d2a42bb.mp4,fearful,start,low_resolution,1.38,low_resolution/fearful/fearful_034_1.jpg
fearful_034.mp4,7a1da912409a791228d2d55e3d2a42bb.mp4,fearful,end,low_resolution,2.53,low_resolution/fearful/fearful_034_2.jpg
surprise_016.mp4,7a583f514eebeea0986c76ce103f0553,surprise,start,low_resolution,1.49,low_resolution/surprise/surprise_016_1.jpg
surprise_016.mp4,7a583f514eebeea0986c76ce103f0553,surprise,end,low_resolution,17.99,low_resolution/surprise/surprise_016_2.jpg
angry_017.mp4,7a719ddbb15ada42733afe2d847d2152,angry,start,low_resolution,1.91,low_resolution/angry/angry_017_1.jpg
angry_017.mp4,7a719ddbb15ada42733afe2d847d2152,angry,end,low_resolution,6.5,low_resolution/angry/angry_017_2.jpg
fearful_035.mp4,7b64d5bdf356aa4dad0fa51a18b45cc5.mp4,fearful,start,low_resolution,1.83,low_resolution/fearful/fearful_035_1.jpg
fearful_035.mp4,7b64d5bdf356aa4dad0fa51a18b45cc5.mp4,fearful,end,low_resolution,2.6,low_resolution/fearful/fearful_035_2.jpg
angry_018.mp4,7b80a68911c0bafb014bf4d4cc1cd61b,angry,start,low_resolution,3.63,low_resolution/angry/angry_018_1.jpg
angry_018.mp4,7b80a68911c0bafb014bf4d4cc1cd61b,angry,end,low_resolution,7.53,low_resolution/angry/angry_018_2.jpg
fearful_036.mp4,7ca8b2458e2b9c9e4ff6525d7f564eff,fearful,start,low_resolution,4.61,low_resolution/fearful/fearful_036_1.jpg
fearful_036.mp4,7ca8b2458e2b9c9e4ff6525d7f564eff,fearful,end,low_resolution,7.43,low_resolution/fearful/fearful_036_2.jpg
happy_023.mp4,7dc4b24006761b1079df95fb8a48317f.mp4,happy,start,low_resolution,2.4,low_resolution/happy/happy_023_1.jpg
happy_023.mp4,7dc4b24006761b1079df95fb8a48317f.mp4,happy,end,low_resolution,3.72,low_resolution/happy/happy_023_2.jpg
happy_024.mp4,7vMLhRtWJNs_000101,happy,start,low_resolution,2.82,low_resolution/happy/happy_024_1.jpg
happy_024.mp4,7vMLhRtWJNs_000101,happy,end,low_resolution,6.23,low_resolution/happy/happy_024_2.jpg
angry_019.mp4,83e5492067d3b299b7f41ab9085f3176,angry,start,low_resolution,0.66,low_resolution/angry/angry_019_1.jpg
angry_019.mp4,83e5492067d3b299b7f41ab9085f3176,angry,end,low_resolution,4.49,low_resolution/angry/angry_019_2.jpg
surprise_017.mp4,8730838-uhd_3840_2160_25fps.mp4,surprise,start,high_resolution,1.48,high_resolution/surprise/surprise_017_1.jpg
surprise_017.mp4,8730838-uhd_3840_2160_25fps.mp4,surprise,end,high_resolution,12.03,high_resolution/surprise/surprise_017_2.jpg
surprise_018.mp4,87eb250e509b7e3cb9139ea61ecedd5e,surprise,start,low_resolution,1.49,low_resolution/surprise/surprise_018_1.jpg
surprise_018.mp4,87eb250e509b7e3cb9139ea61ecedd5e,surprise,end,low_resolution,7.94,low_resolution/surprise/surprise_018_2.jpg
happy_025.mp4,8a1adf34449df030100761186707bdcd.mp4,happy,start,low_resolution,0.82,low_resolution/happy/happy_025_1.jpg
happy_025.mp4,8a1adf34449df030100761186707bdcd.mp4,happy,end,low_resolution,11.92,low_resolution/happy/happy_025_2.jpg
angry_020.mp4,8e367540966b31b19e080859a45c7464,angry,start,low_resolution,0.26,low_resolution/angry/angry_020_1.jpg
angry_020.mp4,8e367540966b31b19e080859a45c7464,angry,end,low_resolution,15.83,low_resolution/angry/angry_020_2.jpg
fearful_037.mp4,906dfa2b396057b5834a81e322e3dd1b,fearful,start,low_resolution,0.71,low_resolution/fearful/fearful_037_1.jpg
fearful_037.mp4,906dfa2b396057b5834a81e322e3dd1b,fearful,end,low_resolution,10.54,low_resolution/fearful/fearful_037_2.jpg
fearful_038.mp4,9421549-hd_1920_1080_25fps.mp4,fearful,start,high_resolution,0.94,high_resolution/fearful/fearful_038_1.jpg
fearful_038.mp4,9421549-hd_1920_1080_25fps.mp4,fearful,end,high_resolution,1.35,high_resolution/fearful/fearful_038_2.jpg
angry_021.mp4,9cd1fd9fa559fe7bc1fabeb08e689cda,angry,start,low_resolution,0.75,low_resolution/angry/angry_021_1.jpg
angry_021.mp4,9cd1fd9fa559fe7bc1fabeb08e689cda,angry,end,low_resolution,7.91,low_resolution/angry/angry_021_2.jpg
angry_022.mp4,9f66c75da00cc8f18c07a8ba92a0b6fa,angry,start,low_resolution,3.38,low_resolution/angry/angry_022_1.jpg
angry_022.mp4,9f66c75da00cc8f18c07a8ba92a0b6fa,angry,end,low_resolution,4.01,low_resolution/angry/angry_022_2.jpg
sad_001.mp4,ACcWtXhq3Z4_000025,sad,start,low_resolution,1.32,low_resolution/sad/sad_001_1.jpg
sad_001.mp4,ACcWtXhq3Z4_000025,sad,end,low_resolution,8.7,low_resolution/sad/sad_001_2.jpg
sad_002.mp4,ACcWtXhq3Z4_000062,sad,start,low_resolution,0.55,low_resolution/sad/sad_002_1.jpg
sad_002.mp4,ACcWtXhq3Z4_000062,sad,end,low_resolution,8.79,low_resolution/sad/sad_002_2.jpg
surprise_019.mp4,Anu7grUAFiQ_000328,surprise,start,low_resolution,1.62,low_resolution/surprise/surprise_019_1.jpg
surprise_019.mp4,Anu7grUAFiQ_000328,surprise,end,low_resolution,15.88,low_resolution/surprise/surprise_019_2.jpg
surprise_020.mp4,C8OINrp8DMU_000083,surprise,start,low_resolution,1.14,low_resolution/surprise/surprise_020_1.jpg
surprise_020.mp4,C8OINrp8DMU_000083,surprise,end,low_resolution,2.26,low_resolution/surprise/surprise_020_2.jpg
sad_003.mp4,D0ZJr8cAUHg_000050,sad,start,low_resolution,7.0,low_resolution/sad/sad_003_1.jpg
sad_003.mp4,D0ZJr8cAUHg_000050,sad,end,low_resolution,11.25,low_resolution/sad/sad_003_2.jpg
sad_004.mp4,D0ZJr8cAUHg_000232,sad,start,low_resolution,4.14,low_resolution/sad/sad_004_1.jpg
sad_004.mp4,D0ZJr8cAUHg_000232,sad,end,low_resolution,15.64,low_resolution/sad/sad_004_2.jpg
neutral_002.mp4,D0ZJr8cAUHg_000324,neutral,start,low_resolution,6.37,low_resolution/neutral/neutral_002_1.jpg
neutral_002.mp4,D0ZJr8cAUHg_000324,neutral,end,low_resolution,10.04,low_resolution/neutral/neutral_002_2.jpg
happy_026.mp4,DV7Hk3NU4To_000429,happy,start,low_resolution,1.9,low_resolution/happy/happy_026_1.jpg
happy_026.mp4,DV7Hk3NU4To_000429,happy,end,low_resolution,8.53,low_resolution/happy/happy_026_2.jpg
angry_023.mp4,IMG_8093.MP4,angry,start,low_resolution,2.49,low_resolution/angry/angry_023_1.jpg
angry_023.mp4,IMG_8093.MP4,angry,end,low_resolution,3.83,low_resolution/angry/angry_023_2.jpg
angry_024.mp4,IMG_8094.MP4,angry,start,low_resolution,2.17,low_resolution/angry/angry_024_1.jpg
angry_024.mp4,IMG_8094.MP4,angry,end,low_resolution,7.43,low_resolution/angry/angry_024_2.jpg
angry_025.mp4,IMG_8095.MP4,angry,start,low_resolution,3.78,low_resolution/angry/angry_025_1.jpg
angry_025.mp4,IMG_8095.MP4,angry,end,low_resolution,5.96,low_resolution/angry/angry_025_2.jpg
angry_026.mp4,IMG_8096.MP4,angry,start,low_resolution,2.25,low_resolution/angry/angry_026_1.jpg
angry_026.mp4,IMG_8096.MP4,angry,end,low_resolution,5.54,low_resolution/angry/angry_026_2.jpg
angry_027.mp4,IMG_8097.MP4,angry,start,low_resolution,0.73,low_resolution/angry/angry_027_1.jpg
angry_027.mp4,IMG_8097.MP4,angry,end,low_resolution,4.11,low_resolution/angry/angry_027_2.jpg
angry_028.mp4,IMG_8099.MP4,angry,start,low_resolution,5.51,low_resolution/angry/angry_028_1.jpg
angry_028.mp4,IMG_8099.MP4,angry,end,low_resolution,9.19,low_resolution/angry/angry_028_2.jpg
angry_029.mp4,IMG_8100.MP4,angry,start,low_resolution,1.93,low_resolution/angry/angry_029_1.jpg
angry_029.mp4,IMG_8100.MP4,angry,end,low_resolution,4.14,low_resolution/angry/angry_029_2.jpg
angry_030.mp4,IMG_8101.MP4,angry,start,low_resolution,1.47,low_resolution/angry/angry_030_1.jpg
angry_030.mp4,IMG_8101.MP4,angry,end,low_resolution,9.08,low_resolution/angry/angry_030_2.jpg
angry_031.mp4,IMG_8102.MP4,angry,start,low_resolution,3.86,low_resolution/angry/angry_031_1.jpg
angry_031.mp4,IMG_8102.MP4,angry,end,low_resolution,10.73,low_resolution/angry/angry_031_2.jpg
angry_032.mp4,IMG_8103.MP4,angry,start,low_resolution,1.31,low_resolution/angry/angry_032_1.jpg
angry_032.mp4,IMG_8103.MP4,angry,end,low_resolution,2.25,low_resolution/angry/angry_032_2.jpg
angry_033.mp4,IMG_8104.MP4,angry,start,low_resolution,1.63,low_resolution/angry/angry_033_1.jpg
angry_033.mp4,IMG_8104.MP4,angry,end,low_resolution,4.17,low_resolution/angry/angry_033_2.jpg
angry_034.mp4,IMG_8105.MP4,angry,start,low_resolution,4.51,low_resolution/angry/angry_034_1.jpg
angry_034.mp4,IMG_8105.MP4,angry,end,low_resolution,9.07,low_resolution/angry/angry_034_2.jpg
angry_035.mp4,IMG_8106.MP4,angry,start,low_resolution,2.13,low_resolution/angry/angry_035_1.jpg
angry_035.mp4,IMG_8106.MP4,angry,end,low_resolution,4.84,low_resolution/angry/angry_035_2.jpg
angry_036.mp4,IMG_8107.MP4,angry,start,low_resolution,2.7,low_resolution/angry/angry_036_1.jpg
angry_036.mp4,IMG_8107.MP4,angry,end,low_resolution,5.32,low_resolution/angry/angry_036_2.jpg
angry_037.mp4,IMG_8108.MP4,angry,start,low_resolution,0.35,low_resolution/angry/angry_037_1.jpg
angry_037.mp4,IMG_8108.MP4,angry,end,low_resolution,1.06,low_resolution/angry/angry_037_2.jpg
angry_038.mp4,IMG_8109.MP4,angry,start,low_resolution,14.33,low_resolution/angry/angry_038_1.jpg
angry_038.mp4,IMG_8109.MP4,angry,end,low_resolution,18.01,low_resolution/angry/angry_038_2.jpg
angry_039.mp4,IMG_8110.MP4,angry,start,low_resolution,0.55,low_resolution/angry/angry_039_1.jpg
angry_039.mp4,IMG_8110.MP4,angry,end,low_resolution,5.94,low_resolution/angry/angry_039_2.jpg
angry_040.mp4,IMG_8111.MP4,angry,start,low_resolution,3.76,low_resolution/angry/angry_040_1.jpg
angry_040.mp4,IMG_8111.MP4,angry,end,low_resolution,11.3,low_resolution/angry/angry_040_2.jpg
angry_041.mp4,IMG_8112.MP4,angry,start,low_resolution,2.59,low_resolution/angry/angry_041_1.jpg
angry_041.mp4,IMG_8112.MP4,angry,end,low_resolution,10.64,low_resolution/angry/angry_041_2.jpg
angry_042.mp4,IMG_8113.MP4,angry,start,low_resolution,1.73,low_resolution/angry/angry_042_1.jpg
angry_042.mp4,IMG_8113.MP4,angry,end,low_resolution,10.33,low_resolution/angry/angry_042_2.jpg
angry_043.mp4,IMG_8114.MP4,angry,start,low_resolution,2.89,low_resolution/angry/angry_043_1.jpg
angry_043.mp4,IMG_8114.MP4,angry,end,low_resolution,5.46,low_resolution/angry/angry_043_2.jpg
angry_044.mp4,IMG_8115.MP4,angry,start,low_resolution,1.36,low_resolution/angry/angry_044_1.jpg
angry_044.mp4,IMG_8115.MP4,angry,end,low_resolution,3.26,low_resolution/angry/angry_044_2.jpg
angry_045.mov,IMG_8116.MOV,angry,start,low_resolution,1.68,low_resolution/angry/angry_045_1.jpg
angry_045.mov,IMG_8116.MOV,angry,end,low_resolution,5.14,low_resolution/angry/angry_045_2.jpg
angry_046.mp4,IMG_8117.MP4,angry,start,low_resolution,1.76,low_resolution/angry/angry_046_1.jpg
angry_046.mp4,IMG_8117.MP4,angry,end,low_resolution,6.49,low_resolution/angry/angry_046_2.jpg
angry_047.mp4,IMG_8118.MP4,angry,start,low_resolution,8.0,low_resolution/angry/angry_047_1.jpg
angry_047.mp4,IMG_8118.MP4,angry,end,low_resolution,10.79,low_resolution/angry/angry_047_2.jpg
angry_048.mp4,IMG_8119.MP4,angry,start,low_resolution,3.74,low_resolution/angry/angry_048_1.jpg
angry_048.mp4,IMG_8119.MP4,angry,end,low_resolution,11.8,low_resolution/angry/angry_048_2.jpg
angry_049.mp4,IMG_8120.MP4,angry,start,low_resolution,0.34,low_resolution/angry/angry_049_1.jpg
angry_049.mp4,IMG_8120.MP4,angry,end,low_resolution,1.45,low_resolution/angry/angry_049_2.jpg
angry_050.mp4,IMG_8122.MP4,angry,start,low_resolution,5.51,low_resolution/angry/angry_050_1.jpg
angry_050.mp4,IMG_8122.MP4,angry,end,low_resolution,8.05,low_resolution/angry/angry_050_2.jpg
angry_051.mp4,IMG_8124.MP4,angry,start,low_resolution,1.05,low_resolution/angry/angry_051_1.jpg
angry_051.mp4,IMG_8124.MP4,angry,end,low_resolution,9.25,low_resolution/angry/angry_051_2.jpg
angry_052.mp4,IMG_8125.MP4,angry,start,low_resolution,2.88,low_resolution/angry/angry_052_1.jpg
angry_052.mp4,IMG_8125.MP4,angry,end,low_resolution,11.5,low_resolution/angry/angry_052_2.jpg
angry_053.mp4,IMG_8126.MP4,angry,start,low_resolution,2.87,low_resolution/angry/angry_053_1.jpg
angry_053.mp4,IMG_8126.MP4,angry,end,low_resolution,4.07,low_resolution/angry/angry_053_2.jpg
angry_054.mp4,IMG_8127.MP4,angry,start,low_resolution,2.01,low_resolution/angry/angry_054_1.jpg
angry_054.mp4,IMG_8127.MP4,angry,end,low_resolution,6.23,low_resolution/angry/angry_054_2.jpg
angry_055.mp4,IMG_8128.MP4,angry,start,low_resolution,0.39,low_resolution/angry/angry_055_1.jpg
angry_055.mp4,IMG_8128.MP4,angry,end,low_resolution,1.53,low_resolution/angry/angry_055_2.jpg
angry_056.mp4,IMG_8129.MP4,angry,start,low_resolution,4.36,low_resolution/angry/angry_056_1.jpg
angry_056.mp4,IMG_8129.MP4,angry,end,low_resolution,14.42,low_resolution/angry/angry_056_2.jpg
angry_057.mp4,IMG_8130.MP4,angry,start,low_resolution,0.6,low_resolution/angry/angry_057_1.jpg
angry_057.mp4,IMG_8130.MP4,angry,end,low_resolution,4.44,low_resolution/angry/angry_057_2.jpg
angry_058.mp4,IMG_8131.MP4,angry,start,low_resolution,1.41,low_resolution/angry/angry_058_1.jpg
angry_058.mp4,IMG_8131.MP4,angry,end,low_resolution,1.42,low_resolution/angry/angry_058_2.jpg
angry_059.mp4,IMG_8132.MP4,angry,start,low_resolution,4.91,low_resolution/angry/angry_059_1.jpg
angry_059.mp4,IMG_8132.MP4,angry,end,low_resolution,4.27,low_resolution/angry/angry_059_2.jpg
angry_060.mp4,IMG_8133.MP4,angry,start,low_resolution,4.97,low_resolution/angry/angry_060_1.jpg
angry_060.mp4,IMG_8133.MP4,angry,end,low_resolution,23.56,low_resolution/angry/angry_060_2.jpg
angry_061.mp4,IMG_8134.MP4,angry,start,low_resolution,3.82,low_resolution/angry/angry_061_1.jpg
angry_061.mp4,IMG_8134.MP4,angry,end,low_resolution,6.38,low_resolution/angry/angry_061_2.jpg
angry_062.mp4,IMG_8135.MP4,angry,start,low_resolution,4.95,low_resolution/angry/angry_062_1.jpg
angry_062.mp4,IMG_8135.MP4,angry,end,low_resolution,5.14,low_resolution/angry/angry_062_2.jpg
angry_063.mp4,IMG_8136.MP4,angry,start,low_resolution,6.83,low_resolution/angry/angry_063_1.jpg
angry_063.mp4,IMG_8136.MP4,angry,end,low_resolution,11.64,low_resolution/angry/angry_063_2.jpg
angry_064.mp4,IMG_8137.MP4,angry,start,high_resolution,2.09,high_resolution/angry/angry_064_1.jpg
angry_064.mp4,IMG_8137.MP4,angry,end,high_resolution,4.88,high_resolution/angry/angry_064_2.jpg
angry_065.mp4,IMG_8139.MP4,angry,start,low_resolution,7.17,low_resolution/angry/angry_065_1.jpg
angry_065.mp4,IMG_8139.MP4,angry,end,low_resolution,12.21,low_resolution/angry/angry_065_2.jpg
angry_066.mp4,IMG_8140.MP4,angry,start,low_resolution,13.37,low_resolution/angry/angry_066_1.jpg
angry_066.mp4,IMG_8140.MP4,angry,end,low_resolution,14.24,low_resolution/angry/angry_066_2.jpg
angry_067.mp4,IMG_8141.MP4,angry,start,low_resolution,2.06,low_resolution/angry/angry_067_1.jpg
angry_067.mp4,IMG_8141.MP4,angry,end,low_resolution,9.08,low_resolution/angry/angry_067_2.jpg
angry_068.mp4,IMG_8142.MP4,angry,start,low_resolution,1.4,low_resolution/angry/angry_068_1.jpg
angry_068.mp4,IMG_8142.MP4,angry,end,low_resolution,2.87,low_resolution/angry/angry_068_2.jpg
angry_069.mp4,IMG_8143.MP4,angry,start,low_resolution,1.2,low_resolution/angry/angry_069_1.jpg
angry_069.mp4,IMG_8143.MP4,angry,end,low_resolution,16.67,low_resolution/angry/angry_069_2.jpg
angry_070.mp4,IMG_8144.MP4,angry,start,low_resolution,7.51,low_resolution/angry/angry_070_1.jpg
angry_070.mp4,IMG_8144.MP4,angry,end,low_resolution,11.54,low_resolution/angry/angry_070_2.jpg
surprise_021.mp4,IMG_8162.MP4,surprise,start,high_resolution,1.52,high_resolution/surprise/surprise_021_1.jpg
surprise_021.mp4,IMG_8162.MP4,surprise,end,high_resolution,5.06,high_resolution/surprise/surprise_021_2.jpg
surprise_022.mp4,IMG_8163.MP4,surprise,start,low_resolution,5.43,low_resolution/surprise/surprise_022_1.jpg
surprise_022.mp4,IMG_8163.MP4,surprise,end,low_resolution,7.52,low_resolution/surprise/surprise_022_2.jpg
surprise_023.mp4,IMG_8164.MP4,surprise,start,low_resolution,4.23,low_resolution/surprise/surprise_023_1.jpg
surprise_023.mp4,IMG_8164.MP4,surprise,end,low_resolution,6.61,low_resolution/surprise/surprise_023_2.jpg
surprise_024.mp4,IMG_8165.MP4,surprise,start,low_resolution,1.58,low_resolution/surprise/surprise_024_1.jpg
surprise_024.mp4,IMG_8165.MP4,surprise,end,low_resolution,6.66,low_resolution/surprise/surprise_024_2.jpg
surprise_025.mp4,IMG_8166.MP4,surprise,start,high_resolution,3.05,high_resolution/surprise/surprise_025_1.jpg
surprise_025.mp4,IMG_8166.MP4,surprise,end,high_resolution,5.55,high_resolution/surprise/surprise_025_2.jpg
surprise_026.mp4,IMG_8169.MP4,surprise,start,high_resolution,0.33,high_resolution/surprise/surprise_026_1.jpg
surprise_026.mp4,IMG_8169.MP4,surprise,end,high_resolution,4.29,high_resolution/surprise/surprise_026_2.jpg
surprise_027.mp4,IMG_8173.MP4,surprise,start,high_resolution,2.52,high_resolution/surprise/surprise_027_1.jpg
surprise_027.mp4,IMG_8173.MP4,surprise,end,high_resolution,7.68,high_resolution/surprise/surprise_027_2.jpg
surprise_028.mp4,IMG_8174.MP4,surprise,start,low_resolution,5.66,low_resolution/surprise/surprise_028_1.jpg
surprise_028.mp4,IMG_8174.MP4,surprise,end,low_resolution,6.67,low_resolution/surprise/surprise_028_2.jpg
surprise_029.mp4,IMG_8175.MP4,surprise,start,low_resolution,7.12,low_resolution/surprise/surprise_029_1.jpg
surprise_029.mp4,IMG_8175.MP4,surprise,end,low_resolution,8.6,low_resolution/surprise/surprise_029_2.jpg
surprise_030.mp4,IMG_8176.MP4,surprise,end,low_resolution,7.08,low_resolution/surprise/surprise_030_2.jpg
surprise_031.mp4,IMG_8178.MP4,surprise,start,high_resolution,1.88,high_resolution/surprise/surprise_031_1.jpg
surprise_031.mp4,IMG_8178.MP4,surprise,end,high_resolution,3.14,high_resolution/surprise/surprise_031_2.jpg
surprise_032.mp4,IMG_8179.MP4,surprise,start,high_resolution,1.87,high_resolution/surprise/surprise_032_1.jpg
surprise_032.mp4,IMG_8179.MP4,surprise,end,high_resolution,3.62,high_resolution/surprise/surprise_032_2.jpg
surprise_033.mp4,IMG_8180.MP4,surprise,start,high_resolution,2.8,high_resolution/surprise/surprise_033_1.jpg
surprise_033.mp4,IMG_8180.MP4,surprise,end,high_resolution,3.74,high_resolution/surprise/surprise_033_2.jpg
surprise_034.mp4,IMG_8181.MP4,surprise,start,high_resolution,1.09,high_resolution/surprise/surprise_034_1.jpg
surprise_034.mp4,IMG_8181.MP4,surprise,end,high_resolution,15.66,high_resolution/surprise/surprise_034_2.jpg
surprise_035.mp4,IMG_8182.MP4,surprise,start,high_resolution,2.35,high_resolution/surprise/surprise_035_1.jpg
surprise_035.mp4,IMG_8182.MP4,surprise,end,high_resolution,7.77,high_resolution/surprise/surprise_035_2.jpg
surprise_036.mp4,IMG_8183.MP4,surprise,start,high_resolution,1.19,high_resolution/surprise/surprise_036_1.jpg
surprise_036.mp4,IMG_8183.MP4,surprise,end,high_resolution,2.07,high_resolution/surprise/surprise_036_2.jpg
surprise_037.mp4,IMG_8184.MP4,surprise,start,low_resolution,3.04,low_resolution/surprise/surprise_037_1.jpg
surprise_037.mp4,IMG_8184.MP4,surprise,end,low_resolution,7.0,low_resolution/surprise/surprise_037_2.jpg
surprise_038.mp4,IMG_8185.MP4,surprise,start,high_resolution,0.0,high_resolution/surprise/surprise_038_1.jpg
surprise_038.mp4,IMG_8185.MP4,surprise,end,high_resolution,3.62,high_resolution/surprise/surprise_038_2.jpg
angry_071.mp4,IMG_8187.MP4,angry,start,low_resolution,1.43,low_resolution/angry/angry_071_1.jpg
angry_071.mp4,IMG_8187.MP4,angry,end,low_resolution,15.72,low_resolution/angry/angry_071_2.jpg
angry_072.mp4,IMG_8188.MP4,angry,start,low_resolution,2.01,low_resolution/angry/angry_072_1.jpg
angry_072.mp4,IMG_8188.MP4,angry,end,low_resolution,3.7,low_resolution/angry/angry_072_2.jpg
angry_073.mp4,IMG_8189.MP4,angry,start,low_resolution,3.62,low_resolution/angry/angry_073_1.jpg
angry_073.mp4,IMG_8189.MP4,angry,end,low_resolution,9.7,low_resolution/angry/angry_073_2.jpg
angry_074.mp4,IMG_8190.MP4,angry,start,low_resolution,3.41,low_resolution/angry/angry_074_1.jpg
angry_074.mp4,IMG_8190.MP4,angry,end,low_resolution,15.12,low_resolution/angry/angry_074_2.jpg
angry_075.mp4,IMG_8191.MP4,angry,start,low_resolution,7.88,low_resolution/angry/angry_075_1.jpg
angry_075.mp4,IMG_8191.MP4,angry,end,low_resolution,9.67,low_resolution/angry/angry_075_2.jpg
angry_076.mp4,IMG_8192.MP4,angry,start,low_resolution,4.02,low_resolution/angry/angry_076_1.jpg
angry_076.mp4,IMG_8192.MP4,angry,end,low_resolution,4.18,low_resolution/angry/angry_076_2.jpg
angry_077.mp4,IMG_8193.MP4,angry,start,low_resolution,1.73,low_resolution/angry/angry_077_1.jpg
angry_077.mp4,IMG_8193.MP4,angry,end,low_resolution,5.79,low_resolution/angry/angry_077_2.jpg
angry_078.mp4,IMG_8194.MP4,angry,start,low_resolution,12.86,low_resolution/angry/angry_078_1.jpg
angry_078.mp4,IMG_8194.MP4,angry,end,low_resolution,14.61,low_resolution/angry/angry_078_2.jpg
angry_079.mp4,IMG_8195.MP4,angry,start,low_resolution,4.84,low_resolution/angry/angry_079_1.jpg
angry_079.mp4,IMG_8195.MP4,angry,end,low_resolution,5.6,low_resolution/angry/angry_079_2.jpg
angry_080.mp4,IMG_8196.MP4,angry,start,low_resolution,1.16,low_resolution/angry/angry_080_1.jpg
angry_080.mp4,IMG_8196.MP4,angry,end,low_resolution,11.57,low_resolution/angry/angry_080_2.jpg
angry_081.mp4,IMG_8197.MP4,angry,start,low_resolution,3.3,low_resolution/angry/angry_081_1.jpg
angry_081.mp4,IMG_8197.MP4,angry,end,low_resolution,9.51,low_resolution/angry/angry_081_2.jpg
angry_082.mp4,IMG_8198.MP4,angry,start,low_resolution,1.77,low_resolution/angry/angry_082_1.jpg
angry_082.mp4,IMG_8198.MP4,angry,end,low_resolution,4.95,low_resolution/angry/angry_082_2.jpg
angry_083.mp4,IMG_8199.MP4,angry,start,low_resolution,4.53,low_resolution/angry/angry_083_1.jpg
angry_083.mp4,IMG_8199.MP4,angry,end,low_resolution,6.85,low_resolution/angry/angry_083_2.jpg
angry_084.mp4,IMG_8200.MP4,angry,start,low_resolution,0.73,low_resolution/angry/angry_084_1.jpg
angry_084.mp4,IMG_8200.MP4,angry,end,low_resolution,5.27,low_resolution/angry/angry_084_2.jpg
angry_085.mp4,IMG_8202.MP4,angry,start,low_resolution,1.18,low_resolution/angry/angry_085_1.jpg
angry_085.mp4,IMG_8202.MP4,angry,end,low_resolution,5.14,low_resolution/angry/angry_085_2.jpg
angry_086.mp4,IMG_8203.MP4,angry,start,low_resolution,6.78,low_resolution/angry/angry_086_1.jpg
angry_086.mp4,IMG_8203.MP4,angry,end,low_resolution,8.77,low_resolution/angry/angry_086_2.jpg
angry_087.mp4,IMG_8204.MP4,angry,start,low_resolution,0.55,low_resolution/angry/angry_087_1.jpg
angry_087.mp4,IMG_8204.MP4,angry,end,low_resolution,1.84,low_resolution/angry/angry_087_2.jpg
angry_088.mp4,IMG_8205.MP4,angry,start,low_resolution,0.29,low_resolution/angry/angry_088_1.jpg
angry_088.mp4,IMG_8205.MP4,angry,end,low_resolution,7.68,low_resolution/angry/angry_088_2.jpg
angry_089.mp4,IMG_8206.MP4,angry,start,low_resolution,1.21,low_resolution/angry/angry_089_1.jpg
angry_089.mp4,IMG_8206.MP4,angry,end,low_resolution,3.12,low_resolution/angry/angry_089_2.jpg
angry_090.mp4,IMG_8207.MP4,angry,start,low_resolution,1.75,low_resolution/angry/angry_090_1.jpg
angry_090.mp4,IMG_8207.MP4,angry,end,low_resolution,4.12,low_resolution/angry/angry_090_2.jpg
angry_091.mp4,IMG_8208.MP4,angry,start,low_resolution,1.3,low_resolution/angry/angry_091_1.jpg
angry_091.mp4,IMG_8208.MP4,angry,end,low_resolution,6.07,low_resolution/angry/angry_091_2.jpg
angry_092.mp4,IMG_8209.MP4,angry,start,low_resolution,4.58,low_resolution/angry/angry_092_1.jpg
angry_092.mp4,IMG_8209.MP4,angry,end,low_resolution,5.98,low_resolution/angry/angry_092_2.jpg
angry_093.mp4,IMG_8210.MP4,angry,start,low_resolution,2.84,low_resolution/angry/angry_093_1.jpg
angry_093.mp4,IMG_8210.MP4,angry,end,low_resolution,5.48,low_resolution/angry/angry_093_2.jpg
angry_094.mp4,IMG_8211.MP4,angry,start,low_resolution,1.6,low_resolution/angry/angry_094_1.jpg
angry_094.mp4,IMG_8211.MP4,angry,end,low_resolution,6.99,low_resolution/angry/angry_094_2.jpg
angry_095.mp4,IMG_8212.MP4,angry,start,low_resolution,2.92,low_resolution/angry/angry_095_1.jpg
angry_095.mp4,IMG_8212.MP4,angry,end,low_resolution,8.29,low_resolution/angry/angry_095_2.jpg
angry_096.mp4,IMG_8213.MP4,angry,start,low_resolution,1.13,low_resolution/angry/angry_096_1.jpg
angry_096.mp4,IMG_8213.MP4,angry,end,low_resolution,2.36,low_resolution/angry/angry_096_2.jpg
angry_097.mp4,IMG_8214.MP4,angry,start,low_resolution,2.77,low_resolution/angry/angry_097_1.jpg
angry_097.mp4,IMG_8214.MP4,angry,end,low_resolution,5.75,low_resolution/angry/angry_097_2.jpg
angry_098.mp4,IMG_8215.MP4,angry,start,low_resolution,4.62,low_resolution/angry/angry_098_1.jpg
angry_098.mp4,IMG_8215.MP4,angry,end,low_resolution,6.95,low_resolution/angry/angry_098_2.jpg
angry_099.mp4,IMG_8216.MP4,angry,start,low_resolution,2.9,low_resolution/angry/angry_099_1.jpg
angry_099.mp4,IMG_8216.MP4,angry,end,low_resolution,8.81,low_resolution/angry/angry_099_2.jpg
angry_100.mp4,IMG_8217.MP4,angry,start,low_resolution,3.95,low_resolution/angry/angry_100_1.jpg
angry_100.mp4,IMG_8217.MP4,angry,end,low_resolution,13.48,low_resolution/angry/angry_100_2.jpg
angry_101.mp4,IMG_8218.MP4,angry,start,low_resolution,4.84,low_resolution/angry/angry_101_1.jpg
angry_101.mp4,IMG_8218.MP4,angry,end,low_resolution,8.6,low_resolution/angry/angry_101_2.jpg
angry_102.mp4,IMG_8219.MP4,angry,start,low_resolution,0.64,low_resolution/angry/angry_102_1.jpg
angry_102.mp4,IMG_8219.MP4,angry,end,low_resolution,9.83,low_resolution/angry/angry_102_2.jpg
angry_103.mp4,IMG_8220.MP4,angry,start,low_resolution,6.34,low_resolution/angry/angry_103_1.jpg
angry_103.mp4,IMG_8220.MP4,angry,end,low_resolution,16.46,low_resolution/angry/angry_103_2.jpg
angry_104.mp4,IMG_8221.MP4,angry,start,low_resolution,0.85,low_resolution/angry/angry_104_1.jpg
angry_104.mp4,IMG_8221.MP4,angry,end,low_resolution,5.92,low_resolution/angry/angry_104_2.jpg
angry_105.mp4,IMG_8229.MP4,angry,start,low_resolution,7.69,low_resolution/angry/angry_105_1.jpg
angry_105.mp4,IMG_8229.MP4,angry,end,low_resolution,9.56,low_resolution/angry/angry_105_2.jpg
angry_106.mp4,IMG_8230.MP4,angry,start,low_resolution,8.12,low_resolution/angry/angry_106_1.jpg
angry_106.mp4,IMG_8230.MP4,angry,end,low_resolution,12.01,low_resolution/angry/angry_106_2.jpg
angry_107.mp4,IMG_8231.MP4,angry,start,low_resolution,2.13,low_resolution/angry/angry_107_1.jpg
angry_107.mp4,IMG_8231.MP4,angry,end,low_resolution,7.12,low_resolution/angry/angry_107_2.jpg
angry_108.mp4,IMG_8232.MP4,angry,start,low_resolution,1.95,low_resolution/angry/angry_108_1.jpg
angry_108.mp4,IMG_8232.MP4,angry,end,low_resolution,6.84,low_resolution/angry/angry_108_2.jpg
angry_109.mp4,IMG_8233.MP4,angry,start,low_resolution,0.0,low_resolution/angry/angry_109_1.jpg
angry_109.mp4,IMG_8233.MP4,angry,end,low_resolution,8.3,low_resolution/angry/angry_109_2.jpg
angry_110.mp4,IMG_8234.MP4,angry,start,high_resolution,0.0,high_resolution/angry/angry_110_1.jpg
angry_110.mp4,IMG_8234.MP4,angry,end,high_resolution,8.69,high_resolution/angry/angry_110_2.jpg
angry_111.mp4,IMG_8235.MP4,angry,start,high_resolution,1.77,high_resolution/angry/angry_111_1.jpg
angry_111.mp4,IMG_8235.MP4,angry,end,high_resolution,4.99,high_resolution/angry/angry_111_2.jpg
angry_112.mp4,IMG_8238.MP4,angry,start,low_resolution,4.9,low_resolution/angry/angry_112_1.jpg
angry_112.mp4,IMG_8238.MP4,angry,end,low_resolution,10.23,low_resolution/angry/angry_112_2.jpg
angry_113.mp4,IMG_8239.MP4,angry,start,low_resolution,6.66,low_resolution/angry/angry_113_1.jpg
angry_113.mp4,IMG_8239.MP4,angry,end,low_resolution,12.48,low_resolution/angry/angry_113_2.jpg
neutral_003.mp4,IMG_8293.MP4,neutral,start,low_resolution,5.16,low_resolution/neutral/neutral_003_1.jpg
neutral_003.mp4,IMG_8293.MP4,neutral,end,low_resolution,9.81,low_resolution/neutral/neutral_003_2.jpg
neutral_004.mp4,IMG_8294.MP4,neutral,start,low_resolution,2.42,low_resolution/neutral/neutral_004_1.jpg
neutral_004.mp4,IMG_8294.MP4,neutral,end,low_resolution,4.85,low_resolution/neutral/neutral_004_2.jpg
neutral_005.mp4,IMG_8295.MP4,neutral,start,low_resolution,2.01,low_resolution/neutral/neutral_005_1.jpg
neutral_005.mp4,IMG_8295.MP4,neutral,end,low_resolution,5.08,low_resolution/neutral/neutral_005_2.jpg
neutral_006.mp4,IMG_8296.MP4,neutral,start,low_resolution,5.57,low_resolution/neutral/neutral_006_1.jpg
neutral_006.mp4,IMG_8296.MP4,neutral,end,low_resolution,7.91,low_resolution/neutral/neutral_006_2.jpg
neutral_007.mp4,IMG_8297.MP4,neutral,start,low_resolution,2.06,low_resolution/neutral/neutral_007_1.jpg
neutral_007.mp4,IMG_8297.MP4,neutral,end,low_resolution,12.56,low_resolution/neutral/neutral_007_2.jpg
neutral_008.mp4,IMG_8298.MP4,neutral,start,low_resolution,2.99,low_resolution/neutral/neutral_008_1.jpg
neutral_008.mp4,IMG_8298.MP4,neutral,end,low_resolution,5.66,low_resolution/neutral/neutral_008_2.jpg
angry_114.mp4,IMG_8299.MP4,angry,start,low_resolution,6.6,low_resolution/angry/angry_114_1.jpg
angry_114.mp4,IMG_8299.MP4,angry,end,low_resolution,7.03,low_resolution/angry/angry_114_2.jpg
angry_115.mp4,IMG_8300.MP4,angry,start,low_resolution,2.43,low_resolution/angry/angry_115_1.jpg
angry_115.mp4,IMG_8300.MP4,angry,end,low_resolution,6.25,low_resolution/angry/angry_115_2.jpg
angry_116.mp4,IMG_8301.MP4,angry,start,low_resolution,1.4,low_resolution/angry/angry_116_1.jpg
angry_116.mp4,IMG_8301.MP4,angry,end,low_resolution,3.47,low_resolution/angry/angry_116_2.jpg
angry_117.mp4,IMG_8302.MP4,angry,start,low_resolution,3.26,low_resolution/angry/angry_117_1.jpg
angry_117.mp4,IMG_8302.MP4,angry,end,low_resolution,12.17,low_resolution/angry/angry_117_2.jpg
angry_118.mp4,IMG_8303.MP4,angry,start,low_resolution,1.26,low_resolution/angry/angry_118_1.jpg
angry_118.mp4,IMG_8303.MP4,angry,end,low_resolution,3.52,low_resolution/angry/angry_118_2.jpg
neutral_009.mp4,IMG_8304.MP4,neutral,start,low_resolution,5.1,low_resolution/neutral/neutral_009_1.jpg
neutral_009.mp4,IMG_8304.MP4,neutral,end,low_resolution,8.17,low_resolution/neutral/neutral_009_2.jpg
neutral_010.mp4,IMG_8305.MP4,neutral,start,low_resolution,1.58,low_resolution/neutral/neutral_010_1.jpg
neutral_010.mp4,IMG_8305.MP4,neutral,end,low_resolution,3.49,low_resolution/neutral/neutral_010_2.jpg
neutral_011.mp4,IMG_8306.MP4,neutral,start,low_resolution,1.16,low_resolution/neutral/neutral_011_1.jpg
neutral_011.mp4,IMG_8306.MP4,neutral,end,low_resolution,7.03,low_resolution/neutral/neutral_011_2.jpg
neutral_012.mp4,IMG_8307.MP4,neutral,start,low_resolution,0.64,low_resolution/neutral/neutral_012_1.jpg
neutral_012.mp4,IMG_8307.MP4,neutral,end,low_resolution,1.35,low_resolution/neutral/neutral_012_2.jpg
angry_119.mp4,IMG_8308.MP4,angry,start,low_resolution,4.65,low_resolution/angry/angry_119_1.jpg
angry_119.mp4,IMG_8308.MP4,angry,end,low_resolution,9.56,low_resolution/angry/angry_119_2.jpg
angry_120.mp4,IMG_8309.MP4,angry,start,low_resolution,3.32,low_resolution/angry/angry_120_1.jpg
angry_120.mp4,IMG_8309.MP4,angry,end,low_resolution,6.23,low_resolution/angry/angry_120_2.jpg
angry_121.mp4,IMG_8310.MP4,angry,start,low_resolution,21.11,low_resolution/angry/angry_121_1.jpg
angry_121.mp4,IMG_8310.MP4,angry,end,low_resolution,22.39,low_resolution/angry/angry_121_2.jpg
angry_122.mp4,IMG_8311.MP4,angry,start,low_resolution,3.17,low_resolution/angry/angry_122_1.jpg
angry_122.mp4,IMG_8311.MP4,angry,end,low_resolution,5.55,low_resolution/angry/angry_122_2.jpg
angry_123.mp4,IMG_8312.MP4,angry,end,low_resolution,8.88,low_resolution/angry/angry_123_2.jpg
angry_124.mp4,IMG_8313.MP4,angry,start,low_resolution,3.8,low_resolution/angry/angry_124_1.jpg
angry_124.mp4,IMG_8313.MP4,angry,end,low_resolution,6.99,low_resolution/angry/angry_124_2.jpg
angry_125.mp4,IMG_8314.MP4,angry,start,low_resolution,5.37,low_resolution/angry/angry_125_1.jpg
angry_125.mp4,IMG_8314.MP4,angry,end,low_resolution,12.64,low_resolution/angry/angry_125_2.jpg
angry_126.mp4,IMG_8315.MP4,angry,start,low_resolution,1.0,low_resolution/angry/angry_126_1.jpg
angry_126.mp4,IMG_8315.MP4,angry,end,low_resolution,4.89,low_resolution/angry/angry_126_2.jpg
angry_127.mp4,IMG_8316.MP4,angry,start,low_resolution,12.31,low_resolution/angry/angry_127_1.jpg
angry_127.mp4,IMG_8316.MP4,angry,end,low_resolution,12.64,low_resolution/angry/angry_127_2.jpg
angry_128.mp4,IMG_8317.MP4,angry,start,low_resolution,0.83,low_resolution/angry/angry_128_1.jpg
angry_128.mp4,IMG_8317.MP4,angry,end,low_resolution,1.68,low_resolution/angry/angry_128_2.jpg
angry_129.mp4,IMG_8318.MP4,angry,start,low_resolution,0.3,low_resolution/angry/angry_129_1.jpg
angry_129.mp4,IMG_8318.MP4,angry,end,low_resolution,2.06,low_resolution/angry/angry_129_2.jpg
angry_130.mp4,IMG_8319.MP4,angry,start,low_resolution,3.73,low_resolution/angry/angry_130_1.jpg
angry_130.mp4,IMG_8319.MP4,angry,end,low_resolution,4.51,low_resolution/angry/angry_130_2.jpg
angry_131.mp4,IMG_8320.MP4,angry,start,low_resolution,3.24,low_resolution/angry/angry_131_1.jpg
angry_131.mp4,IMG_8320.MP4,angry,end,low_resolution,4.95,low_resolution/angry/angry_131_2.jpg
angry_132.mp4,IMG_8321.MP4,angry,start,low_resolution,5.5,low_resolution/angry/angry_132_1.jpg
angry_132.mp4,IMG_8321.MP4,angry,end,low_resolution,6.23,low_resolution/angry/angry_132_2.jpg
angry_133.mp4,IMG_8322.MP4,angry,start,low_resolution,3.39,low_resolution/angry/angry_133_1.jpg
angry_133.mp4,IMG_8322.MP4,angry,end,low_resolution,4.81,low_resolution/angry/angry_133_2.jpg
angry_134.mp4,IMG_8323.MP4,angry,start,low_resolution,0.22,low_resolution/angry/angry_134_1.jpg
angry_134.mp4,IMG_8323.MP4,angry,end,low_resolution,6.84,low_resolution/angry/angry_134_2.jpg
neutral_013.mp4,IMG_8324.MP4,neutral,start,low_resolution,2.01,low_resolution/neutral/neutral_013_1.jpg
neutral_013.mp4,IMG_8324.MP4,neutral,end,low_resolution,5.11,low_resolution/neutral/neutral_013_2.jpg
neutral_014.mp4,IMG_8325.MP4,neutral,start,low_resolution,0.72,low_resolution/neutral/neutral_014_1.jpg
neutral_014.mp4,IMG_8325.MP4,neutral,end,low_resolution,5.55,low_resolution/neutral/neutral_014_2.jpg
neutral_015.mp4,IMG_8326.MP4,neutral,start,low_resolution,5.75,low_resolution/neutral/neutral_015_1.jpg
neutral_015.mp4,IMG_8326.MP4,neutral,end,low_resolution,44.46,low_resolution/neutral/neutral_015_2.jpg
neutral_016.mp4,IMG_8327.MP4,neutral,start,low_resolution,9.52,low_resolution/neutral/neutral_016_1.jpg
neutral_016.mp4,IMG_8327.MP4,neutral,end,low_resolution,11.35,low_resolution/neutral/neutral_016_2.jpg
neutral_017.mp4,IMG_8328.MP4,neutral,start,low_resolution,0.78,low_resolution/neutral/neutral_017_1.jpg
neutral_017.mp4,IMG_8328.MP4,neutral,end,low_resolution,6.76,low_resolution/neutral/neutral_017_2.jpg
neutral_018.mp4,IMG_8329.MP4,neutral,start,low_resolution,0.79,low_resolution/neutral/neutral_018_1.jpg
neutral_018.mp4,IMG_8329.MP4,neutral,end,low_resolution,4.73,low_resolution/neutral/neutral_018_2.jpg
neutral_019.mp4,IMG_8330.MP4,neutral,start,low_resolution,4.66,low_resolution/neutral/neutral_019_1.jpg
neutral_019.mp4,IMG_8330.MP4,neutral,end,low_resolution,11.05,low_resolution/neutral/neutral_019_2.jpg
neutral_020.mp4,IMG_8331.MP4,neutral,start,low_resolution,7.97,low_resolution/neutral/neutral_020_1.jpg
neutral_020.mp4,IMG_8331.MP4,neutral,end,low_resolution,9.6,low_resolution/neutral/neutral_020_2.jpg
neutral_021.mp4,IMG_8332.MP4,neutral,start,low_resolution,5.55,low_resolution/neutral/neutral_021_1.jpg
neutral_021.mp4,IMG_8332.MP4,neutral,end,low_resolution,9.1,low_resolution/neutral/neutral_021_2.jpg
neutral_022.mp4,IMG_8333.MP4,neutral,start,low_resolution,5.27,low_resolution/neutral/neutral_022_1.jpg
neutral_022.mp4,IMG_8333.MP4,neutral,end,low_resolution,7.79,low_resolution/neutral/neutral_022_2.jpg
neutral_023.mp4,IMG_8334.MP4,neutral,start,low_resolution,3.54,low_resolution/neutral/neutral_023_1.jpg
neutral_023.mp4,IMG_8334.MP4,neutral,end,low_resolution,5.53,low_resolution/neutral/neutral_023_2.jpg
neutral_024.mp4,IMG_8335.MP4,neutral,start,low_resolution,4.32,low_resolution/neutral/neutral_024_1.jpg
neutral_024.mp4,IMG_8335.MP4,neutral,end,low_resolution,5.27,low_resolution/neutral/neutral_024_2.jpg
neutral_025.mp4,IMG_8336.MP4,neutral,start,low_resolution,5.18,low_resolution/neutral/neutral_025_1.jpg
neutral_025.mp4,IMG_8336.MP4,neutral,end,low_resolution,6.66,low_resolution/neutral/neutral_025_2.jpg
neutral_026.mp4,IMG_8337.MP4,neutral,end,low_resolution,7.27,low_resolution/neutral/neutral_026_2.jpg
neutral_027.mp4,IMG_8338.MP4,neutral,start,low_resolution,2.07,low_resolution/neutral/neutral_027_1.jpg
neutral_027.mp4,IMG_8338.MP4,neutral,end,low_resolution,4.29,low_resolution/neutral/neutral_027_2.jpg
neutral_028.mp4,IMG_8339.MP4,neutral,start,low_resolution,3.13,low_resolution/neutral/neutral_028_1.jpg
neutral_028.mp4,IMG_8339.MP4,neutral,end,low_resolution,4.88,low_resolution/neutral/neutral_028_2.jpg
neutral_029.mp4,IMG_8340.MP4,neutral,start,low_resolution,6.08,low_resolution/neutral/neutral_029_1.jpg
neutral_029.mp4,IMG_8340.MP4,neutral,end,low_resolution,7.51,low_resolution/neutral/neutral_029_2.jpg
neutral_030.mp4,IMG_8342.MP4,neutral,start,low_resolution,2.98,low_resolution/neutral/neutral_030_1.jpg
neutral_030.mp4,IMG_8342.MP4,neutral,end,low_resolution,5.15,low_resolution/neutral/neutral_030_2.jpg
neutral_031.mp4,IMG_8343.MP4,neutral,start,low_resolution,0.68,low_resolution/neutral/neutral_031_1.jpg
neutral_031.mp4,IMG_8343.MP4,neutral,end,low_resolution,2.44,low_resolution/neutral/neutral_031_2.jpg
neutral_032.mp4,IMG_8344.MP4,neutral,start,low_resolution,1.84,low_resolution/neutral/neutral_032_1.jpg
neutral_032.mp4,IMG_8344.MP4,neutral,end,low_resolution,3.45,low_resolution/neutral/neutral_032_2.jpg
neutral_033.mp4,IMG_8345.MP4,neutral,start,low_resolution,3.91,low_resolution/neutral/neutral_033_1.jpg
neutral_033.mp4,IMG_8345.MP4,neutral,end,low_resolution,6.03,low_resolution/neutral/neutral_033_2.jpg
neutral_034.mp4,IMG_8346.MP4,neutral,start,low_resolution,1.58,low_resolution/neutral/neutral_034_1.jpg
neutral_034.mp4,IMG_8346.MP4,neutral,end,low_resolution,8.99,low_resolution/neutral/neutral_034_2.jpg
neutral_035.mp4,IMG_8347.MP4,neutral,start,low_resolution,3.29,low_resolution/neutral/neutral_035_1.jpg
neutral_035.mp4,IMG_8347.MP4,neutral,end,low_resolution,4.51,low_resolution/neutral/neutral_035_2.jpg
neutral_036.mp4,IMG_8348.MP4,neutral,start,low_resolution,2.14,low_resolution/neutral/neutral_036_1.jpg
neutral_036.mp4,IMG_8348.MP4,neutral,end,low_resolution,5.22,low_resolution/neutral/neutral_036_2.jpg
neutral_037.mp4,IMG_8349.MP4,neutral,start,low_resolution,1.75,low_resolution/neutral/neutral_037_1.jpg
neutral_037.mp4,IMG_8349.MP4,neutral,end,low_resolution,6.34,low_resolution/neutral/neutral_037_2.jpg
neutral_038.mp4,IMG_8350.MP4,neutral,start,low_resolution,2.16,low_resolution/neutral/neutral_038_1.jpg
neutral_038.mp4,IMG_8350.MP4,neutral,end,low_resolution,4.9,low_resolution/neutral/neutral_038_2.jpg
neutral_039.mp4,IMG_8351.MP4,neutral,start,low_resolution,1.9,low_resolution/neutral/neutral_039_1.jpg
neutral_039.mp4,IMG_8351.MP4,neutral,end,low_resolution,5.81,low_resolution/neutral/neutral_039_2.jpg
neutral_040.mp4,IMG_8352.MP4,neutral,start,low_resolution,5.46,low_resolution/neutral/neutral_040_1.jpg
neutral_040.mp4,IMG_8352.MP4,neutral,end,low_resolution,8.99,low_resolution/neutral/neutral_040_2.jpg
neutral_041.mp4,IMG_8353.MP4,neutral,start,low_resolution,2.79,low_resolution/neutral/neutral_041_1.jpg
neutral_041.mp4,IMG_8353.MP4,neutral,end,low_resolution,3.91,low_resolution/neutral/neutral_041_2.jpg
neutral_042.mp4,IMG_8354.MP4,neutral,start,low_resolution,5.66,low_resolution/neutral/neutral_042_1.jpg
neutral_042.mp4,IMG_8354.MP4,neutral,end,low_resolution,7.46,low_resolution/neutral/neutral_042_2.jpg
neutral_043.mp4,IMG_8355.MP4,neutral,start,low_resolution,0.88,low_resolution/neutral/neutral_043_1.jpg
neutral_043.mp4,IMG_8355.MP4,neutral,end,low_resolution,5.12,low_resolution/neutral/neutral_043_2.jpg
neutral_044.mp4,IMG_8356.MP4,neutral,start,low_resolution,2.68,low_resolution/neutral/neutral_044_1.jpg
neutral_044.mp4,IMG_8356.MP4,neutral,end,low_resolution,4.19,low_resolution/neutral/neutral_044_2.jpg
neutral_045.mp4,IMG_8357.MP4,neutral,start,low_resolution,2.08,low_resolution/neutral/neutral_045_1.jpg
neutral_045.mp4,IMG_8357.MP4,neutral,end,low_resolution,4.81,low_resolution/neutral/neutral_045_2.jpg
neutral_046.mp4,IMG_8358.MP4,neutral,start,low_resolution,3.05,low_resolution/neutral/neutral_046_1.jpg
neutral_046.mp4,IMG_8358.MP4,neutral,end,low_resolution,6.73,low_resolution/neutral/neutral_046_2.jpg
neutral_047.mp4,IMG_8359.MP4,neutral,start,low_resolution,5.5,low_resolution/neutral/neutral_047_1.jpg
neutral_047.mp4,IMG_8359.MP4,neutral,end,low_resolution,8.11,low_resolution/neutral/neutral_047_2.jpg
neutral_048.mp4,IMG_8360.MP4,neutral,start,low_resolution,5.64,low_resolution/neutral/neutral_048_1.jpg
neutral_048.mp4,IMG_8360.MP4,neutral,end,low_resolution,8.3,low_resolution/neutral/neutral_048_2.jpg
neutral_049.mp4,IMG_8361.MP4,neutral,start,low_resolution,5.63,low_resolution/neutral/neutral_049_1.jpg
neutral_049.mp4,IMG_8361.MP4,neutral,end,low_resolution,7.86,low_resolution/neutral/neutral_049_2.jpg
neutral_050.mp4,IMG_8362.MP4,neutral,start,low_resolution,5.53,low_resolution/neutral/neutral_050_1.jpg
neutral_050.mp4,IMG_8362.MP4,neutral,end,low_resolution,7.54,low_resolution/neutral/neutral_050_2.jpg
neutral_051.mp4,IMG_8363.MP4,neutral,start,low_resolution,5.51,low_resolution/neutral/neutral_051_1.jpg
neutral_051.mp4,IMG_8363.MP4,neutral,end,low_resolution,7.3,low_resolution/neutral/neutral_051_2.jpg
neutral_052.mp4,IMG_8364.MP4,neutral,start,low_resolution,2.24,low_resolution/neutral/neutral_052_1.jpg
neutral_052.mp4,IMG_8364.MP4,neutral,end,low_resolution,3.55,low_resolution/neutral/neutral_052_2.jpg
neutral_053.mp4,IMG_8365.MP4,neutral,start,low_resolution,0.0,low_resolution/neutral/neutral_053_1.jpg
neutral_053.mp4,IMG_8365.MP4,neutral,end,low_resolution,1.67,low_resolution/neutral/neutral_053_2.jpg
neutral_054.mp4,IMG_8366.MP4,neutral,start,low_resolution,6.36,low_resolution/neutral/neutral_054_1.jpg
neutral_054.mp4,IMG_8366.MP4,neutral,end,low_resolution,7.36,low_resolution/neutral/neutral_054_2.jpg
neutral_055.mp4,IMG_8367.MP4,neutral,start,low_resolution,5.5,low_resolution/neutral/neutral_055_1.jpg
neutral_055.mp4,IMG_8367.MP4,neutral,end,low_resolution,8.57,low_resolution/neutral/neutral_055_2.jpg
neutral_056.mp4,IMG_8368.MP4,neutral,start,low_resolution,1.69,low_resolution/neutral/neutral_056_1.jpg
neutral_056.mp4,IMG_8368.MP4,neutral,end,low_resolution,4.9,low_resolution/neutral/neutral_056_2.jpg
neutral_057.mp4,IMG_8369.MP4,neutral,start,low_resolution,3.25,low_resolution/neutral/neutral_057_1.jpg
neutral_057.mp4,IMG_8369.MP4,neutral,end,low_resolution,6.93,low_resolution/neutral/neutral_057_2.jpg
neutral_058.mp4,IMG_8370.MP4,neutral,start,low_resolution,2.68,low_resolution/neutral/neutral_058_1.jpg
neutral_058.mp4,IMG_8370.MP4,neutral,end,low_resolution,3.67,low_resolution/neutral/neutral_058_2.jpg
neutral_059.mp4,IMG_8371.MP4,neutral,start,low_resolution,1.08,low_resolution/neutral/neutral_059_1.jpg
neutral_059.mp4,IMG_8371.MP4,neutral,end,low_resolution,1.63,low_resolution/neutral/neutral_059_2.jpg
neutral_060.mp4,IMG_8372.MP4,neutral,start,low_resolution,1.49,low_resolution/neutral/neutral_060_1.jpg
neutral_060.mp4,IMG_8372.MP4,neutral,end,low_resolution,4.71,low_resolution/neutral/neutral_060_2.jpg
neutral_061.mp4,IMG_8373.MP4,neutral,start,low_resolution,2.36,low_resolution/neutral/neutral_061_1.jpg
neutral_061.mp4,IMG_8373.MP4,neutral,end,low_resolution,5.97,low_resolution/neutral/neutral_061_2.jpg
neutral_062.mp4,IMG_8374.MP4,neutral,start,low_resolution,6.09,low_resolution/neutral/neutral_062_1.jpg
neutral_062.mp4,IMG_8374.MP4,neutral,end,low_resolution,7.0,low_resolution/neutral/neutral_062_2.jpg
neutral_063.mp4,IMG_8375.MP4,neutral,start,low_resolution,5.54,low_resolution/neutral/neutral_063_1.jpg
neutral_063.mp4,IMG_8375.MP4,neutral,end,low_resolution,14.13,low_resolution/neutral/neutral_063_2.jpg
neutral_064.mp4,IMG_8376.MP4,neutral,start,low_resolution,3.67,low_resolution/neutral/neutral_064_1.jpg
neutral_064.mp4,IMG_8376.MP4,neutral,end,low_resolution,5.64,low_resolution/neutral/neutral_064_2.jpg
neutral_065.mp4,IMG_8377.MP4,neutral,start,low_resolution,3.4,low_resolution/neutral/neutral_065_1.jpg
neutral_065.mp4,IMG_8377.MP4,neutral,end,low_resolution,3.94,low_resolution/neutral/neutral_065_2.jpg
neutral_066.mp4,IMG_8378.MP4,neutral,start,low_resolution,4.95,low_resolution/neutral/neutral_066_1.jpg
neutral_066.mp4,IMG_8378.MP4,neutral,end,low_resolution,5.83,low_resolution/neutral/neutral_066_2.jpg
neutral_067.mp4,IMG_8379.MP4,neutral,start,low_resolution,0.29,low_resolution/neutral/neutral_067_1.jpg
neutral_067.mp4,IMG_8379.MP4,neutral,end,low_resolution,9.28,low_resolution/neutral/neutral_067_2.jpg
neutral_068.mp4,IMG_8380.MP4,neutral,start,low_resolution,2.43,low_resolution/neutral/neutral_068_1.jpg
neutral_068.mp4,IMG_8380.MP4,neutral,end,low_resolution,5.85,low_resolution/neutral/neutral_068_2.jpg
neutral_069.mp4,IMG_8381.MP4,neutral,start,low_resolution,2.56,low_resolution/neutral/neutral_069_1.jpg
neutral_069.mp4,IMG_8381.MP4,neutral,end,low_resolution,11.51,low_resolution/neutral/neutral_069_2.jpg
fearful_039.mp4,K6w9kd1kPfU_000339,fearful,start,low_resolution,1.17,low_resolution/fearful/fearful_039_1.jpg
fearful_039.mp4,K6w9kd1kPfU_000339,fearful,end,low_resolution,16.01,low_resolution/fearful/fearful_039_2.jpg
surprise_039.mp4,LkK37dcb04o_000103,surprise,start,low_resolution,2.16,low_resolution/surprise/surprise_039_1.jpg
surprise_039.mp4,LkK37dcb04o_000103,surprise,end,low_resolution,2.49,low_resolution/surprise/surprise_039_2.jpg
fearful_040.mp4,Mste1BpEu2c_000405,fearful,start,low_resolution,1.5,low_resolution/fearful/fearful_040_1.jpg
fearful_040.mp4,Mste1BpEu2c_000405,fearful,end,low_resolution,3.35,low_resolution/fearful/fearful_040_2.jpg
angry_135.mov,Old dog bares his teeth.mov,angry,start,high_resolution,4.57,high_resolution/angry/angry_135_1.jpg
angry_135.mov,Old dog bares his teeth.mov,angry,end,high_resolution,8.28,high_resolution/angry/angry_135_2.jpg
surprise_040.mp4,Q70PLBcX74E_000346,surprise,start,low_resolution,6.38,low_resolution/surprise/surprise_040_1.jpg
surprise_040.mp4,Q70PLBcX74E_000346,surprise,end,low_resolution,6.93,low_resolution/surprise/surprise_040_2.jpg
happy_027.mp4,VID_20260914215210.mp4,happy,start,low_resolution,3.27,low_resolution/happy/happy_027_1.jpg
happy_027.mp4,VID_20260914215210.mp4,happy,end,low_resolution,3.74,low_resolution/happy/happy_027_2.jpg
happy_028.mp4,VID_20260914215325.mp4,happy,start,low_resolution,2.04,low_resolution/happy/happy_028_1.jpg
happy_028.mp4,VID_20260914215325.mp4,happy,end,low_resolution,2.62,low_resolution/happy/happy_028_2.jpg
happy_029.mp4,VID_20260914215407.mp4,happy,start,low_resolution,1.01,low_resolution/happy/happy_029_1.jpg
happy_029.mp4,VID_20260914215407.mp4,happy,end,low_resolution,3.39,low_resolution/happy/happy_029_2.jpg
happy_030.mp4,VID_20260914215507.mp4,happy,start,low_resolution,1.04,low_resolution/happy/happy_030_1.jpg
happy_030.mp4,VID_20260914215507.mp4,happy,end,low_resolution,2.87,low_resolution/happy/happy_030_2.jpg
happy_031.mp4,VID_20260914215607.mp4,happy,start,low_resolution,2.3,low_resolution/happy/happy_031_1.jpg
happy_031.mp4,VID_20260914215607.mp4,happy,end,low_resolution,2.53,low_resolution/happy/happy_031_2.jpg
happy_032.mp4,VID_20260914215653.mp4,happy,start,low_resolution,1.74,low_resolution/happy/happy_032_1.jpg
happy_032.mp4,VID_20260914215653.mp4,happy,end,low_resolution,3.19,low_resolution/happy/happy_032_2.jpg
fearful_041.mp4,VID_20260917220907.mp4,fearful,start,low_resolution,1.24,low_resolution/fearful/fearful_041_1.jpg
fearful_041.mp4,VID_20260917220907.mp4,fearful,end,low_resolution,1.89,low_resolution/fearful/fearful_041_2.jpg
fearful_042.mp4,VID_20260917221002.mp4,fearful,start,low_resolution,1.52,low_resolution/fearful/fearful_042_1.jpg
fearful_042.mp4,VID_20260917221002.mp4,fearful,end,low_resolution,3.77,low_resolution/fearful/fearful_042_2.jpg
fearful_043.mp4,VID_20260917221046.mp4,fearful,start,low_resolution,1.75,low_resolution/fearful/fearful_043_1.jpg
fearful_043.mp4,VID_20260917221046.mp4,fearful,end,low_resolution,2.53,low_resolution/fearful/fearful_043_2.jpg
fearful_044.mp4,VID_20260917221120.mp4,fearful,start,low_resolution,2.45,low_resolution/fearful/fearful_044_1.jpg
fearful_044.mp4,VID_20260917221120.mp4,fearful,end,low_resolution,2.98,low_resolution/fearful/fearful_044_2.jpg
fearful_045.mp4,VID_20260917221155.mp4,fearful,start,low_resolution,1.08,low_resolution/fearful/fearful_045_1.jpg
fearful_045.mp4,VID_20260917221155.mp4,fearful,end,low_resolution,1.86,low_resolution/fearful/fearful_045_2.jpg
fearful_046.mp4,VID_20260917221233.mp4,fearful,start,low_resolution,0.83,low_resolution/fearful/fearful_046_1.jpg
fearful_046.mp4,VID_20260917221233.mp4,fearful,end,low_resolution,2.76,low_resolution/fearful/fearful_046_2.jpg
fearful_047.mp4,VID_20260917221326.mp4,fearful,start,low_resolution,3.06,low_resolution/fearful/fearful_047_1.jpg
fearful_047.mp4,VID_20260917221326.mp4,fearful,end,low_resolution,3.81,low_resolution/fearful/fearful_047_2.jpg
fearful_048.mp4,VID_20260917221413.mp4,fearful,start,low_resolution,1.72,low_resolution/fearful/fearful_048_1.jpg
fearful_048.mp4,VID_20260917221413.mp4,fearful,end,low_resolution,3.59,low_resolution/fearful/fearful_048_2.jpg
fearful_049.mp4,VID_20260917221450.mp4,fearful,start,low_resolution,1.14,low_resolution/fearful/fearful_049_1.jpg
fearful_049.mp4,VID_20260917221450.mp4,fearful,end,low_resolution,2.23,low_resolution/fearful/fearful_049_2.jpg
fearful_050.mp4,VID_20260917221527.mp4,fearful,start,low_resolution,2.34,low_resolution/fearful/fearful_050_1.jpg
fearful_050.mp4,VID_20260917221527.mp4,fearful,end,low_resolution,3.47,low_resolution/fearful/fearful_050_2.jpg
fearful_051.mp4,VID_20260917221628.mp4,fearful,start,low_resolution,3.24,low_resolution/fearful/fearful_051_1.jpg
fearful_051.mp4,VID_20260917221628.mp4,fearful,end,low_resolution,4.47,low_resolution/fearful/fearful_051_2.jpg
fearful_052.mp4,VID_20260917221703.mp4,fearful,start,low_resolution,1.37,low_resolution/fearful/fearful_052_1.jpg
fearful_052.mp4,VID_20260917221703.mp4,fearful,end,low_resolution,3.66,low_resolution/fearful/fearful_052_2.jpg
fearful_053.mp4,VID_20260917221734.mp4,fearful,start,low_resolution,1.77,low_resolution/fearful/fearful_053_1.jpg
fearful_053.mp4,VID_20260917221734.mp4,fearful,end,low_resolution,2.12,low_resolution/fearful/fearful_053_2.jpg
fearful_054.mp4,VID_20260917221824.mp4,fearful,start,low_resolution,1.2,low_resolution/fearful/fearful_054_1.jpg
fearful_054.mp4,VID_20260917221824.mp4,fearful,end,low_resolution,1.77,low_resolution/fearful/fearful_054_2.jpg
fearful_055.mp4,VID_20260917221908.mp4,fearful,start,low_resolution,1.17,low_resolution/fearful/fearful_055_1.jpg
fearful_055.mp4,VID_20260917221908.mp4,fearful,end,low_resolution,3.08,low_resolution/fearful/fearful_055_2.jpg
fearful_056.mp4,VID_20260917222002.mp4,fearful,start,low_resolution,2.85,low_resolution/fearful/fearful_056_1.jpg
fearful_056.mp4,VID_20260917222002.mp4,fearful,end,low_resolution,3.2,low_resolution/fearful/fearful_056_2.jpg
fearful_057.mp4,VID_20260917222031.mp4,fearful,start,low_resolution,0.89,low_resolution/fearful/fearful_057_1.jpg
fearful_057.mp4,VID_20260917222031.mp4,fearful,end,low_resolution,1.77,low_resolution/fearful/fearful_057_2.jpg
fearful_058.mp4,VID_20260917222059.mp4,fearful,start,low_resolution,0.63,low_resolution/fearful/fearful_058_1.jpg
fearful_058.mp4,VID_20260917222059.mp4,fearful,end,low_resolution,2.07,low_resolution/fearful/fearful_058_2.jpg
fearful_059.mp4,VID_20260917222151.mp4,fearful,start,low_resolution,2.14,low_resolution/fearful/fearful_059_1.jpg
fearful_059.mp4,VID_20260917222151.mp4,fearful,end,low_resolution,2.62,low_resolution/fearful/fearful_059_2.jpg
fearful_060.mp4,VID_20260917222506.mp4,fearful,end,low_resolution,2.25,low_resolution/fearful/fearful_060_2.jpg
fearful_061.mp4,VID_20260917222639.mp4,fearful,start,low_resolution,1.79,low_resolution/fearful/fearful_061_1.jpg
fearful_061.mp4,VID_20260917222639.mp4,fearful,end,low_resolution,2.09,low_resolution/fearful/fearful_061_2.jpg
fearful_062.mp4,VID_20260917222720.mp4,fearful,start,low_resolution,0.98,low_resolution/fearful/fearful_062_1.jpg
fearful_062.mp4,VID_20260917222720.mp4,fearful,end,low_resolution,4.14,low_resolution/fearful/fearful_062_2.jpg
fearful_063.mp4,VID_20260917222816.mp4,fearful,start,low_resolution,0.49,low_resolution/fearful/fearful_063_1.jpg
fearful_063.mp4,VID_20260917222816.mp4,fearful,end,low_resolution,2.1,low_resolution/fearful/fearful_063_2.jpg
fearful_064.mp4,VID_20260917222905.mp4,fearful,start,low_resolution,1.2,low_resolution/fearful/fearful_064_1.jpg
fearful_064.mp4,VID_20260917222905.mp4,fearful,end,low_resolution,6.28,low_resolution/fearful/fearful_064_2.jpg
fearful_065.mp4,VID_20260917223026.mp4,fearful,start,low_resolution,0.82,low_resolution/fearful/fearful_065_1.jpg
fearful_065.mp4,VID_20260917223026.mp4,fearful,end,low_resolution,1.38,low_resolution/fearful/fearful_065_2.jpg
fearful_066.mp4,VID_20260917223116.mp4,fearful,start,low_resolution,0.67,low_resolution/fearful/fearful_066_1.jpg
fearful_066.mp4,VID_20260917223116.mp4,fearful,end,low_resolution,1.35,low_resolution/fearful/fearful_066_2.jpg
fearful_067.mp4,VID_20260917223235.mp4,fearful,start,low_resolution,1.4,low_resolution/fearful/fearful_067_1.jpg
fearful_067.mp4,VID_20260917223235.mp4,fearful,end,low_resolution,1.9,low_resolution/fearful/fearful_067_2.jpg
fearful_068.mp4,VID_20260917_220429_116.mp4,fearful,start,low_resolution,1.24,low_resolution/fearful/fearful_068_1.jpg
fearful_068.mp4,VID_20260917_220429_116.mp4,fearful,end,low_resolution,12.25,low_resolution/fearful/fearful_068_2.jpg
fearful_069.mp4,VID_20260917_220445_368.mp4,fearful,start,low_resolution,0.85,low_resolution/fearful/fearful_069_1.jpg
fearful_069.mp4,VID_20260917_220445_368.mp4,fearful,end,low_resolution,2.43,low_resolution/fearful/fearful_069_2.jpg
fearful_070.mp4,VID_20260917_220446_789.mp4,fearful,start,low_resolution,1.72,low_resolution/fearful/fearful_070_1.jpg
fearful_070.mp4,VID_20260917_220446_789.mp4,fearful,end,low_resolution,4.97,low_resolution/fearful/fearful_070_2.jpg
fearful_071.mp4,VID_20260917_220449_076.mp4,fearful,start,low_resolution,1.46,low_resolution/fearful/fearful_071_1.jpg
fearful_071.mp4,VID_20260917_220449_076.mp4,fearful,end,low_resolution,5.14,low_resolution/fearful/fearful_071_2.jpg
fearful_072.mp4,VID_20260917_220502_373.mp4,fearful,start,low_resolution,1.11,low_resolution/fearful/fearful_072_1.jpg
fearful_072.mp4,VID_20260917_220502_373.mp4,fearful,end,low_resolution,2.76,low_resolution/fearful/fearful_072_2.jpg
fearful_073.mp4,VID_20260917_220505_968.mp4,fearful,start,low_resolution,2.0,low_resolution/fearful/fearful_073_1.jpg
fearful_073.mp4,VID_20260917_220505_968.mp4,fearful,end,low_resolution,4.2,low_resolution/fearful/fearful_073_2.jpg
fearful_074.mp4,VID_20260917_220506_643.mp4,fearful,start,low_resolution,1.3,low_resolution/fearful/fearful_074_1.jpg
fearful_074.mp4,VID_20260917_220506_643.mp4,fearful,end,low_resolution,8.05,low_resolution/fearful/fearful_074_2.jpg
fearful_075.mp4,VID_20260917_220511_601.mp4,fearful,start,low_resolution,6.04,low_resolution/fearful/fearful_075_1.jpg
fearful_075.mp4,VID_20260917_220511_601.mp4,fearful,end,low_resolution,12.34,low_resolution/fearful/fearful_075_2.jpg
fearful_076.mp4,VID_20260917_220513_431.mp4,fearful,start,low_resolution,2.3,low_resolution/fearful/fearful_076_1.jpg
fearful_076.mp4,VID_20260917_220513_431.mp4,fearful,end,low_resolution,12.51,low_resolution/fearful/fearful_076_2.jpg
fearful_077.mp4,VID_20260917_220518_009.mp4,fearful,start,low_resolution,2.54,low_resolution/fearful/fearful_077_1.jpg
fearful_077.mp4,VID_20260917_220518_009.mp4,fearful,end,low_resolution,5.11,low_resolution/fearful/fearful_077_2.jpg
fearful_078.mp4,VID_20260917_220519_933.mp4,fearful,start,low_resolution,3.54,low_resolution/fearful/fearful_078_1.jpg
fearful_078.mp4,VID_20260917_220519_933.mp4,fearful,end,low_resolution,6.54,low_resolution/fearful/fearful_078_2.jpg
fearful_079.mp4,VID_20260917_220523_914.mp4,fearful,start,low_resolution,1.91,low_resolution/fearful/fearful_079_1.jpg
fearful_079.mp4,VID_20260917_220523_914.mp4,fearful,end,low_resolution,3.21,low_resolution/fearful/fearful_079_2.jpg
fearful_080.mp4,VID_20260917_220527_969.mp4,fearful,start,low_resolution,2.77,low_resolution/fearful/fearful_080_1.jpg
fearful_080.mp4,VID_20260917_220527_969.mp4,fearful,end,low_resolution,6.4,low_resolution/fearful/fearful_080_2.jpg
fearful_081.mp4,VID_20260917_220530_876.mp4,fearful,start,low_resolution,2.6,low_resolution/fearful/fearful_081_1.jpg
fearful_081.mp4,VID_20260917_220530_876.mp4,fearful,end,low_resolution,5.73,low_resolution/fearful/fearful_081_2.jpg
fearful_082.mp4,VID_20260917_220536_595.mp4,fearful,start,low_resolution,4.28,low_resolution/fearful/fearful_082_1.jpg
fearful_082.mp4,VID_20260917_220536_595.mp4,fearful,end,low_resolution,6.84,low_resolution/fearful/fearful_082_2.jpg
fearful_083.mp4,VID_20260917_220545_344.mp4,fearful,start,low_resolution,8.79,low_resolution/fearful/fearful_083_1.jpg
fearful_083.mp4,VID_20260917_220545_344.mp4,fearful,end,low_resolution,10.13,low_resolution/fearful/fearful_083_2.jpg
fearful_084.mp4,VID_20260917_220547_091.mp4,fearful,start,low_resolution,2.71,low_resolution/fearful/fearful_084_1.jpg
fearful_084.mp4,VID_20260917_220547_091.mp4,fearful,end,low_resolution,5.9,low_resolution/fearful/fearful_084_2.jpg
fearful_085.mp4,VID_20260919_222839_361.mp4,fearful,start,high_resolution,1.46,high_resolution/fearful/fearful_085_1.jpg
fearful_085.mp4,VID_20260919_222839_361.mp4,fearful,end,high_resolution,1.94,high_resolution/fearful/fearful_085_2.jpg
fearful_086.mp4,VID_20260919_222841_941.mp4,fearful,start,high_resolution,0.74,high_resolution/fearful/fearful_086_1.jpg
fearful_086.mp4,VID_20260919_222841_941.mp4,fearful,end,high_resolution,1.14,high_resolution/fearful/fearful_086_2.jpg
fearful_087.mp4,VID_20260919_222842_896.mp4,fearful,start,high_resolution,0.82,high_resolution/fearful/fearful_087_1.jpg
fearful_087.mp4,VID_20260919_222842_896.mp4,fearful,end,high_resolution,1.16,high_resolution/fearful/fearful_087_2.jpg
fearful_088.mp4,VID_20260919_222845_055.mp4,fearful,start,high_resolution,0.98,high_resolution/fearful/fearful_088_1.jpg
fearful_088.mp4,VID_20260919_222845_055.mp4,fearful,end,high_resolution,1.5,high_resolution/fearful/fearful_088_2.jpg
fearful_089.mp4,VID_20260919_222851_439.mp4,fearful,start,high_resolution,0.65,high_resolution/fearful/fearful_089_1.jpg
fearful_089.mp4,VID_20260919_222851_439.mp4,fearful,end,high_resolution,1.1,high_resolution/fearful/fearful_089_2.jpg
fearful_090.mp4,VID_20260919_222853_626.mp4,fearful,start,high_resolution,1.33,high_resolution/fearful/fearful_090_1.jpg
fearful_090.mp4,VID_20260919_222853_626.mp4,fearful,end,high_resolution,1.82,high_resolution/fearful/fearful_090_2.jpg
fearful_091.mp4,VID_20260919_222856_581.mp4,fearful,start,high_resolution,2.57,high_resolution/fearful/fearful_091_1.jpg
fearful_091.mp4,VID_20260919_222856_581.mp4,fearful,end,high_resolution,3.2,high_resolution/fearful/fearful_091_2.jpg
fearful_092.mp4,VID_20260919_222936_268.mp4,fearful,start,low_resolution,1.0,low_resolution/fearful/fearful_092_1.jpg
fearful_092.mp4,VID_20260919_222936_268.mp4,fearful,end,low_resolution,1.36,low_resolution/fearful/fearful_092_2.jpg
fearful_093.mp4,VID_20260919_222936_324.mp4,fearful,start,low_resolution,1.49,low_resolution/fearful/fearful_093_1.jpg
fearful_093.mp4,VID_20260919_222936_324.mp4,fearful,end,low_resolution,5.05,low_resolution/fearful/fearful_093_2.jpg
fearful_094.mp4,VID_20260919_223147_249.mp4,fearful,start,high_resolution,0.79,high_resolution/fearful/fearful_094_1.jpg
fearful_094.mp4,VID_20260919_223147_249.mp4,fearful,end,high_resolution,1.11,high_resolution/fearful/fearful_094_2.jpg
fearful_095.mp4,VID_20260919_223147_387.mp4,fearful,start,high_resolution,0.87,high_resolution/fearful/fearful_095_1.jpg
fearful_095.mp4,VID_20260919_223147_387.mp4,fearful,end,high_resolution,1.21,high_resolution/fearful/fearful_095_2.jpg
fearful_096.mp4,VID_20260919_223147_425.mp4,fearful,start,high_resolution,1.29,high_resolution/fearful/fearful_096_1.jpg
fearful_096.mp4,VID_20260919_223147_425.mp4,fearful,end,high_resolution,1.69,high_resolution/fearful/fearful_096_2.jpg
fearful_097.mp4,VID_20260919_223147_482.mp4,fearful,start,high_resolution,2.42,high_resolution/fearful/fearful_097_1.jpg
fearful_097.mp4,VID_20260919_223147_482.mp4,fearful,end,high_resolution,2.59,high_resolution/fearful/fearful_097_2.jpg
fearful_098.mp4,VID_20260919_223147_870.mp4,fearful,start,high_resolution,7.32,high_resolution/fearful/fearful_098_1.jpg
fearful_098.mp4,VID_20260919_223147_870.mp4,fearful,end,high_resolution,7.61,high_resolution/fearful/fearful_098_2.jpg
fearful_099.mp4,VID_20260919_223147_949.mp4,fearful,start,high_resolution,0.64,high_resolution/fearful/fearful_099_1.jpg
fearful_099.mp4,VID_20260919_223147_949.mp4,fearful,end,high_resolution,0.89,high_resolution/fearful/fearful_099_2.jpg
fearful_100.mp4,VID_20260919_223213_135.mp4,fearful,start,high_resolution,3.36,high_resolution/fearful/fearful_100_1.jpg
fearful_100.mp4,VID_20260919_223213_135.mp4,fearful,end,high_resolution,3.74,high_resolution/fearful/fearful_100_2.jpg
neutral_070.mp4,YiLxeDx1ZjU_003444.mp4,neutral,start,low_resolution,1.24,low_resolution/neutral/neutral_070_1.jpg
neutral_070.mp4,YiLxeDx1ZjU_003444.mp4,neutral,end,low_resolution,13.08,low_resolution/neutral/neutral_070_2.jpg
neutral_071.mp4,YiLxeDx1ZjU_003509.mp4,neutral,start,low_resolution,9.21,low_resolution/neutral/neutral_071_1.jpg
neutral_071.mp4,YiLxeDx1ZjU_003509.mp4,neutral,end,low_resolution,21.38,low_resolution/neutral/neutral_071_2.jpg
sad_005.mp4,a145a19233d4f70d0953b09ca6bdca9b,sad,start,low_resolution,14.25,low_resolution/sad/sad_005_1.jpg
sad_005.mp4,a145a19233d4f70d0953b09ca6bdca9b,sad,end,low_resolution,14.55,low_resolution/sad/sad_005_2.jpg
happy_033.mp4,a4f7473a241bce129212b82980c56703.mp4,happy,start,low_resolution,0.54,low_resolution/happy/happy_033_1.jpg
happy_033.mp4,a4f7473a241bce129212b82980c56703.mp4,happy,end,low_resolution,2.79,low_resolution/happy/happy_033_2.jpg
happy_034.mp4,ab74d118b8bcd0e6b944685e2d9865f4,happy,start,low_resolution,1.08,low_resolution/happy/happy_034_1.jpg
happy_034.mp4,ab74d118b8bcd0e6b944685e2d9865f4,happy,end,low_resolution,1.94,low_resolution/happy/happy_034_2.jpg
surprise_041.mp4,abbf4cc21e69071715d63eeecf986fe4,surprise,start,low_resolution,9.88,low_resolution/surprise/surprise_041_1.jpg
surprise_041.mp4,abbf4cc21e69071715d63eeecf986fe4,surprise,end,low_resolution,10.37,low_resolution/surprise/surprise_041_2.jpg
fearful_101.mp4,adorable-black-and-tan-dachshund-hiding-under-blue-2026-08-07-20-55-49-utc.mp4,fearful,start,high_resolution,2.47,high_resolution/fearful/fearful_101_1.jpg
fearful_101.mp4,adorable-black-and-tan-dachshund-hiding-under-blue-2026-08-07-20-55-49-utc.mp4,fearful,end,high_resolution,7.21,high_resolution/fearful/fearful_101_2.jpg
fearful_102.mov,adorable-dog-close-up-in-green-outdoor-setting-2026-09-17-09-33-41-utc.mov,fearful,start,high_resolution,0.97,high_resolution/fearful/fearful_102_1.jpg
fearful_102.mov,adorable-dog-close-up-in-green-outdoor-setting-2026-09-17-09-33-41-utc.mov,fearful,end,high_resolution,1.32,high_resolution/fearful/fearful_102_2.jpg
fearful_103.mp4,adorable-golden-labrador-dog-close-up-portrait-2026-09-17-17-48-14-utc.mp4,fearful,start,high_resolution,1.02,high_resolution/fearful/fearful_103_1.jpg
fearful_103.mp4,adorable-golden-labrador-dog-close-up-portrait-2026-09-17-17-48-14-utc.mp4,fearful,end,high_resolution,1.41,high_resolution/fearful/fearful_103_2.jpg
fearful_104.mov,adorable-puppy-surrounded-by-stuffed-animals-2026-09-17-04-23-00-utc.mov,fearful,start,high_resolution,5.27,high_resolution/fearful/fearful_104_1.jpg
fearful_104.mov,adorable-puppy-surrounded-by-stuffed-animals-2026-09-17-04-23-00-utc.mov,fearful,end,high_resolution,5.78,high_resolution/fearful/fearful_104_2.jpg
fearful_105.mov,adorable-puppy-with-blue-eyes-looking-upward-2026-09-17-11-51-45-utc.mov,fearful,start,high_resolution,0.84,high_resolution/fearful/fearful_105_1.jpg
fearful_105.mov,adorable-puppy-with-blue-eyes-looking-upward-2026-09-17-11-51-45-utc.mov,fearful,end,high_resolution,1.28,high_resolution/fearful/fearful_105_2.jpg
happy_035.mp4,afe754ca7aa6bbd90ec441d6190f4d12.mp4,happy,start,low_resolution,1.63,low_resolution/happy/happy_035_1.jpg
happy_035.mp4,afe754ca7aa6bbd90ec441d6190f4d12.mp4,happy,end,low_resolution,3.28,low_resolution/happy/happy_035_2.jpg
angry_136.mov,aggressive-dog-growling-and-baring-teeth-in-snow-2026-04-15-20-09-53-utc.mov,angry,start,high_resolution,0.28,high_resolution/angry/angry_136_1.jpg
angry_136.mov,aggressive-dog-growling-and-baring-teeth-in-snow-2026-04-15-20-09-53-utc.mov,angry,end,high_resolution,1.49,high_resolution/angry/angry_136_2.jpg
angry_137.mov,aggressive-dog-growling-and-barking-in-snow-2026-01-08-15-37-16-utc.mov,angry,start,high_resolution,3.47,high_resolution/angry/angry_137_1.jpg
angry_137.mov,aggressive-dog-growling-and-barking-in-snow-2026-01-08-15-37-16-utc.mov,angry,end,high_resolution,5.43,high_resolution/angry/angry_137_2.jpg
angry_138.mov,aggressive-dog-growls-outdoors-in-winter-snow-2026-09-16-16-40-34-utc.mov,angry,start,high_resolution,2.28,high_resolution/angry/angry_138_1.jpg
angry_138.mov,aggressive-dog-growls-outdoors-in-winter-snow-2026-09-16-16-40-34-utc.mov,angry,end,high_resolution,4.99,high_resolution/angry/angry_138_2.jpg
angry_139.mov,aggressive-dog-snarling-and-baring-teeth-in-winter-2026-09-16-17-37-44-utc.mov,angry,start,high_resolution,4.12,high_resolution/angry/angry_139_1.jpg
angry_139.mov,aggressive-dog-snarling-and-baring-teeth-in-winter-2026-09-16-17-37-44-utc.mov,angry,end,high_resolution,5.18,high_resolution/angry/angry_139_2.jpg
angry_140.mov,aggressive-small-dog-snarling-showing-teeth-2026-09-15-01-04-22-utc.mov,angry,start,high_resolution,0.33,high_resolution/angry/angry_140_1.jpg
angry_140.mov,aggressive-small-dog-snarling-showing-teeth-2026-09-15-01-04-22-utc.mov,angry,end,high_resolution,3.52,high_resolution/angry/angry_140_2.jpg
fearful_106.mov,alert-beagle-standing-on-green-grass-lawn-2026-09-16-10-51-53-utc.mov,fearful,start,high_resolution,1.25,high_resolution/fearful/fearful_106_1.jpg
fearful_106.mov,alert-beagle-standing-on-green-grass-lawn-2026-09-16-10-51-53-utc.mov,fearful,end,high_resolution,2.67,high_resolution/fearful/fearful_106_2.jpg
angry_141.mp4,alert-boxer-dog-standing-in-grassy-yard-2025-12-17-12-20-44-utc.mp4,angry,start,high_resolution,1.04,high_resolution/angry/angry_141_1.jpg
angry_141.mp4,alert-boxer-dog-standing-in-grassy-yard-2025-12-17-12-20-44-utc.mp4,angry,end,high_resolution,5.62,high_resolution/angry/angry_141_2.jpg
fearful_107.mov,alert-dog-stands-indoors-in-open-doorway-2026-09-16-10-22-40-utc.mov,fearful,start,high_resolution,0.84,high_resolution/fearful/fearful_107_1.jpg
fearful_107.mov,alert-dog-stands-indoors-in-open-doorway-2026-09-16-10-22-40-utc.mov,fearful,end,high_resolution,1.21,high_resolution/fearful/fearful_107_2.jpg
fearful_108.mp4,alert-dog-stares-intently-in-a-nature-setting-2026-09-17-20-59-25-utc.mp4,fearful,start,high_resolution,2.42,high_resolution/fearful/fearful_108_1.jpg
fearful_108.mp4,alert-dog-stares-intently-in-a-nature-setting-2026-09-17-20-59-25-utc.mp4,fearful,end,high_resolution,2.79,high_resolution/fearful/fearful_108_2.jpg
fearful_109.mp4,alert-white-and-brown-dog-standing-on-a-porch-ledg-2026-09-18-07-49-52-utc.mp4,fearful,start,high_resolution,1.67,high_resolution/fearful/fearful_109_1.jpg
fearful_109.mp4,alert-white-and-brown-dog-standing-on-a-porch-ledg-2026-09-18-07-49-52-utc.mp4,fearful,end,high_resolution,1.9,high_resolution/fearful/fearful_109_2.jpg
angry_142.mov,angry-dog-growling-and-baring-its-teeth-2026-09-16-17-33-44-utc.mov,angry,start,high_resolution,1.23,high_resolution/angry/angry_142_1.jpg
angry_142.mov,angry-dog-growling-and-baring-its-teeth-2026-09-16-17-33-44-utc.mov,angry,end,high_resolution,2.69,high_resolution/angry/angry_142_2.jpg
angry_143.mov,angry-fluffy-dog-lying-on-couch-2025-12-17-11-02-46-utc.mov,angry,start,high_resolution,2.89,high_resolution/angry/angry_143_1.jpg
angry_143.mov,angry-fluffy-dog-lying-on-couch-2025-12-17-11-02-46-utc.mov,angry,end,high_resolution,9.67,high_resolution/angry/angry_143_2.jpg
fearful_110.mp4,anxiousdog_7649975667571936542,fearful,start,high_resolution,2.65,high_resolution/fearful/fearful_110_1.jpg
fearful_110.mp4,anxiousdog_7649975667571936542,fearful,end,high_resolution,3.6,high_resolution/fearful/fearful_110_2.jpg
fearful_111.mp4,anxiousdog_7654249005198609695,fearful,start,high_resolution,6.41,high_resolution/fearful/fearful_111_1.jpg
fearful_111.mp4,anxiousdog_7654249005198609695,fearful,end,high_resolution,10.35,high_resolution/fearful/fearful_111_2.jpg
fearful_112.mov,attentive-dog-standing-alert-on-a-green-lawn-2026-09-15-00-43-36-utc.mov,fearful,start,high_resolution,1.15,high_resolution/fearful/fearful_112_1.jpg
fearful_112.mov,attentive-dog-standing-alert-on-a-green-lawn-2026-09-15-00-43-36-utc.mov,fearful,end,high_resolution,1.58,high_resolution/fearful/fearful_112_2.jpg
fearful_113.mp4,attentive-dog-standing-in-a-green-yard-2026-09-15-10-32-32-utc.mp4,fearful,start,high_resolution,0.91,high_resolution/fearful/fearful_113_1.jpg
fearful_113.mp4,attentive-dog-standing-in-a-green-yard-2026-09-15-10-32-32-utc.mp4,fearful,end,high_resolution,1.27,high_resolution/fearful/fearful_113_2.jpg
surprise_042.mp4,b18aca6059731f7f7858d021f3103290,surprise,start,high_resolution,0.46,high_resolution/surprise/surprise_042_1.jpg
surprise_042.mp4,b18aca6059731f7f7858d021f3103290,surprise,end,high_resolution,2.32,high_resolution/surprise/surprise_042_2.jpg
fearful_114.mp4,b38f1892656d26601e6220874f3c8bfd.mp4,fearful,start,low_resolution,1.08,low_resolution/fearful/fearful_114_1.jpg
fearful_114.mp4,b38f1892656d26601e6220874f3c8bfd.mp4,fearful,end,low_resolution,9.5,low_resolution/fearful/fearful_114_2.jpg
angry_144.mp4,barking-doberman-pinscher-with-leash-aggressively-2025-12-18-01-48-13-utc.mp4,angry,start,high_resolution,1.06,high_resolution/angry/angry_144_1.jpg
angry_144.mp4,barking-doberman-pinscher-with-leash-aggressively-2025-12-18-01-48-13-utc.mp4,angry,end,high_resolution,25.73,high_resolution/angry/angry_144_2.jpg
angry_145.mov,barking-dog-in-rural-setting-2026-09-16-05-56-53-utc.mov,angry,start,high_resolution,2.28,high_resolution/angry/angry_145_1.jpg
angry_145.mov,barking-dog-in-rural-setting-2026-09-16-05-56-53-utc.mov,angry,end,high_resolution,5.01,high_resolution/angry/angry_145_2.jpg
angry_146.mov,black-and-tan-dog-barks-in-close-up-2025-12-17-12-55-11-utc.mov,angry,start,high_resolution,5.68,high_resolution/angry/angry_146_1.jpg
angry_146.mov,black-and-tan-dog-barks-in-close-up-2025-12-17-12-55-11-utc.mov,angry,end,high_resolution,11.02,high_resolution/angry/angry_146_2.jpg
angry_147.mp4,black-and-white-dog-lying-on-a-couch-2026-01-22-13-05-19-utc.mp4,angry,start,high_resolution,1.97,high_resolution/angry/angry_147_1.jpg
angry_147.mp4,black-and-white-dog-lying-on-a-couch-2026-01-22-13-05-19-utc.mp4,angry,end,high_resolution,4.1,high_resolution/angry/angry_147_2.jpg
fearful_115.mov,brindle-dog-relaxing-on-a-sofa-indoors-2026-09-17-11-28-25-utc.mov,fearful,start,high_resolution,0.91,high_resolution/fearful/fearful_115_1.jpg
fearful_115.mov,brindle-dog-relaxing-on-a-sofa-indoors-2026-09-17-11-28-25-utc.mov,fearful,end,high_resolution,1.29,high_resolution/fearful/fearful_115_2.jpg
fearful_116.mp4,brown-dog-looking-around-in-close-up-footage-2026-09-17-04-14-01-utc.mp4,fearful,start,high_resolution,0.84,high_resolution/fearful/fearful_116_1.jpg
fearful_116.mp4,brown-dog-looking-around-in-close-up-footage-2026-09-17-04-14-01-utc.mp4,fearful,end,high_resolution,1.16,high_resolution/fearful/fearful_116_2.jpg
fearful_117.mp4,brown-dog-looks-up-with-curious-expression-2026-09-17-13-34-03-utc.mp4,fearful,start,high_resolution,0.8,high_resolution/fearful/fearful_117_1.jpg
fearful_117.mp4,brown-dog-looks-up-with-curious-expression-2026-09-17-13-34-03-utc.mp4,fearful,end,high_resolution,1.3,high_resolution/fearful/fearful_117_2.jpg
fearful_118.mp4,bx2zEe3YAWg.mp4,fearful,start,low_resolution,2.53,low_resolution/fearful/fearful_118_1.jpg
fearful_118.mp4,bx2zEe3YAWg.mp4,fearful,end,low_resolution,7.94,low_resolution/fearful/fearful_118_2.jpg
happy_036.mp4,c10f2881fd429c15977396778391f9d0.mp4,happy,start,low_resolution,1.14,low_resolution/happy/happy_036_1.jpg
happy_036.mp4,c10f2881fd429c15977396778391f9d0.mp4,happy,end,low_resolution,4.71,low_resolution/happy/happy_036_2.jpg
angry_148.mp4,c6a08ace098eb25af45cec6e2bb4e632,angry,start,low_resolution,5.61,low_resolution/angry/angry_148_1.jpg
angry_148.mp4,c6a08ace098eb25af45cec6e2bb4e632,angry,end,low_resolution,7.43,low_resolution/angry/angry_148_2.jpg
angry_149.mp4,cLDrSXhhPO8_000064.mp4,angry,start,low_resolution,3.68,low_resolution/angry/angry_149_1.jpg
angry_149.mp4,cLDrSXhhPO8_000064.mp4,angry,end,low_resolution,4.28,low_resolution/angry/angry_149_2.jpg
neutral_072.mp4,cLDrSXhhPO8_000075.mp4,neutral,start,low_resolution,2.97,low_resolution/neutral/neutral_072_1.jpg
neutral_072.mp4,cLDrSXhhPO8_000075.mp4,neutral,end,low_resolution,13.38,low_resolution/neutral/neutral_072_2.jpg
surprise_043.mp4,cLDrSXhhPO8_000169,surprise,start,low_resolution,1.95,low_resolution/surprise/surprise_043_1.jpg
surprise_043.mp4,cLDrSXhhPO8_000169,surprise,end,low_resolution,3.43,low_resolution/surprise/surprise_043_2.jpg
neutral_073.mp4,cLDrSXhhPO8_000169.mp4,neutral,start,low_resolution,3.0,low_resolution/neutral/neutral_073_1.jpg
neutral_073.mp4,cLDrSXhhPO8_000169.mp4,neutral,end,low_resolution,5.45,low_resolution/neutral/neutral_073_2.jpg
happy_037.mp4,cLDrSXhhPO8_000366.mp4,happy,start,low_resolution,1.3,low_resolution/happy/happy_037_1.jpg
happy_037.mp4,cLDrSXhhPO8_000366.mp4,happy,end,low_resolution,2.17,low_resolution/happy/happy_037_2.jpg
neutral_074.mp4,cLDrSXhhPO8_000399.mp4,neutral,start,low_resolution,5.28,low_resolution/neutral/neutral_074_1.jpg
neutral_074.mp4,cLDrSXhhPO8_000399.mp4,neutral,end,low_resolution,10.97,low_resolution/neutral/neutral_074_2.jpg
neutral_075.mp4,cLDrSXhhPO8_000438.mp4,neutral,start,low_resolution,2.97,low_resolution/neutral/neutral_075_1.jpg
neutral_075.mp4,cLDrSXhhPO8_000438.mp4,neutral,end,low_resolution,4.41,low_resolution/neutral/neutral_075_2.jpg
surprise_044.mp4,cLDrSXhhPO8_000450,surprise,start,low_resolution,10.52,low_resolution/surprise/surprise_044_1.jpg
surprise_044.mp4,cLDrSXhhPO8_000450,surprise,end,low_resolution,11.42,low_resolution/surprise/surprise_044_2.jpg
angry_150.mp4,cLDrSXhhPO8_000528.mp4,angry,start,low_resolution,1.88,low_resolution/angry/angry_150_1.jpg
angry_150.mp4,cLDrSXhhPO8_000528.mp4,angry,end,low_resolution,2.38,low_resolution/angry/angry_150_2.jpg
angry_151.mp4,cLDrSXhhPO8_000535,angry,start,low_resolution,2.4,low_resolution/angry/angry_151_1.jpg
angry_151.mp4,cLDrSXhhPO8_000535,angry,end,low_resolution,6.73,low_resolution/angry/angry_151_2.jpg
neutral_076.mp4,cLDrSXhhPO8_000587.mp4,neutral,start,low_resolution,8.67,low_resolution/neutral/neutral_076_1.jpg
neutral_076.mp4,cLDrSXhhPO8_000587.mp4,neutral,end,low_resolution,11.51,low_resolution/neutral/neutral_076_2.jpg
neutral_077.mp4,cLDrSXhhPO8_000607.mp4,neutral,start,low_resolution,4.65,low_resolution/neutral/neutral_077_1.jpg
neutral_077.mp4,cLDrSXhhPO8_000607.mp4,neutral,end,low_resolution,6.31,low_resolution/neutral/neutral_077_2.jpg
fearful_119.mp4,cLDrSXhhPO8_000691,fearful,start,low_resolution,1.0,low_resolution/fearful/fearful_119_1.jpg
fearful_119.mp4,cLDrSXhhPO8_000691,fearful,end,low_resolution,6.71,low_resolution/fearful/fearful_119_2.jpg
neutral_078.mp4,cLDrSXhhPO8_000705.mp4,neutral,start,low_resolution,10.4,low_resolution/neutral/neutral_078_1.jpg
neutral_078.mp4,cLDrSXhhPO8_000705.mp4,neutral,end,low_resolution,11.08,low_resolution/neutral/neutral_078_2.jpg
neutral_079.mp4,cLDrSXhhPO8_000914.mp4,neutral,start,low_resolution,8.91,low_resolution/neutral/neutral_079_1.jpg
neutral_079.mp4,cLDrSXhhPO8_000914.mp4,neutral,end,low_resolution,10.58,low_resolution/neutral/neutral_079_2.jpg
surprise_045.mp4,cLDrSXhhPO8_000975,surprise,start,low_resolution,0.0,low_resolution/surprise/surprise_045_1.jpg
surprise_045.mp4,cLDrSXhhPO8_000975,surprise,end,low_resolution,3.37,low_resolution/surprise/surprise_045_2.jpg
surprise_046.mp4,cLDrSXhhPO8_000975.mp4,surprise,start,low_resolution,2.14,low_resolution/surprise/surprise_046_1.jpg
surprise_046.mp4,cLDrSXhhPO8_000975.mp4,surprise,end,low_resolution,8.82,low_resolution/surprise/surprise_046_2.jpg
neutral_080.mp4,cLDrSXhhPO8_001027.mp4,neutral,start,low_resolution,0.63,low_resolution/neutral/neutral_080_1.jpg
neutral_080.mp4,cLDrSXhhPO8_001027.mp4,neutral,end,low_resolution,2.04,low_resolution/neutral/neutral_080_2.jpg
angry_152.mp4,cLDrSXhhPO8_001053,angry,start,low_resolution,2.43,low_resolution/angry/angry_152_1.jpg
angry_152.mp4,cLDrSXhhPO8_001053,angry,end,low_resolution,4.7,low_resolution/angry/angry_152_2.jpg
surprise_047.mp4,cLDrSXhhPO8_001265,surprise,start,low_resolution,7.55,low_resolution/surprise/surprise_047_1.jpg
surprise_047.mp4,cLDrSXhhPO8_001265,surprise,end,low_resolution,8.43,low_resolution/surprise/surprise_047_2.jpg
sad_006.mp4,cLDrSXhhPO8_001265.mp4,sad,start,low_resolution,1.28,low_resolution/sad/sad_006_1.jpg
sad_006.mp4,cLDrSXhhPO8_001265.mp4,sad,end,low_resolution,10.4,low_resolution/sad/sad_006_2.jpg
neutral_081.mp4,cLDrSXhhPO8_001331.mp4,neutral,start,low_resolution,1.36,low_resolution/neutral/neutral_081_1.jpg
neutral_081.mp4,cLDrSXhhPO8_001331.mp4,neutral,end,low_resolution,2.57,low_resolution/neutral/neutral_081_2.jpg
surprise_048.mp4,cLDrSXhhPO8_001431,surprise,start,low_resolution,7.66,low_resolution/surprise/surprise_048_1.jpg
surprise_048.mp4,cLDrSXhhPO8_001431,surprise,end,low_resolution,8.01,low_resolution/surprise/surprise_048_2.jpg
neutral_082.mp4,cLDrSXhhPO8_001824.mp4,neutral,start,high_resolution,0.75,high_resolution/neutral/neutral_082_1.jpg
neutral_082.mp4,cLDrSXhhPO8_001824.mp4,neutral,end,high_resolution,11.98,high_resolution/neutral/neutral_082_2.jpg
angry_153.mp4,cLDrSXhhPO8_002053.mp4,angry,start,low_resolution,4.1,low_resolution/angry/angry_153_1.jpg
angry_153.mp4,cLDrSXhhPO8_002053.mp4,angry,end,low_resolution,5.86,low_resolution/angry/angry_153_2.jpg
surprise_049.mp4,cLDrSXhhPO8_002068.mp4,surprise,start,low_resolution,0.39,low_resolution/surprise/surprise_049_1.jpg
surprise_049.mp4,cLDrSXhhPO8_002068.mp4,surprise,end,low_resolution,8.16,low_resolution/surprise/surprise_049_2.jpg
surprise_050.mp4,cLDrSXhhPO8_002537.mp4,surprise,start,low_resolution,1.65,low_resolution/surprise/surprise_050_1.jpg
surprise_050.mp4,cLDrSXhhPO8_002537.mp4,surprise,end,low_resolution,5.3,low_resolution/surprise/surprise_050_2.jpg
fearful_120.mp4,cLDrSXhhPO8_002544,fearful,start,low_resolution,1.17,low_resolution/fearful/fearful_120_1.jpg
fearful_120.mp4,cLDrSXhhPO8_002544,fearful,end,low_resolution,3.52,low_resolution/fearful/fearful_120_2.jpg
neutral_083.mp4,cLDrSXhhPO8_002544.mp4,neutral,start,low_resolution,0.99,low_resolution/neutral/neutral_083_1.jpg
neutral_083.mp4,cLDrSXhhPO8_002544.mp4,neutral,end,low_resolution,3.0,low_resolution/neutral/neutral_083_2.jpg
neutral_084.mp4,cLDrSXhhPO8_002580.mp4,neutral,start,low_resolution,0.49,low_resolution/neutral/neutral_084_1.jpg
neutral_084.mp4,cLDrSXhhPO8_002580.mp4,neutral,end,low_resolution,3.3,low_resolution/neutral/neutral_084_2.jpg
neutral_085.mp4,cLDrSXhhPO8_002586.mp4,neutral,start,low_resolution,1.67,low_resolution/neutral/neutral_085_1.jpg
neutral_085.mp4,cLDrSXhhPO8_002586.mp4,neutral,end,low_resolution,6.61,low_resolution/neutral/neutral_085_2.jpg
sad_007.mp4,cLDrSXhhPO8_002594.mp4,sad,start,low_resolution,0.92,low_resolution/sad/sad_007_1.jpg
sad_007.mp4,cLDrSXhhPO8_002594.mp4,sad,end,low_resolution,5.19,low_resolution/sad/sad_007_2.jpg
neutral_086.mp4,cLDrSXhhPO8_002619.mp4,neutral,start,low_resolution,1.17,low_resolution/neutral/neutral_086_1.jpg
neutral_086.mp4,cLDrSXhhPO8_002619.mp4,neutral,end,low_resolution,4.24,low_resolution/neutral/neutral_086_2.jpg
neutral_087.mp4,cLDrSXhhPO8_002635.mp4,neutral,start,low_resolution,0.45,low_resolution/neutral/neutral_087_1.jpg
neutral_087.mp4,cLDrSXhhPO8_002635.mp4,neutral,end,low_resolution,4.67,low_resolution/neutral/neutral_087_2.jpg
sad_008.mp4,cLDrSXhhPO8_002641.mp4,sad,start,low_resolution,1.24,low_resolution/sad/sad_008_1.jpg
sad_008.mp4,cLDrSXhhPO8_002641.mp4,sad,end,low_resolution,7.99,low_resolution/sad/sad_008_2.jpg
surprise_051.mp4,cLDrSXhhPO8_002783,surprise,start,low_resolution,0.01,low_resolution/surprise/surprise_051_1.jpg
surprise_051.mp4,cLDrSXhhPO8_002783,surprise,end,low_resolution,1.95,low_resolution/surprise/surprise_051_2.jpg
surprise_052.mp4,cLDrSXhhPO8_002783.mp4,surprise,start,low_resolution,0.91,low_resolution/surprise/surprise_052_1.jpg
surprise_052.mp4,cLDrSXhhPO8_002783.mp4,surprise,end,low_resolution,5.62,low_resolution/surprise/surprise_052_2.jpg
surprise_053.mp4,cLDrSXhhPO8_002789.mp4,surprise,start,low_resolution,0.0,low_resolution/surprise/surprise_053_1.jpg
surprise_053.mp4,cLDrSXhhPO8_002789.mp4,surprise,end,low_resolution,4.64,low_resolution/surprise/surprise_053_2.jpg
surprise_054.mp4,cLDrSXhhPO8_002997.mp4,surprise,start,low_resolution,6.27,low_resolution/surprise/surprise_054_1.jpg
surprise_054.mp4,cLDrSXhhPO8_002997.mp4,surprise,end,low_resolution,11.02,low_resolution/surprise/surprise_054_2.jpg
sad_009.mp4,cLDrSXhhPO8_003024.mp4,sad,start,low_resolution,1.06,low_resolution/sad/sad_009_1.jpg
sad_009.mp4,cLDrSXhhPO8_003024.mp4,sad,end,low_resolution,6.0,low_resolution/sad/sad_009_2.jpg
fearful_121.mp4,cLDrSXhhPO8_003214,fearful,start,high_resolution,22.11,high_resolution/fearful/fearful_121_1.jpg
fearful_121.mp4,cLDrSXhhPO8_003214,fearful,end,high_resolution,22.58,high_resolution/fearful/fearful_121_2.jpg
fearful_122.mp4,cba05af21f45a5f3e75a274def30066b.mp4,fearful,start,low_resolution,1.04,low_resolution/fearful/fearful_122_1.jpg
fearful_122.mp4,cba05af21f45a5f3e75a274def30066b.mp4,fearful,end,low_resolution,4.74,low_resolution/fearful/fearful_122_2.jpg
angry_154.mp4,cbdf1ca81d78018280d7d3f28b88ec84,angry,start,low_resolution,1.18,low_resolution/angry/angry_154_1.jpg
angry_154.mp4,cbdf1ca81d78018280d7d3f28b88ec84,angry,end,low_resolution,10.15,low_resolution/angry/angry_154_2.jpg
happy_038.mp4,ce94b07d8c84e34ea3b131ca3c5366c7.mp4,happy,start,low_resolution,1.54,low_resolution/happy/happy_038_1.jpg
happy_038.mp4,ce94b07d8c84e34ea3b131ca3c5366c7.mp4,happy,end,low_resolution,5.2,low_resolution/happy/happy_038_2.jpg
angry_155.mp4,cf87ba31035d72922f61da7b3a6208d0,angry,start,high_resolution,0.0,high_resolution/angry/angry_155_1.jpg
angry_155.mp4,cf87ba31035d72922f61da7b3a6208d0,angry,end,high_resolution,1.67,high_resolution/angry/angry_155_2.jpg
angry_156.mov,close-up-of-a-black-and-brown-dog-howling-2026-09-16-03-49-23-utc.mov,angry,start,high_resolution,1.17,high_resolution/angry/angry_156_1.jpg
angry_156.mov,close-up-of-a-black-and-brown-dog-howling-2026-09-16-03-49-23-utc.mov,angry,end,high_resolution,3.31,high_resolution/angry/angry_156_2.jpg
fearful_123.mov,close-up-of-a-curious-dachshund-dog-2026-09-16-07-42-22-utc.mov,fearful,start,high_resolution,0.75,high_resolution/fearful/fearful_123_1.jpg
fearful_123.mov,close-up-of-a-curious-dachshund-dog-2026-09-16-07-42-22-utc.mov,fearful,end,high_resolution,1.2,high_resolution/fearful/fearful_123_2.jpg
fearful_124.mov,close-up-of-adorable-small-dog-looking-upwards-2026-09-17-11-18-32-utc.mov,fearful,start,high_resolution,0.98,high_resolution/fearful/fearful_124_1.jpg
fearful_124.mov,close-up-of-adorable-small-dog-looking-upwards-2026-09-17-11-18-32-utc.mov,fearful,end,high_resolution,1.38,high_resolution/fearful/fearful_124_2.jpg
angry_157.mov,close-up-of-black-and-white-dog-s-face-2025-12-17-15-32-21-utc.mov,angry,start,high_resolution,1.39,high_resolution/angry/angry_157_1.jpg
fearful_125.mov,close-up-of-cream-colored-dog-outdoors-2026-09-16-23-55-01-utc.mov,fearful,start,high_resolution,0.96,high_resolution/fearful/fearful_125_1.jpg
fearful_125.mov,close-up-of-cream-colored-dog-outdoors-2026-09-16-23-55-01-utc.mov,fearful,end,high_resolution,1.27,high_resolution/fearful/fearful_125_2.jpg
angry_158.mov,close-up-of-dog-barking-aggressively-outdoors-2025-12-17-22-48-27-utc.mov,angry,start,high_resolution,1.28,high_resolution/angry/angry_158_1.jpg
angry_158.mov,close-up-of-dog-barking-aggressively-outdoors-2025-12-17-22-48-27-utc.mov,angry,end,high_resolution,7.1,high_resolution/angry/angry_158_2.jpg
fearful_126.mp4,close-up-of-dog-howling-against-black-background-2026-09-15-10-27-29-utc.mp4,fearful,start,high_resolution,0.75,high_resolution/fearful/fearful_126_1.jpg
fearful_126.mp4,close-up-of-dog-howling-against-black-background-2026-09-15-10-27-29-utc.mp4,fearful,end,high_resolution,1.14,high_resolution/fearful/fearful_126_2.jpg
angry_159.mp4,close-up-of-dog-howling-outside-brick-wall-2026-02-03-16-29-23-utc.mp4,angry,start,high_resolution,0.27,high_resolution/angry/angry_159_1.jpg
angry_159.mp4,close-up-of-dog-howling-outside-brick-wall-2026-02-03-16-29-23-utc.mp4,angry,end,high_resolution,1.25,high_resolution/angry/angry_159_2.jpg
angry_160.mov,close-up-of-golden-retriever-barking-2025-12-17-14-28-12-utc.mov,angry,start,high_resolution,3.95,high_resolution/angry/angry_160_1.jpg
angry_160.mov,close-up-of-golden-retriever-barking-2025-12-17-14-28-12-utc.mov,angry,end,high_resolution,5.47,high_resolution/angry/angry_160_2.jpg
angry_161.mov,close-up-of-white-dog-baring-teeth-2025-12-17-10-53-06-utc.mov,angry,start,high_resolution,2.78,high_resolution/angry/angry_161_1.jpg
angry_161.mov,close-up-of-white-dog-baring-teeth-2025-12-17-10-53-06-utc.mov,angry,end,high_resolution,8.64,high_resolution/angry/angry_161_2.jpg
happy_039.mp4,coverr-AUa1ztYMhd__girl-smiling-and-petting-dogs,happy,start,high_resolution,2.67,high_resolution/happy/happy_039_1.jpg
happy_039.mp4,coverr-AUa1ztYMhd__girl-smiling-and-petting-dogs,happy,end,high_resolution,5.81,high_resolution/happy/happy_039_2.jpg
neutral_088.mp4,coverr-DcRZ6rUr0I__black-dog-playing-in-a-garden,neutral,start,high_resolution,2.34,high_resolution/neutral/neutral_088_1.jpg
neutral_088.mp4,coverr-DcRZ6rUr0I__black-dog-playing-in-a-garden,neutral,end,high_resolution,4.88,high_resolution/neutral/neutral_088_2.jpg
surprise_055.mp4,coverr-PHHyGtc7L7__woman-with-her-dog,surprise,start,high_resolution,5.25,high_resolution/surprise/surprise_055_1.jpg
surprise_055.mp4,coverr-PHHyGtc7L7__woman-with-her-dog,surprise,end,high_resolution,7.76,high_resolution/surprise/surprise_055_2.jpg
neutral_089.mp4,coverr-PZFNP8rBgr__man-petting-his-dog,neutral,start,high_resolution,12.82,high_resolution/neutral/neutral_089_1.jpg
neutral_089.mp4,coverr-PZFNP8rBgr__man-petting-his-dog,neutral,end,high_resolution,21.73,high_resolution/neutral/neutral_089_2.jpg
happy_040.mp4,coverr-Yiq8ac7zdL__dog-being-stroked,happy,start,high_resolution,2.13,high_resolution/happy/happy_040_1.jpg
happy_040.mp4,coverr-Yiq8ac7zdL__dog-being-stroked,happy,end,high_resolution,9.02,high_resolution/happy/happy_040_2.jpg
sad_010.mp4,coverr-cymU5AKro0__girl-touches-a-dog-s-nose,sad,start,high_resolution,7.01,high_resolution/sad/sad_010_1.jpg
sad_010.mp4,coverr-cymU5AKro0__girl-touches-a-dog-s-nose,sad,end,high_resolution,7.62,high_resolution/sad/sad_010_2.jpg
happy_041.mp4,coverr-gnHRh4j0F7__golden-retriever-on-a-mountain-top,happy,start,high_resolution,18.54,high_resolution/happy/happy_041_1.jpg
happy_041.mp4,coverr-gnHRh4j0F7__golden-retriever-on-a-mountain-top,happy,end,high_resolution,20.11,high_resolution/happy/happy_041_2.jpg
neutral_090.mp4,coverr-i8bODoUJ03__dog-with-a-red-leash,neutral,start,high_resolution,0.0,high_resolution/neutral/neutral_090_1.jpg
neutral_090.mp4,coverr-i8bODoUJ03__dog-with-a-red-leash,neutral,end,high_resolution,0.88,high_resolution/neutral/neutral_090_2.jpg
neutral_091.mp4,coverr-lGcj9ahMDK__a-dog-snifiing-and-scratching-its-back-on-the-grass,neutral,start,high_resolution,1.82,high_resolution/neutral/neutral_091_1.jpg
neutral_091.mp4,coverr-lGcj9ahMDK__a-dog-snifiing-and-scratching-its-back-on-the-grass,neutral,end,high_resolution,4.94,high_resolution/neutral/neutral_091_2.jpg
fearful_127.mp4,coverr-lyxyyjHe7v__dog-in-a-shelter,fearful,start,high_resolution,3.6,high_resolution/fearful/fearful_127_1.jpg
fearful_127.mp4,coverr-lyxyyjHe7v__dog-in-a-shelter,fearful,end,high_resolution,14.46,high_resolution/fearful/fearful_127_2.jpg
sad_011.mp4,coverr-rXDihJwr9V__dog-trying-to-catch-a-fly,sad,start,high_resolution,2.57,high_resolution/sad/sad_011_1.jpg
sad_011.mp4,coverr-rXDihJwr9V__dog-trying-to-catch-a-fly,sad,end,high_resolution,5.27,high_resolution/sad/sad_011_2.jpg
happy_042.mp4,coverr-xVN2kcB8Mf__cuddling-a-black-dog,happy,start,high_resolution,0.73,high_resolution/happy/happy_042_1.jpg
happy_042.mp4,coverr-xVN2kcB8Mf__cuddling-a-black-dog,happy,end,high_resolution,11.07,high_resolution/happy/happy_042_2.jpg
fearful_128.mp4,curious-jack-russell-terrier-standing-in-grassy-fi-2026-09-17-16-39-45-utc.mp4,fearful,start,high_resolution,0.67,high_resolution/fearful/fearful_128_1.jpg
fearful_128.mp4,curious-jack-russell-terrier-standing-in-grassy-fi-2026-09-17-16-39-45-utc.mp4,fearful,end,high_resolution,0.94,high_resolution/fearful/fearful_128_2.jpg
fearful_129.mov,cute-border-collie-sitting-on-gray-sofa-indoors-2026-09-17-12-19-59-utc.mov,fearful,start,high_resolution,3.95,high_resolution/fearful/fearful_129_1.jpg
fearful_129.mov,cute-border-collie-sitting-on-gray-sofa-indoors-2026-09-17-12-19-59-utc.mov,fearful,end,high_resolution,4.4,high_resolution/fearful/fearful_129_2.jpg
fearful_130.mp4,cute-dachshund-dog-wearing-blue-sweater-indoors-2026-09-18-04-45-58-utc.mp4,fearful,start,high_resolution,1.17,high_resolution/fearful/fearful_130_1.jpg
fearful_130.mp4,cute-dachshund-dog-wearing-blue-sweater-indoors-2026-09-18-04-45-58-utc.mp4,fearful,end,high_resolution,1.65,high_resolution/fearful/fearful_130_2.jpg
fearful_131.mov,cute-dog-looking-at-the-camera-2026-09-17-03-32-16-utc.mov,fearful,start,high_resolution,1.01,high_resolution/fearful/fearful_131_1.jpg
fearful_131.mov,cute-dog-looking-at-the-camera-2026-09-17-03-32-16-utc.mov,fearful,end,high_resolution,2.76,high_resolution/fearful/fearful_131_2.jpg
fearful_132.mp4,cute-dog-standing-in-a-grassy-outdoor-setting-2026-09-17-16-44-00-utc.mp4,fearful,start,high_resolution,0.73,high_resolution/fearful/fearful_132_1.jpg
fearful_132.mp4,cute-dog-standing-in-a-grassy-outdoor-setting-2026-09-17-16-44-00-utc.mp4,fearful,end,high_resolution,1.27,high_resolution/fearful/fearful_132_2.jpg
fearful_133.mov,cute-little-dog-looks-upward-on-grassy-field-2026-09-16-16-10-34-utc.mov,fearful,start,high_resolution,10.78,high_resolution/fearful/fearful_133_1.jpg
fearful_133.mov,cute-little-dog-looks-upward-on-grassy-field-2026-09-16-16-10-34-utc.mov,fearful,end,high_resolution,11.55,high_resolution/fearful/fearful_133_2.jpg
fearful_134.mp4,cute-white-dog-sitting-indoors-looking-up-2026-09-17-17-18-56-utc.mp4,fearful,start,high_resolution,1.4,high_resolution/fearful/fearful_134_1.jpg
fearful_134.mp4,cute-white-dog-sitting-indoors-looking-up-2026-09-17-17-18-56-utc.mp4,fearful,end,high_resolution,1.74,high_resolution/fearful/fearful_134_2.jpg
happy_043.mp4,d0fb5f9d4ae4489c841f3f9e711f7fe5.mp4,happy,start,low_resolution,1.28,low_resolution/happy/happy_043_1.jpg
happy_043.mp4,d0fb5f9d4ae4489c841f3f9e711f7fe5.mp4,happy,end,low_resolution,5.38,low_resolution/happy/happy_043_2.jpg
neutral_092.mp4,d1XIJB-GGl4_000257,neutral,start,low_resolution,19.61,low_resolution/neutral/neutral_092_1.jpg
neutral_092.mp4,d1XIJB-GGl4_000257,neutral,end,low_resolution,23.42,low_resolution/neutral/neutral_092_2.jpg
fearful_135.mp4,d945bd6d778675fcc8b290e106eee07b.mp4,fearful,start,low_resolution,5.4,low_resolution/fearful/fearful_135_1.jpg
fearful_135.mp4,d945bd6d778675fcc8b290e106eee07b.mp4,fearful,end,low_resolution,5.97,low_resolution/fearful/fearful_135_2.jpg
fearful_136.mov,dachshund-dog-looking-alertly-out-of-frame-2026-09-16-09-20-23-utc.mov,fearful,start,high_resolution,0.89,high_resolution/fearful/fearful_136_1.jpg
fearful_136.mov,dachshund-dog-looking-alertly-out-of-frame-2026-09-16-09-20-23-utc.mov,fearful,end,high_resolution,1.38,high_resolution/fearful/fearful_136_2.jpg
happy_044.mp4,dae8392f2598e6cf8f38aa15ab868add.mp4,happy,start,low_resolution,7.13,low_resolution/happy/happy_044_1.jpg
happy_044.mp4,dae8392f2598e6cf8f38aa15ab868add.mp4,happy,end,low_resolution,7.74,low_resolution/happy/happy_044_2.jpg
angry_162.mp4,db70a377c23cc354cc5e70ee392a56ae,angry,start,low_resolution,0.59,low_resolution/angry/angry_162_1.jpg
angry_162.mp4,db70a377c23cc354cc5e70ee392a56ae,angry,end,low_resolution,12.61,low_resolution/angry/angry_162_2.jpg
angry_163.mov,dog-bares-teeth-in-winter-2025-12-17-19-29-55-utc.mov,angry,start,high_resolution,1.61,high_resolution/angry/angry_163_1.jpg
angry_163.mov,dog-bares-teeth-in-winter-2025-12-17-19-29-55-utc.mov,angry,end,high_resolution,7.82,high_resolution/angry/angry_163_2.jpg
angry_164.mov,dog-barking-behind-chain-link-fence-2025-12-18-00-01-26-utc.mov,angry,start,high_resolution,2.71,high_resolution/angry/angry_164_1.jpg
angry_164.mov,dog-barking-behind-chain-link-fence-2025-12-18-00-01-26-utc.mov,angry,end,high_resolution,9.97,high_resolution/angry/angry_164_2.jpg
angry_165.mov,dog-barking-behind-wire-fence-in-rural-setting-2026-09-16-17-40-46-utc.mov,angry,start,high_resolution,1.82,high_resolution/angry/angry_165_1.jpg
angry_165.mov,dog-barking-behind-wire-fence-in-rural-setting-2026-09-16-17-40-46-utc.mov,angry,end,high_resolution,4.02,high_resolution/angry/angry_165_2.jpg
angry_166.mov,dog-barking-close-up-on-white-background-2025-12-17-12-06-21-utc.mov,angry,start,high_resolution,2.14,high_resolution/angry/angry_166_1.jpg
angry_166.mov,dog-barking-close-up-on-white-background-2025-12-17-12-06-21-utc.mov,angry,end,high_resolution,3.21,high_resolution/angry/angry_166_2.jpg
angry_167.mov,dog-barking-outdoors-in-a-wooded-area-2026-09-16-08-44-08-utc.mov,angry,start,high_resolution,1.62,high_resolution/angry/angry_167_1.jpg
angry_167.mov,dog-barking-outdoors-in-a-wooded-area-2026-09-16-08-44-08-utc.mov,angry,end,high_resolution,3.35,high_resolution/angry/angry_167_2.jpg
angry_168.mov,dog-barking-outdoors-in-rural-environment-2025-12-17-10-50-01-utc.mov,angry,start,high_resolution,5.49,high_resolution/angry/angry_168_1.jpg
angry_168.mov,dog-barking-outdoors-in-rural-environment-2025-12-17-10-50-01-utc.mov,angry,end,high_resolution,9.2,high_resolution/angry/angry_168_2.jpg
angry_169.mov,dog-barks-and-runs-on-grassy-hillside-2026-09-16-09-15-43-utc.mov,angry,start,high_resolution,1.46,high_resolution/angry/angry_169_1.jpg
angry_169.mov,dog-barks-and-runs-on-grassy-hillside-2026-09-16-09-15-43-utc.mov,angry,end,high_resolution,2.25,high_resolution/angry/angry_169_2.jpg
angry_170.mov,dog-barks-from-behind-suburban-fence-2026-09-16-15-05-16-utc.mov,angry,start,high_resolution,1.53,high_resolution/angry/angry_170_1.jpg
angry_170.mov,dog-barks-from-behind-suburban-fence-2026-09-16-15-05-16-utc.mov,angry,end,high_resolution,2.72,high_resolution/angry/angry_170_2.jpg
angry_171.mov,dog-barks-in-close-up-shot-2025-12-17-14-16-48-utc.mov,angry,start,high_resolution,0.7,high_resolution/angry/angry_171_1.jpg
angry_171.mov,dog-barks-in-close-up-shot-2025-12-17-14-16-48-utc.mov,angry,end,high_resolution,1.26,high_resolution/angry/angry_171_2.jpg
angry_172.mp4,dog-barks-on-rug-wearing-pet-clothing-2025-12-17-17-23-55-utc.mp4,angry,start,high_resolution,0.69,high_resolution/angry/angry_172_1.jpg
angry_172.mp4,dog-barks-on-rug-wearing-pet-clothing-2025-12-17-17-23-55-utc.mp4,angry,end,high_resolution,2.43,high_resolution/angry/angry_172_2.jpg
angry_173.mp4,dog-close-up-barks-in-the-forest-2026-01-22-02-38-37-utc.mp4,angry,start,high_resolution,3.3,high_resolution/angry/angry_173_1.jpg
angry_173.mp4,dog-close-up-barks-in-the-forest-2026-01-22-02-38-37-utc.mp4,angry,end,high_resolution,3.86,high_resolution/angry/angry_173_2.jpg
angry_174.mov,dog-eating-and-snarling-in-a-rural-setting-2025-12-17-11-26-54-utc.mov,angry,start,high_resolution,2.4,high_resolution/angry/angry_174_1.jpg
angry_174.mov,dog-eating-and-snarling-in-a-rural-setting-2025-12-17-11-26-54-utc.mov,angry,end,high_resolution,4.02,high_resolution/angry/angry_174_2.jpg
fearful_137.mov,dog-gets-head-pet-close-up-indoors-2026-09-17-12-31-24-utc.mov,fearful,start,high_resolution,1.51,high_resolution/fearful/fearful_137_1.jpg
fearful_137.mov,dog-gets-head-pet-close-up-indoors-2026-09-17-12-31-24-utc.mov,fearful,end,high_resolution,1.89,high_resolution/fearful/fearful_137_2.jpg
angry_175.mp4,dog-growling-on-leash-outdoors-during-the-day-2026-09-16-13-24-11-utc.mp4,angry,start,high_resolution,2.38,high_resolution/angry/angry_175_1.jpg
angry_175.mp4,dog-growling-on-leash-outdoors-during-the-day-2026-09-16-13-24-11-utc.mp4,angry,end,high_resolution,3.57,high_resolution/angry/angry_175_2.jpg
angry_176.mp4,dog-growls-aggressively-outdoors-in-daytime-2026-09-16-17-51-23-utc.mp4,angry,start,high_resolution,0.23,high_resolution/angry/angry_176_1.jpg
angry_176.mp4,dog-growls-aggressively-outdoors-in-daytime-2026-09-16-17-51-23-utc.mp4,angry,end,high_resolution,3.15,high_resolution/angry/angry_176_2.jpg
fearful_138.mov,dog-looking-up-with-hopeful-expression-2026-09-17-10-18-36-utc.mov,fearful,start,high_resolution,1.1,high_resolution/fearful/fearful_138_1.jpg
fearful_138.mov,dog-looking-up-with-hopeful-expression-2026-09-17-10-18-36-utc.mov,fearful,end,high_resolution,1.6,high_resolution/fearful/fearful_138_2.jpg
angry_177.mov,dog-lying-on-grass-panting-and-barking-2025-12-17-23-04-00-utc.mov,angry,start,high_resolution,0.0,high_resolution/angry/angry_177_1.jpg
angry_177.mov,dog-lying-on-grass-panting-and-barking-2025-12-17-23-04-00-utc.mov,angry,end,high_resolution,3.34,high_resolution/angry/angry_177_2.jpg
fearful_139.mov,dog-peering-through-hole-in-orange-paper-2026-09-17-03-22-37-utc.mov,fearful,start,high_resolution,2.35,high_resolution/fearful/fearful_139_1.jpg
fearful_139.mov,dog-peering-through-hole-in-orange-paper-2026-09-17-03-22-37-utc.mov,fearful,end,high_resolution,5.01,high_resolution/fearful/fearful_139_2.jpg
fearful_140.mp4,dog-portrait-close-up-of-black-and-brown-dog-2026-09-17-21-06-39-utc.mp4,fearful,start,high_resolution,0.64,high_resolution/fearful/fearful_140_1.jpg
fearful_140.mp4,dog-portrait-close-up-of-black-and-brown-dog-2026-09-17-21-06-39-utc.mp4,fearful,end,high_resolution,0.88,high_resolution/fearful/fearful_140_2.jpg
sad_012.mov,dog-resting-its-head-on-white-surface-2025-12-17-16-49-12-utc (1).mov,sad,start,high_resolution,1.07,high_resolution/sad/sad_012_1.jpg
sad_012.mov,dog-resting-its-head-on-white-surface-2025-12-17-16-49-12-utc (1).mov,sad,end,high_resolution,3.13,high_resolution/sad/sad_012_2.jpg
angry_178.mov,dog-sits-on-director-s-chair-with-megaphone-2025-12-17-12-43-28-utc.mov,angry,start,high_resolution,8.35,high_resolution/angry/angry_178_1.jpg
angry_178.mov,dog-sits-on-director-s-chair-with-megaphone-2025-12-17-12-43-28-utc.mov,angry,end,high_resolution,10.16,high_resolution/angry/angry_178_2.jpg
fearful_141.mov,dog-sits-on-grass-and-looks-up-2026-09-16-13-25-24-utc.mov,fearful,start,high_resolution,0.68,high_resolution/fearful/fearful_141_1.jpg
fearful_141.mov,dog-sits-on-grass-and-looks-up-2026-09-16-13-25-24-utc.mov,fearful,end,high_resolution,1.85,high_resolution/fearful/fearful_141_2.jpg
angry_179.mov,dog-sitting-in-open-car-trunk-barking-2025-12-17-23-31-21-utc.mov,angry,start,high_resolution,7.63,high_resolution/angry/angry_179_1.jpg
angry_179.mov,dog-sitting-in-open-car-trunk-barking-2025-12-17-23-31-21-utc.mov,angry,end,high_resolution,10.27,high_resolution/angry/angry_179_2.jpg
angry_180.mp4,dog-sitting-on-a-couch-howling-2026-09-16-02-39-24-utc.mp4,angry,start,high_resolution,2.13,high_resolution/angry/angry_180_1.jpg
angry_180.mp4,dog-sitting-on-a-couch-howling-2026-09-16-02-39-24-utc.mp4,angry,end,high_resolution,8.05,high_resolution/angry/angry_180_2.jpg
angry_181.mov,dog-stands-in-yard-and-howls-2026-09-16-12-25-20-utc.mov,angry,start,high_resolution,3.88,high_resolution/angry/angry_181_1.jpg
angry_181.mov,dog-stands-in-yard-and-howls-2026-09-16-12-25-20-utc.mov,angry,end,high_resolution,4.31,high_resolution/angry/angry_181_2.jpg
fearful_142.mov,dog-with-harness-looks-around-outdoors-on-leash-2026-09-17-12-57-56-utc.mov,fearful,start,high_resolution,1.22,high_resolution/fearful/fearful_142_1.jpg
fearful_142.mov,dog-with-harness-looks-around-outdoors-on-leash-2026-09-17-12-57-56-utc.mov,fearful,end,high_resolution,2.15,high_resolution/fearful/fearful_142_2.jpg
sad_013.mp4,dog_10659283,sad,start,high_resolution,1.12,high_resolution/sad/sad_013_1.jpg
sad_013.mp4,dog_10659283,sad,end,high_resolution,6.2,high_resolution/sad/sad_013_2.jpg
fearful_143.mp4,dog_10839447,fearful,start,high_resolution,3.58,high_resolution/fearful/fearful_143_1.jpg
fearful_143.mp4,dog_10839447,fearful,end,high_resolution,10.41,high_resolution/fearful/fearful_143_2.jpg
happy_045.mp4,dog_10841170,happy,start,low_resolution,8.05,low_resolution/happy/happy_045_1.jpg
happy_045.mp4,dog_10841170,happy,end,low_resolution,15.73,low_resolution/happy/happy_045_2.jpg
surprise_056.mp4,dog_10914656,surprise,start,high_resolution,3.03,high_resolution/surprise/surprise_056_1.jpg
surprise_056.mp4,dog_10914656,surprise,end,high_resolution,4.68,high_resolution/surprise/surprise_056_2.jpg
sad_014.mp4,dog_11487567,sad,start,high_resolution,9.02,high_resolution/sad/sad_014_1.jpg
sad_014.mp4,dog_11487567,sad,end,high_resolution,10.47,high_resolution/sad/sad_014_2.jpg
neutral_093.mp4,dog_11490012,neutral,end,low_resolution,9.95,low_resolution/neutral/neutral_093_2.jpg
sad_015.mp4,dog_11534028,sad,start,high_resolution,4.63,high_resolution/sad/sad_015_1.jpg
happy_046.mp4,dog_11958197,happy,start,high_resolution,3.33,high_resolution/happy/happy_046_1.jpg
happy_046.mp4,dog_11958197,happy,end,high_resolution,3.76,high_resolution/happy/happy_046_2.jpg
surprise_057.mp4,dog_12170754,surprise,start,high_resolution,4.85,high_resolution/surprise/surprise_057_1.jpg
surprise_057.mp4,dog_12170754,surprise,end,high_resolution,4.88,high_resolution/surprise/surprise_057_2.jpg
neutral_094.mp4,dog_12363004,neutral,start,high_resolution,0.16,high_resolution/neutral/neutral_094_1.jpg
neutral_094.mp4,dog_12363004,neutral,end,high_resolution,1.43,high_resolution/neutral/neutral_094_2.jpg
neutral_095.mp4,dog_12541423,neutral,start,high_resolution,2.56,high_resolution/neutral/neutral_095_1.jpg
neutral_095.mp4,dog_12541423,neutral,end,high_resolution,3.43,high_resolution/neutral/neutral_095_2.jpg
sad_016.mp4,dog_12768750,sad,start,low_resolution,0.0,low_resolution/sad/sad_016_1.jpg
sad_016.mp4,dog_12768750,sad,end,low_resolution,2.73,low_resolution/sad/sad_016_2.jpg
sad_017.mp4,dog_13260897,sad,start,high_resolution,4.14,high_resolution/sad/sad_017_1.jpg
sad_017.mp4,dog_13260897,sad,end,high_resolution,12.49,high_resolution/sad/sad_017_2.jpg
fearful_144.mp4,dog_13588050,fearful,start,low_resolution,2.43,low_resolution/fearful/fearful_144_1.jpg
fearful_144.mp4,dog_13588050,fearful,end,low_resolution,6.03,low_resolution/fearful/fearful_144_2.jpg
neutral_096.mp4,dog_15295109,neutral,start,high_resolution,0.82,high_resolution/neutral/neutral_096_1.jpg
neutral_096.mp4,dog_15295109,neutral,end,high_resolution,1.13,high_resolution/neutral/neutral_096_2.jpg
surprise_058.mp4,dog_15324323,surprise,start,high_resolution,5.98,high_resolution/surprise/surprise_058_1.jpg
surprise_058.mp4,dog_15324323,surprise,end,high_resolution,6.82,high_resolution/surprise/surprise_058_2.jpg
happy_047.mp4,dog_16346905,happy,start,high_resolution,0.47,high_resolution/happy/happy_047_1.jpg
happy_047.mp4,dog_16346905,happy,end,high_resolution,7.63,high_resolution/happy/happy_047_2.jpg
sad_018.mp4,dog_16622159,sad,start,high_resolution,2.7,high_resolution/sad/sad_018_1.jpg
sad_018.mp4,dog_16622159,sad,end,high_resolution,11.21,high_resolution/sad/sad_018_2.jpg
sad_019.mp4,dog_16622183,sad,start,low_resolution,5.76,low_resolution/sad/sad_019_1.jpg
sad_019.mp4,dog_16622183,sad,end,low_resolution,7.41,low_resolution/sad/sad_019_2.jpg
fearful_145.mp4,dog_17413645,fearful,start,low_resolution,1.03,low_resolution/fearful/fearful_145_1.jpg
fearful_145.mp4,dog_17413645,fearful,end,low_resolution,2.7,low_resolution/fearful/fearful_145_2.jpg
happy_048.mp4,dog_17966195,happy,start,high_resolution,11.49,high_resolution/happy/happy_048_1.jpg
happy_048.mp4,dog_17966195,happy,end,high_resolution,12.2,high_resolution/happy/happy_048_2.jpg
fearful_146.mp4,dog_18336413,fearful,start,high_resolution,5.95,high_resolution/fearful/fearful_146_1.jpg
fearful_146.mp4,dog_18336413,fearful,end,high_resolution,7.46,high_resolution/fearful/fearful_146_2.jpg
surprise_059.mp4,dog_19162668,surprise,start,high_resolution,4.91,high_resolution/surprise/surprise_059_1.jpg
surprise_059.mp4,dog_19162668,surprise,end,high_resolution,6.37,high_resolution/surprise/surprise_059_2.jpg
neutral_097.mp4,dog_19201621,neutral,start,high_resolution,2.53,high_resolution/neutral/neutral_097_1.jpg
neutral_097.mp4,dog_19201621,neutral,end,high_resolution,6.94,high_resolution/neutral/neutral_097_2.jpg
happy_049.mp4,dog_19201624,happy,start,high_resolution,4.76,high_resolution/happy/happy_049_1.jpg
happy_049.mp4,dog_19201624,happy,end,high_resolution,5.52,high_resolution/happy/happy_049_2.jpg
sad_020.mp4,dog_19887574,sad,start,high_resolution,0.95,high_resolution/sad/sad_020_1.jpg
sad_020.mp4,dog_19887574,sad,end,high_resolution,5.6,high_resolution/sad/sad_020_2.jpg
neutral_098.mp4,dog_19892886,neutral,start,low_resolution,2.82,low_resolution/neutral/neutral_098_1.jpg
neutral_098.mp4,dog_19892886,neutral,end,low_resolution,4.06,low_resolution/neutral/neutral_098_2.jpg
neutral_099.mp4,dog_20173475,neutral,start,high_resolution,8.85,high_resolution/neutral/neutral_099_1.jpg
neutral_099.mp4,dog_20173475,neutral,end,high_resolution,9.76,high_resolution/neutral/neutral_099_2.jpg
sad_021.mp4,dog_20485426,sad,start,high_resolution,2.44,high_resolution/sad/sad_021_1.jpg
sad_021.mp4,dog_20485426,sad,end,high_resolution,3.82,high_resolution/sad/sad_021_2.jpg
happy_050.mp4,dog_20698945,happy,start,low_resolution,3.77,low_resolution/happy/happy_050_1.jpg
happy_050.mp4,dog_20698945,happy,end,low_resolution,4.91,low_resolution/happy/happy_050_2.jpg
sad_022.mp4,dog_2795682,sad,start,high_resolution,2.33,high_resolution/sad/sad_022_1.jpg
sad_022.mp4,dog_2795682,sad,end,high_resolution,6.71,high_resolution/sad/sad_022_2.jpg
neutral_100.mp4,dog_28829624,neutral,start,high_resolution,2.26,high_resolution/neutral/neutral_100_1.jpg
neutral_100.mp4,dog_28829624,neutral,end,high_resolution,4.14,high_resolution/neutral/neutral_100_2.jpg
neutral_101.mp4,dog_28850338,neutral,start,high_resolution,5.24,high_resolution/neutral/neutral_101_1.jpg
neutral_101.mp4,dog_28850338,neutral,end,high_resolution,15.37,high_resolution/neutral/neutral_101_2.jpg
sad_023.mp4,dog_28949969,sad,start,low_resolution,1.66,low_resolution/sad/sad_023_1.jpg
sad_023.mp4,dog_28949969,sad,end,low_resolution,3.18,low_resolution/sad/sad_023_2.jpg
happy_051.mp4,dog_29541240,happy,start,high_resolution,2.27,high_resolution/happy/happy_051_1.jpg
happy_051.mp4,dog_29541240,happy,end,high_resolution,3.03,high_resolution/happy/happy_051_2.jpg
sad_024.mp4,dog_29576542,sad,start,high_resolution,10.44,high_resolution/sad/sad_024_1.jpg
sad_024.mp4,dog_29576542,sad,end,high_resolution,11.24,high_resolution/sad/sad_024_2.jpg
surprise_060.mp4,dog_29576555,surprise,start,high_resolution,5.15,high_resolution/surprise/surprise_060_1.jpg
surprise_060.mp4,dog_29576555,surprise,end,high_resolution,6.38,high_resolution/surprise/surprise_060_2.jpg
neutral_102.mp4,dog_29604479,neutral,start,high_resolution,1.74,high_resolution/neutral/neutral_102_1.jpg
neutral_102.mp4,dog_29604479,neutral,end,high_resolution,2.31,high_resolution/neutral/neutral_102_2.jpg
neutral_103.mp4,dog_30339655,neutral,start,high_resolution,8.69,high_resolution/neutral/neutral_103_1.jpg
neutral_103.mp4,dog_30339655,neutral,end,high_resolution,10.2,high_resolution/neutral/neutral_103_2.jpg
neutral_104.mp4,dog_30593056,neutral,start,high_resolution,1.25,high_resolution/neutral/neutral_104_1.jpg
neutral_104.mp4,dog_30593056,neutral,end,high_resolution,2.41,high_resolution/neutral/neutral_104_2.jpg
fearful_147.mp4,dog_31145252,fearful,start,high_resolution,4.77,high_resolution/fearful/fearful_147_1.jpg
fearful_147.mp4,dog_31145252,fearful,end,high_resolution,7.0,high_resolution/fearful/fearful_147_2.jpg
happy_052.mp4,dog_31365634,happy,start,low_resolution,1.49,low_resolution/happy/happy_052_1.jpg
happy_052.mp4,dog_31365634,happy,end,low_resolution,3.47,low_resolution/happy/happy_052_2.jpg
neutral_105.mp4,dog_31572931,neutral,start,high_resolution,2.25,high_resolution/neutral/neutral_105_1.jpg
neutral_105.mp4,dog_31572931,neutral,end,high_resolution,10.89,high_resolution/neutral/neutral_105_2.jpg
angry_182.mp4,dog_31572934,angry,start,high_resolution,0.96,high_resolution/angry/angry_182_1.jpg
angry_182.mp4,dog_31572934,angry,end,high_resolution,14.1,high_resolution/angry/angry_182_2.jpg
happy_053.mp4,dog_3189187,happy,start,high_resolution,9.85,high_resolution/happy/happy_053_1.jpg
happy_053.mp4,dog_3189187,happy,end,high_resolution,10.58,high_resolution/happy/happy_053_2.jpg
sad_025.mp4,dog_31983537,sad,start,high_resolution,11.04,high_resolution/sad/sad_025_1.jpg
sad_025.mp4,dog_31983537,sad,end,high_resolution,11.85,high_resolution/sad/sad_025_2.jpg
surprise_061.mp4,dog_32075610,surprise,start,high_resolution,1.64,high_resolution/surprise/surprise_061_1.jpg
surprise_061.mp4,dog_32075610,surprise,end,high_resolution,3.62,high_resolution/surprise/surprise_061_2.jpg
sad_026.mp4,dog_32107781,sad,start,high_resolution,6.79,high_resolution/sad/sad_026_1.jpg
sad_026.mp4,dog_32107781,sad,end,high_resolution,7.49,high_resolution/sad/sad_026_2.jpg
happy_054.mp4,dog_33191813,happy,start,high_resolution,5.7,high_resolution/happy/happy_054_1.jpg
happy_054.mp4,dog_33191813,happy,end,high_resolution,6.04,high_resolution/happy/happy_054_2.jpg
angry_183.mp4,dog_34606039,angry,start,high_resolution,7.15,high_resolution/angry/angry_183_1.jpg
angry_183.mp4,dog_34606039,angry,end,high_resolution,9.12,high_resolution/angry/angry_183_2.jpg
neutral_106.mp4,dog_34829819,neutral,start,high_resolution,1.55,high_resolution/neutral/neutral_106_1.jpg
neutral_106.mp4,dog_34829819,neutral,end,high_resolution,2.78,high_resolution/neutral/neutral_106_2.jpg
angry_184.mp4,dog_34850881,angry,start,high_resolution,0.77,high_resolution/angry/angry_184_1.jpg
angry_184.mp4,dog_34850881,angry,end,high_resolution,3.72,high_resolution/angry/angry_184_2.jpg
fearful_148.mp4,dog_34906779,fearful,start,high_resolution,7.68,high_resolution/fearful/fearful_148_1.jpg
fearful_148.mp4,dog_34906779,fearful,end,high_resolution,10.16,high_resolution/fearful/fearful_148_2.jpg
neutral_107.mp4,dog_35170846,neutral,start,high_resolution,7.07,high_resolution/neutral/neutral_107_1.jpg
neutral_107.mp4,dog_35170846,neutral,end,high_resolution,7.55,high_resolution/neutral/neutral_107_2.jpg
neutral_108.mp4,dog_35235643,neutral,start,high_resolution,1.9,high_resolution/neutral/neutral_108_1.jpg
neutral_108.mp4,dog_35235643,neutral,end,high_resolution,6.25,high_resolution/neutral/neutral_108_2.jpg
surprise_062.mp4,dog_35290089,surprise,start,high_resolution,5.34,high_resolution/surprise/surprise_062_1.jpg
surprise_062.mp4,dog_35290089,surprise,end,high_resolution,15.26,high_resolution/surprise/surprise_062_2.jpg
angry_185.mp4,dog_35290091,angry,start,high_resolution,0.71,high_resolution/angry/angry_185_1.jpg
angry_185.mp4,dog_35290091,angry,end,high_resolution,2.27,high_resolution/angry/angry_185_2.jpg
fearful_149.mp4,dog_35390210,fearful,start,high_resolution,0.52,high_resolution/fearful/fearful_149_1.jpg
fearful_149.mp4,dog_35390210,fearful,end,high_resolution,2.93,high_resolution/fearful/fearful_149_2.jpg
sad_027.mp4,dog_35419111,sad,start,high_resolution,8.88,high_resolution/sad/sad_027_1.jpg
sad_027.mp4,dog_35419111,sad,end,high_resolution,9.29,high_resolution/sad/sad_027_2.jpg
sad_028.mp4,dog_35605516,sad,start,high_resolution,0.49,high_resolution/sad/sad_028_1.jpg
sad_028.mp4,dog_35605516,sad,end,high_resolution,1.64,high_resolution/sad/sad_028_2.jpg
neutral_109.mp4,dog_35605522,neutral,start,high_resolution,16.83,high_resolution/neutral/neutral_109_1.jpg
neutral_109.mp4,dog_35605522,neutral,end,high_resolution,18.24,high_resolution/neutral/neutral_109_2.jpg
sad_029.mp4,dog_35605530,sad,start,high_resolution,1.21,high_resolution/sad/sad_029_1.jpg
sad_029.mp4,dog_35605530,sad,end,high_resolution,1.96,high_resolution/sad/sad_029_2.jpg
neutral_110.mp4,dog_35912440,neutral,start,high_resolution,2.05,high_resolution/neutral/neutral_110_1.jpg
neutral_110.mp4,dog_35912440,neutral,end,high_resolution,5.35,high_resolution/neutral/neutral_110_2.jpg
sad_030.mp4,dog_36014853,sad,start,high_resolution,3.18,high_resolution/sad/sad_030_1.jpg
sad_030.mp4,dog_36014853,sad,end,high_resolution,4.65,high_resolution/sad/sad_030_2.jpg
fearful_150.mp4,dog_36040939,fearful,start,high_resolution,1.01,high_resolution/fearful/fearful_150_1.jpg
fearful_150.mp4,dog_36040939,fearful,end,high_resolution,2.13,high_resolution/fearful/fearful_150_2.jpg
fearful_151.mp4,dog_36405398,fearful,start,high_resolution,0.48,high_resolution/fearful/fearful_151_1.jpg
fearful_151.mp4,dog_36405398,fearful,end,high_resolution,1.33,high_resolution/fearful/fearful_151_2.jpg
sad_031.mp4,dog_36413850,sad,start,high_resolution,0.63,high_resolution/sad/sad_031_1.jpg
sad_031.mp4,dog_36413850,sad,end,high_resolution,7.0,high_resolution/sad/sad_031_2.jpg
surprise_063.mp4,dog_37130597,surprise,start,high_resolution,2.16,high_resolution/surprise/surprise_063_1.jpg
surprise_063.mp4,dog_37130597,surprise,end,high_resolution,6.61,high_resolution/surprise/surprise_063_2.jpg
fearful_152.mp4,dog_37132254,fearful,start,high_resolution,3.37,high_resolution/fearful/fearful_152_1.jpg
fearful_152.mp4,dog_37132254,fearful,end,high_resolution,9.27,high_resolution/fearful/fearful_152_2.jpg
surprise_064.mp4,dog_37207535,surprise,start,high_resolution,0.8,high_resolution/surprise/surprise_064_1.jpg
surprise_064.mp4,dog_37207535,surprise,end,high_resolution,3.44,high_resolution/surprise/surprise_064_2.jpg
surprise_065.mp4,dog_37207536,surprise,start,high_resolution,10.96,high_resolution/surprise/surprise_065_1.jpg
surprise_065.mp4,dog_37207536,surprise,end,high_resolution,12.64,high_resolution/surprise/surprise_065_2.jpg
angry_186.mp4,dog_37689691,angry,start,high_resolution,1.9,high_resolution/angry/angry_186_1.jpg
angry_186.mp4,dog_37689691,angry,end,high_resolution,10.4,high_resolution/angry/angry_186_2.jpg
neutral_111.mp4,dog_4013326,neutral,start,high_resolution,2.45,high_resolution/neutral/neutral_111_1.jpg
neutral_111.mp4,dog_4013326,neutral,end,high_resolution,8.96,high_resolution/neutral/neutral_111_2.jpg
angry_187.mp4,dog_4070325,angry,start,high_resolution,2.86,high_resolution/angry/angry_187_1.jpg
angry_187.mp4,dog_4070325,angry,end,high_resolution,13.64,high_resolution/angry/angry_187_2.jpg
surprise_066.mp4,dog_4107564,surprise,start,high_resolution,12.17,high_resolution/surprise/surprise_066_1.jpg
surprise_066.mp4,dog_4107564,surprise,end,high_resolution,13.22,high_resolution/surprise/surprise_066_2.jpg
happy_055.mp4,dog_4107673,happy,start,high_resolution,0.0,high_resolution/happy/happy_055_1.jpg
happy_055.mp4,dog_4107673,happy,end,high_resolution,3.31,high_resolution/happy/happy_055_2.jpg
surprise_067.mp4,dog_4210977,surprise,start,high_resolution,0.92,high_resolution/surprise/surprise_067_1.jpg
surprise_067.mp4,dog_4210977,surprise,end,high_resolution,8.94,high_resolution/surprise/surprise_067_2.jpg
happy_056.mp4,dog_4772987,happy,start,high_resolution,4.21,high_resolution/happy/happy_056_1.jpg
happy_056.mp4,dog_4772987,happy,end,high_resolution,9.41,high_resolution/happy/happy_056_2.jpg
happy_057.mp4,dog_5226985,happy,start,high_resolution,2.38,high_resolution/happy/happy_057_1.jpg
happy_057.mp4,dog_5226985,happy,end,high_resolution,5.77,high_resolution/happy/happy_057_2.jpg
happy_058.mp4,dog_5226990,happy,start,high_resolution,0.97,high_resolution/happy/happy_058_1.jpg
happy_058.mp4,dog_5226990,happy,end,high_resolution,2.21,high_resolution/happy/happy_058_2.jpg
happy_059.mp4,dog_5229582,happy,start,high_resolution,0.06,high_resolution/happy/happy_059_1.jpg
happy_059.mp4,dog_5229582,happy,end,high_resolution,4.56,high_resolution/happy/happy_059_2.jpg
happy_060.mp4,dog_5229792,happy,start,high_resolution,0.0,high_resolution/happy/happy_060_1.jpg
happy_060.mp4,dog_5229792,happy,end,high_resolution,3.98,high_resolution/happy/happy_060_2.jpg
happy_061.mp4,dog_5384954,happy,start,high_resolution,5.0,high_resolution/happy/happy_061_1.jpg
happy_061.mp4,dog_5384954,happy,end,high_resolution,6.58,high_resolution/happy/happy_061_2.jpg
surprise_068.mp4,dog_5478926,surprise,start,high_resolution,2.27,high_resolution/surprise/surprise_068_1.jpg
surprise_068.mp4,dog_5478926,surprise,end,high_resolution,2.97,high_resolution/surprise/surprise_068_2.jpg
sad_032.mp4,dog_5479940,sad,start,high_resolution,1.21,high_resolution/sad/sad_032_1.jpg
sad_032.mp4,dog_5479940,sad,end,high_resolution,4.06,high_resolution/sad/sad_032_2.jpg
neutral_112.mp4,dog_5495992,neutral,start,high_resolution,1.46,high_resolution/neutral/neutral_112_1.jpg
neutral_112.mp4,dog_5495992,neutral,end,high_resolution,4.08,high_resolution/neutral/neutral_112_2.jpg
fearful_153.mp4,dog_5495995,fearful,start,high_resolution,2.48,high_resolution/fearful/fearful_153_1.jpg
fearful_153.mp4,dog_5495995,fearful,end,high_resolution,11.92,high_resolution/fearful/fearful_153_2.jpg
angry_188.mp4,dog_5496003,angry,start,high_resolution,10.89,high_resolution/angry/angry_188_1.jpg
angry_188.mp4,dog_5496003,angry,end,high_resolution,13.73,high_resolution/angry/angry_188_2.jpg
angry_189.mp4,dog_5496004,angry,start,high_resolution,5.09,high_resolution/angry/angry_189_1.jpg
angry_189.mp4,dog_5496004,angry,end,high_resolution,7.08,high_resolution/angry/angry_189_2.jpg
neutral_113.mp4,dog_5514509,neutral,start,high_resolution,5.48,high_resolution/neutral/neutral_113_1.jpg
neutral_113.mp4,dog_5514509,neutral,end,high_resolution,11.14,high_resolution/neutral/neutral_113_2.jpg
neutral_114.mp4,dog_5730233,neutral,start,high_resolution,7.53,high_resolution/neutral/neutral_114_1.jpg
neutral_114.mp4,dog_5730233,neutral,end,high_resolution,8.37,high_resolution/neutral/neutral_114_2.jpg
sad_033.mp4,dog_5751625,sad,start,high_resolution,8.74,high_resolution/sad/sad_033_1.jpg
sad_033.mp4,dog_5751625,sad,end,high_resolution,10.86,high_resolution/sad/sad_033_2.jpg
happy_062.mp4,dog_5794740,happy,start,high_resolution,2.39,high_resolution/happy/happy_062_1.jpg
happy_062.mp4,dog_5794740,happy,end,high_resolution,2.45,high_resolution/happy/happy_062_2.jpg
surprise_069.mp4,dog_5881609,surprise,start,high_resolution,0.84,high_resolution/surprise/surprise_069_1.jpg
surprise_069.mp4,dog_5881609,surprise,end,high_resolution,5.89,high_resolution/surprise/surprise_069_2.jpg
surprise_070.mp4,dog_5921464,surprise,start,high_resolution,4.19,high_resolution/surprise/surprise_070_1.jpg
surprise_070.mp4,dog_5921464,surprise,end,high_resolution,7.68,high_resolution/surprise/surprise_070_2.jpg
happy_063.mp4,dog_5962130,happy,start,high_resolution,5.24,high_resolution/happy/happy_063_1.jpg
happy_063.mp4,dog_5962130,happy,end,high_resolution,6.2,high_resolution/happy/happy_063_2.jpg
surprise_071.mp4,dog_5968168,surprise,start,high_resolution,3.19,high_resolution/surprise/surprise_071_1.jpg
surprise_071.mp4,dog_5968168,surprise,end,high_resolution,10.35,high_resolution/surprise/surprise_071_2.jpg
neutral_115.mp4,dog_5968481,neutral,start,high_resolution,11.07,high_resolution/neutral/neutral_115_1.jpg
neutral_115.mp4,dog_5968481,neutral,end,high_resolution,11.77,high_resolution/neutral/neutral_115_2.jpg
neutral_116.mp4,dog_5970478,neutral,start,high_resolution,1.67,high_resolution/neutral/neutral_116_1.jpg
neutral_116.mp4,dog_5970478,neutral,end,high_resolution,5.56,high_resolution/neutral/neutral_116_2.jpg
surprise_072.mp4,dog_6131492,surprise,start,high_resolution,6.81,high_resolution/surprise/surprise_072_1.jpg
surprise_072.mp4,dog_6131492,surprise,end,high_resolution,13.22,high_resolution/surprise/surprise_072_2.jpg
surprise_073.mp4,dog_6498486,surprise,start,high_resolution,9.45,high_resolution/surprise/surprise_073_1.jpg
surprise_073.mp4,dog_6498486,surprise,end,high_resolution,10.62,high_resolution/surprise/surprise_073_2.jpg
happy_064.mp4,dog_6712079,happy,start,high_resolution,3.33,high_resolution/happy/happy_064_1.jpg
happy_064.mp4,dog_6712079,happy,end,high_resolution,5.27,high_resolution/happy/happy_064_2.jpg
fearful_154.mp4,dog_7117652,fearful,start,high_resolution,4.32,high_resolution/fearful/fearful_154_1.jpg
fearful_154.mp4,dog_7117652,fearful,end,high_resolution,7.59,high_resolution/fearful/fearful_154_2.jpg
neutral_117.mp4,dog_7165757,neutral,start,high_resolution,7.93,high_resolution/neutral/neutral_117_1.jpg
neutral_117.mp4,dog_7165757,neutral,end,high_resolution,10.6,high_resolution/neutral/neutral_117_2.jpg
neutral_118.mp4,dog_7267561,neutral,start,high_resolution,2.72,high_resolution/neutral/neutral_118_1.jpg
neutral_118.mp4,dog_7267561,neutral,end,high_resolution,4.77,high_resolution/neutral/neutral_118_2.jpg
happy_065.mp4,dog_7294968,happy,start,high_resolution,4.01,high_resolution/happy/happy_065_1.jpg
happy_065.mp4,dog_7294968,happy,end,high_resolution,5.05,high_resolution/happy/happy_065_2.jpg
fearful_155.mp4,dog_7469779,fearful,start,high_resolution,4.71,high_resolution/fearful/fearful_155_1.jpg
fearful_155.mp4,dog_7469779,fearful,end,high_resolution,8.19,high_resolution/fearful/fearful_155_2.jpg
neutral_119.mp4,dog_7469861,neutral,start,high_resolution,6.12,high_resolution/neutral/neutral_119_1.jpg
neutral_119.mp4,dog_7469861,neutral,end,high_resolution,7.51,high_resolution/neutral/neutral_119_2.jpg
happy_066.mp4,dog_7516667,happy,start,high_resolution,1.61,high_resolution/happy/happy_066_1.jpg
happy_066.mp4,dog_7516667,happy,end,high_resolution,4.87,high_resolution/happy/happy_066_2.jpg
happy_067.mp4,dog_7516712,happy,start,low_resolution,0.61,low_resolution/happy/happy_067_1.jpg
happy_067.mp4,dog_7516712,happy,end,low_resolution,4.24,low_resolution/happy/happy_067_2.jpg
sad_034.mp4,dog_7677288,sad,start,high_resolution,0.72,high_resolution/sad/sad_034_1.jpg
sad_034.mp4,dog_7677288,sad,end,high_resolution,4.19,high_resolution/sad/sad_034_2.jpg
sad_035.mp4,dog_7678713,sad,start,high_resolution,3.21,high_resolution/sad/sad_035_1.jpg
sad_035.mp4,dog_7678713,sad,end,high_resolution,9.89,high_resolution/sad/sad_035_2.jpg
sad_036.mp4,dog_7678725,sad,start,high_resolution,2.16,high_resolution/sad/sad_036_1.jpg
sad_036.mp4,dog_7678725,sad,end,high_resolution,3.29,high_resolution/sad/sad_036_2.jpg
fearful_156.mp4,dog_7682699,fearful,start,high_resolution,3.63,high_resolution/fearful/fearful_156_1.jpg
fearful_156.mp4,dog_7682699,fearful,end,high_resolution,15.39,high_resolution/fearful/fearful_156_2.jpg
surprise_074.mp4,dog_7682708,surprise,start,high_resolution,1.72,high_resolution/surprise/surprise_074_1.jpg
surprise_074.mp4,dog_7682708,surprise,end,high_resolution,10.14,high_resolution/surprise/surprise_074_2.jpg
surprise_075.mp4,dog_7683150,surprise,start,high_resolution,0.83,high_resolution/surprise/surprise_075_1.jpg
surprise_075.mp4,dog_7683150,surprise,end,high_resolution,13.54,high_resolution/surprise/surprise_075_2.jpg
happy_068.mp4,dog_7684005,happy,start,high_resolution,11.42,high_resolution/happy/happy_068_1.jpg
happy_068.mp4,dog_7684005,happy,end,high_resolution,13.24,high_resolution/happy/happy_068_2.jpg
angry_190.mp4,dog_7684012,angry,start,high_resolution,10.18,high_resolution/angry/angry_190_1.jpg
angry_190.mp4,dog_7684012,angry,end,high_resolution,16.13,high_resolution/angry/angry_190_2.jpg
surprise_076.mp4,dog_8264881,surprise,start,high_resolution,2.9,high_resolution/surprise/surprise_076_1.jpg
surprise_076.mp4,dog_8264881,surprise,end,high_resolution,4.78,high_resolution/surprise/surprise_076_2.jpg
neutral_120.mp4,dog_8473423,neutral,start,high_resolution,1.48,high_resolution/neutral/neutral_120_1.jpg
neutral_120.mp4,dog_8473423,neutral,end,high_resolution,3.76,high_resolution/neutral/neutral_120_2.jpg
neutral_121.mp4,dog_8498674,neutral,start,high_resolution,0.97,high_resolution/neutral/neutral_121_1.jpg
neutral_121.mp4,dog_8498674,neutral,end,high_resolution,12.57,high_resolution/neutral/neutral_121_2.jpg
surprise_077.mp4,dog_8498885,surprise,start,high_resolution,1.66,high_resolution/surprise/surprise_077_1.jpg
surprise_077.mp4,dog_8498885,surprise,end,high_resolution,3.0,high_resolution/surprise/surprise_077_2.jpg
neutral_122.mp4,dog_8499351,neutral,start,high_resolution,0.28,high_resolution/neutral/neutral_122_1.jpg
neutral_122.mp4,dog_8499351,neutral,end,high_resolution,0.86,high_resolution/neutral/neutral_122_2.jpg
neutral_123.mp4,dog_8499656,neutral,start,high_resolution,1.49,high_resolution/neutral/neutral_123_1.jpg
neutral_123.mp4,dog_8499656,neutral,end,high_resolution,1.64,high_resolution/neutral/neutral_123_2.jpg
surprise_078.mp4,dog_854383,surprise,start,high_resolution,6.37,high_resolution/surprise/surprise_078_1.jpg
surprise_078.mp4,dog_854383,surprise,end,high_resolution,9.96,high_resolution/surprise/surprise_078_2.jpg
happy_069.mp4,dog_8730840,happy,start,high_resolution,6.64,high_resolution/happy/happy_069_1.jpg
happy_069.mp4,dog_8730840,happy,end,high_resolution,11.45,high_resolution/happy/happy_069_2.jpg
happy_070.mp4,dog_8746927,happy,start,low_resolution,2.31,low_resolution/happy/happy_070_1.jpg
happy_070.mp4,dog_8746927,happy,end,low_resolution,7.29,low_resolution/happy/happy_070_2.jpg
happy_071.mp4,dog_9085855,happy,start,high_resolution,0.99,high_resolution/happy/happy_071_1.jpg
happy_071.mp4,dog_9085855,happy,end,high_resolution,2.11,high_resolution/happy/happy_071_2.jpg
happy_072.mp4,dog_9141107,happy,start,high_resolution,1.2,high_resolution/happy/happy_072_1.jpg
happy_072.mp4,dog_9141107,happy,end,high_resolution,2.23,high_resolution/happy/happy_072_2.jpg
angry_191.mp4,dog_9421543,angry,start,high_resolution,1.67,high_resolution/angry/angry_191_1.jpg
angry_191.mp4,dog_9421543,angry,end,high_resolution,4.07,high_resolution/angry/angry_191_2.jpg
angry_192.mp4,dogexpressions_7626775846874860830,angry,start,high_resolution,0.0,high_resolution/angry/angry_192_1.jpg
angry_192.mp4,dogexpressions_7626775846874860830,angry,end,high_resolution,1.48,high_resolution/angry/angry_192_2.jpg
fearful_157.mp4,dogexpressions_7671002018269465887,fearful,start,high_resolution,0.56,high_resolution/fearful/fearful_157_1.jpg
fearful_157.mp4,dogexpressions_7671002018269465887,fearful,end,high_resolution,7.99,high_resolution/fearful/fearful_157_2.jpg
fearful_158.mp4,dogexpressions_7673326487801433365,fearful,start,high_resolution,4.18,high_resolution/fearful/fearful_158_1.jpg
fearful_158.mp4,dogexpressions_7673326487801433365,fearful,end,high_resolution,14.21,high_resolution/fearful/fearful_158_2.jpg
fearful_159.mp4,dogfacecloseup_6792496758200044806,fearful,start,low_resolution,3.25,low_resolution/fearful/fearful_159_1.jpg
fearful_159.mp4,dogfacecloseup_6792496758200044806,fearful,end,low_resolution,6.31,low_resolution/fearful/fearful_159_2.jpg
happy_073.mp4,dogfacecloseup_6866165413739285765,happy,start,high_resolution,0.63,high_resolution/happy/happy_073_1.jpg
happy_073.mp4,dogfacecloseup_6866165413739285765,happy,end,high_resolution,0.92,high_resolution/happy/happy_073_2.jpg
sad_037.mp4,dogfacecloseup_7011875889168370949,sad,start,low_resolution,3.25,low_resolution/sad/sad_037_1.jpg
sad_037.mp4,dogfacecloseup_7011875889168370949,sad,end,low_resolution,6.24,low_resolution/sad/sad_037_2.jpg
happy_074.mp4,dogfacecloseup_7584826741009435935,happy,start,high_resolution,6.3,high_resolution/happy/happy_074_1.jpg
happy_074.mp4,dogfacecloseup_7584826741009435935,happy,end,high_resolution,7.46,high_resolution/happy/happy_074_2.jpg
neutral_124.mp4,dogfacecloseup_7668488913031302431,neutral,start,high_resolution,3.16,high_resolution/neutral/neutral_124_1.jpg
neutral_124.mp4,dogfacecloseup_7668488913031302431,neutral,end,high_resolution,8.32,high_resolution/neutral/neutral_124_2.jpg
sad_038.mp4,dogfaces_7513760661390839070,sad,start,high_resolution,2.92,high_resolution/sad/sad_038_1.jpg
sad_038.mp4,dogfaces_7513760661390839070,sad,end,high_resolution,5.17,high_resolution/sad/sad_038_2.jpg
fearful_160.mp4,dogfaces_7545147479126265101,fearful,start,high_resolution,3.51,high_resolution/fearful/fearful_160_1.jpg
fearful_160.mp4,dogfaces_7545147479126265101,fearful,end,high_resolution,12.03,high_resolution/fearful/fearful_160_2.jpg
fearful_161.mp4,dogfaces_7674132724487032086,fearful,start,low_resolution,3.69,low_resolution/fearful/fearful_161_1.jpg
fearful_161.mp4,dogfaces_7674132724487032086,fearful,end,low_resolution,5.49,low_resolution/fearful/fearful_161_2.jpg
happy_075.mp4,doglife_7567079740130250015,happy,start,high_resolution,1.12,high_resolution/happy/happy_075_1.jpg
happy_075.mp4,doglife_7567079740130250015,happy,end,high_resolution,3.16,high_resolution/happy/happy_075_2.jpg
angry_193.mp4,doglife_7612523317215448350,angry,start,high_resolution,0.74,high_resolution/angry/angry_193_1.jpg
angry_193.mp4,doglife_7612523317215448350,angry,end,high_resolution,3.44,high_resolution/angry/angry_193_2.jpg
surprise_079.mp4,doglife_7625798973307276574,surprise,start,high_resolution,7.26,high_resolution/surprise/surprise_079_1.jpg
surprise_079.mp4,doglife_7625798973307276574,surprise,end,high_resolution,11.0,high_resolution/surprise/surprise_079_2.jpg
angry_194.mp4,dogmood_7658441915523747085,angry,start,high_resolution,12.17,high_resolution/angry/angry_194_1.jpg
angry_194.mp4,dogmood_7658441915523747085,angry,end,high_resolution,15.71,high_resolution/angry/angry_194_2.jpg
sad_039.mp4,dogsadeyes_7120377381059087662,sad,start,low_resolution,2.27,low_resolution/sad/sad_039_1.jpg
sad_039.mp4,dogsadeyes_7120377381059087662,sad,end,low_resolution,4.13,low_resolution/sad/sad_039_2.jpg
sad_040.mp4,dogsadeyes_7467278279003606302,sad,start,high_resolution,0.26,high_resolution/sad/sad_040_1.jpg
sad_040.mp4,dogsadeyes_7467278279003606302,sad,end,high_resolution,4.19,high_resolution/sad/sad_040_2.jpg
neutral_125.mp4,dogsoftiktok_7495091754136407342,neutral,start,high_resolution,4.73,high_resolution/neutral/neutral_125_1.jpg
neutral_125.mp4,dogsoftiktok_7495091754136407342,neutral,end,high_resolution,6.72,high_resolution/neutral/neutral_125_2.jpg
neutral_126.mp4,dogsoftiktok_7541148236162043158,neutral,start,high_resolution,6.37,high_resolution/neutral/neutral_126_1.jpg
neutral_126.mp4,dogsoftiktok_7541148236162043158,neutral,end,high_resolution,8.08,high_resolution/neutral/neutral_126_2.jpg
surprise_080.mp4,dogsoftiktok_7639304895287266567,surprise,start,high_resolution,7.97,high_resolution/surprise/surprise_080_1.jpg
surprise_080.mp4,dogsoftiktok_7639304895287266567,surprise,end,high_resolution,9.28,high_resolution/surprise/surprise_080_2.jpg
surprise_081.mp4,dogsoftiktok_7672829713122970911,surprise,start,high_resolution,0.31,high_resolution/surprise/surprise_081_1.jpg
surprise_081.mp4,dogsoftiktok_7672829713122970911,surprise,end,high_resolution,4.14,high_resolution/surprise/surprise_081_2.jpg
surprise_082.mp4,dogsoftiktok_7675821301998554390,surprise,start,high_resolution,2.6,high_resolution/surprise/surprise_082_1.jpg
surprise_082.mp4,dogsoftiktok_7675821301998554390,surprise,end,high_resolution,6.47,high_resolution/surprise/surprise_082_2.jpg
surprise_083.mp4,du1L5um2mJ0_000072,surprise,start,low_resolution,3.14,low_resolution/surprise/surprise_083_1.jpg
surprise_083.mp4,du1L5um2mJ0_000072,surprise,end,low_resolution,4.03,low_resolution/surprise/surprise_083_2.jpg
angry_195.mp4,e11290ee485a88ea8e8e871b03abed0f,angry,start,low_resolution,1.41,low_resolution/angry/angry_195_1.jpg
angry_195.mp4,e11290ee485a88ea8e8e871b03abed0f,angry,end,low_resolution,7.36,low_resolution/angry/angry_195_2.jpg
happy_076.mp4,e1322334d4fad2fbae3c47d311c38642.mp4,happy,start,low_resolution,1.08,low_resolution/happy/happy_076_1.jpg
happy_076.mp4,e1322334d4fad2fbae3c47d311c38642.mp4,happy,end,low_resolution,3.67,low_resolution/happy/happy_076_2.jpg
fearful_162.mp4,e54dc2a8d6af11511b9f1ad4670744cd.mp4,fearful,start,low_resolution,0.87,low_resolution/fearful/fearful_162_1.jpg
fearful_162.mp4,e54dc2a8d6af11511b9f1ad4670744cd.mp4,fearful,end,low_resolution,1.93,low_resolution/fearful/fearful_162_2.jpg
surprise_084.mp4,eTMkaiRM1hM_000495,surprise,start,low_resolution,19.54,low_resolution/surprise/surprise_084_1.jpg
surprise_084.mp4,eTMkaiRM1hM_000495,surprise,end,low_resolution,18.27,low_resolution/surprise/surprise_084_2.jpg
happy_077.mp4,ec8d9c6e785bae16569049c870390204.mp4,happy,start,low_resolution,1.74,low_resolution/happy/happy_077_1.jpg
happy_077.mp4,ec8d9c6e785bae16569049c870390204.mp4,happy,end,low_resolution,2.11,low_resolution/happy/happy_077_2.jpg
angry_196.mov,energetic-dog-runs-through-snowy-winter-forest-2025-12-17-18-00-53-utc.mov,angry,start,high_resolution,0.58,high_resolution/angry/angry_196_1.jpg
angry_196.mov,energetic-dog-runs-through-snowy-winter-forest-2025-12-17-18-00-53-utc.mov,angry,end,high_resolution,12.11,high_resolution/angry/angry_196_2.jpg
surprise_085.mov,envato_0133ead1-ff64-4e42-bb1a-1b30de293bcf.mov,surprise,start,high_resolution,2.53,high_resolution/surprise/surprise_085_1.jpg
surprise_085.mov,envato_0133ead1-ff64-4e42-bb1a-1b30de293bcf.mov,surprise,end,high_resolution,3.08,high_resolution/surprise/surprise_085_2.jpg
sad_041.mov,envato_01c1c457-5a50-4150-afca-cb3e8e94f6af.mov,sad,start,high_resolution,5.52,high_resolution/sad/sad_041_1.jpg
sad_041.mov,envato_01c1c457-5a50-4150-afca-cb3e8e94f6af.mov,sad,end,high_resolution,7.25,high_resolution/sad/sad_041_2.jpg
sad_042.mov,envato_01c2d4d9-8aca-4437-a0e2-4d722104ace7.mov,sad,start,high_resolution,2.54,high_resolution/sad/sad_042_1.jpg
sad_042.mov,envato_01c2d4d9-8aca-4437-a0e2-4d722104ace7.mov,sad,end,high_resolution,19.45,high_resolution/sad/sad_042_2.jpg
surprise_086.mov,envato_0272e140-eaef-46b1-8c98-edea9a8bb0dc.mov,surprise,start,high_resolution,3.1,high_resolution/surprise/surprise_086_1.jpg
surprise_086.mov,envato_0272e140-eaef-46b1-8c98-edea9a8bb0dc.mov,surprise,end,high_resolution,4.23,high_resolution/surprise/surprise_086_2.jpg
surprise_087.mov,envato_036aaf7f-0ee1-4c57-8185-8d8a1b2bae29.mov,surprise,start,high_resolution,0.83,high_resolution/surprise/surprise_087_1.jpg
surprise_087.mov,envato_036aaf7f-0ee1-4c57-8185-8d8a1b2bae29.mov,surprise,end,high_resolution,1.66,high_resolution/surprise/surprise_087_2.jpg
surprise_088.mov,envato_05feccd9-4b8b-405b-b03a-0b6ee5af701e.mov,surprise,start,high_resolution,0.65,high_resolution/surprise/surprise_088_1.jpg
surprise_088.mov,envato_05feccd9-4b8b-405b-b03a-0b6ee5af701e.mov,surprise,end,high_resolution,1.93,high_resolution/surprise/surprise_088_2.jpg
sad_043.mov,envato_0752129b-3a90-4bba-a3df-2de72db3cfd9.mov,sad,start,high_resolution,2.18,high_resolution/sad/sad_043_1.jpg
sad_043.mov,envato_0752129b-3a90-4bba-a3df-2de72db3cfd9.mov,sad,end,high_resolution,4.79,high_resolution/sad/sad_043_2.jpg
surprise_089.mov,envato_09903ccd-dc74-4b80-8986-866c4a09ad26.mov,surprise,start,high_resolution,1.14,high_resolution/surprise/surprise_089_1.jpg
surprise_089.mov,envato_09903ccd-dc74-4b80-8986-866c4a09ad26.mov,surprise,end,high_resolution,2.06,high_resolution/surprise/surprise_089_2.jpg
surprise_090.mov,envato_0bb04d30-d890-42e6-b194-0c4b27a53574.mov,surprise,start,high_resolution,1.49,high_resolution/surprise/surprise_090_1.jpg
surprise_090.mov,envato_0bb04d30-d890-42e6-b194-0c4b27a53574.mov,surprise,end,high_resolution,2.0,high_resolution/surprise/surprise_090_2.jpg
sad_044.mov,envato_0cc64f97-5ce8-4350-8c14-4bdb2878bccb.mov,sad,start,high_resolution,0.86,high_resolution/sad/sad_044_1.jpg
sad_044.mov,envato_0cc64f97-5ce8-4350-8c14-4bdb2878bccb.mov,sad,end,high_resolution,1.86,high_resolution/sad/sad_044_2.jpg
surprise_091.mov,envato_0e622f0b-2cf7-492a-b34d-fd546c256c80.mov,surprise,start,high_resolution,1.1,high_resolution/surprise/surprise_091_1.jpg
surprise_091.mov,envato_0e622f0b-2cf7-492a-b34d-fd546c256c80.mov,surprise,end,high_resolution,1.91,high_resolution/surprise/surprise_091_2.jpg
happy_078.mov,envato_0f95f63c-8451-455a-b3da-779682e77fa7.mov,happy,start,high_resolution,0.77,high_resolution/happy/happy_078_1.jpg
happy_078.mov,envato_0f95f63c-8451-455a-b3da-779682e77fa7.mov,happy,end,high_resolution,2.17,high_resolution/happy/happy_078_2.jpg
sad_045.mov,envato_0fb1b254-55d9-48d2-86c8-81c7e9cc9e8e.mov,sad,start,high_resolution,2.83,high_resolution/sad/sad_045_1.jpg
sad_045.mov,envato_0fb1b254-55d9-48d2-86c8-81c7e9cc9e8e.mov,sad,end,high_resolution,5.09,high_resolution/sad/sad_045_2.jpg
sad_046.mov,envato_0fcb9b74-ceee-4dd2-a56c-5879c512efbb.mov,sad,start,high_resolution,1.05,high_resolution/sad/sad_046_1.jpg
sad_046.mov,envato_0fcb9b74-ceee-4dd2-a56c-5879c512efbb.mov,sad,end,high_resolution,2.18,high_resolution/sad/sad_046_2.jpg
sad_047.mov,envato_10b73747-a2a2-485c-a475-e31f05c79166.mov,sad,start,high_resolution,1.9,high_resolution/sad/sad_047_1.jpg
sad_047.mov,envato_10b73747-a2a2-485c-a475-e31f05c79166.mov,sad,end,high_resolution,3.87,high_resolution/sad/sad_047_2.jpg
happy_079.mov,envato_1122ff7d-1c31-4964-b1fb-882fd9fc0b68.mov,happy,start,high_resolution,1.14,high_resolution/happy/happy_079_1.jpg
happy_079.mov,envato_1122ff7d-1c31-4964-b1fb-882fd9fc0b68.mov,happy,end,high_resolution,2.43,high_resolution/happy/happy_079_2.jpg
sad_048.mov,envato_12607569-d6c7-49e6-920d-5ab5ebb4f775.mov,sad,start,high_resolution,4.33,high_resolution/sad/sad_048_1.jpg
sad_048.mov,envato_12607569-d6c7-49e6-920d-5ab5ebb4f775.mov,sad,end,high_resolution,5.76,high_resolution/sad/sad_048_2.jpg
sad_049.mov,envato_1280307e-7b3b-4515-85d4-157e7f397db0.mov,sad,start,high_resolution,2.53,high_resolution/sad/sad_049_1.jpg
sad_049.mov,envato_1280307e-7b3b-4515-85d4-157e7f397db0.mov,sad,end,high_resolution,3.66,high_resolution/sad/sad_049_2.jpg
happy_080.mov,envato_13586805-741f-409f-b9af-1f7ee0a711f3.mov,happy,start,high_resolution,17.53,high_resolution/happy/happy_080_1.jpg
happy_080.mov,envato_13586805-741f-409f-b9af-1f7ee0a711f3.mov,happy,end,high_resolution,19.61,high_resolution/happy/happy_080_2.jpg
sad_050.mov,envato_13bbbd4c-d90d-43db-b530-a6ec97ad87bc.mov,sad,start,high_resolution,5.73,high_resolution/sad/sad_050_1.jpg
sad_050.mov,envato_13bbbd4c-d90d-43db-b530-a6ec97ad87bc.mov,sad,end,high_resolution,7.78,high_resolution/sad/sad_050_2.jpg
happy_081.mov,envato_14144bc0-237b-4edf-9f91-1884582c49a9.mov,happy,start,high_resolution,1.47,high_resolution/happy/happy_081_1.jpg
happy_081.mov,envato_14144bc0-237b-4edf-9f91-1884582c49a9.mov,happy,end,high_resolution,2.43,high_resolution/happy/happy_081_2.jpg
sad_051.mov,envato_14c7c696-563c-47ef-b6fe-7eb24884b648.mov,sad,start,high_resolution,1.21,high_resolution/sad/sad_051_1.jpg
sad_051.mov,envato_14c7c696-563c-47ef-b6fe-7eb24884b648.mov,sad,end,high_resolution,3.18,high_resolution/sad/sad_051_2.jpg
sad_052.mov,envato_16427310-f4c3-48fe-927e-916a00c00a1d.mov,sad,start,high_resolution,2.16,high_resolution/sad/sad_052_1.jpg
sad_052.mov,envato_16427310-f4c3-48fe-927e-916a00c00a1d.mov,sad,end,high_resolution,3.5,high_resolution/sad/sad_052_2.jpg
happy_082.mov,envato_17ec85ff-0908-4104-93a2-c9c246e5df42.mov,happy,start,high_resolution,3.9,high_resolution/happy/happy_082_1.jpg
happy_082.mov,envato_17ec85ff-0908-4104-93a2-c9c246e5df42.mov,happy,end,high_resolution,5.34,high_resolution/happy/happy_082_2.jpg
sad_053.mov,envato_18d90258-fd28-46df-b347-ffa7b1a7597f.mov,sad,start,high_resolution,5.73,high_resolution/sad/sad_053_1.jpg
sad_053.mov,envato_18d90258-fd28-46df-b347-ffa7b1a7597f.mov,sad,end,high_resolution,7.09,high_resolution/sad/sad_053_2.jpg
happy_083.mov,envato_19bbd0ce-e22d-43d1-a5a2-58cfad6e8be9.mov,happy,start,high_resolution,5.9,high_resolution/happy/happy_083_1.jpg
happy_083.mov,envato_19bbd0ce-e22d-43d1-a5a2-58cfad6e8be9.mov,happy,end,high_resolution,7.35,high_resolution/happy/happy_083_2.jpg
sad_054.mov,envato_1abc3d25-2d61-4aeb-9018-db91981c47ce.mov,sad,start,high_resolution,0.59,high_resolution/sad/sad_054_1.jpg
sad_054.mov,envato_1abc3d25-2d61-4aeb-9018-db91981c47ce.mov,sad,end,high_resolution,2.39,high_resolution/sad/sad_054_2.jpg
sad_055.mov,envato_1b9ba49b-b5fc-4afc-a4f4-02425d1a53cf.mov,sad,start,high_resolution,1.44,high_resolution/sad/sad_055_1.jpg
sad_055.mov,envato_1b9ba49b-b5fc-4afc-a4f4-02425d1a53cf.mov,sad,end,high_resolution,2.92,high_resolution/sad/sad_055_2.jpg
sad_056.mov,envato_1ce0da72-050d-4ec7-8cc6-c1ea1b996b18.mov,sad,start,high_resolution,0.44,high_resolution/sad/sad_056_1.jpg
sad_056.mov,envato_1ce0da72-050d-4ec7-8cc6-c1ea1b996b18.mov,sad,end,high_resolution,4.16,high_resolution/sad/sad_056_2.jpg
sad_057.mov,envato_1f4e1739-1062-4550-be40-221b09897606.mov,sad,start,high_resolution,7.74,high_resolution/sad/sad_057_1.jpg
sad_057.mov,envato_1f4e1739-1062-4550-be40-221b09897606.mov,sad,end,high_resolution,8.82,high_resolution/sad/sad_057_2.jpg
surprise_092.mov,envato_1f9bf9fd-588d-4b1d-b836-5dca6f68e2a2.mov,surprise,start,high_resolution,1.12,high_resolution/surprise/surprise_092_1.jpg
surprise_092.mov,envato_1f9bf9fd-588d-4b1d-b836-5dca6f68e2a2.mov,surprise,end,high_resolution,2.73,high_resolution/surprise/surprise_092_2.jpg
sad_058.mov,envato_20e33d45-064a-408c-b8f3-c939e2a99d97.mov,sad,start,high_resolution,2.38,high_resolution/sad/sad_058_1.jpg
sad_058.mov,envato_20e33d45-064a-408c-b8f3-c939e2a99d97.mov,sad,end,high_resolution,4.85,high_resolution/sad/sad_058_2.jpg
sad_059.mov,envato_2160b580-2a09-49bd-992c-6ee37882efca.mov,sad,start,high_resolution,0.0,high_resolution/sad/sad_059_1.jpg
sad_059.mov,envato_2160b580-2a09-49bd-992c-6ee37882efca.mov,sad,end,high_resolution,3.32,high_resolution/sad/sad_059_2.jpg
happy_084.mov,envato_22b85d9b-e489-4fb0-a0d7-bc294ff31e3f.mov,happy,start,high_resolution,2.18,high_resolution/happy/happy_084_1.jpg
happy_084.mov,envato_22b85d9b-e489-4fb0-a0d7-bc294ff31e3f.mov,happy,end,high_resolution,4.86,high_resolution/happy/happy_084_2.jpg
happy_085.mov,envato_2378371b-d34d-4c05-9db7-8406b41d01c4.mov,happy,start,high_resolution,3.81,high_resolution/happy/happy_085_1.jpg
happy_085.mov,envato_2378371b-d34d-4c05-9db7-8406b41d01c4.mov,happy,end,high_resolution,8.5,high_resolution/happy/happy_085_2.jpg
sad_060.mov,envato_25faa05f-202f-47f3-b6f8-2cffec83fa78.mov,sad,start,high_resolution,0.73,high_resolution/sad/sad_060_1.jpg
sad_060.mov,envato_25faa05f-202f-47f3-b6f8-2cffec83fa78.mov,sad,end,high_resolution,3.16,high_resolution/sad/sad_060_2.jpg
happy_086.mov,envato_26448c4c-26b5-4148-90ac-18fd6759f61f.mov,happy,start,high_resolution,2.11,high_resolution/happy/happy_086_1.jpg
happy_086.mov,envato_26448c4c-26b5-4148-90ac-18fd6759f61f.mov,happy,end,high_resolution,4.26,high_resolution/happy/happy_086_2.jpg
happy_087.mov,envato_271173e5-d74b-464a-ab3b-bf37b1c3e4f9.mov,happy,start,high_resolution,1.56,high_resolution/happy/happy_087_1.jpg
happy_087.mov,envato_271173e5-d74b-464a-ab3b-bf37b1c3e4f9.mov,happy,end,high_resolution,7.46,high_resolution/happy/happy_087_2.jpg
happy_088.mov,envato_2b6a37b7-c507-45dd-82fa-9851b8791e8f.mov,happy,start,high_resolution,4.6,high_resolution/happy/happy_088_1.jpg
happy_088.mov,envato_2b6a37b7-c507-45dd-82fa-9851b8791e8f.mov,happy,end,high_resolution,5.22,high_resolution/happy/happy_088_2.jpg
surprise_093.mov,envato_3188d7b5-09c4-4efe-838a-8fa87adb0a36.mov,surprise,start,high_resolution,0.91,high_resolution/surprise/surprise_093_1.jpg
surprise_093.mov,envato_3188d7b5-09c4-4efe-838a-8fa87adb0a36.mov,surprise,end,high_resolution,1.74,high_resolution/surprise/surprise_093_2.jpg
happy_089.mov,envato_326b318a-d144-4693-be6c-348972ef4fd3.mov,happy,start,high_resolution,1.96,high_resolution/happy/happy_089_1.jpg
happy_089.mov,envato_326b318a-d144-4693-be6c-348972ef4fd3.mov,happy,end,high_resolution,3.22,high_resolution/happy/happy_089_2.jpg
surprise_094.mov,envato_339ec075-820e-4e36-b72a-6ccd58adead6.mov,surprise,start,high_resolution,4.4,high_resolution/surprise/surprise_094_1.jpg
surprise_094.mov,envato_339ec075-820e-4e36-b72a-6ccd58adead6.mov,surprise,end,high_resolution,4.88,high_resolution/surprise/surprise_094_2.jpg
surprise_095.mov,envato_388dc480-cd81-4527-a980-7611d40835a3.mov,surprise,start,high_resolution,2.55,high_resolution/surprise/surprise_095_1.jpg
surprise_095.mov,envato_388dc480-cd81-4527-a980-7611d40835a3.mov,surprise,end,high_resolution,3.9,high_resolution/surprise/surprise_095_2.jpg
sad_061.mov,envato_391b8794-116b-4974-8842-e5b33f54753e.mov,sad,start,high_resolution,2.97,high_resolution/sad/sad_061_1.jpg
sad_061.mov,envato_391b8794-116b-4974-8842-e5b33f54753e.mov,sad,end,high_resolution,4.85,high_resolution/sad/sad_061_2.jpg
sad_062.mov,envato_3a0bd452-02f0-4dc0-9015-ecf4621bc38d.mov,sad,start,high_resolution,0.76,high_resolution/sad/sad_062_1.jpg
sad_062.mov,envato_3a0bd452-02f0-4dc0-9015-ecf4621bc38d.mov,sad,end,high_resolution,2.78,high_resolution/sad/sad_062_2.jpg
happy_090.mov,envato_3e277546-4ce0-4ec8-a6ef-8a81ed7b89b8.mov,happy,start,high_resolution,3.2,high_resolution/happy/happy_090_1.jpg
happy_090.mov,envato_3e277546-4ce0-4ec8-a6ef-8a81ed7b89b8.mov,happy,end,high_resolution,4.98,high_resolution/happy/happy_090_2.jpg
happy_091.mov,envato_3fcdbe91-dfde-4943-b17a-2c6ca63eb96f.mov,happy,start,high_resolution,0.59,high_resolution/happy/happy_091_1.jpg
happy_091.mov,envato_3fcdbe91-dfde-4943-b17a-2c6ca63eb96f.mov,happy,end,high_resolution,1.73,high_resolution/happy/happy_091_2.jpg
happy_092.mov,envato_4247346e-c0bd-4ff7-92cc-e50fa2fdc8df.mov,happy,start,high_resolution,1.12,high_resolution/happy/happy_092_1.jpg
happy_092.mov,envato_4247346e-c0bd-4ff7-92cc-e50fa2fdc8df.mov,happy,end,high_resolution,2.66,high_resolution/happy/happy_092_2.jpg
happy_093.mov,envato_42c3ed26-088f-496c-9817-3b2d42a5957d.mov,happy,start,high_resolution,1.97,high_resolution/happy/happy_093_1.jpg
happy_093.mov,envato_42c3ed26-088f-496c-9817-3b2d42a5957d.mov,happy,end,high_resolution,3.65,high_resolution/happy/happy_093_2.jpg
sad_063.mov,envato_44f64210-e348-40ad-a519-b87521c445fd.mov,sad,start,high_resolution,1.43,high_resolution/sad/sad_063_1.jpg
sad_063.mov,envato_44f64210-e348-40ad-a519-b87521c445fd.mov,sad,end,high_resolution,2.98,high_resolution/sad/sad_063_2.jpg
sad_064.mov,envato_452f49a6-e169-4c8a-8117-72602bb41147.mov,sad,start,high_resolution,4.05,high_resolution/sad/sad_064_1.jpg
sad_064.mov,envato_452f49a6-e169-4c8a-8117-72602bb41147.mov,sad,end,high_resolution,4.75,high_resolution/sad/sad_064_2.jpg
happy_094.mov,envato_4551d1d3-dc76-4a48-8466-364635036762.mov,happy,start,high_resolution,0.6,high_resolution/happy/happy_094_1.jpg
happy_094.mov,envato_4551d1d3-dc76-4a48-8466-364635036762.mov,happy,end,high_resolution,2.49,high_resolution/happy/happy_094_2.jpg
sad_065.mov,envato_49533fbc-463a-42cc-b246-12230fecf002.mov,sad,start,high_resolution,0.71,high_resolution/sad/sad_065_1.jpg
sad_065.mov,envato_49533fbc-463a-42cc-b246-12230fecf002.mov,sad,end,high_resolution,3.09,high_resolution/sad/sad_065_2.jpg
surprise_096.mov,envato_4b8f56ef-c86b-4b7d-8674-012e546afecb.mov,surprise,start,high_resolution,1.66,high_resolution/surprise/surprise_096_1.jpg
surprise_096.mov,envato_4b8f56ef-c86b-4b7d-8674-012e546afecb.mov,surprise,end,high_resolution,2.14,high_resolution/surprise/surprise_096_2.jpg
sad_066.mov,envato_4ccc32e9-79e4-404d-8fc7-f9bf9aaab709.mov,sad,start,high_resolution,0.82,high_resolution/sad/sad_066_1.jpg
sad_066.mov,envato_4ccc32e9-79e4-404d-8fc7-f9bf9aaab709.mov,sad,end,high_resolution,2.22,high_resolution/sad/sad_066_2.jpg
happy_095.mov,envato_4d0a4ba4-c92c-48d2-9887-ba104caea844.mov,happy,start,high_resolution,2.03,high_resolution/happy/happy_095_1.jpg
happy_095.mov,envato_4d0a4ba4-c92c-48d2-9887-ba104caea844.mov,happy,end,high_resolution,3.46,high_resolution/happy/happy_095_2.jpg
happy_096.mov,envato_4d21933f-88de-484a-9557-afe21887aba3.mov,happy,start,high_resolution,6.69,high_resolution/happy/happy_096_1.jpg
happy_096.mov,envato_4d21933f-88de-484a-9557-afe21887aba3.mov,happy,end,high_resolution,7.74,high_resolution/happy/happy_096_2.jpg
happy_097.mov,envato_4e800269-4241-4b55-8b8d-f38984347e42.mov,happy,start,high_resolution,0.94,high_resolution/happy/happy_097_1.jpg
happy_097.mov,envato_4e800269-4241-4b55-8b8d-f38984347e42.mov,happy,end,high_resolution,6.88,high_resolution/happy/happy_097_2.jpg
sad_067.mov,envato_4fd229fd-edab-487a-a305-61341df0759a.mov,sad,start,high_resolution,1.1,high_resolution/sad/sad_067_1.jpg
sad_067.mov,envato_4fd229fd-edab-487a-a305-61341df0759a.mov,sad,end,high_resolution,2.33,high_resolution/sad/sad_067_2.jpg
happy_098.mov,envato_4fd27b0f-3dde-413c-a6ca-73bcb7304d3a.mov,happy,start,high_resolution,0.53,high_resolution/happy/happy_098_1.jpg
happy_098.mov,envato_4fd27b0f-3dde-413c-a6ca-73bcb7304d3a.mov,happy,end,high_resolution,1.02,high_resolution/happy/happy_098_2.jpg
sad_068.mov,envato_51c27d5f-9c5c-4af8-a161-c52810f7d76c.mov,sad,start,high_resolution,1.12,high_resolution/sad/sad_068_1.jpg
sad_068.mov,envato_51c27d5f-9c5c-4af8-a161-c52810f7d76c.mov,sad,end,high_resolution,2.09,high_resolution/sad/sad_068_2.jpg
surprise_097.mov,envato_55667d44-ad52-4bfe-adbd-0ab94a03b4da.mov,surprise,start,high_resolution,1.82,high_resolution/surprise/surprise_097_1.jpg
surprise_097.mov,envato_55667d44-ad52-4bfe-adbd-0ab94a03b4da.mov,surprise,end,high_resolution,2.54,high_resolution/surprise/surprise_097_2.jpg
happy_099.mov,envato_56bfc164-f2fa-425a-9989-7356a5a0a01f.mov,happy,start,high_resolution,6.54,high_resolution/happy/happy_099_1.jpg
happy_099.mov,envato_56bfc164-f2fa-425a-9989-7356a5a0a01f.mov,happy,end,high_resolution,6.96,high_resolution/happy/happy_099_2.jpg
happy_100.mov,envato_596aa4c6-56b0-45d0-b585-e6975f9daebb.mov,happy,start,high_resolution,4.7,high_resolution/happy/happy_100_1.jpg
happy_100.mov,envato_596aa4c6-56b0-45d0-b585-e6975f9daebb.mov,happy,end,high_resolution,6.4,high_resolution/happy/happy_100_2.jpg
sad_069.mov,envato_5dac70c9-bacc-4848-8ea3-33db9862b8de.mov,sad,start,high_resolution,4.94,high_resolution/sad/sad_069_1.jpg
sad_069.mov,envato_5dac70c9-bacc-4848-8ea3-33db9862b8de.mov,sad,end,high_resolution,5.91,high_resolution/sad/sad_069_2.jpg
sad_070.mov,envato_5f3b0002-140e-4840-8ad9-c0ce11d971b2.mov,sad,start,high_resolution,1.29,high_resolution/sad/sad_070_1.jpg
sad_070.mov,envato_5f3b0002-140e-4840-8ad9-c0ce11d971b2.mov,sad,end,high_resolution,4.85,high_resolution/sad/sad_070_2.jpg
happy_101.mov,envato_61c63077-e73c-4c07-a3e6-004dc18ff6d2.mov,happy,start,high_resolution,0.87,high_resolution/happy/happy_101_1.jpg
happy_101.mov,envato_61c63077-e73c-4c07-a3e6-004dc18ff6d2.mov,happy,end,high_resolution,2.98,high_resolution/happy/happy_101_2.jpg
sad_071.mov,envato_6225805e-7d21-4f03-913d-9bd252faa297.mov,sad,start,high_resolution,4.27,high_resolution/sad/sad_071_1.jpg
sad_071.mov,envato_6225805e-7d21-4f03-913d-9bd252faa297.mov,sad,end,high_resolution,5.69,high_resolution/sad/sad_071_2.jpg
sad_072.mov,envato_65b10528-295a-4e92-8bdc-b35f0835b36a.mov,sad,start,high_resolution,0.75,high_resolution/sad/sad_072_1.jpg
sad_072.mov,envato_65b10528-295a-4e92-8bdc-b35f0835b36a.mov,sad,end,high_resolution,2.26,high_resolution/sad/sad_072_2.jpg
happy_102.mov,envato_6926d647-f2a8-443e-ab3c-fe9d5abee5d1.mov,happy,start,high_resolution,2.37,high_resolution/happy/happy_102_1.jpg
happy_102.mov,envato_6926d647-f2a8-443e-ab3c-fe9d5abee5d1.mov,happy,end,high_resolution,3.69,high_resolution/happy/happy_102_2.jpg
sad_073.mov,envato_6baa5350-363e-4d82-b75e-03921ca33273.mov,sad,start,high_resolution,0.61,high_resolution/sad/sad_073_1.jpg
sad_073.mov,envato_6baa5350-363e-4d82-b75e-03921ca33273.mov,sad,end,high_resolution,2.12,high_resolution/sad/sad_073_2.jpg
surprise_098.mov,envato_6e00ea66-dce7-49e9-8f46-3e1b5c341760.mov,surprise,start,high_resolution,1.25,high_resolution/surprise/surprise_098_1.jpg
surprise_098.mov,envato_6e00ea66-dce7-49e9-8f46-3e1b5c341760.mov,surprise,end,high_resolution,1.77,high_resolution/surprise/surprise_098_2.jpg
sad_074.mov,envato_6fa6320e-c8b5-43d0-988b-16396ce9eb7f.mov,sad,start,high_resolution,1.09,high_resolution/sad/sad_074_1.jpg
surprise_099.mov,envato_718bb7d4-8a8d-4cab-8f8d-17d6424ae386.mov,surprise,start,high_resolution,1.62,high_resolution/surprise/surprise_099_1.jpg
surprise_099.mov,envato_718bb7d4-8a8d-4cab-8f8d-17d6424ae386.mov,surprise,end,high_resolution,3.69,high_resolution/surprise/surprise_099_2.jpg
happy_103.mov,envato_72ba0247-bbce-484e-88d7-0941d47ac426.mov,happy,start,high_resolution,0.92,high_resolution/happy/happy_103_1.jpg
happy_103.mov,envato_72ba0247-bbce-484e-88d7-0941d47ac426.mov,happy,end,high_resolution,13.54,high_resolution/happy/happy_103_2.jpg
sad_075.mov,envato_730aef1e-8b01-4f6e-b0d0-ab07347509f5.mov,sad,start,high_resolution,1.11,high_resolution/sad/sad_075_1.jpg
sad_075.mov,envato_730aef1e-8b01-4f6e-b0d0-ab07347509f5.mov,sad,end,high_resolution,5.12,high_resolution/sad/sad_075_2.jpg
happy_104.mov,envato_7429eb4d-053c-4ed8-a28f-95ee2ed33c3b.mov,happy,start,high_resolution,1.71,high_resolution/happy/happy_104_1.jpg
happy_104.mov,envato_7429eb4d-053c-4ed8-a28f-95ee2ed33c3b.mov,happy,end,high_resolution,3.23,high_resolution/happy/happy_104_2.jpg
surprise_100.mov,envato_74fdf482-a1c3-417b-8784-89a8d6fca4c7.mov,surprise,start,high_resolution,2.16,high_resolution/surprise/surprise_100_1.jpg
surprise_100.mov,envato_74fdf482-a1c3-417b-8784-89a8d6fca4c7.mov,surprise,end,high_resolution,2.92,high_resolution/surprise/surprise_100_2.jpg
sad_076.mov,envato_75f93573-2390-4633-84a7-6f42455f4001.mov,sad,start,high_resolution,1.35,high_resolution/sad/sad_076_1.jpg
sad_076.mov,envato_75f93573-2390-4633-84a7-6f42455f4001.mov,sad,end,high_resolution,2.61,high_resolution/sad/sad_076_2.jpg
surprise_101.mov,envato_77851635-e7fa-4156-9746-ba74816fd81d.mov,surprise,start,high_resolution,2.14,high_resolution/surprise/surprise_101_1.jpg
surprise_101.mov,envato_77851635-e7fa-4156-9746-ba74816fd81d.mov,surprise,end,high_resolution,2.87,high_resolution/surprise/surprise_101_2.jpg
sad_077.mov,envato_7902b3cd-ba84-4930-91be-207a6e827bb4.mov,sad,start,high_resolution,2.67,high_resolution/sad/sad_077_1.jpg
sad_077.mov,envato_7902b3cd-ba84-4930-91be-207a6e827bb4.mov,sad,end,high_resolution,7.28,high_resolution/sad/sad_077_2.jpg
surprise_102.mov,envato_79a07d43-3c1a-4a78-b871-e2c537e08579.mov,surprise,start,high_resolution,1.24,high_resolution/surprise/surprise_102_1.jpg
surprise_102.mov,envato_79a07d43-3c1a-4a78-b871-e2c537e08579.mov,surprise,end,high_resolution,1.97,high_resolution/surprise/surprise_102_2.jpg
sad_078.mov,envato_7be3aa37-24b0-4ef4-9635-0abb7e914474.mov,sad,start,high_resolution,1.01,high_resolution/sad/sad_078_1.jpg
sad_078.mov,envato_7be3aa37-24b0-4ef4-9635-0abb7e914474.mov,sad,end,high_resolution,2.23,high_resolution/sad/sad_078_2.jpg
surprise_103.mov,envato_7c59f5be-3bf7-4407-a425-8cb756ef8690.mov,surprise,start,high_resolution,12.96,high_resolution/surprise/surprise_103_1.jpg
surprise_103.mov,envato_7c59f5be-3bf7-4407-a425-8cb756ef8690.mov,surprise,end,high_resolution,13.99,high_resolution/surprise/surprise_103_2.jpg
surprise_104.mov,envato_7c92d257-1ce6-4df9-9abe-f8697e87e8b7.mov,surprise,start,high_resolution,1.22,high_resolution/surprise/surprise_104_1.jpg
surprise_104.mov,envato_7c92d257-1ce6-4df9-9abe-f8697e87e8b7.mov,surprise,end,high_resolution,2.47,high_resolution/surprise/surprise_104_2.jpg
happy_105.mov,envato_7d1d3d08-2352-46c9-9468-47c6ebfbb631.mov,happy,start,high_resolution,1.38,high_resolution/happy/happy_105_1.jpg
happy_105.mov,envato_7d1d3d08-2352-46c9-9468-47c6ebfbb631.mov,happy,end,high_resolution,3.0,high_resolution/happy/happy_105_2.jpg
surprise_105.mov,envato_7d200502-71e9-4290-9313-8c2bf1c02d43.mov,surprise,start,high_resolution,1.97,high_resolution/surprise/surprise_105_1.jpg
surprise_105.mov,envato_7d200502-71e9-4290-9313-8c2bf1c02d43.mov,surprise,end,high_resolution,3.3,high_resolution/surprise/surprise_105_2.jpg
sad_079.mov,envato_809f683c-2020-465b-a506-ee4837aa20f8.mov,sad,start,high_resolution,0.83,high_resolution/sad/sad_079_1.jpg
sad_079.mov,envato_809f683c-2020-465b-a506-ee4837aa20f8.mov,sad,end,high_resolution,2.25,high_resolution/sad/sad_079_2.jpg
happy_106.mov,envato_83341692-5843-4cd5-b278-0347c7edbdc9.mov,happy,start,high_resolution,0.96,high_resolution/happy/happy_106_1.jpg
happy_106.mov,envato_83341692-5843-4cd5-b278-0347c7edbdc9.mov,happy,end,high_resolution,2.98,high_resolution/happy/happy_106_2.jpg
sad_080.mov,envato_83ed6478-05d5-4fb7-806b-b8cfb7b54e10.mov,sad,start,high_resolution,27.47,high_resolution/sad/sad_080_1.jpg
sad_080.mov,envato_83ed6478-05d5-4fb7-806b-b8cfb7b54e10.mov,sad,end,high_resolution,28.72,high_resolution/sad/sad_080_2.jpg
happy_107.mov,envato_84d233eb-b79a-4801-8d32-6d064f9d58cf.mov,happy,start,high_resolution,0.94,high_resolution/happy/happy_107_1.jpg
happy_107.mov,envato_84d233eb-b79a-4801-8d32-6d064f9d58cf.mov,happy,end,high_resolution,2.0,high_resolution/happy/happy_107_2.jpg
sad_081.mov,envato_8645e180-10ec-42f9-9ecf-1071965ce887.mov,sad,start,high_resolution,5.0,high_resolution/sad/sad_081_1.jpg
sad_081.mov,envato_8645e180-10ec-42f9-9ecf-1071965ce887.mov,sad,end,high_resolution,12.98,high_resolution/sad/sad_081_2.jpg
happy_108.mov,envato_88556153-1ebc-400a-afc3-c45e40f0e95e.mov,happy,start,high_resolution,1.02,high_resolution/happy/happy_108_1.jpg
happy_108.mov,envato_88556153-1ebc-400a-afc3-c45e40f0e95e.mov,happy,end,high_resolution,1.95,high_resolution/happy/happy_108_2.jpg
happy_109.mov,envato_88afeb11-0cf4-4881-9135-0c4301d1ac79.mov,happy,start,high_resolution,1.8,high_resolution/happy/happy_109_1.jpg
happy_109.mov,envato_88afeb11-0cf4-4881-9135-0c4301d1ac79.mov,happy,end,high_resolution,3.14,high_resolution/happy/happy_109_2.jpg
sad_082.mov,envato_8a953586-f74c-4cae-8f25-eb827ab7ade5.mov,sad,start,high_resolution,3.84,high_resolution/sad/sad_082_1.jpg
sad_082.mov,envato_8a953586-f74c-4cae-8f25-eb827ab7ade5.mov,sad,end,high_resolution,4.87,high_resolution/sad/sad_082_2.jpg
happy_110.mov,envato_9074c997-1bc4-4830-b0c7-9ea9bda61941.mov,happy,start,high_resolution,7.87,high_resolution/happy/happy_110_1.jpg
happy_110.mov,envato_9074c997-1bc4-4830-b0c7-9ea9bda61941.mov,happy,end,high_resolution,11.67,high_resolution/happy/happy_110_2.jpg
happy_111.mov,envato_91437015-44c5-4791-bad5-f08aaddcf5d6.mov,happy,start,high_resolution,0.52,high_resolution/happy/happy_111_1.jpg
happy_111.mov,envato_91437015-44c5-4791-bad5-f08aaddcf5d6.mov,happy,end,high_resolution,1.66,high_resolution/happy/happy_111_2.jpg
happy_112.mov,envato_91b4663c-8be4-4d0c-8dad-de88d176f393.mov,happy,start,high_resolution,10.74,high_resolution/happy/happy_112_1.jpg
happy_112.mov,envato_91b4663c-8be4-4d0c-8dad-de88d176f393.mov,happy,end,high_resolution,15.34,high_resolution/happy/happy_112_2.jpg
surprise_106.mov,envato_94d77a93-3c5a-4c19-ad5e-7003e8d82ae0.mov,surprise,start,high_resolution,5.21,high_resolution/surprise/surprise_106_1.jpg
surprise_106.mov,envato_94d77a93-3c5a-4c19-ad5e-7003e8d82ae0.mov,surprise,end,high_resolution,6.24,high_resolution/surprise/surprise_106_2.jpg
happy_113.mov,envato_9507be66-dbbd-4a7b-b972-e36558c22cf5.mov,happy,start,high_resolution,0.85,high_resolution/happy/happy_113_1.jpg
happy_113.mov,envato_9507be66-dbbd-4a7b-b972-e36558c22cf5.mov,happy,end,high_resolution,2.89,high_resolution/happy/happy_113_2.jpg
surprise_107.mov,envato_95a75086-7a9a-458e-9766-aef33aa53bad.mov,surprise,start,high_resolution,2.54,high_resolution/surprise/surprise_107_1.jpg
surprise_107.mov,envato_95a75086-7a9a-458e-9766-aef33aa53bad.mov,surprise,end,high_resolution,3.65,high_resolution/surprise/surprise_107_2.jpg
happy_114.mov,envato_994a83ce-38a0-4ca3-a084-527e99bb662d.mov,happy,start,high_resolution,1.74,high_resolution/happy/happy_114_1.jpg
happy_114.mov,envato_994a83ce-38a0-4ca3-a084-527e99bb662d.mov,happy,end,high_resolution,3.02,high_resolution/happy/happy_114_2.jpg
sad_083.mov,envato_996f0a3a-a5d8-43d5-a494-11bd2d6b159b.mov,sad,start,high_resolution,1.73,high_resolution/sad/sad_083_1.jpg
sad_083.mov,envato_996f0a3a-a5d8-43d5-a494-11bd2d6b159b.mov,sad,end,high_resolution,3.94,high_resolution/sad/sad_083_2.jpg
sad_084.mov,envato_9aea3dda-9209-4b76-b14f-81cc81e05239.mov,sad,start,high_resolution,1.05,high_resolution/sad/sad_084_1.jpg
sad_084.mov,envato_9aea3dda-9209-4b76-b14f-81cc81e05239.mov,sad,end,high_resolution,9.53,high_resolution/sad/sad_084_2.jpg
sad_085.mov,envato_9c58ada9-de63-4b9f-abdc-9333a44ba85f.mov,sad,start,high_resolution,1.02,high_resolution/sad/sad_085_1.jpg
sad_085.mov,envato_9c58ada9-de63-4b9f-abdc-9333a44ba85f.mov,sad,end,high_resolution,2.8,high_resolution/sad/sad_085_2.jpg
sad_086.mov,envato_9e231b98-67b0-4d55-8ca0-d29ab4475318.mov,sad,start,high_resolution,2.0,high_resolution/sad/sad_086_1.jpg
sad_086.mov,envato_9e231b98-67b0-4d55-8ca0-d29ab4475318.mov,sad,end,high_resolution,6.48,high_resolution/sad/sad_086_2.jpg
surprise_108.mov,envato_9e3ba511-e803-424a-abde-dff2f2d59fc9.mov,surprise,start,high_resolution,2.75,high_resolution/surprise/surprise_108_1.jpg
surprise_108.mov,envato_9e3ba511-e803-424a-abde-dff2f2d59fc9.mov,surprise,end,high_resolution,3.63,high_resolution/surprise/surprise_108_2.jpg
happy_115.mov,envato_a197dee2-2702-4b68-b188-ee3fe097521a.mov,happy,start,high_resolution,1.19,high_resolution/happy/happy_115_1.jpg
happy_115.mov,envato_a197dee2-2702-4b68-b188-ee3fe097521a.mov,happy,end,high_resolution,2.59,high_resolution/happy/happy_115_2.jpg
sad_087.mov,envato_a3dfee01-32ce-4297-a991-ff36093f9c6b.mov,sad,start,high_resolution,0.45,high_resolution/sad/sad_087_1.jpg
sad_087.mov,envato_a3dfee01-32ce-4297-a991-ff36093f9c6b.mov,sad,end,high_resolution,1.72,high_resolution/sad/sad_087_2.jpg
happy_116.mov,envato_a4442b87-94a2-4296-a9ed-f1939ef1b714.mov,happy,start,high_resolution,2.62,high_resolution/happy/happy_116_1.jpg
happy_116.mov,envato_a4442b87-94a2-4296-a9ed-f1939ef1b714.mov,happy,end,high_resolution,4.84,high_resolution/happy/happy_116_2.jpg
sad_088.mov,envato_a679c67f-f620-4f2d-b125-31723b90ba49.mov,sad,start,high_resolution,5.58,high_resolution/sad/sad_088_1.jpg
sad_088.mov,envato_a679c67f-f620-4f2d-b125-31723b90ba49.mov,sad,end,high_resolution,8.79,high_resolution/sad/sad_088_2.jpg
sad_089.mov,envato_a6aec701-de37-4653-bc7c-073304b472d1.mov,sad,start,high_resolution,1.61,high_resolution/sad/sad_089_1.jpg
sad_089.mov,envato_a6aec701-de37-4653-bc7c-073304b472d1.mov,sad,end,high_resolution,4.02,high_resolution/sad/sad_089_2.jpg
sad_090.mov,envato_a72ed03e-ac40-4d42-af59-b2f0003627ef.mov,sad,start,high_resolution,1.1,high_resolution/sad/sad_090_1.jpg
sad_090.mov,envato_a72ed03e-ac40-4d42-af59-b2f0003627ef.mov,sad,end,high_resolution,1.99,high_resolution/sad/sad_090_2.jpg
happy_117.mov,envato_a8ba18ac-4888-446f-af9e-e848b2929d66.mov,happy,start,high_resolution,1.03,high_resolution/happy/happy_117_1.jpg
happy_117.mov,envato_a8ba18ac-4888-446f-af9e-e848b2929d66.mov,happy,end,high_resolution,2.09,high_resolution/happy/happy_117_2.jpg
happy_118.mov,envato_a8c3a692-f76a-4520-b0f1-4a93c3b275a8.mov,happy,start,high_resolution,1.87,high_resolution/happy/happy_118_1.jpg
happy_118.mov,envato_a8c3a692-f76a-4520-b0f1-4a93c3b275a8.mov,happy,end,high_resolution,3.18,high_resolution/happy/happy_118_2.jpg
happy_119.mov,envato_a8ea6d87-f668-4574-a8e4-aafe1e2b3782.mov,happy,start,high_resolution,3.0,high_resolution/happy/happy_119_1.jpg
happy_119.mov,envato_a8ea6d87-f668-4574-a8e4-aafe1e2b3782.mov,happy,end,high_resolution,6.53,high_resolution/happy/happy_119_2.jpg
sad_091.mov,envato_a9a6cc51-e00e-46b7-8148-e0213267ca1d.mov,sad,start,high_resolution,1.06,high_resolution/sad/sad_091_1.jpg
sad_091.mov,envato_a9a6cc51-e00e-46b7-8148-e0213267ca1d.mov,sad,end,high_resolution,4.86,high_resolution/sad/sad_091_2.jpg
sad_092.mov,envato_ab556e92-d85e-4baa-9685-ce0bb6465a25.mov,sad,start,high_resolution,1.18,high_resolution/sad/sad_092_1.jpg
sad_092.mov,envato_ab556e92-d85e-4baa-9685-ce0bb6465a25.mov,sad,end,high_resolution,2.42,high_resolution/sad/sad_092_2.jpg
sad_093.mov,envato_abf55486-c8cf-4c48-bb5e-7cefa4afa2dd.mov,sad,start,high_resolution,0.58,high_resolution/sad/sad_093_1.jpg
sad_093.mov,envato_abf55486-c8cf-4c48-bb5e-7cefa4afa2dd.mov,sad,end,high_resolution,6.45,high_resolution/sad/sad_093_2.jpg
sad_094.mov,envato_ac853fe5-bfed-4c00-9fe5-618c8d9c6ccb.mov,sad,start,high_resolution,0.91,high_resolution/sad/sad_094_1.jpg
sad_094.mov,envato_ac853fe5-bfed-4c00-9fe5-618c8d9c6ccb.mov,sad,end,high_resolution,3.38,high_resolution/sad/sad_094_2.jpg
sad_095.mov,envato_ad82e109-a35b-4346-bd2c-4a22fcaedf00.mov,sad,start,high_resolution,1.13,high_resolution/sad/sad_095_1.jpg
sad_095.mov,envato_ad82e109-a35b-4346-bd2c-4a22fcaedf00.mov,sad,end,high_resolution,3.45,high_resolution/sad/sad_095_2.jpg
sad_096.mov,envato_adb0f51c-2879-4069-9a9a-179d41d28e32.mov,sad,start,high_resolution,1.82,high_resolution/sad/sad_096_1.jpg
sad_096.mov,envato_adb0f51c-2879-4069-9a9a-179d41d28e32.mov,sad,end,high_resolution,3.81,high_resolution/sad/sad_096_2.jpg
sad_097.mov,envato_adb8fcf5-5871-477a-a6ac-8dd4a46fcd1e.mov,sad,start,high_resolution,0.0,high_resolution/sad/sad_097_1.jpg
sad_097.mov,envato_adb8fcf5-5871-477a-a6ac-8dd4a46fcd1e.mov,sad,end,high_resolution,2.71,high_resolution/sad/sad_097_2.jpg
happy_120.mov,envato_aed765eb-1980-48a0-990f-033db7184249.mov,happy,start,high_resolution,1.04,high_resolution/happy/happy_120_1.jpg
happy_120.mov,envato_aed765eb-1980-48a0-990f-033db7184249.mov,happy,end,high_resolution,3.89,high_resolution/happy/happy_120_2.jpg
sad_098.mov,envato_b3116463-bebb-406e-ac05-827f3df07426.mov,sad,start,high_resolution,8.33,high_resolution/sad/sad_098_1.jpg
sad_098.mov,envato_b3116463-bebb-406e-ac05-827f3df07426.mov,sad,end,high_resolution,10.3,high_resolution/sad/sad_098_2.jpg
happy_121.mov,envato_b3a2e965-3c3a-4f24-8ed1-fc732dfebedb.mov,happy,start,high_resolution,1.14,high_resolution/happy/happy_121_1.jpg
happy_121.mov,envato_b3a2e965-3c3a-4f24-8ed1-fc732dfebedb.mov,happy,end,high_resolution,2.44,high_resolution/happy/happy_121_2.jpg
sad_099.mov,envato_b852d1e9-20f7-4be3-8732-8f2e32ff490e.mov,sad,start,high_resolution,5.58,high_resolution/sad/sad_099_1.jpg
sad_099.mov,envato_b852d1e9-20f7-4be3-8732-8f2e32ff490e.mov,sad,end,high_resolution,7.16,high_resolution/sad/sad_099_2.jpg
sad_100.mov,envato_b88dc948-96e7-492b-a8ef-862879492824.mov,sad,start,high_resolution,0.6,high_resolution/sad/sad_100_1.jpg
sad_100.mov,envato_b88dc948-96e7-492b-a8ef-862879492824.mov,sad,end,high_resolution,2.16,high_resolution/sad/sad_100_2.jpg
happy_122.mov,envato_ba7217f3-93aa-4af1-80ec-60b190689ec5.mov,happy,start,high_resolution,9.0,high_resolution/happy/happy_122_1.jpg
happy_122.mov,envato_ba7217f3-93aa-4af1-80ec-60b190689ec5.mov,happy,end,high_resolution,9.96,high_resolution/happy/happy_122_2.jpg
happy_123.mov,envato_ba93b916-dade-4151-9c0a-1b6463efa203.mov,happy,start,high_resolution,1.1,high_resolution/happy/happy_123_1.jpg
happy_123.mov,envato_ba93b916-dade-4151-9c0a-1b6463efa203.mov,happy,end,high_resolution,5.86,high_resolution/happy/happy_123_2.jpg
happy_124.mov,envato_bb4b2fdd-91d3-4b5f-a177-6cc1ebbf05e7.mov,happy,start,high_resolution,1.21,high_resolution/happy/happy_124_1.jpg
happy_124.mov,envato_bb4b2fdd-91d3-4b5f-a177-6cc1ebbf05e7.mov,happy,end,high_resolution,6.45,high_resolution/happy/happy_124_2.jpg
happy_125.mov,envato_bc5d5221-c9d5-418b-92b5-7bfeb238b6bd.mov,happy,start,high_resolution,0.85,high_resolution/happy/happy_125_1.jpg
happy_125.mov,envato_bc5d5221-c9d5-418b-92b5-7bfeb238b6bd.mov,happy,end,high_resolution,1.65,high_resolution/happy/happy_125_2.jpg
surprise_109.mov,envato_bdb87192-1368-4266-9dc8-7deaf077c838.mov,surprise,start,high_resolution,2.28,high_resolution/surprise/surprise_109_1.jpg
surprise_109.mov,envato_bdb87192-1368-4266-9dc8-7deaf077c838.mov,surprise,end,high_resolution,2.96,high_resolution/surprise/surprise_109_2.jpg
happy_126.mov,envato_bedc843c-4729-452a-9b76-a154daea015c.mov,happy,start,high_resolution,2.74,high_resolution/happy/happy_126_1.jpg
happy_126.mov,envato_bedc843c-4729-452a-9b76-a154daea015c.mov,happy,end,high_resolution,4.75,high_resolution/happy/happy_126_2.jpg
sad_101.mov,envato_bffd0190-f724-47b3-97c1-271a25bd043b.mov,sad,start,high_resolution,5.38,high_resolution/sad/sad_101_1.jpg
sad_101.mov,envato_bffd0190-f724-47b3-97c1-271a25bd043b.mov,sad,end,high_resolution,6.36,high_resolution/sad/sad_101_2.jpg
surprise_110.mov,envato_c07b06e8-4063-4aaa-9d2f-ba75e5cf933c.mov,surprise,start,high_resolution,0.55,high_resolution/surprise/surprise_110_1.jpg
surprise_110.mov,envato_c07b06e8-4063-4aaa-9d2f-ba75e5cf933c.mov,surprise,end,high_resolution,1.75,high_resolution/surprise/surprise_110_2.jpg
sad_102.mov,envato_c0d51d1d-7f77-4c62-b19a-0b59b130275b.mov,sad,start,high_resolution,6.18,high_resolution/sad/sad_102_1.jpg
sad_102.mov,envato_c0d51d1d-7f77-4c62-b19a-0b59b130275b.mov,sad,end,high_resolution,9.27,high_resolution/sad/sad_102_2.jpg
sad_103.mov,envato_c0f168ac-c508-4b15-9dba-a7f1b3873fd0.mov,sad,start,high_resolution,1.16,high_resolution/sad/sad_103_1.jpg
sad_103.mov,envato_c0f168ac-c508-4b15-9dba-a7f1b3873fd0.mov,sad,end,high_resolution,4.71,high_resolution/sad/sad_103_2.jpg
happy_127.mov,envato_c2a483f7-ddb1-47db-b26b-4bc464d657f3.mov,happy,start,high_resolution,0.64,high_resolution/happy/happy_127_1.jpg
happy_127.mov,envato_c2a483f7-ddb1-47db-b26b-4bc464d657f3.mov,happy,end,high_resolution,2.14,high_resolution/happy/happy_127_2.jpg
sad_104.mov,envato_c3350d98-e608-449b-be93-5ce2d8e0c64b.mov,sad,start,high_resolution,2.35,high_resolution/sad/sad_104_1.jpg
sad_104.mov,envato_c3350d98-e608-449b-be93-5ce2d8e0c64b.mov,sad,end,high_resolution,5.47,high_resolution/sad/sad_104_2.jpg
surprise_111.mov,envato_c3e63ffd-e0da-4c35-8337-ebbe04af6449.mov,surprise,start,high_resolution,1.81,high_resolution/surprise/surprise_111_1.jpg
surprise_111.mov,envato_c3e63ffd-e0da-4c35-8337-ebbe04af6449.mov,surprise,end,high_resolution,3.42,high_resolution/surprise/surprise_111_2.jpg
sad_105.mov,envato_c50a39c9-3934-425e-8ea3-92347a9704af.mov,sad,start,high_resolution,9.62,high_resolution/sad/sad_105_1.jpg
sad_105.mov,envato_c50a39c9-3934-425e-8ea3-92347a9704af.mov,sad,end,high_resolution,16.77,high_resolution/sad/sad_105_2.jpg
surprise_112.mov,envato_c7afa80f-ddaf-4d38-aefd-05f8420f3a09.mov,surprise,start,high_resolution,1.23,high_resolution/surprise/surprise_112_1.jpg
surprise_112.mov,envato_c7afa80f-ddaf-4d38-aefd-05f8420f3a09.mov,surprise,end,high_resolution,2.08,high_resolution/surprise/surprise_112_2.jpg
happy_128.mov,envato_c84cae95-1989-42bb-9614-708e82fc10df.mov,happy,start,high_resolution,1.82,high_resolution/happy/happy_128_1.jpg
happy_128.mov,envato_c84cae95-1989-42bb-9614-708e82fc10df.mov,happy,end,high_resolution,3.87,high_resolution/happy/happy_128_2.jpg
sad_106.mov,envato_cbb4266d-aea1-4807-acce-ffd63b67051b.mov,sad,start,high_resolution,6.5,high_resolution/sad/sad_106_1.jpg
sad_106.mov,envato_cbb4266d-aea1-4807-acce-ffd63b67051b.mov,sad,end,high_resolution,7.09,high_resolution/sad/sad_106_2.jpg
sad_107.mov,envato_cce379e8-b88f-4601-a3f2-6656b28dad50.mov,sad,start,high_resolution,0.87,high_resolution/sad/sad_107_1.jpg
sad_107.mov,envato_cce379e8-b88f-4601-a3f2-6656b28dad50.mov,sad,end,high_resolution,2.54,high_resolution/sad/sad_107_2.jpg
surprise_113.mov,envato_cd8ede2c-55cb-4741-91da-1210e9a7a032.mov,surprise,start,high_resolution,2.44,high_resolution/surprise/surprise_113_1.jpg
surprise_113.mov,envato_cd8ede2c-55cb-4741-91da-1210e9a7a032.mov,surprise,end,high_resolution,3.2,high_resolution/surprise/surprise_113_2.jpg
happy_129.mov,envato_cf85022d-a5ab-4a63-96e4-3e52abb853d8.mov,happy,start,high_resolution,1.87,high_resolution/happy/happy_129_1.jpg
happy_129.mov,envato_cf85022d-a5ab-4a63-96e4-3e52abb853d8.mov,happy,end,high_resolution,3.54,high_resolution/happy/happy_129_2.jpg
happy_130.mov,envato_d0b1d4e2-1e19-4e94-b715-505999094332.mov,happy,start,high_resolution,0.73,high_resolution/happy/happy_130_1.jpg
happy_130.mov,envato_d0b1d4e2-1e19-4e94-b715-505999094332.mov,happy,end,high_resolution,1.69,high_resolution/happy/happy_130_2.jpg
sad_108.mov,envato_d0e3bc44-50de-446a-8985-9dac74b441d3.mov,sad,start,high_resolution,0.65,high_resolution/sad/sad_108_1.jpg
sad_108.mov,envato_d0e3bc44-50de-446a-8985-9dac74b441d3.mov,sad,end,high_resolution,15.1,high_resolution/sad/sad_108_2.jpg
sad_109.mov,envato_d61779e7-d4a4-40b8-8c2d-778b139dc6c1.mov,sad,start,high_resolution,1.23,high_resolution/sad/sad_109_1.jpg
sad_109.mov,envato_d61779e7-d4a4-40b8-8c2d-778b139dc6c1.mov,sad,end,high_resolution,4.44,high_resolution/sad/sad_109_2.jpg
happy_131.mov,envato_d68c0a22-ae97-4c02-9141-68d57b1b02a5.mov,happy,start,high_resolution,0.59,high_resolution/happy/happy_131_1.jpg
happy_131.mov,envato_d68c0a22-ae97-4c02-9141-68d57b1b02a5.mov,happy,end,high_resolution,1.59,high_resolution/happy/happy_131_2.jpg
sad_110.mov,envato_d6c137c7-42d0-45cb-9777-44a108e4eab4.mov,sad,start,high_resolution,0.0,high_resolution/sad/sad_110_1.jpg
surprise_114.mov,envato_d7f708f3-b83c-4640-b553-3071f1ed1bc2.mov,surprise,start,high_resolution,11.1,high_resolution/surprise/surprise_114_1.jpg
surprise_114.mov,envato_d7f708f3-b83c-4640-b553-3071f1ed1bc2.mov,surprise,end,high_resolution,12.88,high_resolution/surprise/surprise_114_2.jpg
sad_111.mov,envato_de27e6e1-8ae3-4afd-a47a-47124d7cde80.mov,sad,start,high_resolution,1.04,high_resolution/sad/sad_111_1.jpg
sad_111.mov,envato_de27e6e1-8ae3-4afd-a47a-47124d7cde80.mov,sad,end,high_resolution,11.95,high_resolution/sad/sad_111_2.jpg
happy_132.mov,envato_dfd7475c-7a57-48ab-909c-3fdc4947746e.mov,happy,start,high_resolution,5.57,high_resolution/happy/happy_132_1.jpg
happy_132.mov,envato_dfd7475c-7a57-48ab-909c-3fdc4947746e.mov,happy,end,high_resolution,7.24,high_resolution/happy/happy_132_2.jpg
surprise_115.mov,envato_dfdc99de-5d1a-4142-8764-1137c98c33d2.mov,surprise,start,high_resolution,1.6,high_resolution/surprise/surprise_115_1.jpg
surprise_115.mov,envato_dfdc99de-5d1a-4142-8764-1137c98c33d2.mov,surprise,end,high_resolution,2.27,high_resolution/surprise/surprise_115_2.jpg
sad_112.mov,envato_e0869fd5-b1ac-4c05-8f52-2c157d77eea2.mov,sad,start,high_resolution,1.57,high_resolution/sad/sad_112_1.jpg
sad_112.mov,envato_e0869fd5-b1ac-4c05-8f52-2c157d77eea2.mov,sad,end,high_resolution,3.31,high_resolution/sad/sad_112_2.jpg
sad_113.mov,envato_e4098066-4ed3-4f37-95b6-f67617132c3d.mov,sad,start,high_resolution,1.09,high_resolution/sad/sad_113_1.jpg
sad_113.mov,envato_e4098066-4ed3-4f37-95b6-f67617132c3d.mov,sad,end,high_resolution,17.33,high_resolution/sad/sad_113_2.jpg
sad_114.mov,envato_e43089b3-4e15-400f-b30a-43449f6cca5d.mov,sad,start,high_resolution,2.54,high_resolution/sad/sad_114_1.jpg
sad_114.mov,envato_e43089b3-4e15-400f-b30a-43449f6cca5d.mov,sad,end,high_resolution,11.04,high_resolution/sad/sad_114_2.jpg
happy_133.mov,envato_e65f434e-e68b-4339-8592-dabe9b769f73.mov,happy,start,high_resolution,1.3,high_resolution/happy/happy_133_1.jpg
happy_133.mov,envato_e65f434e-e68b-4339-8592-dabe9b769f73.mov,happy,end,high_resolution,2.73,high_resolution/happy/happy_133_2.jpg
sad_115.mov,envato_e6978676-d6ba-4150-a88c-bc5b8e4f26ab.mov,sad,start,high_resolution,2.65,high_resolution/sad/sad_115_1.jpg
sad_115.mov,envato_e6978676-d6ba-4150-a88c-bc5b8e4f26ab.mov,sad,end,high_resolution,3.89,high_resolution/sad/sad_115_2.jpg
sad_116.mov,envato_ea33cf93-9fdb-47aa-8b90-adfa3e303c27.mov,sad,start,high_resolution,1.09,high_resolution/sad/sad_116_1.jpg
sad_116.mov,envato_ea33cf93-9fdb-47aa-8b90-adfa3e303c27.mov,sad,end,high_resolution,3.01,high_resolution/sad/sad_116_2.jpg
sad_117.mov,envato_ee93d174-0b4a-49c9-8604-2248d09f3e23.mov,sad,start,high_resolution,0.72,high_resolution/sad/sad_117_1.jpg
sad_117.mov,envato_ee93d174-0b4a-49c9-8604-2248d09f3e23.mov,sad,end,high_resolution,3.59,high_resolution/sad/sad_117_2.jpg
happy_134.mov,envato_f2e59a35-4f04-4fe4-b8a5-865ee9ba5099.mov,happy,start,high_resolution,1.15,high_resolution/happy/happy_134_1.jpg
happy_134.mov,envato_f2e59a35-4f04-4fe4-b8a5-865ee9ba5099.mov,happy,end,high_resolution,2.51,high_resolution/happy/happy_134_2.jpg
sad_118.mov,envato_f426bb96-9229-404a-a6f6-63e4cd869b7f.mov,sad,start,high_resolution,0.66,high_resolution/sad/sad_118_1.jpg
sad_118.mov,envato_f426bb96-9229-404a-a6f6-63e4cd869b7f.mov,sad,end,high_resolution,2.88,high_resolution/sad/sad_118_2.jpg
sad_119.mov,envato_f4886689-4710-459a-998e-0286445df2a1.mov,sad,start,high_resolution,1.26,high_resolution/sad/sad_119_1.jpg
sad_119.mov,envato_f4886689-4710-459a-998e-0286445df2a1.mov,sad,end,high_resolution,6.29,high_resolution/sad/sad_119_2.jpg
surprise_116.mov,envato_f6523aa1-32a4-4e30-8d73-f2a4215e4f77.mov,surprise,start,high_resolution,1.85,high_resolution/surprise/surprise_116_1.jpg
surprise_116.mov,envato_f6523aa1-32a4-4e30-8d73-f2a4215e4f77.mov,surprise,end,high_resolution,2.47,high_resolution/surprise/surprise_116_2.jpg
surprise_117.mov,envato_f6c3f6ce-d455-4b59-8634-15322fda0056.mov,surprise,start,high_resolution,0.68,high_resolution/surprise/surprise_117_1.jpg
surprise_117.mov,envato_f6c3f6ce-d455-4b59-8634-15322fda0056.mov,surprise,end,high_resolution,1.13,high_resolution/surprise/surprise_117_2.jpg
surprise_118.mov,envato_f8dec2c1-5309-4122-9d85-659f22dcdb9c.mov,surprise,start,high_resolution,2.61,high_resolution/surprise/surprise_118_1.jpg
surprise_118.mov,envato_f8dec2c1-5309-4122-9d85-659f22dcdb9c.mov,surprise,end,high_resolution,3.2,high_resolution/surprise/surprise_118_2.jpg
sad_120.mov,envato_f919f36c-9c18-4598-82dd-18140be4b539.mov,sad,start,high_resolution,0.92,high_resolution/sad/sad_120_1.jpg
sad_120.mov,envato_f919f36c-9c18-4598-82dd-18140be4b539.mov,sad,end,high_resolution,3.13,high_resolution/sad/sad_120_2.jpg
sad_121.mov,envato_f9381599-4512-47d4-b18e-38f065d8a62f.mov,sad,start,high_resolution,1.12,high_resolution/sad/sad_121_1.jpg
sad_121.mov,envato_f9381599-4512-47d4-b18e-38f065d8a62f.mov,sad,end,high_resolution,2.57,high_resolution/sad/sad_121_2.jpg
sad_122.mov,envato_f9d80545-99b8-4af5-adb3-c3150470b0be.mov,sad,start,high_resolution,1.07,high_resolution/sad/sad_122_1.jpg
sad_122.mov,envato_f9d80545-99b8-4af5-adb3-c3150470b0be.mov,sad,end,high_resolution,11.93,high_resolution/sad/sad_122_2.jpg
sad_123.mov,envato_fab7f185-0a0c-4829-a037-8b256dd3a449.mov,sad,start,high_resolution,1.86,high_resolution/sad/sad_123_1.jpg
sad_123.mov,envato_fab7f185-0a0c-4829-a037-8b256dd3a449.mov,sad,end,high_resolution,5.05,high_resolution/sad/sad_123_2.jpg
sad_124.mov,envato_fc2bf9c5-bc37-41b0-b75d-2b0e93e32c20.mov,sad,start,high_resolution,1.32,high_resolution/sad/sad_124_1.jpg
sad_124.mov,envato_fc2bf9c5-bc37-41b0-b75d-2b0e93e32c20.mov,sad,end,high_resolution,2.95,high_resolution/sad/sad_124_2.jpg
sad_125.mov,envato_fd0a51d6-0d46-4377-b8d2-17aec0fa8555.mov,sad,start,high_resolution,3.45,high_resolution/sad/sad_125_1.jpg
sad_125.mov,envato_fd0a51d6-0d46-4377-b8d2-17aec0fa8555.mov,sad,end,high_resolution,4.91,high_resolution/sad/sad_125_2.jpg
sad_126.mov,envato_fd9192da-cd81-4323-887e-a2a1fe678f02.mov,sad,start,high_resolution,1.01,high_resolution/sad/sad_126_1.jpg
sad_126.mov,envato_fd9192da-cd81-4323-887e-a2a1fe678f02.mov,sad,end,high_resolution,4.29,high_resolution/sad/sad_126_2.jpg
angry_197.mp4,excited-dog-panting-in-autumn-leaves-2026-01-21-05-35-42-utc.mp4,angry,start,high_resolution,2.42,high_resolution/angry/angry_197_1.jpg
angry_197.mp4,excited-dog-panting-in-autumn-leaves-2026-01-21-05-35-42-utc.mp4,angry,end,high_resolution,9.98,high_resolution/angry/angry_197_2.jpg
angry_198.mov,excited-dog-running-in-the-snow-2025-12-17-14-00-11-utc.mov,angry,start,high_resolution,3.76,high_resolution/angry/angry_198_1.jpg
angry_198.mov,excited-dog-running-in-the-snow-2025-12-17-14-00-11-utc.mov,angry,end,high_resolution,5.57,high_resolution/angry/angry_198_2.jpg
happy_135.mp4,f11b1a1dd083030d930e9f06a449c48b.mp4,happy,start,low_resolution,1.21,low_resolution/happy/happy_135_1.jpg
happy_135.mp4,f11b1a1dd083030d930e9f06a449c48b.mp4,happy,end,low_resolution,4.63,low_resolution/happy/happy_135_2.jpg
angry_199.mp4,f13a6c9b62b40309da15dfd933bd908d,angry,start,low_resolution,3.21,low_resolution/angry/angry_199_1.jpg
angry_199.mp4,f13a6c9b62b40309da15dfd933bd908d,angry,end,low_resolution,8.88,low_resolution/angry/angry_199_2.jpg
sad_127.mp4,f22d385593fdebaffeee13dd4295f901,sad,start,low_resolution,2.54,low_resolution/sad/sad_127_1.jpg
sad_127.mp4,f22d385593fdebaffeee13dd4295f901,sad,end,low_resolution,5.52,low_resolution/sad/sad_127_2.jpg
fearful_163.mp4,f5d409e7123111ca72b40def7513428a.mp4,fearful,start,low_resolution,3.64,low_resolution/fearful/fearful_163_1.jpg
fearful_163.mp4,f5d409e7123111ca72b40def7513428a.mp4,fearful,end,low_resolution,4.19,low_resolution/fearful/fearful_163_2.jpg
happy_136.mp4,fa81db640db5d42a61314e3f88907ea2.mp4,happy,start,low_resolution,1.86,low_resolution/happy/happy_136_1.jpg
happy_136.mp4,fa81db640db5d42a61314e3f88907ea2.mp4,happy,end,low_resolution,4.16,low_resolution/happy/happy_136_2.jpg
angry_200.mov,fluffy-white-dog-relaxing-on-cream-couch-2025-12-17-11-26-39-utc.mov,angry,start,high_resolution,0.33,high_resolution/angry/angry_200_1.jpg
angry_200.mov,fluffy-white-dog-relaxing-on-cream-couch-2025-12-17-11-26-39-utc.mov,angry,end,high_resolution,3.26,high_resolution/angry/angry_200_2.jpg
angry_201.mov,german-shepherd-dog-baring-teeth-on-leash-2025-12-17-21-40-14-utc.mov,angry,start,high_resolution,0.5,high_resolution/angry/angry_201_1.jpg
angry_201.mov,german-shepherd-dog-baring-teeth-on-leash-2025-12-17-21-40-14-utc.mov,angry,end,high_resolution,8.31,high_resolution/angry/angry_201_2.jpg
angry_202.mov,german-shepherd-dog-barking-on-green-lawn-2026-09-16-13-39-28-utc.mov,angry,start,high_resolution,0.43,high_resolution/angry/angry_202_1.jpg
angry_202.mov,german-shepherd-dog-barking-on-green-lawn-2026-09-16-13-39-28-utc.mov,angry,end,high_resolution,8.54,high_resolution/angry/angry_202_2.jpg
fearful_164.mov,golden-brown-dog-relaxing-on-cushion-indoors-2026-09-17-07-28-05-utc.mov,fearful,start,high_resolution,1.16,high_resolution/fearful/fearful_164_1.jpg
fearful_164.mov,golden-brown-dog-relaxing-on-cushion-indoors-2026-09-17-07-28-05-utc.mov,fearful,end,high_resolution,1.58,high_resolution/fearful/fearful_164_2.jpg
angry_203.mov,golden-labrador-dog-standing-on-green-lawn-2025-12-17-14-06-16-utc.mov,angry,start,high_resolution,2.84,high_resolution/angry/angry_203_1.jpg
angry_203.mov,golden-labrador-dog-standing-on-green-lawn-2025-12-17-14-06-16-utc.mov,angry,end,high_resolution,7.46,high_resolution/angry/angry_203_2.jpg
angry_204.mov,golden-labrador-retriever-barks-outside-2025-12-17-14-06-16-utc.mov,angry,start,high_resolution,7.61,high_resolution/angry/angry_204_1.jpg
angry_204.mov,golden-labrador-retriever-barks-outside-2025-12-17-14-06-16-utc.mov,angry,end,high_resolution,8.17,high_resolution/angry/angry_204_2.jpg
angry_205.mp4,gray-dog-howling-in-studio-close-up-2025-12-17-11-50-11-utc.mp4,angry,start,high_resolution,1.81,high_resolution/angry/angry_205_1.jpg
angry_205.mp4,gray-dog-howling-in-studio-close-up-2025-12-17-11-50-11-utc.mp4,angry,end,high_resolution,3.08,high_resolution/angry/angry_205_2.jpg
fearful_165.mov,grey-dog-wearing-a-green-jacket-2026-09-17-02-07-19-utc.mov,fearful,start,high_resolution,2.73,high_resolution/fearful/fearful_165_1.jpg
fearful_165.mov,grey-dog-wearing-a-green-jacket-2026-09-17-02-07-19-utc.mov,fearful,end,high_resolution,3.05,high_resolution/fearful/fearful_165_2.jpg
angry_206.mp4,guard-dog-barking-with-another-dog-watching-2026-09-16-09-11-19-utc.mp4,angry,start,high_resolution,1.46,high_resolution/angry/angry_206_1.jpg
angry_206.mp4,guard-dog-barking-with-another-dog-watching-2026-09-16-09-11-19-utc.mp4,angry,end,high_resolution,2.19,high_resolution/angry/angry_206_2.jpg
angry_207.mp4,iawKNAvM0VM_000360,angry,start,low_resolution,3.83,low_resolution/angry/angry_207_1.jpg
angry_207.mp4,iawKNAvM0VM_000360,angry,end,low_resolution,7.4,low_resolution/angry/angry_207_2.jpg
surprise_119.mp4,iawKNAvM0VM_001168,surprise,start,low_resolution,16.29,low_resolution/surprise/surprise_119_1.jpg
surprise_119.mp4,iawKNAvM0VM_001168,surprise,end,low_resolution,17.58,low_resolution/surprise/surprise_119_2.jpg
surprise_120.mp4,iawKNAvM0VM_002047,surprise,start,low_resolution,0.36,low_resolution/surprise/surprise_120_1.jpg
surprise_120.mp4,iawKNAvM0VM_002047,surprise,end,low_resolution,0.74,low_resolution/surprise/surprise_120_2.jpg
fearful_166.mp4,ipypJoKZ8yM_000367,fearful,start,low_resolution,3.15,low_resolution/fearful/fearful_166_1.jpg
fearful_166.mp4,ipypJoKZ8yM_000367,fearful,end,low_resolution,5.49,low_resolution/fearful/fearful_166_2.jpg
angry_208.mov,jack-russell-terrier-barking-in-the-park-2026-09-16-09-53-43-utc.mov,angry,start,high_resolution,3.42,high_resolution/angry/angry_208_1.jpg
angry_208.mov,jack-russell-terrier-barking-in-the-park-2026-09-16-09-53-43-utc.mov,angry,end,high_resolution,4.36,high_resolution/angry/angry_208_2.jpg
angry_209.mov,jack-russell-terrier-barking-on-leash-in-fall-park-2026-09-16-05-57-17-utc.mov,angry,start,high_resolution,4.06,high_resolution/angry/angry_209_1.jpg
angry_209.mov,jack-russell-terrier-barking-on-leash-in-fall-park-2026-09-16-05-57-17-utc.mov,angry,end,high_resolution,6.57,high_resolution/angry/angry_209_2.jpg
angry_210.mp4,jeuzkkFI_bs_000104,angry,start,low_resolution,8.05,low_resolution/angry/angry_210_1.jpg
angry_210.mp4,jeuzkkFI_bs_000104,angry,end,low_resolution,9.08,low_resolution/angry/angry_210_2.jpg
angry_211.mp4,large-dog-on-leash-in-a-grassy-field-2026-09-16-03-50-19-utc.mp4,angry,start,high_resolution,1.6,high_resolution/angry/angry_211_1.jpg
angry_211.mp4,large-dog-on-leash-in-a-grassy-field-2026-09-16-03-50-19-utc.mp4,angry,end,high_resolution,3.4,high_resolution/angry/angry_211_2.jpg
neutral_127.mp4,magnific-1196771,neutral,start,low_resolution,2.07,low_resolution/neutral/neutral_127_1.jpg
neutral_127.mp4,magnific-1196771,neutral,end,low_resolution,3.64,low_resolution/neutral/neutral_127_2.jpg
happy_137.mp4,magnific-171814,happy,start,low_resolution,0.8,low_resolution/happy/happy_137_1.jpg
happy_137.mp4,magnific-171814,happy,end,low_resolution,2.03,low_resolution/happy/happy_137_2.jpg
happy_138.mp4,magnific-2563041,happy,start,low_resolution,6.77,low_resolution/happy/happy_138_1.jpg
happy_138.mp4,magnific-2563041,happy,end,low_resolution,7.67,low_resolution/happy/happy_138_2.jpg
neutral_128.mp4,magnific-2780655,neutral,start,low_resolution,1.75,low_resolution/neutral/neutral_128_1.jpg
neutral_128.mp4,magnific-2780655,neutral,end,low_resolution,6.25,low_resolution/neutral/neutral_128_2.jpg
neutral_129.mp4,magnific-2784975,neutral,start,low_resolution,6.24,low_resolution/neutral/neutral_129_1.jpg
neutral_129.mp4,magnific-2784975,neutral,end,low_resolution,7.07,low_resolution/neutral/neutral_129_2.jpg
neutral_130.mp4,magnific-2786507,neutral,start,low_resolution,1.09,low_resolution/neutral/neutral_130_1.jpg
neutral_130.mp4,magnific-2786507,neutral,end,low_resolution,5.94,low_resolution/neutral/neutral_130_2.jpg
neutral_131.mp4,magnific-2792319,neutral,start,low_resolution,1.33,low_resolution/neutral/neutral_131_1.jpg
neutral_131.mp4,magnific-2792319,neutral,end,low_resolution,3.6,low_resolution/neutral/neutral_131_2.jpg
neutral_132.mp4,magnific-2822662,neutral,start,low_resolution,0.45,low_resolution/neutral/neutral_132_1.jpg
neutral_132.mp4,magnific-2822662,neutral,end,low_resolution,2.42,low_resolution/neutral/neutral_132_2.jpg
happy_139.mp4,magnific-2826668,happy,start,low_resolution,2.29,low_resolution/happy/happy_139_1.jpg
happy_139.mp4,magnific-2826668,happy,end,low_resolution,2.62,low_resolution/happy/happy_139_2.jpg
neutral_133.mp4,magnific-2832602,neutral,start,low_resolution,4.45,low_resolution/neutral/neutral_133_1.jpg
neutral_133.mp4,magnific-2832602,neutral,end,low_resolution,15.64,low_resolution/neutral/neutral_133_2.jpg
happy_140.mp4,magnific-2845760,happy,start,low_resolution,5.71,low_resolution/happy/happy_140_1.jpg
happy_140.mp4,magnific-2845760,happy,end,low_resolution,9.68,low_resolution/happy/happy_140_2.jpg
sad_128.mp4,magnific-2866211,sad,start,low_resolution,3.23,low_resolution/sad/sad_128_1.jpg
sad_128.mp4,magnific-2866211,sad,end,low_resolution,14.27,low_resolution/sad/sad_128_2.jpg
angry_212.mp4,magnific-2866278,angry,start,low_resolution,1.75,low_resolution/angry/angry_212_1.jpg
angry_212.mp4,magnific-2866278,angry,end,low_resolution,12.06,low_resolution/angry/angry_212_2.jpg
fearful_167.mp4,magnific-2866293,fearful,start,low_resolution,1.02,low_resolution/fearful/fearful_167_1.jpg
fearful_167.mp4,magnific-2866293,fearful,end,low_resolution,6.04,low_resolution/fearful/fearful_167_2.jpg
sad_129.mp4,magnific-2866402,sad,start,low_resolution,1.49,low_resolution/sad/sad_129_1.jpg
sad_129.mp4,magnific-2866402,sad,end,low_resolution,3.27,low_resolution/sad/sad_129_2.jpg
happy_141.mp4,magnific-2870062,happy,start,low_resolution,1.57,low_resolution/happy/happy_141_1.jpg
happy_141.mp4,magnific-2870062,happy,end,low_resolution,3.1,low_resolution/happy/happy_141_2.jpg
neutral_134.mp4,magnific-479059,neutral,start,low_resolution,3.76,low_resolution/neutral/neutral_134_1.jpg
neutral_134.mp4,magnific-479059,neutral,end,low_resolution,5.25,low_resolution/neutral/neutral_134_2.jpg
neutral_135.mp4,magnific-479075,neutral,start,low_resolution,4.66,low_resolution/neutral/neutral_135_1.jpg
neutral_135.mp4,magnific-479075,neutral,end,low_resolution,10.83,low_resolution/neutral/neutral_135_2.jpg
neutral_136.mp4,magnific-479076,neutral,start,low_resolution,0.93,low_resolution/neutral/neutral_136_1.jpg
neutral_136.mp4,magnific-479076,neutral,end,low_resolution,4.78,low_resolution/neutral/neutral_136_2.jpg
sad_130.mp4,magnific-479083,sad,start,low_resolution,0.0,low_resolution/sad/sad_130_1.jpg
sad_130.mp4,magnific-479083,sad,end,low_resolution,1.53,low_resolution/sad/sad_130_2.jpg
fearful_168.mp4,magnific-479097,fearful,start,low_resolution,2.09,low_resolution/fearful/fearful_168_1.jpg
fearful_168.mp4,magnific-479097,fearful,end,low_resolution,5.66,low_resolution/fearful/fearful_168_2.jpg
surprise_121.mp4,mixkit-100641__border-collie-resting-on-grass-next-to-a-chair,surprise,start,high_resolution,2.64,high_resolution/surprise/surprise_121_1.jpg
surprise_121.mp4,mixkit-100641__border-collie-resting-on-grass-next-to-a-chair,surprise,end,high_resolution,7.25,high_resolution/surprise/surprise_121_2.jpg
surprise_122.mp4,mixkit-101218__dog-playing-with-toy-on-floor,surprise,start,high_resolution,0.84,high_resolution/surprise/surprise_122_1.jpg
surprise_122.mp4,mixkit-101218__dog-playing-with-toy-on-floor,surprise,end,high_resolution,4.69,high_resolution/surprise/surprise_122_2.jpg
angry_213.mp4,mixkit-101224__girl-loving-her-dog,angry,start,high_resolution,1.89,high_resolution/angry/angry_213_1.jpg
angry_213.mp4,mixkit-101224__girl-loving-her-dog,angry,end,high_resolution,4.98,high_resolution/angry/angry_213_2.jpg
happy_142.mp4,mixkit-101226__girl-cuddling-dog-on-couch,happy,start,high_resolution,0.55,high_resolution/happy/happy_142_1.jpg
happy_142.mp4,mixkit-101226__girl-cuddling-dog-on-couch,happy,end,high_resolution,7.97,high_resolution/happy/happy_142_2.jpg
happy_143.mp4,mixkit-101229__close-up-of-dog,happy,start,high_resolution,1.62,high_resolution/happy/happy_143_1.jpg
happy_143.mp4,mixkit-101229__close-up-of-dog,happy,end,high_resolution,2.9,high_resolution/happy/happy_143_2.jpg
happy_144.mp4,mixkit-101230__girl-doing-tricks-with-dog,happy,start,high_resolution,1.96,high_resolution/happy/happy_144_1.jpg
happy_144.mp4,mixkit-101230__girl-doing-tricks-with-dog,happy,end,high_resolution,3.52,high_resolution/happy/happy_144_2.jpg
happy_145.mp4,mixkit-101238__dog-playing-with-little-owner,happy,start,high_resolution,3.27,high_resolution/happy/happy_145_1.jpg
happy_145.mp4,mixkit-101238__dog-playing-with-little-owner,happy,end,high_resolution,24.52,high_resolution/happy/happy_145_2.jpg
happy_146.mp4,mixkit-101245__pov-shot-of-happy-dog-playing,happy,start,high_resolution,0.42,high_resolution/happy/happy_146_1.jpg
happy_146.mp4,mixkit-101245__pov-shot-of-happy-dog-playing,happy,end,high_resolution,10.39,high_resolution/happy/happy_146_2.jpg
happy_147.mp4,mixkit-10350__couple-with-dogs-resting-on-park-bench,happy,start,high_resolution,6.04,high_resolution/happy/happy_147_1.jpg
happy_147.mp4,mixkit-10350__couple-with-dogs-resting-on-park-bench,happy,end,high_resolution,6.95,high_resolution/happy/happy_147_2.jpg
neutral_137.mp4,mixkit-10359__two-dogs-resting-with-their-owners-on-a-park-bench,neutral,start,high_resolution,2.15,high_resolution/neutral/neutral_137_1.jpg
neutral_137.mp4,mixkit-10359__two-dogs-resting-with-their-owners-on-a-park-bench,neutral,end,high_resolution,4.05,high_resolution/neutral/neutral_137_2.jpg
happy_148.mp4,mixkit-10360__girl-in-a-park-carrying-and-petting-her-cocker-spaniel,happy,start,high_resolution,1.24,high_resolution/happy/happy_148_1.jpg
happy_148.mp4,mixkit-10360__girl-in-a-park-carrying-and-petting-her-cocker-spaniel,happy,end,high_resolution,2.46,high_resolution/happy/happy_148_2.jpg
neutral_138.mp4,mixkit-10364__taking-care-of-your-dog-in-the-park,neutral,start,high_resolution,13.31,high_resolution/neutral/neutral_138_1.jpg
neutral_138.mp4,mixkit-10364__taking-care-of-your-dog-in-the-park,neutral,end,high_resolution,14.98,high_resolution/neutral/neutral_138_2.jpg
angry_214.mp4,mixkit-14702__dog-playing-with-wooden-stick,angry,start,high_resolution,2.26,high_resolution/angry/angry_214_1.jpg
angry_214.mp4,mixkit-14702__dog-playing-with-wooden-stick,angry,end,high_resolution,11.64,high_resolution/angry/angry_214_2.jpg
happy_149.mp4,mixkit-1481__a-man-petting-a-dog-in-the-grass,happy,start,high_resolution,0.54,high_resolution/happy/happy_149_1.jpg
happy_149.mp4,mixkit-1481__a-man-petting-a-dog-in-the-grass,happy,end,high_resolution,3.81,high_resolution/happy/happy_149_2.jpg
neutral_139.mp4,mixkit-1495__dog-and-owner-playing-with-a-ball-in-a-creek,neutral,start,high_resolution,3.8,high_resolution/neutral/neutral_139_1.jpg
neutral_139.mp4,mixkit-1495__dog-and-owner-playing-with-a-ball-in-a-creek,neutral,end,high_resolution,7.65,high_resolution/neutral/neutral_139_2.jpg
neutral_140.mp4,mixkit-1499__person-and-dog-walk-in-a-creek,neutral,start,high_resolution,17.0,high_resolution/neutral/neutral_140_1.jpg
neutral_140.mp4,mixkit-1499__person-and-dog-walk-in-a-creek,neutral,end,high_resolution,18.55,high_resolution/neutral/neutral_140_2.jpg
angry_215.mp4,mixkit-1657__person-carrying-a-little-dog,angry,start,high_resolution,2.34,high_resolution/angry/angry_215_1.jpg
angry_215.mp4,mixkit-1657__person-carrying-a-little-dog,angry,end,high_resolution,7.77,high_resolution/angry/angry_215_2.jpg
happy_150.mp4,mixkit-1659__small-cute-dog-combed-by-its-owner,happy,start,high_resolution,1.27,high_resolution/happy/happy_150_1.jpg
happy_150.mp4,mixkit-1659__small-cute-dog-combed-by-its-owner,happy,end,high_resolution,9.49,high_resolution/happy/happy_150_2.jpg
neutral_141.mp4,mixkit-1662__dog-groomer-working-with-a-little-dog,neutral,start,high_resolution,0.8,high_resolution/neutral/neutral_141_1.jpg
neutral_141.mp4,mixkit-1662__dog-groomer-working-with-a-little-dog,neutral,end,high_resolution,3.05,high_resolution/neutral/neutral_141_2.jpg
fearful_169.mp4,mixkit-18198__stroking-a-dog-lying-on-the-grass,fearful,start,high_resolution,4.9,high_resolution/fearful/fearful_169_1.jpg
fearful_169.mp4,mixkit-18198__stroking-a-dog-lying-on-the-grass,fearful,end,high_resolution,7.5,high_resolution/fearful/fearful_169_2.jpg
neutral_142.mp4,mixkit-19666__dog-lying-on-the-floor-breathing-in-the-sun,neutral,start,high_resolution,0.9,high_resolution/neutral/neutral_142_1.jpg
neutral_142.mp4,mixkit-19666__dog-lying-on-the-floor-breathing-in-the-sun,neutral,end,high_resolution,2.98,high_resolution/neutral/neutral_142_2.jpg
fearful_170.mp4,mixkit-21029__dalmatian-holding-a-stick,fearful,start,high_resolution,0.0,high_resolution/fearful/fearful_170_1.jpg
fearful_170.mp4,mixkit-21029__dalmatian-holding-a-stick,fearful,end,high_resolution,3.49,high_resolution/fearful/fearful_170_2.jpg
sad_131.mp4,mixkit-24978__petting-a-labrador,sad,start,high_resolution,1.3,high_resolution/sad/sad_131_1.jpg
sad_131.mp4,mixkit-24978__petting-a-labrador,sad,end,high_resolution,7.94,high_resolution/sad/sad_131_2.jpg
happy_151.mp4,mixkit-25022__a-woman-and-her-dog-enjoying-the-park,happy,start,high_resolution,0.96,high_resolution/happy/happy_151_1.jpg
happy_151.mp4,mixkit-25022__a-woman-and-her-dog-enjoying-the-park,happy,end,high_resolution,13.17,high_resolution/happy/happy_151_2.jpg
surprise_123.mp4,mixkit-25093__corgi-dog-in-the-grassfield,surprise,start,high_resolution,5.85,high_resolution/surprise/surprise_123_1.jpg
surprise_123.mp4,mixkit-25093__corgi-dog-in-the-grassfield,surprise,end,high_resolution,11.82,high_resolution/surprise/surprise_123_2.jpg
happy_152.mp4,mixkit-25174__corgi-dog-enjoying-the-beach,happy,start,high_resolution,0.58,high_resolution/happy/happy_152_1.jpg
happy_152.mp4,mixkit-25174__corgi-dog-enjoying-the-beach,happy,end,high_resolution,6.28,high_resolution/happy/happy_152_2.jpg
fearful_171.mp4,mixkit-25212__girl-with-pet-dog-in-the-playground,fearful,start,high_resolution,11.77,high_resolution/fearful/fearful_171_1.jpg
fearful_171.mp4,mixkit-25212__girl-with-pet-dog-in-the-playground,fearful,end,high_resolution,13.29,high_resolution/fearful/fearful_171_2.jpg
fearful_172.mp4,mixkit-26029__small-dog-having-a-hair-cut,fearful,start,high_resolution,18.4,high_resolution/fearful/fearful_172_1.jpg
fearful_172.mp4,mixkit-26029__small-dog-having-a-hair-cut,fearful,end,high_resolution,29.89,high_resolution/fearful/fearful_172_2.jpg
neutral_143.mp4,mixkit-27021__man-gives-his-dogs-water-to-drink-from-a-bottle,neutral,start,high_resolution,1.24,high_resolution/neutral/neutral_143_1.jpg
neutral_143.mp4,mixkit-27021__man-gives-his-dogs-water-to-drink-from-a-bottle,neutral,end,high_resolution,4.58,high_resolution/neutral/neutral_143_2.jpg
angry_216.mp4,mixkit-32330__dog-barking-behind-a-wire-fence,angry,start,high_resolution,0.51,high_resolution/angry/angry_216_1.jpg
angry_216.mp4,mixkit-32330__dog-barking-behind-a-wire-fence,angry,end,high_resolution,4.25,high_resolution/angry/angry_216_2.jpg
neutral_144.mp4,mixkit-32335__sad-dog-in-the-city-park,neutral,start,high_resolution,7.01,high_resolution/neutral/neutral_144_1.jpg
neutral_144.mp4,mixkit-32335__sad-dog-in-the-city-park,neutral,end,high_resolution,7.41,high_resolution/neutral/neutral_144_2.jpg
neutral_145.mp4,mixkit-33012__sad-hungry-dog-getting-wet-in-the-rain,neutral,start,high_resolution,6.51,high_resolution/neutral/neutral_145_1.jpg
neutral_145.mp4,mixkit-33012__sad-hungry-dog-getting-wet-in-the-rain,neutral,end,high_resolution,7.5,high_resolution/neutral/neutral_145_2.jpg
sad_132.mp4,mixkit-33018__sad-and-hungry-dog-lost-under-rain,sad,start,high_resolution,4.11,high_resolution/sad/sad_132_1.jpg
sad_132.mp4,mixkit-33018__sad-and-hungry-dog-lost-under-rain,sad,end,high_resolution,6.07,high_resolution/sad/sad_132_2.jpg
fearful_173.mp4,mixkit-33100__person-bathing-his-dog-in-the-bathtub,fearful,start,high_resolution,3.37,high_resolution/fearful/fearful_173_1.jpg
fearful_173.mp4,mixkit-33100__person-bathing-his-dog-in-the-bathtub,fearful,end,high_resolution,10.92,high_resolution/fearful/fearful_173_2.jpg
fearful_174.mp4,mixkit-33101__dog-relaxing-after-a-bath,fearful,start,high_resolution,2.18,high_resolution/fearful/fearful_174_1.jpg
fearful_174.mp4,mixkit-33101__dog-relaxing-after-a-bath,fearful,end,high_resolution,8.23,high_resolution/fearful/fearful_174_2.jpg
fearful_175.mp4,mixkit-33103__cute-wet-dog-in-the-bathtub-after-a-bath,fearful,start,high_resolution,12.11,high_resolution/fearful/fearful_175_1.jpg
fearful_175.mp4,mixkit-33103__cute-wet-dog-in-the-bathtub-after-a-bath,fearful,end,high_resolution,16.57,high_resolution/fearful/fearful_175_2.jpg
fearful_176.mp4,mixkit-33153__dog-asking-for-petting-behind-a-cage,fearful,start,high_resolution,0.99,high_resolution/fearful/fearful_176_1.jpg
fearful_176.mp4,mixkit-33153__dog-asking-for-petting-behind-a-cage,fearful,end,high_resolution,12.28,high_resolution/fearful/fearful_176_2.jpg
sad_133.mp4,mixkit-33163__little-white-puppy-bull-terrier,sad,start,high_resolution,3.87,high_resolution/sad/sad_133_1.jpg
sad_133.mp4,mixkit-33163__little-white-puppy-bull-terrier,sad,end,high_resolution,9.08,high_resolution/sad/sad_133_2.jpg
happy_153.mp4,mixkit-33170__woman-caresses-her-dog-in-the-garden,happy,start,high_resolution,7.66,high_resolution/happy/happy_153_1.jpg
happy_153.mp4,mixkit-33170__woman-caresses-her-dog-in-the-garden,happy,end,high_resolution,8.34,high_resolution/happy/happy_153_2.jpg
neutral_146.mp4,mixkit-34639__toy-terrier-taking-a-sunbath-in-the-floor,neutral,start,high_resolution,0.96,high_resolution/neutral/neutral_146_1.jpg
neutral_146.mp4,mixkit-34639__toy-terrier-taking-a-sunbath-in-the-floor,neutral,end,high_resolution,9.12,high_resolution/neutral/neutral_146_2.jpg
neutral_147.mp4,mixkit-45826__loving-owner-giving-her-white-dog-pats-in-the-snow,neutral,start,high_resolution,2.04,high_resolution/neutral/neutral_147_1.jpg
neutral_147.mp4,mixkit-45826__loving-owner-giving-her-white-dog-pats-in-the-snow,neutral,end,high_resolution,5.63,high_resolution/neutral/neutral_147_2.jpg
angry_217.mp4,mixkit-45827__dog-playing-with-a-stick-with-his-owner-in-the,angry,start,high_resolution,3.79,high_resolution/angry/angry_217_1.jpg
angry_217.mp4,mixkit-45827__dog-playing-with-a-stick-with-his-owner-in-the,angry,end,high_resolution,4.3,high_resolution/angry/angry_217_2.jpg
happy_154.mp4,mixkit-45834__husky-with-its-tongue-out-panting-at-the-camera,happy,start,high_resolution,1.65,high_resolution/happy/happy_154_1.jpg
happy_154.mp4,mixkit-45834__husky-with-its-tongue-out-panting-at-the-camera,happy,end,high_resolution,3.65,high_resolution/happy/happy_154_2.jpg
happy_155.mp4,mixkit-45869__corgi-running-next-to-its-owner-at-the-park,happy,start,high_resolution,1.8,high_resolution/happy/happy_155_1.jpg
happy_155.mp4,mixkit-45869__corgi-running-next-to-its-owner-at-the-park,happy,end,high_resolution,4.6,high_resolution/happy/happy_155_2.jpg
surprise_124.mp4,mixkit-45870__corgi-panting-happily-after-a-run-in-the-park,surprise,start,high_resolution,4.75,high_resolution/surprise/surprise_124_1.jpg
surprise_124.mp4,mixkit-45870__corgi-panting-happily-after-a-run-in-the-park,surprise,end,high_resolution,5.75,high_resolution/surprise/surprise_124_2.jpg
happy_156.mp4,mixkit-45871__cute-corgi-running-through-the-grass,happy,start,high_resolution,0.8,high_resolution/happy/happy_156_1.jpg
happy_156.mp4,mixkit-45871__cute-corgi-running-through-the-grass,happy,end,high_resolution,4.35,high_resolution/happy/happy_156_2.jpg
happy_157.mp4,mixkit-45873__corgi-puppy-playing-with-a-toy-with-its-owner,happy,start,high_resolution,2.01,high_resolution/happy/happy_157_1.jpg
happy_157.mp4,mixkit-45873__corgi-puppy-playing-with-a-toy-with-its-owner,happy,end,high_resolution,3.43,high_resolution/happy/happy_157_2.jpg
fearful_177.mp4,mixkit-45886__small-pomeranian-being-washed-in-a-tub-by-a-groomer,fearful,start,high_resolution,1.16,high_resolution/fearful/fearful_177_1.jpg
fearful_177.mp4,mixkit-45886__small-pomeranian-being-washed-in-a-tub-by-a-groomer,fearful,end,high_resolution,4.04,high_resolution/fearful/fearful_177_2.jpg
sad_134.mp4,mixkit-47444__dog-behind-bar-gate-howling,sad,start,high_resolution,0.42,high_resolution/sad/sad_134_1.jpg
sad_134.mp4,mixkit-47444__dog-behind-bar-gate-howling,sad,end,high_resolution,2.88,high_resolution/sad/sad_134_2.jpg
angry_218.mp4,mixkit-48727__small-dog-barking-and-wagging-its-tail-in-excitement,angry,start,high_resolution,8.27,high_resolution/angry/angry_218_1.jpg
angry_218.mp4,mixkit-48727__small-dog-barking-and-wagging-its-tail-in-excitement,angry,end,high_resolution,9.54,high_resolution/angry/angry_218_2.jpg
fearful_178.mp4,mixkit-48739__group-of-puppies-sleeping-in-a-pile,fearful,start,high_resolution,0.23,high_resolution/fearful/fearful_178_1.jpg
fearful_178.mp4,mixkit-48739__group-of-puppies-sleeping-in-a-pile,fearful,end,high_resolution,1.11,high_resolution/fearful/fearful_178_2.jpg
surprise_125.mp4,mixkit-48887__team-of-husky-dogs-pulling-a-sled-through-the-snow,surprise,start,high_resolution,11.95,high_resolution/surprise/surprise_125_1.jpg
surprise_125.mp4,mixkit-48887__team-of-husky-dogs-pulling-a-sled-through-the-snow,surprise,end,high_resolution,14.37,high_resolution/surprise/surprise_125_2.jpg
angry_219.mp4,mixkit-48947__angry-german-shepherd-barking-aggressively,angry,start,high_resolution,2.39,high_resolution/angry/angry_219_1.jpg
angry_219.mp4,mixkit-48947__angry-german-shepherd-barking-aggressively,angry,end,high_resolution,11.91,high_resolution/angry/angry_219_2.jpg
angry_220.mp4,mixkit-48948__angry-dog-barking-aggressively-next-to-a-break-wall,angry,start,high_resolution,0.9,high_resolution/angry/angry_220_1.jpg
angry_220.mp4,mixkit-48948__angry-dog-barking-aggressively-next-to-a-break-wall,angry,end,high_resolution,1.44,high_resolution/angry/angry_220_2.jpg
happy_158.mp4,mixkit-50652__a-cute-border-collie-dog-panting-patiently,happy,start,high_resolution,0.47,high_resolution/happy/happy_158_1.jpg
happy_158.mp4,mixkit-50652__a-cute-border-collie-dog-panting-patiently,happy,end,high_resolution,2.58,high_resolution/happy/happy_158_2.jpg
happy_159.mp4,mixkit-50655__an-intelligent-border-collie-gives-the-paw-to-a-hand,happy,start,high_resolution,4.16,high_resolution/happy/happy_159_1.jpg
happy_159.mp4,mixkit-50655__an-intelligent-border-collie-gives-the-paw-to-a-hand,happy,end,high_resolution,6.82,high_resolution/happy/happy_159_2.jpg
happy_160.mp4,mixkit-50656__a-canine-border-collie-hi-five-the-human-hand,happy,start,high_resolution,2.65,high_resolution/happy/happy_160_1.jpg
happy_160.mp4,mixkit-50656__a-canine-border-collie-hi-five-the-human-hand,happy,end,high_resolution,5.21,high_resolution/happy/happy_160_2.jpg
sad_135.mp4,mixkit-50657__a-blue-eyed-border-collie-licks-his-muzzle,sad,start,high_resolution,1.19,high_resolution/sad/sad_135_1.jpg
sad_135.mp4,mixkit-50657__a-blue-eyed-border-collie-licks-his-muzzle,sad,end,high_resolution,6.17,high_resolution/sad/sad_135_2.jpg
happy_161.mp4,mixkit-50660__a-cute-border-collie-dog-panting-patiently-on-the-ground,happy,start,high_resolution,3.27,high_resolution/happy/happy_161_1.jpg
happy_161.mp4,mixkit-50660__a-cute-border-collie-dog-panting-patiently-on-the-ground,happy,end,high_resolution,4.5,high_resolution/happy/happy_161_2.jpg
surprise_126.mp4,mixkit-50661__a-cute-border-collie-dog-panting-patiently-on-the-ground,surprise,start,high_resolution,0.99,high_resolution/surprise/surprise_126_1.jpg
surprise_126.mp4,mixkit-50661__a-cute-border-collie-dog-panting-patiently-on-the-ground,surprise,end,high_resolution,7.04,high_resolution/surprise/surprise_126_2.jpg
neutral_148.mp4,mixkit-50663__a-cute-border-collie-on-the-lying-ground-stands-and,neutral,start,high_resolution,4.15,high_resolution/neutral/neutral_148_1.jpg
neutral_148.mp4,mixkit-50663__a-cute-border-collie-on-the-lying-ground-stands-and,neutral,end,high_resolution,8.0,high_resolution/neutral/neutral_148_2.jpg
neutral_149.mp4,mixkit-50664__a-cute-border-collie-canine-drinking-water-from-a-bowl,neutral,start,high_resolution,0.97,high_resolution/neutral/neutral_149_1.jpg
neutral_149.mp4,mixkit-50664__a-cute-border-collie-canine-drinking-water-from-a-bowl,neutral,end,high_resolution,3.03,high_resolution/neutral/neutral_149_2.jpg
sad_136.mp4,mixkit-50665__a-young-pitbull-canine-sitting-on-the-ground-patiently-listens,sad,start,high_resolution,6.87,high_resolution/sad/sad_136_1.jpg
sad_136.mp4,mixkit-50665__a-young-pitbull-canine-sitting-on-the-ground-patiently-listens,sad,end,high_resolution,9.3,high_resolution/sad/sad_136_2.jpg
sad_137.mp4,mixkit-50666__a-brown-pitbull-canine-panting,sad,start,high_resolution,4.79,high_resolution/sad/sad_137_1.jpg
sad_137.mp4,mixkit-50666__a-brown-pitbull-canine-panting,sad,end,high_resolution,4.9,high_resolution/sad/sad_137_2.jpg
surprise_127.mp4,mixkit-50670__an-innocent-looking-pitbull-canine-bitting-and-playing-with-a,surprise,start,high_resolution,4.11,high_resolution/surprise/surprise_127_1.jpg
surprise_127.mp4,mixkit-50670__an-innocent-looking-pitbull-canine-bitting-and-playing-with-a,surprise,end,high_resolution,4.84,high_resolution/surprise/surprise_127_2.jpg
happy_162.mp4,mixkit-50678__a-black-and-white-border-collie-canine-patiently-panting,happy,start,high_resolution,1.17,high_resolution/happy/happy_162_1.jpg
happy_162.mp4,mixkit-50678__a-black-and-white-border-collie-canine-patiently-panting,happy,end,high_resolution,4.35,high_resolution/happy/happy_162_2.jpg
happy_163.mp4,mixkit-50680__black-and-white-border-collie-standing-on-its-hind-legs,happy,start,high_resolution,6.39,high_resolution/happy/happy_163_1.jpg
happy_163.mp4,mixkit-50680__black-and-white-border-collie-standing-on-its-hind-legs,happy,end,high_resolution,7.56,high_resolution/happy/happy_163_2.jpg
neutral_150.mp4,mixkit-50688__playfull-border-collie-dog-playing-with-a-toy-ball,neutral,start,high_resolution,3.24,high_resolution/neutral/neutral_150_1.jpg
neutral_150.mp4,mixkit-50688__playfull-border-collie-dog-playing-with-a-toy-ball,neutral,end,high_resolution,5.27,high_resolution/neutral/neutral_150_2.jpg
happy_164.mp4,mixkit-6355__woman-and-her-dog-taking-a-selfie,happy,start,high_resolution,6.45,high_resolution/happy/happy_164_1.jpg
happy_164.mp4,mixkit-6355__woman-and-her-dog-taking-a-selfie,happy,end,high_resolution,8.43,high_resolution/happy/happy_164_2.jpg
sad_138.mp4,mixkit-6400__woman-taking-a-selfie-with-her-dog,sad,start,high_resolution,3.99,high_resolution/sad/sad_138_1.jpg
sad_138.mp4,mixkit-6400__woman-taking-a-selfie-with-her-dog,sad,end,high_resolution,13.99,high_resolution/sad/sad_138_2.jpg
happy_165.mp4,mixkit-6664__woman-with-her-pet-dog,happy,start,high_resolution,2.24,high_resolution/happy/happy_165_1.jpg
happy_165.mp4,mixkit-6664__woman-with-her-pet-dog,happy,end,high_resolution,3.34,high_resolution/happy/happy_165_2.jpg
neutral_151.mp4,mixkit-7355__team-of-husky-sled-dogs-running-in-the-snow,neutral,start,high_resolution,1.22,high_resolution/neutral/neutral_151_1.jpg
neutral_151.mp4,mixkit-7355__team-of-husky-sled-dogs-running-in-the-snow,neutral,end,high_resolution,2.9,high_resolution/neutral/neutral_151_2.jpg
neutral_152.mp4,o8zoo0FJkUY_82800_0040.mp4,neutral,start,high_resolution,9.54,high_resolution/neutral/neutral_152_1.jpg
neutral_152.mp4,o8zoo0FJkUY_82800_0040.mp4,neutral,end,high_resolution,10.49,high_resolution/neutral/neutral_152_2.jpg
neutral_153.mp4,o8zoo0FJkUY_82800_0041.mp4,neutral,start,high_resolution,2.26,high_resolution/neutral/neutral_153_1.jpg
neutral_153.mp4,o8zoo0FJkUY_82800_0041.mp4,neutral,end,high_resolution,2.73,high_resolution/neutral/neutral_153_2.jpg
neutral_154.mp4,o8zoo0FJkUY_82800_0042.mp4,neutral,start,high_resolution,1.73,high_resolution/neutral/neutral_154_1.jpg
neutral_154.mp4,o8zoo0FJkUY_82800_0042.mp4,neutral,end,high_resolution,2.51,high_resolution/neutral/neutral_154_2.jpg
neutral_155.mp4,o8zoo0FJkUY_82800_0043.mp4,neutral,start,high_resolution,4.63,high_resolution/neutral/neutral_155_1.jpg
neutral_155.mp4,o8zoo0FJkUY_82800_0043.mp4,neutral,end,high_resolution,5.21,high_resolution/neutral/neutral_155_2.jpg
neutral_156.mp4,o8zoo0FJkUY_82800_0044.mp4,neutral,start,high_resolution,7.24,high_resolution/neutral/neutral_156_1.jpg
neutral_156.mp4,o8zoo0FJkUY_82800_0044.mp4,neutral,end,high_resolution,7.64,high_resolution/neutral/neutral_156_2.jpg
neutral_157.mp4,o8zoo0FJkUY_82800_0046.mp4,neutral,start,high_resolution,0.54,high_resolution/neutral/neutral_157_1.jpg
neutral_157.mp4,o8zoo0FJkUY_82800_0046.mp4,neutral,end,high_resolution,1.36,high_resolution/neutral/neutral_157_2.jpg
sad_139.mp4,o8zoo0FJkUY_82800_0051.mp4,sad,start,high_resolution,1.58,high_resolution/sad/sad_139_1.jpg
sad_139.mp4,o8zoo0FJkUY_82800_0051.mp4,sad,end,high_resolution,2.04,high_resolution/sad/sad_139_2.jpg
sad_140.mp4,o8zoo0FJkUY_82800_0057.mp4,sad,start,high_resolution,2.36,high_resolution/sad/sad_140_1.jpg
sad_140.mp4,o8zoo0FJkUY_82800_0057.mp4,sad,end,high_resolution,3.55,high_resolution/sad/sad_140_2.jpg
neutral_158.mp4,o8zoo0FJkUY_82800_0058.mp4,neutral,start,high_resolution,11.82,high_resolution/neutral/neutral_158_1.jpg
neutral_158.mp4,o8zoo0FJkUY_82800_0058.mp4,neutral,end,high_resolution,13.46,high_resolution/neutral/neutral_158_2.jpg
happy_166.mp4,o8zoo0FJkUY_82800_0059.mp4,happy,start,high_resolution,2.04,high_resolution/happy/happy_166_1.jpg
happy_166.mp4,o8zoo0FJkUY_82800_0059.mp4,happy,end,high_resolution,2.63,high_resolution/happy/happy_166_2.jpg
happy_167.mp4,o8zoo0FJkUY_82800_0060.mp4,happy,start,high_resolution,1.7,high_resolution/happy/happy_167_1.jpg
happy_167.mp4,o8zoo0FJkUY_82800_0060.mp4,happy,end,high_resolution,3.36,high_resolution/happy/happy_167_2.jpg
sad_141.mp4,o8zoo0FJkUY_82800_0067.mp4,sad,start,high_resolution,11.12,high_resolution/sad/sad_141_1.jpg
sad_141.mp4,o8zoo0FJkUY_82800_0067.mp4,sad,end,high_resolution,11.65,high_resolution/sad/sad_141_2.jpg
surprise_128.mp4,o8zoo0FJkUY_82800_0069.mp4,surprise,start,high_resolution,10.45,high_resolution/surprise/surprise_128_1.jpg
surprise_128.mp4,o8zoo0FJkUY_82800_0069.mp4,surprise,end,high_resolution,11.17,high_resolution/surprise/surprise_128_2.jpg
neutral_159.mp4,o8zoo0FJkUY_84600_0000.mp4,neutral,start,high_resolution,13.17,high_resolution/neutral/neutral_159_1.jpg
neutral_159.mp4,o8zoo0FJkUY_84600_0000.mp4,neutral,end,high_resolution,14.02,high_resolution/neutral/neutral_159_2.jpg
happy_168.mp4,o8zoo0FJkUY_84600_0001.mp4,happy,start,high_resolution,18.38,high_resolution/happy/happy_168_1.jpg
happy_168.mp4,o8zoo0FJkUY_84600_0001.mp4,happy,end,high_resolution,18.95,high_resolution/happy/happy_168_2.jpg
happy_169.mp4,o8zoo0FJkUY_84600_0002.mp4,happy,start,high_resolution,7.07,high_resolution/happy/happy_169_1.jpg
happy_169.mp4,o8zoo0FJkUY_84600_0002.mp4,happy,end,high_resolution,10.3,high_resolution/happy/happy_169_2.jpg
sad_142.mp4,o8zoo0FJkUY_84600_0005.mp4,sad,start,high_resolution,1.18,high_resolution/sad/sad_142_1.jpg
sad_142.mp4,o8zoo0FJkUY_84600_0005.mp4,sad,end,high_resolution,1.68,high_resolution/sad/sad_142_2.jpg
surprise_129.mp4,o8zoo0FJkUY_84600_0007.mp4,surprise,start,high_resolution,5.08,high_resolution/surprise/surprise_129_1.jpg
surprise_129.mp4,o8zoo0FJkUY_84600_0007.mp4,surprise,end,high_resolution,5.65,high_resolution/surprise/surprise_129_2.jpg
happy_170.mp4,o8zoo0FJkUY_84600_0009.mp4,happy,start,high_resolution,19.58,high_resolution/happy/happy_170_1.jpg
happy_170.mp4,o8zoo0FJkUY_84600_0009.mp4,happy,end,high_resolution,20.34,high_resolution/happy/happy_170_2.jpg
neutral_160.mp4,o8zoo0FJkUY_84600_0010.mp4,neutral,start,high_resolution,9.09,high_resolution/neutral/neutral_160_1.jpg
neutral_160.mp4,o8zoo0FJkUY_84600_0010.mp4,neutral,end,high_resolution,9.62,high_resolution/neutral/neutral_160_2.jpg
happy_171.mp4,o8zoo0FJkUY_84600_0011.mp4,happy,start,high_resolution,6.87,high_resolution/happy/happy_171_1.jpg
happy_171.mp4,o8zoo0FJkUY_84600_0011.mp4,happy,end,high_resolution,7.62,high_resolution/happy/happy_171_2.jpg
happy_172.mp4,o8zoo0FJkUY_84600_0012.mp4,happy,start,high_resolution,4.05,high_resolution/happy/happy_172_1.jpg
happy_172.mp4,o8zoo0FJkUY_84600_0012.mp4,happy,end,high_resolution,4.68,high_resolution/happy/happy_172_2.jpg
angry_221.mp4,o8zoo0FJkUY_84600_0013.mp4,angry,start,high_resolution,0.46,high_resolution/angry/angry_221_1.jpg
angry_221.mp4,o8zoo0FJkUY_84600_0013.mp4,angry,end,high_resolution,1.35,high_resolution/angry/angry_221_2.jpg
happy_173.mp4,o8zoo0FJkUY_84600_0015.mp4,happy,start,high_resolution,3.99,high_resolution/happy/happy_173_1.jpg
happy_173.mp4,o8zoo0FJkUY_84600_0015.mp4,happy,end,high_resolution,7.18,high_resolution/happy/happy_173_2.jpg
happy_174.mp4,o8zoo0FJkUY_84600_0017.mp4,happy,start,high_resolution,13.92,high_resolution/happy/happy_174_1.jpg
happy_174.mp4,o8zoo0FJkUY_84600_0017.mp4,happy,end,high_resolution,14.87,high_resolution/happy/happy_174_2.jpg
neutral_161.mp4,o8zoo0FJkUY_84600_0018.mp4,neutral,start,high_resolution,19.8,high_resolution/neutral/neutral_161_1.jpg
neutral_161.mp4,o8zoo0FJkUY_84600_0018.mp4,neutral,end,high_resolution,20.35,high_resolution/neutral/neutral_161_2.jpg
sad_143.mp4,o8zoo0FJkUY_84600_0024.mp4,sad,start,high_resolution,9.23,high_resolution/sad/sad_143_1.jpg
sad_143.mp4,o8zoo0FJkUY_84600_0024.mp4,sad,end,high_resolution,15.01,high_resolution/sad/sad_143_2.jpg
neutral_162.mp4,o8zoo0FJkUY_84600_0027.mp4,neutral,start,high_resolution,8.37,high_resolution/neutral/neutral_162_1.jpg
neutral_162.mp4,o8zoo0FJkUY_84600_0027.mp4,neutral,end,high_resolution,8.96,high_resolution/neutral/neutral_162_2.jpg
neutral_163.mp4,o8zoo0FJkUY_84600_0035.mp4,neutral,start,high_resolution,6.66,high_resolution/neutral/neutral_163_1.jpg
neutral_163.mp4,o8zoo0FJkUY_84600_0035.mp4,neutral,end,high_resolution,7.68,high_resolution/neutral/neutral_163_2.jpg
neutral_164.mp4,o8zoo0FJkUY_84600_0037.mp4,neutral,start,high_resolution,18.76,high_resolution/neutral/neutral_164_1.jpg
neutral_164.mp4,o8zoo0FJkUY_84600_0037.mp4,neutral,end,high_resolution,22.54,high_resolution/neutral/neutral_164_2.jpg
neutral_165.mp4,o8zoo0FJkUY_84600_0040.mp4,neutral,start,high_resolution,9.26,high_resolution/neutral/neutral_165_1.jpg
neutral_165.mp4,o8zoo0FJkUY_84600_0040.mp4,neutral,end,high_resolution,10.84,high_resolution/neutral/neutral_165_2.jpg
surprise_130.mp4,o8zoo0FJkUY_84600_0041.mp4,surprise,start,high_resolution,3.89,high_resolution/surprise/surprise_130_1.jpg
surprise_130.mp4,o8zoo0FJkUY_84600_0041.mp4,surprise,end,high_resolution,5.51,high_resolution/surprise/surprise_130_2.jpg
sad_144.mp4,pexels_11487568.mp4,sad,start,high_resolution,14.38,high_resolution/sad/sad_144_1.jpg
sad_144.mp4,pexels_11487568.mp4,sad,end,high_resolution,15.98,high_resolution/sad/sad_144_2.jpg
neutral_166.mp4,pexels_11490018.mp4,neutral,start,low_resolution,1.68,low_resolution/neutral/neutral_166_1.jpg
neutral_166.mp4,pexels_11490018.mp4,neutral,end,low_resolution,5.68,low_resolution/neutral/neutral_166_2.jpg
happy_175.mp4,pexels_12130333.mp4,happy,start,high_resolution,0.57,high_resolution/happy/happy_175_1.jpg
happy_175.mp4,pexels_12130333.mp4,happy,end,high_resolution,6.18,high_resolution/happy/happy_175_2.jpg
sad_145.mp4,pexels_12269635.mp4,sad,start,high_resolution,2.26,high_resolution/sad/sad_145_1.jpg
neutral_167.mp4,pexels_12319846.mp4,neutral,start,high_resolution,3.71,high_resolution/neutral/neutral_167_1.jpg
neutral_167.mp4,pexels_12319846.mp4,neutral,end,high_resolution,4.14,high_resolution/neutral/neutral_167_2.jpg
sad_146.mp4,pexels_14045303.mp4,sad,start,high_resolution,1.43,high_resolution/sad/sad_146_1.jpg
sad_146.mp4,pexels_14045303.mp4,sad,end,high_resolution,3.17,high_resolution/sad/sad_146_2.jpg
sad_147.mp4,pexels_15387173.mp4,sad,start,high_resolution,3.02,high_resolution/sad/sad_147_1.jpg
sad_147.mp4,pexels_15387173.mp4,sad,end,high_resolution,4.91,high_resolution/sad/sad_147_2.jpg
neutral_168.mp4,pexels_16233109.mp4,neutral,start,high_resolution,1.68,high_resolution/neutral/neutral_168_1.jpg
neutral_168.mp4,pexels_16233109.mp4,neutral,end,high_resolution,3.71,high_resolution/neutral/neutral_168_2.jpg
happy_176.mp4,pexels_16404081.mp4,happy,start,high_resolution,1.2,high_resolution/happy/happy_176_1.jpg
happy_176.mp4,pexels_16404081.mp4,happy,end,high_resolution,39.92,high_resolution/happy/happy_176_2.jpg
neutral_169.mp4,pexels_16534371.mp4,neutral,start,high_resolution,2.32,high_resolution/neutral/neutral_169_1.jpg
neutral_169.mp4,pexels_16534371.mp4,neutral,end,high_resolution,6.52,high_resolution/neutral/neutral_169_2.jpg
sad_148.mp4,pexels_16967292.mp4,sad,start,high_resolution,1.82,high_resolution/sad/sad_148_1.jpg
sad_148.mp4,pexels_16967292.mp4,sad,end,high_resolution,2.19,high_resolution/sad/sad_148_2.jpg
happy_177.mp4,pexels_17029773.mp4,happy,start,high_resolution,0.79,high_resolution/happy/happy_177_1.jpg
happy_177.mp4,pexels_17029773.mp4,happy,end,high_resolution,2.96,high_resolution/happy/happy_177_2.jpg
sad_149.mp4,pexels_17120604.mp4,sad,start,high_resolution,7.44,high_resolution/sad/sad_149_1.jpg
sad_149.mp4,pexels_17120604.mp4,sad,end,high_resolution,13.47,high_resolution/sad/sad_149_2.jpg
happy_178.mp4,pexels_17224914.mp4,happy,start,high_resolution,0.94,high_resolution/happy/happy_178_1.jpg
happy_178.mp4,pexels_17224914.mp4,happy,end,high_resolution,16.2,high_resolution/happy/happy_178_2.jpg
happy_179.mp4,pexels_17662319.mp4,happy,start,high_resolution,1.61,high_resolution/happy/happy_179_1.jpg
happy_179.mp4,pexels_17662319.mp4,happy,end,high_resolution,2.43,high_resolution/happy/happy_179_2.jpg
sad_150.mp4,pexels_17898552.mp4,sad,start,high_resolution,0.35,high_resolution/sad/sad_150_1.jpg
sad_150.mp4,pexels_17898552.mp4,sad,end,high_resolution,1.43,high_resolution/sad/sad_150_2.jpg
sad_151.mp4,pexels_17992189.mp4,sad,start,high_resolution,2.87,high_resolution/sad/sad_151_1.jpg
sad_151.mp4,pexels_17992189.mp4,sad,end,high_resolution,3.29,high_resolution/sad/sad_151_2.jpg
sad_152.mp4,pexels_18238489.mp4,sad,start,high_resolution,1.04,high_resolution/sad/sad_152_1.jpg
sad_152.mp4,pexels_18238489.mp4,sad,end,high_resolution,5.94,high_resolution/sad/sad_152_2.jpg
sad_153.mp4,pexels_18492963.mp4,sad,start,high_resolution,1.13,high_resolution/sad/sad_153_1.jpg
sad_153.mp4,pexels_18492963.mp4,sad,end,high_resolution,3.25,high_resolution/sad/sad_153_2.jpg
neutral_170.mp4,pexels_1851001.mp4,neutral,start,high_resolution,10.11,high_resolution/neutral/neutral_170_1.jpg
neutral_170.mp4,pexels_1851001.mp4,neutral,end,high_resolution,11.26,high_resolution/neutral/neutral_170_2.jpg
sad_154.mp4,pexels_1851002.mp4,sad,start,high_resolution,0.75,high_resolution/sad/sad_154_1.jpg
sad_154.mp4,pexels_1851002.mp4,sad,end,high_resolution,17.16,high_resolution/sad/sad_154_2.jpg
neutral_171.mp4,pexels_18787341.mp4,neutral,start,high_resolution,3.08,high_resolution/neutral/neutral_171_1.jpg
neutral_171.mp4,pexels_18787341.mp4,neutral,end,high_resolution,9.05,high_resolution/neutral/neutral_171_2.jpg
happy_180.mp4,pexels_19201621.mp4,happy,start,high_resolution,1.77,high_resolution/happy/happy_180_1.jpg
happy_180.mp4,pexels_19201621.mp4,happy,end,high_resolution,10.69,high_resolution/happy/happy_180_2.jpg
happy_181.mp4,pexels_19201624.mp4,happy,start,high_resolution,4.96,high_resolution/happy/happy_181_1.jpg
happy_181.mp4,pexels_19201624.mp4,happy,end,high_resolution,7.62,high_resolution/happy/happy_181_2.jpg
happy_182.mp4,pexels_19699718.mp4,happy,start,high_resolution,1.64,high_resolution/happy/happy_182_1.jpg
happy_182.mp4,pexels_19699718.mp4,happy,end,high_resolution,8.0,high_resolution/happy/happy_182_2.jpg
neutral_172.mp4,pexels_19710679.mp4,neutral,start,high_resolution,0.68,high_resolution/neutral/neutral_172_1.jpg
neutral_172.mp4,pexels_19710679.mp4,neutral,end,high_resolution,5.81,high_resolution/neutral/neutral_172_2.jpg
sad_155.mp4,pexels_19782939.mp4,sad,start,high_resolution,0.85,high_resolution/sad/sad_155_1.jpg
sad_155.mp4,pexels_19782939.mp4,sad,end,high_resolution,4.67,high_resolution/sad/sad_155_2.jpg
happy_183.mp4,pexels_19923956.mp4,happy,start,high_resolution,1.45,high_resolution/happy/happy_183_1.jpg
happy_183.mp4,pexels_19923956.mp4,happy,end,high_resolution,14.36,high_resolution/happy/happy_183_2.jpg
neutral_173.mp4,pexels_20322276.mp4,neutral,start,high_resolution,3.1,high_resolution/neutral/neutral_173_1.jpg
neutral_173.mp4,pexels_20322276.mp4,neutral,end,high_resolution,3.71,high_resolution/neutral/neutral_173_2.jpg
neutral_174.mp4,pexels_20660963.mp4,neutral,start,high_resolution,0.94,high_resolution/neutral/neutral_174_1.jpg
neutral_174.mp4,pexels_20660963.mp4,neutral,end,high_resolution,4.34,high_resolution/neutral/neutral_174_2.jpg
neutral_175.mp4,pexels_2431398.mp4,neutral,start,high_resolution,2.11,high_resolution/neutral/neutral_175_1.jpg
neutral_175.mp4,pexels_2431398.mp4,neutral,end,high_resolution,2.42,high_resolution/neutral/neutral_175_2.jpg
sad_156.mp4,pexels_26871287.mp4,sad,start,high_resolution,0.77,high_resolution/sad/sad_156_1.jpg
sad_156.mp4,pexels_26871287.mp4,sad,end,high_resolution,5.56,high_resolution/sad/sad_156_2.jpg
neutral_176.mp4,pexels_27134309.mp4,neutral,start,high_resolution,2.47,high_resolution/neutral/neutral_176_1.jpg
neutral_176.mp4,pexels_27134309.mp4,neutral,end,high_resolution,2.8,high_resolution/neutral/neutral_176_2.jpg
neutral_177.mp4,pexels_27271087.mp4,neutral,start,high_resolution,3.83,high_resolution/neutral/neutral_177_1.jpg
neutral_177.mp4,pexels_27271087.mp4,neutral,end,high_resolution,6.6,high_resolution/neutral/neutral_177_2.jpg
happy_184.mp4,pexels_27375570.mp4,happy,start,high_resolution,1.19,high_resolution/happy/happy_184_1.jpg
happy_184.mp4,pexels_27375570.mp4,happy,end,high_resolution,6.59,high_resolution/happy/happy_184_2.jpg
sad_157.mp4,pexels_27730129.mp4,sad,start,high_resolution,1.22,high_resolution/sad/sad_157_1.jpg
sad_157.mp4,pexels_27730129.mp4,sad,end,high_resolution,1.62,high_resolution/sad/sad_157_2.jpg
sad_158.mp4,pexels_27948696.mp4,sad,start,high_resolution,0.76,high_resolution/sad/sad_158_1.jpg
sad_158.mp4,pexels_27948696.mp4,sad,end,high_resolution,5.24,high_resolution/sad/sad_158_2.jpg
sad_159.mp4,pexels_28283812.mp4,sad,start,high_resolution,1.91,high_resolution/sad/sad_159_1.jpg
sad_159.mp4,pexels_28283812.mp4,sad,end,high_resolution,5.54,high_resolution/sad/sad_159_2.jpg
neutral_178.mp4,pexels_28499868.mp4,neutral,start,high_resolution,0.87,high_resolution/neutral/neutral_178_1.jpg
neutral_178.mp4,pexels_28499868.mp4,neutral,end,high_resolution,2.47,high_resolution/neutral/neutral_178_2.jpg
neutral_179.mp4,pexels_28587406.mp4,neutral,start,high_resolution,1.45,high_resolution/neutral/neutral_179_1.jpg
neutral_179.mp4,pexels_28587406.mp4,neutral,end,high_resolution,4.03,high_resolution/neutral/neutral_179_2.jpg
sad_160.mp4,pexels_28638676.mp4,sad,start,high_resolution,2.77,high_resolution/sad/sad_160_1.jpg
sad_160.mp4,pexels_28638676.mp4,sad,end,high_resolution,5.32,high_resolution/sad/sad_160_2.jpg
neutral_180.mp4,pexels_28638777.mp4,neutral,start,high_resolution,2.9,high_resolution/neutral/neutral_180_1.jpg
neutral_180.mp4,pexels_28638777.mp4,neutral,end,high_resolution,3.65,high_resolution/neutral/neutral_180_2.jpg
happy_185.mp4,pexels_28729840.mp4,happy,start,high_resolution,1.44,high_resolution/happy/happy_185_1.jpg
happy_185.mp4,pexels_28729840.mp4,happy,end,high_resolution,11.21,high_resolution/happy/happy_185_2.jpg
sad_161.mp4,pexels_28913553.mp4,sad,start,high_resolution,0.8,high_resolution/sad/sad_161_1.jpg
sad_161.mp4,pexels_28913553.mp4,sad,end,high_resolution,5.32,high_resolution/sad/sad_161_2.jpg
sad_162.mp4,pexels_29085785.mp4,sad,start,high_resolution,1.29,high_resolution/sad/sad_162_1.jpg
sad_162.mp4,pexels_29085785.mp4,sad,end,high_resolution,6.86,high_resolution/sad/sad_162_2.jpg
happy_186.mp4,pexels_29477854.mp4,happy,start,high_resolution,0.84,high_resolution/happy/happy_186_1.jpg
happy_186.mp4,pexels_29477854.mp4,happy,end,high_resolution,6.9,high_resolution/happy/happy_186_2.jpg
happy_187.mp4,pexels_30189212.mp4,happy,start,high_resolution,1.91,high_resolution/happy/happy_187_1.jpg
happy_187.mp4,pexels_30189212.mp4,happy,end,high_resolution,19.07,high_resolution/happy/happy_187_2.jpg
happy_188.mp4,pexels_30637739.mp4,happy,start,high_resolution,8.25,high_resolution/happy/happy_188_1.jpg
happy_188.mp4,pexels_30637739.mp4,happy,end,high_resolution,9.08,high_resolution/happy/happy_188_2.jpg
neutral_181.mp4,pexels_30797055.mp4,neutral,start,high_resolution,1.26,high_resolution/neutral/neutral_181_1.jpg
neutral_181.mp4,pexels_30797055.mp4,neutral,end,high_resolution,5.38,high_resolution/neutral/neutral_181_2.jpg
sad_163.mp4,pexels_30797057.mp4,sad,start,high_resolution,2.25,high_resolution/sad/sad_163_1.jpg
sad_163.mp4,pexels_30797057.mp4,sad,end,high_resolution,7.83,high_resolution/sad/sad_163_2.jpg
sad_164.mp4,pexels_30797059.mp4,sad,start,high_resolution,1.34,high_resolution/sad/sad_164_1.jpg
sad_164.mp4,pexels_30797059.mp4,sad,end,high_resolution,6.31,high_resolution/sad/sad_164_2.jpg
sad_165.mp4,pexels_31440792.mp4,sad,start,high_resolution,0.96,high_resolution/sad/sad_165_1.jpg
sad_165.mp4,pexels_31440792.mp4,sad,end,high_resolution,2.35,high_resolution/sad/sad_165_2.jpg
happy_189.mp4,pexels_31846902.mp4,happy,start,high_resolution,9.6,high_resolution/happy/happy_189_1.jpg
happy_189.mp4,pexels_31846902.mp4,happy,end,high_resolution,34.57,high_resolution/happy/happy_189_2.jpg
sad_166.mp4,pexels_31916188.mp4,sad,start,high_resolution,1.0,high_resolution/sad/sad_166_1.jpg
sad_166.mp4,pexels_31916188.mp4,sad,end,high_resolution,2.06,high_resolution/sad/sad_166_2.jpg
sad_167.mp4,pexels_31916200.mp4,sad,start,high_resolution,1.13,high_resolution/sad/sad_167_1.jpg
sad_167.mp4,pexels_31916200.mp4,sad,end,high_resolution,6.97,high_resolution/sad/sad_167_2.jpg
happy_190.mp4,pexels_31952416.mp4,happy,start,high_resolution,0.81,high_resolution/happy/happy_190_1.jpg
happy_190.mp4,pexels_31952416.mp4,happy,end,high_resolution,6.21,high_resolution/happy/happy_190_2.jpg
neutral_182.mp4,pexels_31983543.mp4,neutral,start,high_resolution,0.88,high_resolution/neutral/neutral_182_1.jpg
neutral_182.mp4,pexels_31983543.mp4,neutral,end,high_resolution,1.26,high_resolution/neutral/neutral_182_2.jpg
sad_168.mp4,pexels_32072820.mp4,sad,start,high_resolution,0.98,high_resolution/sad/sad_168_1.jpg
sad_168.mp4,pexels_32072820.mp4,sad,end,high_resolution,9.88,high_resolution/sad/sad_168_2.jpg
happy_191.mp4,pexels_32488151.mp4,happy,start,high_resolution,2.16,high_resolution/happy/happy_191_1.jpg
happy_191.mp4,pexels_32488151.mp4,happy,end,high_resolution,7.28,high_resolution/happy/happy_191_2.jpg
happy_192.mp4,pexels_32720010.mp4,happy,start,high_resolution,1.27,high_resolution/happy/happy_192_1.jpg
happy_192.mp4,pexels_32720010.mp4,happy,end,high_resolution,6.44,high_resolution/happy/happy_192_2.jpg
sad_169.mp4,pexels_32908860.mp4,sad,start,high_resolution,6.44,high_resolution/sad/sad_169_1.jpg
sad_169.mp4,pexels_32908860.mp4,sad,end,high_resolution,9.96,high_resolution/sad/sad_169_2.jpg
sad_170.mp4,pexels_33070924.mp4,sad,start,high_resolution,1.57,high_resolution/sad/sad_170_1.jpg
sad_170.mp4,pexels_33070924.mp4,sad,end,high_resolution,5.71,high_resolution/sad/sad_170_2.jpg
sad_171.mp4,pexels_33131112.mp4,sad,start,high_resolution,1.22,high_resolution/sad/sad_171_1.jpg
sad_171.mp4,pexels_33131112.mp4,sad,end,high_resolution,2.53,high_resolution/sad/sad_171_2.jpg
happy_193.mp4,pexels_33191813.mp4,happy,start,high_resolution,6.11,high_resolution/happy/happy_193_1.jpg
happy_193.mp4,pexels_33191813.mp4,happy,end,high_resolution,9.0,high_resolution/happy/happy_193_2.jpg
happy_194.mp4,pexels_33434337.mp4,happy,start,high_resolution,0.72,high_resolution/happy/happy_194_1.jpg
happy_194.mp4,pexels_33434337.mp4,happy,end,high_resolution,7.32,high_resolution/happy/happy_194_2.jpg
sad_172.mp4,pexels_34310223.mp4,sad,start,high_resolution,6.1,high_resolution/sad/sad_172_1.jpg
sad_172.mp4,pexels_34310223.mp4,sad,end,high_resolution,9.03,high_resolution/sad/sad_172_2.jpg
neutral_183.mp4,pexels_34346766.mp4,neutral,start,high_resolution,1.9,high_resolution/neutral/neutral_183_1.jpg
neutral_183.mp4,pexels_34346766.mp4,neutral,end,high_resolution,7.72,high_resolution/neutral/neutral_183_2.jpg
sad_173.mp4,pexels_34478393.mp4,sad,start,high_resolution,0.24,high_resolution/sad/sad_173_1.jpg
sad_173.mp4,pexels_34478393.mp4,sad,end,high_resolution,2.27,high_resolution/sad/sad_173_2.jpg
neutral_184.mp4,pexels_34576401.mp4,neutral,start,high_resolution,0.88,high_resolution/neutral/neutral_184_1.jpg
neutral_184.mp4,pexels_34576401.mp4,neutral,end,high_resolution,5.94,high_resolution/neutral/neutral_184_2.jpg
neutral_185.mp4,pexels_34576405.mp4,neutral,start,high_resolution,1.21,high_resolution/neutral/neutral_185_1.jpg
neutral_185.mp4,pexels_34576405.mp4,neutral,end,high_resolution,5.95,high_resolution/neutral/neutral_185_2.jpg
sad_174.mp4,pexels_34576579.mp4,sad,start,high_resolution,2.06,high_resolution/sad/sad_174_1.jpg
sad_174.mp4,pexels_34576579.mp4,sad,end,high_resolution,4.89,high_resolution/sad/sad_174_2.jpg
sad_175.mp4,pexels_34610920.mp4,sad,start,high_resolution,1.92,high_resolution/sad/sad_175_1.jpg
sad_175.mp4,pexels_34610920.mp4,sad,end,high_resolution,3.79,high_resolution/sad/sad_175_2.jpg
happy_195.mp4,pexels_34688820.mp4,happy,start,high_resolution,3.98,high_resolution/happy/happy_195_1.jpg
happy_195.mp4,pexels_34688820.mp4,happy,end,high_resolution,8.54,high_resolution/happy/happy_195_2.jpg
happy_196.mp4,pexels_34689720.mp4,happy,start,high_resolution,27.48,high_resolution/happy/happy_196_1.jpg
happy_196.mp4,pexels_34689720.mp4,happy,end,high_resolution,27.88,high_resolution/happy/happy_196_2.jpg
neutral_186.mp4,pexels_34710283.mp4,neutral,start,high_resolution,8.78,high_resolution/neutral/neutral_186_1.jpg
neutral_186.mp4,pexels_34710283.mp4,neutral,end,high_resolution,9.46,high_resolution/neutral/neutral_186_2.jpg
happy_197.mp4,pexels_34759846.mp4,happy,start,high_resolution,2.47,high_resolution/happy/happy_197_1.jpg
happy_197.mp4,pexels_34759846.mp4,happy,end,high_resolution,8.04,high_resolution/happy/happy_197_2.jpg
sad_176.mp4,pexels_34958838.mp4,sad,start,high_resolution,0.59,high_resolution/sad/sad_176_1.jpg
sad_176.mp4,pexels_34958838.mp4,sad,end,high_resolution,2.4,high_resolution/sad/sad_176_2.jpg
sad_177.mp4,pexels_34989180.mp4,sad,start,high_resolution,2.32,high_resolution/sad/sad_177_1.jpg
sad_177.mp4,pexels_34989180.mp4,sad,end,high_resolution,4.4,high_resolution/sad/sad_177_2.jpg
sad_178.mp4,pexels_35170845.mp4,sad,start,high_resolution,1.38,high_resolution/sad/sad_178_1.jpg
sad_178.mp4,pexels_35170845.mp4,sad,end,high_resolution,6.58,high_resolution/sad/sad_178_2.jpg
happy_198.mp4,pexels_35199740.mp4,happy,start,high_resolution,10.9,high_resolution/happy/happy_198_1.jpg
happy_198.mp4,pexels_35199740.mp4,happy,end,high_resolution,17.72,high_resolution/happy/happy_198_2.jpg
happy_199.mp4,pexels_35235643.mp4,happy,start,high_resolution,1.16,high_resolution/happy/happy_199_1.jpg
happy_199.mp4,pexels_35235643.mp4,happy,end,high_resolution,10.45,high_resolution/happy/happy_199_2.jpg
neutral_187.mp4,pexels_35246436.mp4,neutral,start,high_resolution,1.28,high_resolution/neutral/neutral_187_1.jpg
neutral_187.mp4,pexels_35246436.mp4,neutral,end,high_resolution,1.61,high_resolution/neutral/neutral_187_2.jpg
sad_179.mp4,pexels_35289394.mp4,sad,start,high_resolution,1.18,high_resolution/sad/sad_179_1.jpg
sad_179.mp4,pexels_35289394.mp4,sad,end,high_resolution,1.69,high_resolution/sad/sad_179_2.jpg
neutral_188.mp4,pexels_35289404.mp4,neutral,start,high_resolution,11.77,high_resolution/neutral/neutral_188_1.jpg
neutral_188.mp4,pexels_35289404.mp4,neutral,end,high_resolution,12.1,high_resolution/neutral/neutral_188_2.jpg
happy_200.mp4,pexels_35290086.mp4,happy,start,high_resolution,11.1,high_resolution/happy/happy_200_1.jpg
happy_200.mp4,pexels_35290086.mp4,happy,end,high_resolution,15.52,high_resolution/happy/happy_200_2.jpg
happy_201.mp4,pexels_35290088.mp4,happy,start,high_resolution,2.59,high_resolution/happy/happy_201_1.jpg
happy_201.mp4,pexels_35290088.mp4,happy,end,high_resolution,5.35,high_resolution/happy/happy_201_2.jpg
happy_202.mp4,pexels_35290089.mp4,happy,start,high_resolution,5.86,high_resolution/happy/happy_202_1.jpg
happy_202.mp4,pexels_35290089.mp4,happy,end,high_resolution,15.16,high_resolution/happy/happy_202_2.jpg
sad_180.mp4,pexels_35309122.mp4,sad,start,high_resolution,1.24,high_resolution/sad/sad_180_1.jpg
sad_180.mp4,pexels_35309122.mp4,sad,end,high_resolution,8.97,high_resolution/sad/sad_180_2.jpg
neutral_189.mp4,pexels_35309768.mp4,neutral,start,high_resolution,6.83,high_resolution/neutral/neutral_189_1.jpg
neutral_189.mp4,pexels_35309768.mp4,neutral,end,high_resolution,7.5,high_resolution/neutral/neutral_189_2.jpg
happy_203.mp4,pexels_35346867.mp4,happy,start,high_resolution,0.0,high_resolution/happy/happy_203_1.jpg
happy_203.mp4,pexels_35346867.mp4,happy,end,high_resolution,3.38,high_resolution/happy/happy_203_2.jpg
neutral_190.mp4,pexels_35374264.mp4,neutral,start,high_resolution,1.58,high_resolution/neutral/neutral_190_1.jpg
neutral_190.mp4,pexels_35374264.mp4,neutral,end,high_resolution,6.25,high_resolution/neutral/neutral_190_2.jpg
sad_181.mp4,pexels_35374347.mp4,sad,start,high_resolution,1.86,high_resolution/sad/sad_181_1.jpg
sad_181.mp4,pexels_35374347.mp4,sad,end,high_resolution,6.7,high_resolution/sad/sad_181_2.jpg
happy_204.mp4,pexels_35454572.mp4,happy,start,high_resolution,1.69,high_resolution/happy/happy_204_1.jpg
happy_204.mp4,pexels_35454572.mp4,happy,end,high_resolution,4.71,high_resolution/happy/happy_204_2.jpg
sad_182.mp4,pexels_35605512.mp4,sad,start,high_resolution,1.42,high_resolution/sad/sad_182_1.jpg
sad_182.mp4,pexels_35605512.mp4,sad,end,high_resolution,1.87,high_resolution/sad/sad_182_2.jpg
sad_183.mp4,pexels_35605517.mp4,sad,start,high_resolution,0.78,high_resolution/sad/sad_183_1.jpg
sad_183.mp4,pexels_35605517.mp4,sad,end,high_resolution,2.7,high_resolution/sad/sad_183_2.jpg
sad_184.mp4,pexels_35605521.mp4,sad,start,high_resolution,1.67,high_resolution/sad/sad_184_1.jpg
sad_184.mp4,pexels_35605521.mp4,sad,end,high_resolution,7.03,high_resolution/sad/sad_184_2.jpg
sad_185.mp4,pexels_35605523.mp4,sad,start,high_resolution,1.16,high_resolution/sad/sad_185_1.jpg
sad_185.mp4,pexels_35605523.mp4,sad,end,high_resolution,7.09,high_resolution/sad/sad_185_2.jpg
sad_186.mp4,pexels_35605524.mp4,sad,start,high_resolution,6.5,high_resolution/sad/sad_186_1.jpg
sad_186.mp4,pexels_35605524.mp4,sad,end,high_resolution,12.58,high_resolution/sad/sad_186_2.jpg
sad_187.mp4,pexels_35605527.mp4,sad,start,high_resolution,0.41,high_resolution/sad/sad_187_1.jpg
sad_187.mp4,pexels_35605527.mp4,sad,end,high_resolution,7.97,high_resolution/sad/sad_187_2.jpg
sad_188.mp4,pexels_35605536.mp4,sad,start,high_resolution,1.05,high_resolution/sad/sad_188_1.jpg
sad_188.mp4,pexels_35605536.mp4,sad,end,high_resolution,11.68,high_resolution/sad/sad_188_2.jpg
sad_189.mp4,pexels_35672639.mp4,sad,start,high_resolution,1.71,high_resolution/sad/sad_189_1.jpg
sad_189.mp4,pexels_35672639.mp4,sad,end,high_resolution,5.76,high_resolution/sad/sad_189_2.jpg
sad_190.mp4,pexels_35721740.mp4,sad,start,high_resolution,2.02,high_resolution/sad/sad_190_1.jpg
sad_190.mp4,pexels_35721740.mp4,sad,end,high_resolution,3.32,high_resolution/sad/sad_190_2.jpg
neutral_191.mp4,pexels_35790390.mp4,neutral,start,high_resolution,6.3,high_resolution/neutral/neutral_191_1.jpg
neutral_191.mp4,pexels_35790390.mp4,neutral,end,high_resolution,8.32,high_resolution/neutral/neutral_191_2.jpg
sad_191.mp4,pexels_36040924.mp4,sad,start,high_resolution,1.9,high_resolution/sad/sad_191_1.jpg
sad_191.mp4,pexels_36040924.mp4,sad,end,high_resolution,6.0,high_resolution/sad/sad_191_2.jpg
sad_192.mp4,pexels_36040927.mp4,sad,start,high_resolution,5.1,high_resolution/sad/sad_192_1.jpg
sad_192.mp4,pexels_36040927.mp4,sad,end,high_resolution,9.11,high_resolution/sad/sad_192_2.jpg
sad_193.mp4,pexels_36040937.mp4,sad,start,high_resolution,2.04,high_resolution/sad/sad_193_1.jpg
sad_193.mp4,pexels_36040937.mp4,sad,end,high_resolution,6.47,high_resolution/sad/sad_193_2.jpg
sad_194.mp4,pexels_36040947.mp4,sad,start,high_resolution,1.09,high_resolution/sad/sad_194_1.jpg
sad_194.mp4,pexels_36040947.mp4,sad,end,high_resolution,2.12,high_resolution/sad/sad_194_2.jpg
sad_195.mp4,pexels_36040948.mp4,sad,start,high_resolution,1.42,high_resolution/sad/sad_195_1.jpg
sad_195.mp4,pexels_36040948.mp4,sad,end,high_resolution,3.57,high_resolution/sad/sad_195_2.jpg
sad_196.mp4,pexels_36040949.mp4,sad,start,high_resolution,1.81,high_resolution/sad/sad_196_1.jpg
sad_196.mp4,pexels_36040949.mp4,sad,end,high_resolution,4.9,high_resolution/sad/sad_196_2.jpg
neutral_192.mp4,pexels_36040955.mp4,neutral,start,high_resolution,2.07,high_resolution/neutral/neutral_192_1.jpg
neutral_192.mp4,pexels_36040955.mp4,neutral,end,high_resolution,6.1,high_resolution/neutral/neutral_192_2.jpg
sad_197.mp4,pexels_36040956.mp4,sad,start,high_resolution,1.63,high_resolution/sad/sad_197_1.jpg
sad_197.mp4,pexels_36040956.mp4,sad,end,high_resolution,8.54,high_resolution/sad/sad_197_2.jpg
happy_205.mp4,pexels_36121834.mp4,happy,start,high_resolution,0.9,high_resolution/happy/happy_205_1.jpg
happy_205.mp4,pexels_36121834.mp4,happy,end,high_resolution,4.84,high_resolution/happy/happy_205_2.jpg
neutral_193.mp4,pexels_36266506.mp4,neutral,start,high_resolution,1.8,high_resolution/neutral/neutral_193_1.jpg
neutral_193.mp4,pexels_36266506.mp4,neutral,end,high_resolution,2.52,high_resolution/neutral/neutral_193_2.jpg
neutral_194.mp4,pexels_36304736.mp4,neutral,start,high_resolution,5.37,high_resolution/neutral/neutral_194_1.jpg
neutral_194.mp4,pexels_36304736.mp4,neutral,end,high_resolution,5.8,high_resolution/neutral/neutral_194_2.jpg
sad_198.mp4,pexels_36330646.mp4,sad,start,high_resolution,1.22,high_resolution/sad/sad_198_1.jpg
sad_198.mp4,pexels_36330646.mp4,sad,end,high_resolution,1.6,high_resolution/sad/sad_198_2.jpg
sad_199.mp4,pexels_36330649.mp4,sad,start,high_resolution,1.98,high_resolution/sad/sad_199_1.jpg
sad_199.mp4,pexels_36330649.mp4,sad,end,high_resolution,10.36,high_resolution/sad/sad_199_2.jpg
neutral_195.mp4,pexels_36609983.mp4,neutral,start,high_resolution,1.28,high_resolution/neutral/neutral_195_1.jpg
neutral_195.mp4,pexels_36609983.mp4,neutral,end,high_resolution,4.89,high_resolution/neutral/neutral_195_2.jpg
sad_200.mp4,pexels_37166342.mp4,sad,start,high_resolution,6.64,high_resolution/sad/sad_200_1.jpg
sad_200.mp4,pexels_37166342.mp4,sad,end,high_resolution,7.12,high_resolution/sad/sad_200_2.jpg
neutral_196.mp4,pexels_37205946.mp4,neutral,start,high_resolution,4.79,high_resolution/neutral/neutral_196_1.jpg
neutral_196.mp4,pexels_37205946.mp4,neutral,end,high_resolution,10.93,high_resolution/neutral/neutral_196_2.jpg
neutral_197.mp4,pexels_37215875.mp4,neutral,start,high_resolution,2.41,high_resolution/neutral/neutral_197_1.jpg
neutral_197.mp4,pexels_37215875.mp4,neutral,end,high_resolution,11.16,high_resolution/neutral/neutral_197_2.jpg
sad_201.mp4,pexels_37215876.mp4,sad,start,high_resolution,0.71,high_resolution/sad/sad_201_1.jpg
sad_201.mp4,pexels_37215876.mp4,sad,end,high_resolution,6.28,high_resolution/sad/sad_201_2.jpg
sad_202.mp4,pexels_37225670.mp4,sad,start,high_resolution,1.39,high_resolution/sad/sad_202_1.jpg
sad_202.mp4,pexels_37225670.mp4,sad,end,high_resolution,2.14,high_resolution/sad/sad_202_2.jpg
happy_206.mp4,pexels_37328326.mp4,happy,start,high_resolution,2.3,high_resolution/happy/happy_206_1.jpg
happy_206.mp4,pexels_37328326.mp4,happy,end,high_resolution,4.2,high_resolution/happy/happy_206_2.jpg
happy_207.mp4,pexels_37366631.mp4,happy,start,high_resolution,0.31,high_resolution/happy/happy_207_1.jpg
happy_207.mp4,pexels_37366631.mp4,happy,end,high_resolution,4.89,high_resolution/happy/happy_207_2.jpg
neutral_198.mp4,pexels_37563828.mp4,neutral,start,high_resolution,4.03,high_resolution/neutral/neutral_198_1.jpg
neutral_198.mp4,pexels_37563828.mp4,neutral,end,high_resolution,10.19,high_resolution/neutral/neutral_198_2.jpg
neutral_199.mp4,pexels_37644120.mp4,neutral,start,high_resolution,1.49,high_resolution/neutral/neutral_199_1.jpg
neutral_199.mp4,pexels_37644120.mp4,neutral,end,high_resolution,4.59,high_resolution/neutral/neutral_199_2.jpg
neutral_200.mp4,pexels_37644121.mp4,neutral,start,high_resolution,2.69,high_resolution/neutral/neutral_200_1.jpg
neutral_200.mp4,pexels_37644121.mp4,neutral,end,high_resolution,9.7,high_resolution/neutral/neutral_200_2.jpg
neutral_201.mp4,pexels_38118752.mp4,neutral,start,high_resolution,5.67,high_resolution/neutral/neutral_201_1.jpg
neutral_201.mp4,pexels_38118752.mp4,neutral,end,high_resolution,6.12,high_resolution/neutral/neutral_201_2.jpg
neutral_202.mp4,pexels_38235687.mp4,neutral,start,high_resolution,1.78,high_resolution/neutral/neutral_202_1.jpg
neutral_202.mp4,pexels_38235687.mp4,neutral,end,high_resolution,2.2,high_resolution/neutral/neutral_202_2.jpg
happy_208.mp4,pexels_38395126.mp4,happy,start,high_resolution,9.75,high_resolution/happy/happy_208_1.jpg
happy_208.mp4,pexels_38395126.mp4,happy,end,high_resolution,11.33,high_resolution/happy/happy_208_2.jpg
sad_203.mp4,pexels_38501314.mp4,sad,start,high_resolution,4.22,high_resolution/sad/sad_203_1.jpg
sad_203.mp4,pexels_38501314.mp4,sad,end,high_resolution,7.23,high_resolution/sad/sad_203_2.jpg
sad_204.mp4,pexels_38610367.mp4,sad,start,high_resolution,1.12,high_resolution/sad/sad_204_1.jpg
sad_204.mp4,pexels_38610367.mp4,sad,end,high_resolution,1.52,high_resolution/sad/sad_204_2.jpg
neutral_203.mp4,pexels_38837938.mp4,neutral,start,high_resolution,1.17,high_resolution/neutral/neutral_203_1.jpg
neutral_203.mp4,pexels_38837938.mp4,neutral,end,high_resolution,1.64,high_resolution/neutral/neutral_203_2.jpg
happy_209.mp4,pexels_38978557.mp4,happy,start,high_resolution,1.25,high_resolution/happy/happy_209_1.jpg
happy_209.mp4,pexels_38978557.mp4,happy,end,high_resolution,4.04,high_resolution/happy/happy_209_2.jpg
sad_205.mp4,pexels_39021968.mp4,sad,start,high_resolution,0.58,high_resolution/sad/sad_205_1.jpg
sad_205.mp4,pexels_39021968.mp4,sad,end,high_resolution,2.45,high_resolution/sad/sad_205_2.jpg
happy_210.mp4,pexels_39086745.mp4,happy,start,high_resolution,0.62,high_resolution/happy/happy_210_1.jpg
happy_210.mp4,pexels_39086745.mp4,happy,end,high_resolution,25.04,high_resolution/happy/happy_210_2.jpg
happy_211.mp4,pexels_39465653.mp4,happy,start,high_resolution,1.65,high_resolution/happy/happy_211_1.jpg
happy_211.mp4,pexels_39465653.mp4,happy,end,high_resolution,4.95,high_resolution/happy/happy_211_2.jpg
neutral_204.mp4,pexels_4057153.mp4,neutral,start,high_resolution,0.29,high_resolution/neutral/neutral_204_1.jpg
neutral_204.mp4,pexels_4057153.mp4,neutral,end,high_resolution,1.09,high_resolution/neutral/neutral_204_2.jpg
neutral_205.mp4,pexels_4057316.mp4,neutral,start,high_resolution,2.72,high_resolution/neutral/neutral_205_1.jpg
neutral_205.mp4,pexels_4057316.mp4,neutral,end,high_resolution,7.74,high_resolution/neutral/neutral_205_2.jpg
sad_206.mp4,pexels_4083065.mp4,sad,start,high_resolution,3.4,high_resolution/sad/sad_206_1.jpg
sad_206.mp4,pexels_4083065.mp4,sad,end,high_resolution,7.39,high_resolution/sad/sad_206_2.jpg
sad_207.mp4,pexels_4114412.mp4,sad,start,high_resolution,3.08,high_resolution/sad/sad_207_1.jpg
sad_207.mp4,pexels_4114412.mp4,sad,end,high_resolution,3.39,high_resolution/sad/sad_207_2.jpg
neutral_206.mp4,pexels_4126218.mp4,neutral,start,high_resolution,3.04,high_resolution/neutral/neutral_206_1.jpg
neutral_206.mp4,pexels_4126218.mp4,neutral,end,high_resolution,7.16,high_resolution/neutral/neutral_206_2.jpg
neutral_207.mp4,pexels_4210977.mp4,neutral,start,high_resolution,9.65,high_resolution/neutral/neutral_207_1.jpg
neutral_207.mp4,pexels_4210977.mp4,neutral,end,high_resolution,9.93,high_resolution/neutral/neutral_207_2.jpg
happy_212.mp4,pexels_4267753.mp4,happy,start,high_resolution,5.18,high_resolution/happy/happy_212_1.jpg
happy_212.mp4,pexels_4267753.mp4,happy,end,high_resolution,12.39,high_resolution/happy/happy_212_2.jpg
happy_213.mp4,pexels_4503695.mp4,happy,start,high_resolution,4.92,high_resolution/happy/happy_213_1.jpg
happy_213.mp4,pexels_4503695.mp4,happy,end,high_resolution,11.05,high_resolution/happy/happy_213_2.jpg
happy_214.mp4,pexels_4503918.mp4,happy,start,high_resolution,0.61,high_resolution/happy/happy_214_1.jpg
happy_214.mp4,pexels_4503918.mp4,happy,end,high_resolution,5.01,high_resolution/happy/happy_214_2.jpg
sad_208.mp4,pexels_4582453.mp4,sad,start,high_resolution,1.42,high_resolution/sad/sad_208_1.jpg
sad_208.mp4,pexels_4582453.mp4,sad,end,high_resolution,3.07,high_resolution/sad/sad_208_2.jpg
happy_215.mp4,pexels_4685829.mp4,happy,start,high_resolution,1.17,high_resolution/happy/happy_215_1.jpg
happy_215.mp4,pexels_4685829.mp4,happy,end,high_resolution,3.88,high_resolution/happy/happy_215_2.jpg
happy_216.mp4,pexels_4686284.mp4,happy,start,high_resolution,2.58,high_resolution/happy/happy_216_1.jpg
happy_216.mp4,pexels_4686284.mp4,happy,end,high_resolution,4.59,high_resolution/happy/happy_216_2.jpg
neutral_208.mp4,pexels_4725808.mp4,neutral,start,high_resolution,1.56,high_resolution/neutral/neutral_208_1.jpg
neutral_208.mp4,pexels_4725808.mp4,neutral,end,high_resolution,4.15,high_resolution/neutral/neutral_208_2.jpg
neutral_209.mp4,pexels_4836402.mp4,neutral,start,high_resolution,0.88,high_resolution/neutral/neutral_209_1.jpg
neutral_209.mp4,pexels_4836402.mp4,neutral,end,high_resolution,4.39,high_resolution/neutral/neutral_209_2.jpg
sad_209.mp4,pexels_4870186.mp4,sad,start,high_resolution,1.85,high_resolution/sad/sad_209_1.jpg
sad_209.mp4,pexels_4870186.mp4,sad,end,high_resolution,8.36,high_resolution/sad/sad_209_2.jpg
sad_210.mp4,pexels_4979849.mp4,sad,start,high_resolution,2.86,high_resolution/sad/sad_210_1.jpg
sad_210.mp4,pexels_4979849.mp4,sad,end,high_resolution,15.15,high_resolution/sad/sad_210_2.jpg
neutral_210.mp4,pexels_5001192.mp4,neutral,start,high_resolution,9.72,high_resolution/neutral/neutral_210_1.jpg
neutral_210.mp4,pexels_5001192.mp4,neutral,end,high_resolution,18.78,high_resolution/neutral/neutral_210_2.jpg
sad_211.mp4,pexels_5109700.mp4,sad,start,high_resolution,0.72,high_resolution/sad/sad_211_1.jpg
sad_211.mp4,pexels_5109700.mp4,sad,end,high_resolution,4.08,high_resolution/sad/sad_211_2.jpg
neutral_211.mp4,pexels_5190115.mp4,neutral,start,high_resolution,12.69,high_resolution/neutral/neutral_211_1.jpg
neutral_211.mp4,pexels_5190115.mp4,neutral,end,high_resolution,13.21,high_resolution/neutral/neutral_211_2.jpg
happy_217.mp4,pexels_5260138.mp4,happy,start,high_resolution,0.91,high_resolution/happy/happy_217_1.jpg
happy_217.mp4,pexels_5260138.mp4,happy,end,high_resolution,11.73,high_resolution/happy/happy_217_2.jpg
neutral_212.mp4,pexels_5279818.mp4,neutral,start,high_resolution,2.24,high_resolution/neutral/neutral_212_1.jpg
neutral_212.mp4,pexels_5279818.mp4,neutral,end,high_resolution,12.79,high_resolution/neutral/neutral_212_2.jpg
sad_212.mp4,pexels_5359586.mp4,sad,start,low_resolution,1.24,low_resolution/sad/sad_212_1.jpg
sad_212.mp4,pexels_5359586.mp4,sad,end,low_resolution,11.69,low_resolution/sad/sad_212_2.jpg
neutral_213.mp4,pexels_5384947.mp4,neutral,start,high_resolution,2.67,high_resolution/neutral/neutral_213_1.jpg
neutral_213.mp4,pexels_5384947.mp4,neutral,end,high_resolution,18.37,high_resolution/neutral/neutral_213_2.jpg
neutral_214.mp4,pexels_5473834.mp4,neutral,start,high_resolution,6.27,high_resolution/neutral/neutral_214_1.jpg
neutral_214.mp4,pexels_5473834.mp4,neutral,end,high_resolution,6.86,high_resolution/neutral/neutral_214_2.jpg
neutral_215.mp4,pexels_5481925.mp4,neutral,start,high_resolution,1.56,high_resolution/neutral/neutral_215_1.jpg
neutral_215.mp4,pexels_5481925.mp4,neutral,end,high_resolution,9.2,high_resolution/neutral/neutral_215_2.jpg
neutral_216.mp4,pexels_5495995.mp4,neutral,start,high_resolution,9.14,high_resolution/neutral/neutral_216_1.jpg
neutral_216.mp4,pexels_5495995.mp4,neutral,end,high_resolution,9.59,high_resolution/neutral/neutral_216_2.jpg
happy_218.mp4,pexels_5500759.mp4,happy,start,high_resolution,0.99,high_resolution/happy/happy_218_1.jpg
happy_218.mp4,pexels_5500759.mp4,happy,end,high_resolution,8.01,high_resolution/happy/happy_218_2.jpg
sad_213.mp4,pexels_5720952.mp4,sad,start,high_resolution,3.08,high_resolution/sad/sad_213_1.jpg
sad_213.mp4,pexels_5720952.mp4,sad,end,high_resolution,12.64,high_resolution/sad/sad_213_2.jpg
neutral_217.mp4,pexels_5740699.mp4,neutral,start,high_resolution,2.38,high_resolution/neutral/neutral_217_1.jpg
neutral_217.mp4,pexels_5740699.mp4,neutral,end,high_resolution,15.02,high_resolution/neutral/neutral_217_2.jpg
sad_214.mp4,pexels_5751503.mp4,sad,start,high_resolution,0.96,high_resolution/sad/sad_214_1.jpg
sad_214.mp4,pexels_5751503.mp4,sad,end,high_resolution,5.43,high_resolution/sad/sad_214_2.jpg
neutral_218.mp4,pexels_6157245.mp4,neutral,start,high_resolution,7.33,high_resolution/neutral/neutral_218_1.jpg
neutral_218.mp4,pexels_6157245.mp4,neutral,end,high_resolution,7.56,high_resolution/neutral/neutral_218_2.jpg
neutral_219.mp4,pexels_6271455.mp4,neutral,start,high_resolution,1.54,high_resolution/neutral/neutral_219_1.jpg
neutral_219.mp4,pexels_6271455.mp4,neutral,end,high_resolution,9.79,high_resolution/neutral/neutral_219_2.jpg
neutral_220.mp4,pexels_6271559.mp4,neutral,start,high_resolution,1.42,high_resolution/neutral/neutral_220_1.jpg
neutral_220.mp4,pexels_6271559.mp4,neutral,end,high_resolution,6.3,high_resolution/neutral/neutral_220_2.jpg
sad_215.mp4,pexels_6399899.mp4,sad,start,high_resolution,0.79,high_resolution/sad/sad_215_1.jpg
sad_215.mp4,pexels_6399899.mp4,sad,end,high_resolution,5.08,high_resolution/sad/sad_215_2.jpg
sad_216.mp4,pexels_6498485.mp4,sad,start,high_resolution,1.19,high_resolution/sad/sad_216_1.jpg
sad_216.mp4,pexels_6498485.mp4,sad,end,high_resolution,59.26,high_resolution/sad/sad_216_2.jpg
happy_219.mp4,pexels_6568503.mp4,happy,start,high_resolution,19.11,high_resolution/happy/happy_219_1.jpg
happy_219.mp4,pexels_6568503.mp4,happy,end,high_resolution,20.72,high_resolution/happy/happy_219_2.jpg
sad_217.mp4,pexels_6568506.mp4,sad,start,high_resolution,0.84,high_resolution/sad/sad_217_1.jpg
sad_217.mp4,pexels_6568506.mp4,sad,end,high_resolution,12.25,high_resolution/sad/sad_217_2.jpg
happy_220.mp4,pexels_6568513.mp4,happy,start,high_resolution,14.41,high_resolution/happy/happy_220_1.jpg
happy_220.mp4,pexels_6568513.mp4,happy,end,high_resolution,24.08,high_resolution/happy/happy_220_2.jpg
happy_221.mp4,pexels_6568960.mp4,happy,start,high_resolution,0.84,high_resolution/happy/happy_221_1.jpg
happy_221.mp4,pexels_6568960.mp4,happy,end,high_resolution,18.3,high_resolution/happy/happy_221_2.jpg
sad_218.mp4,pexels_6568968.mp4,sad,start,high_resolution,2.24,high_resolution/sad/sad_218_1.jpg
sad_218.mp4,pexels_6568968.mp4,sad,end,high_resolution,6.7,high_resolution/sad/sad_218_2.jpg
sad_219.mp4,pexels_6651491.mp4,sad,start,high_resolution,10.85,high_resolution/sad/sad_219_1.jpg
sad_219.mp4,pexels_6651491.mp4,sad,end,high_resolution,12.3,high_resolution/sad/sad_219_2.jpg
sad_220.mp4,pexels_6651497.mp4,sad,start,high_resolution,5.19,high_resolution/sad/sad_220_1.jpg
sad_220.mp4,pexels_6651497.mp4,sad,end,high_resolution,8.18,high_resolution/sad/sad_220_2.jpg
sad_221.mp4,pexels_6651618.mp4,sad,start,high_resolution,1.45,high_resolution/sad/sad_221_1.jpg
sad_221.mp4,pexels_6651618.mp4,sad,end,high_resolution,3.26,high_resolution/sad/sad_221_2.jpg
neutral_221.mp4,pexels_6825843.mp4,neutral,start,high_resolution,3.2,high_resolution/neutral/neutral_221_1.jpg
neutral_221.mp4,pexels_6825843.mp4,neutral,end,high_resolution,3.52,high_resolution/neutral/neutral_221_2.jpg
sad_222.mp4,pexels_7189586.mp4,sad,start,high_resolution,6.74,high_resolution/sad/sad_222_1.jpg
sad_222.mp4,pexels_7189586.mp4,sad,end,high_resolution,11.97,high_resolution/sad/sad_222_2.jpg
happy_222.mp4,pexels_7197730.mp4,happy,start,high_resolution,1.05,high_resolution/happy/happy_222_1.jpg
happy_222.mp4,pexels_7197730.mp4,happy,end,high_resolution,6.64,high_resolution/happy/happy_222_2.jpg
sad_223.mp4,pexels_7279139.mp4,sad,start,high_resolution,0.92,high_resolution/sad/sad_223_1.jpg
sad_223.mp4,pexels_7279139.mp4,sad,end,high_resolution,8.88,high_resolution/sad/sad_223_2.jpg
happy_223.mp4,pexels_7294902.mp4,happy,start,high_resolution,8.45,high_resolution/happy/happy_223_1.jpg
happy_223.mp4,pexels_7294902.mp4,happy,end,high_resolution,14.91,high_resolution/happy/happy_223_2.jpg
happy_224.mp4,pexels_7297314.mp4,happy,start,high_resolution,7.09,high_resolution/happy/happy_224_1.jpg
happy_224.mp4,pexels_7297314.mp4,happy,end,high_resolution,11.2,high_resolution/happy/happy_224_2.jpg
sad_224.mp4,pexels_7437718.mp4,sad,start,low_resolution,4.32,low_resolution/sad/sad_224_1.jpg
sad_224.mp4,pexels_7437718.mp4,sad,end,low_resolution,10.1,low_resolution/sad/sad_224_2.jpg
happy_225.mp4,pexels_7515920.mp4,happy,start,high_resolution,3.75,high_resolution/happy/happy_225_1.jpg
happy_225.mp4,pexels_7515920.mp4,happy,end,high_resolution,13.58,high_resolution/happy/happy_225_2.jpg
happy_226.mp4,pexels_7678720.mp4,happy,start,high_resolution,1.74,high_resolution/happy/happy_226_1.jpg
happy_226.mp4,pexels_7678720.mp4,happy,end,high_resolution,4.7,high_resolution/happy/happy_226_2.jpg
happy_227.mp4,pexels_7678721.mp4,happy,start,high_resolution,1.04,high_resolution/happy/happy_227_1.jpg
happy_227.mp4,pexels_7678721.mp4,happy,end,high_resolution,16.8,high_resolution/happy/happy_227_2.jpg
sad_225.mp4,pexels_7682538.mp4,sad,start,high_resolution,3.44,high_resolution/sad/sad_225_1.jpg
sad_225.mp4,pexels_7682538.mp4,sad,end,high_resolution,5.82,high_resolution/sad/sad_225_2.jpg
sad_226.mp4,pexels_7682691.mp4,sad,start,high_resolution,2.64,high_resolution/sad/sad_226_1.jpg
sad_226.mp4,pexels_7682691.mp4,sad,end,high_resolution,7.25,high_resolution/sad/sad_226_2.jpg
sad_227.mp4,pexels_7682692.mp4,sad,start,high_resolution,0.93,high_resolution/sad/sad_227_1.jpg
sad_227.mp4,pexels_7682692.mp4,sad,end,high_resolution,1.28,high_resolution/sad/sad_227_2.jpg
sad_228.mp4,pexels_7682694.mp4,sad,start,high_resolution,1.46,high_resolution/sad/sad_228_1.jpg
sad_228.mp4,pexels_7682694.mp4,sad,end,high_resolution,13.51,high_resolution/sad/sad_228_2.jpg
sad_229.mp4,pexels_7682698.mp4,sad,start,high_resolution,3.75,high_resolution/sad/sad_229_1.jpg
sad_229.mp4,pexels_7682698.mp4,sad,end,high_resolution,5.98,high_resolution/sad/sad_229_2.jpg
happy_228.mp4,pexels_7683646.mp4,happy,start,high_resolution,4.24,high_resolution/happy/happy_228_1.jpg
happy_228.mp4,pexels_7683646.mp4,happy,end,high_resolution,19.84,high_resolution/happy/happy_228_2.jpg
happy_229.mp4,pexels_7684013.mp4,happy,start,high_resolution,1.13,high_resolution/happy/happy_229_1.jpg
happy_229.mp4,pexels_7684013.mp4,happy,end,high_resolution,13.43,high_resolution/happy/happy_229_2.jpg
happy_230.mp4,pexels_7684127.mp4,happy,start,high_resolution,1.15,high_resolution/happy/happy_230_1.jpg
happy_230.mp4,pexels_7684127.mp4,happy,end,high_resolution,3.19,high_resolution/happy/happy_230_2.jpg
neutral_222.mp4,pexels_8402603.mp4,neutral,start,high_resolution,1.54,high_resolution/neutral/neutral_222_1.jpg
neutral_222.mp4,pexels_8402603.mp4,neutral,end,high_resolution,10.16,high_resolution/neutral/neutral_222_2.jpg
neutral_223.mp4,pexels_8473398.mp4,neutral,start,high_resolution,6.1,high_resolution/neutral/neutral_223_1.jpg
neutral_223.mp4,pexels_8473398.mp4,neutral,end,high_resolution,7.6,high_resolution/neutral/neutral_223_2.jpg
sad_230.mp4,pexels_8499344.mp4,sad,start,high_resolution,10.53,high_resolution/sad/sad_230_1.jpg
sad_230.mp4,pexels_8499344.mp4,sad,end,high_resolution,19.17,high_resolution/sad/sad_230_2.jpg
happy_231.mp4,pexels_8730830.mp4,happy,start,high_resolution,6.35,high_resolution/happy/happy_231_1.jpg
happy_231.mp4,pexels_8730830.mp4,happy,end,high_resolution,6.77,high_resolution/happy/happy_231_2.jpg
surprise_131.mp4,pexels_8730838_person-feeding-a-dog.mp4,surprise,start,high_resolution,1.43,high_resolution/surprise/surprise_131_1.jpg
surprise_131.mp4,pexels_8730838_person-feeding-a-dog.mp4,surprise,end,high_resolution,2.04,high_resolution/surprise/surprise_131_2.jpg
sad_231.mp4,pexels_8731064.mp4,sad,start,high_resolution,1.54,high_resolution/sad/sad_231_1.jpg
sad_231.mp4,pexels_8731064.mp4,sad,end,high_resolution,3.89,high_resolution/sad/sad_231_2.jpg
happy_232.mp4,pexels_8731189.mp4,happy,start,high_resolution,1.46,high_resolution/happy/happy_232_1.jpg
happy_232.mp4,pexels_8731189.mp4,happy,end,high_resolution,2.64,high_resolution/happy/happy_232_2.jpg
neutral_224.mp4,pexels_8731194.mp4,neutral,start,high_resolution,0.74,high_resolution/neutral/neutral_224_1.jpg
neutral_224.mp4,pexels_8731194.mp4,neutral,end,high_resolution,2.3,high_resolution/neutral/neutral_224_2.jpg
neutral_225.mp4,pexels_8746681.mp4,neutral,start,high_resolution,1.67,high_resolution/neutral/neutral_225_1.jpg
neutral_225.mp4,pexels_8746681.mp4,neutral,end,high_resolution,2.57,high_resolution/neutral/neutral_225_2.jpg
happy_233.mp4,pexels_8746825.mp4,happy,start,high_resolution,1.75,high_resolution/happy/happy_233_1.jpg
happy_233.mp4,pexels_8746825.mp4,happy,end,high_resolution,3.8,high_resolution/happy/happy_233_2.jpg
neutral_226.mp4,pexels_9314166.mp4,neutral,start,high_resolution,3.37,high_resolution/neutral/neutral_226_1.jpg
neutral_226.mp4,pexels_9314166.mp4,neutral,end,high_resolution,9.45,high_resolution/neutral/neutral_226_2.jpg
happy_234.mp4,pexels_9363082.mp4,happy,start,high_resolution,8.92,high_resolution/happy/happy_234_1.jpg
happy_234.mp4,pexels_9363082.mp4,happy,end,high_resolution,10.26,high_resolution/happy/happy_234_2.jpg
sad_232.mp4,pexels_9421549.mp4,sad,start,high_resolution,1.74,high_resolution/sad/sad_232_1.jpg
sad_232.mp4,pexels_9421549.mp4,sad,end,high_resolution,2.64,high_resolution/sad/sad_232_2.jpg
happy_235.mp4,pexels_9661817.mp4,happy,start,high_resolution,2.73,high_resolution/happy/happy_235_1.jpg
happy_235.mp4,pexels_9661817.mp4,happy,end,high_resolution,8.0,high_resolution/happy/happy_235_2.jpg
happy_236.mp4,pexels_9986179.mp4,happy,start,high_resolution,20.46,high_resolution/happy/happy_236_1.jpg
happy_236.mp4,pexels_9986179.mp4,happy,end,high_resolution,27.78,high_resolution/happy/happy_236_2.jpg
angry_222.mp4,pixabay_109611,angry,start,high_resolution,4.24,high_resolution/angry/angry_222_1.jpg
angry_222.mp4,pixabay_109611,angry,end,high_resolution,10.47,high_resolution/angry/angry_222_2.jpg
sad_233.mp4,pixabay_109613,sad,start,high_resolution,4.16,high_resolution/sad/sad_233_1.jpg
sad_233.mp4,pixabay_109613,sad,end,high_resolution,4.95,high_resolution/sad/sad_233_2.jpg
surprise_132.mp4,pixabay_109613_dog-puppy.mp4,surprise,start,high_resolution,0.8,high_resolution/surprise/surprise_132_1.jpg
surprise_132.mp4,pixabay_109613_dog-puppy.mp4,surprise,end,high_resolution,1.55,high_resolution/surprise/surprise_132_2.jpg
happy_237.mp4,pixabay_109614,happy,start,high_resolution,11.83,high_resolution/happy/happy_237_1.jpg
happy_237.mp4,pixabay_109614,happy,end,high_resolution,12.32,high_resolution/happy/happy_237_2.jpg
surprise_133.mp4,pixabay_109617_dog-puppy2.mp4,surprise,start,high_resolution,8.31,high_resolution/surprise/surprise_133_1.jpg
surprise_133.mp4,pixabay_109617_dog-puppy2.mp4,surprise,end,high_resolution,9.41,high_resolution/surprise/surprise_133_2.jpg
surprise_134.mp4,pixabay_109817_dog-animal-pet.mp4,surprise,start,high_resolution,0.66,high_resolution/surprise/surprise_134_1.jpg
surprise_134.mp4,pixabay_109817_dog-animal-pet.mp4,surprise,end,high_resolution,1.68,high_resolution/surprise/surprise_134_2.jpg
happy_238.mp4,pixabay_120522,happy,start,high_resolution,2.26,high_resolution/happy/happy_238_1.jpg
happy_238.mp4,pixabay_120522,happy,end,high_resolution,8.72,high_resolution/happy/happy_238_2.jpg
happy_239.mp4,pixabay_123246,happy,start,high_resolution,11.53,high_resolution/happy/happy_239_1.jpg
happy_239.mp4,pixabay_123246,happy,end,high_resolution,15.21,high_resolution/happy/happy_239_2.jpg
surprise_135.mp4,pixabay_132660_dog-canine-field.mp4,surprise,start,high_resolution,7.16,high_resolution/surprise/surprise_135_1.jpg
surprise_135.mp4,pixabay_132660_dog-canine-field.mp4,surprise,end,high_resolution,14.02,high_resolution/surprise/surprise_135_2.jpg
surprise_136.mp4,pixabay_156318_dog-playful.mp4,surprise,start,high_resolution,0.43,high_resolution/surprise/surprise_136_1.jpg
surprise_136.mp4,pixabay_156318_dog-playful.mp4,surprise,end,high_resolution,1.09,high_resolution/surprise/surprise_136_2.jpg
happy_240.mp4,pixabay_170811,happy,start,high_resolution,0.84,high_resolution/happy/happy_240_1.jpg
happy_240.mp4,pixabay_170811,happy,end,high_resolution,3.62,high_resolution/happy/happy_240_2.jpg
surprise_137.mp4,pixabay_180682_dog-pug2.mp4,surprise,start,high_resolution,0.5,high_resolution/surprise/surprise_137_1.jpg
surprise_137.mp4,pixabay_180682_dog-pug2.mp4,surprise,end,high_resolution,3.45,high_resolution/surprise/surprise_137_2.jpg
surprise_138.mp4,pixabay_233673_dog-german-shepherd.mp4,surprise,start,high_resolution,1.21,high_resolution/surprise/surprise_138_1.jpg
surprise_138.mp4,pixabay_233673_dog-german-shepherd.mp4,surprise,end,high_resolution,1.92,high_resolution/surprise/surprise_138_2.jpg
neutral_227.mp4,pixabay_23686,neutral,start,high_resolution,2.3,high_resolution/neutral/neutral_227_1.jpg
neutral_227.mp4,pixabay_23686,neutral,end,high_resolution,3.16,high_resolution/neutral/neutral_227_2.jpg
fearful_179.mp4,pixabay_25094,fearful,start,high_resolution,1.32,high_resolution/fearful/fearful_179_1.jpg
fearful_179.mp4,pixabay_25094,fearful,end,high_resolution,2.15,high_resolution/fearful/fearful_179_2.jpg
surprise_139.mp4,pixabay_25094_animal-dog.mp4,surprise,start,high_resolution,1.14,high_resolution/surprise/surprise_139_1.jpg
surprise_139.mp4,pixabay_25094_animal-dog.mp4,surprise,end,high_resolution,1.77,high_resolution/surprise/surprise_139_2.jpg
sad_234.mp4,pixabay_251873,sad,start,high_resolution,0.48,high_resolution/sad/sad_234_1.jpg
sad_234.mp4,pixabay_251873,sad,end,high_resolution,1.61,high_resolution/sad/sad_234_2.jpg
surprise_140.mp4,pixabay_304308,surprise,start,high_resolution,0.58,high_resolution/surprise/surprise_140_1.jpg
surprise_140.mp4,pixabay_304308,surprise,end,high_resolution,12.02,high_resolution/surprise/surprise_140_2.jpg
sad_235.mp4,pixabay_351277,sad,start,high_resolution,1.89,high_resolution/sad/sad_235_1.jpg
sad_235.mp4,pixabay_351277,sad,end,high_resolution,6.06,high_resolution/sad/sad_235_2.jpg
happy_241.mp4,pixabay_37130,happy,start,high_resolution,1.08,high_resolution/happy/happy_241_1.jpg
happy_241.mp4,pixabay_37130,happy,end,high_resolution,4.5,high_resolution/happy/happy_241_2.jpg
surprise_141.mp4,pixabay_45588_dog-pug.mp4,surprise,start,high_resolution,1.39,high_resolution/surprise/surprise_141_1.jpg
surprise_141.mp4,pixabay_45588_dog-pug.mp4,surprise,end,high_resolution,2.11,high_resolution/surprise/surprise_141_2.jpg
surprise_142.mp4,pixabay_47312_dog-sleepy.mp4,surprise,start,high_resolution,1.06,high_resolution/surprise/surprise_142_1.jpg
surprise_142.mp4,pixabay_47312_dog-sleepy.mp4,surprise,end,high_resolution,1.86,high_resolution/surprise/surprise_142_2.jpg
neutral_228.mp4,pixabay_57181,neutral,start,high_resolution,1.91,high_resolution/neutral/neutral_228_1.jpg
neutral_228.mp4,pixabay_57181,neutral,end,high_resolution,7.07,high_resolution/neutral/neutral_228_2.jpg
surprise_143.mp4,pixabay_598,surprise,start,high_resolution,5.74,high_resolution/surprise/surprise_143_1.jpg
surprise_143.mp4,pixabay_598,surprise,end,high_resolution,6.25,high_resolution/surprise/surprise_143_2.jpg
neutral_229.mp4,pixabay_63205,neutral,start,high_resolution,0.33,high_resolution/neutral/neutral_229_1.jpg
neutral_229.mp4,pixabay_63205,neutral,end,high_resolution,2.34,high_resolution/neutral/neutral_229_2.jpg
neutral_230.mp4,pixabay_65299,neutral,start,high_resolution,3.09,high_resolution/neutral/neutral_230_1.jpg
neutral_230.mp4,pixabay_65299,neutral,end,high_resolution,5.44,high_resolution/neutral/neutral_230_2.jpg
happy_242.mp4,pixabay_77509,happy,start,high_resolution,4.96,high_resolution/happy/happy_242_1.jpg
happy_242.mp4,pixabay_77509,happy,end,high_resolution,9.84,high_resolution/happy/happy_242_2.jpg
happy_243.mp4,pixabay_77511,happy,start,high_resolution,4.53,high_resolution/happy/happy_243_1.jpg
happy_243.mp4,pixabay_77511,happy,end,high_resolution,5.0,high_resolution/happy/happy_243_2.jpg
surprise_144.mp4,pixabay_77624,surprise,start,high_resolution,10.3,high_resolution/surprise/surprise_144_1.jpg
surprise_144.mp4,pixabay_77624,surprise,end,high_resolution,12.02,high_resolution/surprise/surprise_144_2.jpg
surprise_145.mp4,pixabay_77624_dog-puppy-friend.mp4,surprise,start,high_resolution,1.09,high_resolution/surprise/surprise_145_1.jpg
surprise_145.mp4,pixabay_77624_dog-puppy-friend.mp4,surprise,end,high_resolution,2.03,high_resolution/surprise/surprise_145_2.jpg
surprise_146.mp4,pixabay_77832_dog-snow.mp4,surprise,start,high_resolution,2.09,high_resolution/surprise/surprise_146_1.jpg
surprise_146.mp4,pixabay_77832_dog-snow.mp4,surprise,end,high_resolution,4.76,high_resolution/surprise/surprise_146_2.jpg
sad_236.mp4,pixabay_87875,sad,start,high_resolution,1.27,high_resolution/sad/sad_236_1.jpg
sad_236.mp4,pixabay_87875,sad,end,high_resolution,13.45,high_resolution/sad/sad_236_2.jpg
sad_237.mp4,pixabay_98824,sad,start,high_resolution,14.44,high_resolution/sad/sad_237_1.jpg
sad_237.mp4,pixabay_98824,sad,end,high_resolution,15.11,high_resolution/sad/sad_237_2.jpg
neutral_231.mp4,pzpCfz5p7HE_000388,neutral,start,low_resolution,4.17,low_resolution/neutral/neutral_231_1.jpg
neutral_231.mp4,pzpCfz5p7HE_000388,neutral,end,low_resolution,4.91,low_resolution/neutral/neutral_231_2.jpg
sad_238.mp4,pzpCfz5p7HE_000567,sad,start,low_resolution,6.4,low_resolution/sad/sad_238_1.jpg
sad_238.mp4,pzpCfz5p7HE_000567,sad,end,low_resolution,11.43,low_resolution/sad/sad_238_2.jpg
neutral_232.mp4,pzpCfz5p7HE_000624,neutral,start,low_resolution,4.4,low_resolution/neutral/neutral_232_1.jpg
neutral_232.mp4,pzpCfz5p7HE_000624,neutral,end,low_resolution,5.5,low_resolution/neutral/neutral_232_2.jpg
fearful_180.mp4,qlNeLv6_EzU.mp4,fearful,start,low_resolution,7.04,low_resolution/fearful/fearful_180_1.jpg
fearful_180.mp4,qlNeLv6_EzU.mp4,fearful,end,low_resolution,7.64,low_resolution/fearful/fearful_180_2.jpg
fearful_181.mp4,rT64-oHe0XI.mp4,fearful,start,low_resolution,19.13,low_resolution/fearful/fearful_181_1.jpg
fearful_181.mp4,rT64-oHe0XI.mp4,fearful,end,low_resolution,23.33,low_resolution/fearful/fearful_181_2.jpg
angry_223.mov,reddish-brown-dog-close-up-staring-off-to-side-2026-03-12-19-43-54-utc.mov,angry,start,high_resolution,1.14,high_resolution/angry/angry_223_1.jpg
angry_223.mov,reddish-brown-dog-close-up-staring-off-to-side-2026-03-12-19-43-54-utc.mov,angry,end,high_resolution,7.03,high_resolution/angry/angry_223_2.jpg
sad_239.mp4,rgLZxdHaOcE_000504,sad,start,low_resolution,1.17,low_resolution/sad/sad_239_1.jpg
sad_239.mp4,rgLZxdHaOcE_000504,sad,end,low_resolution,2.01,low_resolution/sad/sad_239_2.jpg
fearful_182.mp4,sIrRVAAWzVk.mp4,fearful,start,low_resolution,3.07,low_resolution/fearful/fearful_182_1.jpg
fearful_182.mp4,sIrRVAAWzVk.mp4,fearful,end,low_resolution,19.0,low_resolution/fearful/fearful_182_2.jpg
angry_224.mp4,segment_long_16404081_12,angry,start,high_resolution,3.38,high_resolution/angry/angry_224_1.jpg
angry_224.mp4,segment_long_16404081_12,angry,end,high_resolution,8.47,high_resolution/angry/angry_224_2.jpg
fearful_183.mp4,segment_long_16404188_18,fearful,start,high_resolution,3.75,high_resolution/fearful/fearful_183_1.jpg
fearful_183.mp4,segment_long_16404188_18,fearful,end,high_resolution,14.97,high_resolution/fearful/fearful_183_2.jpg
neutral_233.mp4,segment_long_16496654_20,neutral,start,high_resolution,1.24,high_resolution/neutral/neutral_233_1.jpg
neutral_233.mp4,segment_long_16496654_20,neutral,end,high_resolution,3.62,high_resolution/neutral/neutral_233_2.jpg
neutral_234.mp4,segment_long_19887568_21,neutral,start,high_resolution,5.01,high_resolution/neutral/neutral_234_1.jpg
neutral_234.mp4,segment_long_19887568_21,neutral,end,high_resolution,14.54,high_resolution/neutral/neutral_234_2.jpg
surprise_147.mp4,segment_long_19887614_26,surprise,start,high_resolution,10.49,high_resolution/surprise/surprise_147_1.jpg
surprise_147.mp4,segment_long_19887614_26,surprise,end,high_resolution,12.24,high_resolution/surprise/surprise_147_2.jpg
happy_244.mp4,segment_long_27611809_28,happy,start,high_resolution,8.84,high_resolution/happy/happy_244_1.jpg
happy_244.mp4,segment_long_27611809_28,happy,end,high_resolution,13.12,high_resolution/happy/happy_244_2.jpg
neutral_235.mp4,segment_long_31290563_32,neutral,start,high_resolution,3.01,high_resolution/neutral/neutral_235_1.jpg
neutral_235.mp4,segment_long_31290563_32,neutral,end,high_resolution,7.87,high_resolution/neutral/neutral_235_2.jpg
neutral_236.mp4,segment_long_33131112_35,neutral,start,high_resolution,0.73,high_resolution/neutral/neutral_236_1.jpg
neutral_236.mp4,segment_long_33131112_35,neutral,end,high_resolution,6.17,high_resolution/neutral/neutral_236_2.jpg
sad_240.mp4,segment_long_34689720_38,sad,start,low_resolution,0.0,low_resolution/sad/sad_240_1.jpg
sad_240.mp4,segment_long_34689720_38,sad,end,low_resolution,7.84,low_resolution/sad/sad_240_2.jpg
sad_241.mp4,segment_long_35174438_41,sad,start,high_resolution,13.43,high_resolution/sad/sad_241_1.jpg
sad_241.mp4,segment_long_35174438_41,sad,end,high_resolution,14.38,high_resolution/sad/sad_241_2.jpg
neutral_237.mp4,segment_long_35174438_42,neutral,start,high_resolution,6.51,high_resolution/neutral/neutral_237_1.jpg
neutral_237.mp4,segment_long_35174438_42,neutral,end,high_resolution,12.89,high_resolution/neutral/neutral_237_2.jpg
neutral_238.mp4,segment_long_35176722_43,neutral,start,high_resolution,7.58,high_resolution/neutral/neutral_238_1.jpg
neutral_238.mp4,segment_long_35176722_43,neutral,end,high_resolution,8.36,high_resolution/neutral/neutral_238_2.jpg
neutral_239.mp4,segment_long_35176722_44,neutral,start,high_resolution,5.65,high_resolution/neutral/neutral_239_1.jpg
neutral_239.mp4,segment_long_35176722_44,neutral,end,high_resolution,6.42,high_resolution/neutral/neutral_239_2.jpg
neutral_240.mp4,segment_long_36221724_49,neutral,start,high_resolution,5.03,high_resolution/neutral/neutral_240_1.jpg
neutral_240.mp4,segment_long_36221724_49,neutral,end,high_resolution,14.98,high_resolution/neutral/neutral_240_2.jpg
neutral_241.mp4,segment_long_36221724_50,neutral,start,high_resolution,1.15,high_resolution/neutral/neutral_241_1.jpg
neutral_241.mp4,segment_long_36221724_50,neutral,end,high_resolution,7.38,high_resolution/neutral/neutral_241_2.jpg
fearful_184.mp4,segment_long_37348445_53,fearful,start,high_resolution,4.28,high_resolution/fearful/fearful_184_1.jpg
fearful_184.mp4,segment_long_37348445_53,fearful,end,high_resolution,13.44,high_resolution/fearful/fearful_184_2.jpg
sad_242.mp4,segment_long_37348445_55,sad,start,high_resolution,5.01,high_resolution/sad/sad_242_1.jpg
sad_242.mp4,segment_long_37348445_55,sad,end,high_resolution,6.43,high_resolution/sad/sad_242_2.jpg
sad_243.mp4,segment_long_5596932_77,sad,start,high_resolution,3.8,high_resolution/sad/sad_243_1.jpg
sad_243.mp4,segment_long_5596932_77,sad,end,high_resolution,8.72,high_resolution/sad/sad_243_2.jpg
neutral_242.mp4,segment_long_6496580_100,neutral,start,high_resolution,6.45,high_resolution/neutral/neutral_242_1.jpg
neutral_242.mp4,segment_long_6496580_100,neutral,end,high_resolution,9.06,high_resolution/neutral/neutral_242_2.jpg
neutral_243.mp4,segment_long_6496580_98,neutral,start,high_resolution,4.67,high_resolution/neutral/neutral_243_1.jpg
neutral_243.mp4,segment_long_6496580_98,neutral,end,high_resolution,6.16,high_resolution/neutral/neutral_243_2.jpg
neutral_244.mp4,segment_long_6496580_99,neutral,start,high_resolution,11.47,high_resolution/neutral/neutral_244_1.jpg
neutral_244.mp4,segment_long_6496580_99,neutral,end,high_resolution,15.0,high_resolution/neutral/neutral_244_2.jpg
happy_245.mp4,segment_long_6498485_102,happy,start,high_resolution,1.32,high_resolution/happy/happy_245_1.jpg
happy_245.mp4,segment_long_6498485_102,happy,end,high_resolution,2.66,high_resolution/happy/happy_245_2.jpg
happy_246.mp4,segment_long_6561423_111,happy,start,high_resolution,1.93,high_resolution/happy/happy_246_1.jpg
happy_246.mp4,segment_long_6561423_111,happy,end,high_resolution,3.62,high_resolution/happy/happy_246_2.jpg
happy_247.mp4,segment_long_6561423_113,happy,start,high_resolution,0.17,high_resolution/happy/happy_247_1.jpg
happy_247.mp4,segment_long_6561423_113,happy,end,high_resolution,1.09,high_resolution/happy/happy_247_2.jpg
happy_248.mp4,segment_long_7093612_127,happy,start,high_resolution,1.37,high_resolution/happy/happy_248_1.jpg
happy_248.mp4,segment_long_7093612_127,happy,end,high_resolution,6.9,high_resolution/happy/happy_248_2.jpg
happy_249.mp4,segment_long_7683651_154,happy,start,high_resolution,1.28,high_resolution/happy/happy_249_1.jpg
happy_249.mp4,segment_long_7683651_154,happy,end,high_resolution,3.03,high_resolution/happy/happy_249_2.jpg
angry_225.mp4,segment_long_9507458_168,angry,start,high_resolution,2.28,high_resolution/angry/angry_225_1.jpg
angry_225.mp4,segment_long_9507458_168,angry,end,high_resolution,7.88,high_resolution/angry/angry_225_2.jpg
neutral_245.mp4,segment_long_9507458_169,neutral,start,high_resolution,2.46,high_resolution/neutral/neutral_245_1.jpg
neutral_245.mp4,segment_long_9507458_169,neutral,end,high_resolution,3.35,high_resolution/neutral/neutral_245_2.jpg
fearful_185.mov,small-cream-colored-dog-looking-upward-2026-09-15-01-05-14-utc.mov,fearful,start,high_resolution,2.18,high_resolution/fearful/fearful_185_1.jpg
fearful_185.mov,small-cream-colored-dog-looking-upward-2026-09-15-01-05-14-utc.mov,fearful,end,high_resolution,3.51,high_resolution/fearful/fearful_185_2.jpg
fearful_186.mov,small-dog-sitting-on-a-couch-with-blanket-2026-09-16-08-14-47-utc.mov,fearful,start,high_resolution,1.41,high_resolution/fearful/fearful_186_1.jpg
fearful_186.mov,small-dog-sitting-on-a-couch-with-blanket-2026-09-16-08-14-47-utc.mov,fearful,end,high_resolution,1.76,high_resolution/fearful/fearful_186_2.jpg
sad_244.mov,small-tan-dog-sitting-outside-on-dirt-2025-12-17-23-44-51-utc.mov,sad,start,high_resolution,3.06,high_resolution/sad/sad_244_1.jpg
sad_244.mov,small-tan-dog-sitting-outside-on-dirt-2025-12-17-23-44-51-utc.mov,sad,end,high_resolution,4.72,high_resolution/sad/sad_244_2.jpg
angry_226.mov,small-white-dog-growling-in-studio-setting-2026-09-16-01-20-16-utc.mov,angry,start,high_resolution,1.43,high_resolution/angry/angry_226_1.jpg
angry_226.mov,small-white-dog-growling-in-studio-setting-2026-09-16-01-20-16-utc.mov,angry,end,high_resolution,3.16,high_resolution/angry/angry_226_2.jpg
angry_227.mov,small-white-dog-sitting-on-chair-showing-teeth-2026-09-16-10-07-05-utc.mov,angry,start,high_resolution,1.65,high_resolution/angry/angry_227_1.jpg
angry_227.mov,small-white-dog-sitting-on-chair-showing-teeth-2026-09-16-10-07-05-utc.mov,angry,end,high_resolution,3.59,high_resolution/angry/angry_227_2.jpg
fearful_187.mov,spotted-dog-standing-alertly-in-field-2026-09-17-05-59-22-utc.mov,fearful,start,high_resolution,1.09,high_resolution/fearful/fearful_187_1.jpg
fearful_187.mov,spotted-dog-standing-alertly-in-field-2026-09-17-05-59-22-utc.mov,fearful,end,high_resolution,1.97,high_resolution/fearful/fearful_187_2.jpg
surprise_148.mp4,tiktok_6686378668727471365.mp4,surprise,start,low_resolution,3.31,low_resolution/surprise/surprise_148_1.jpg
surprise_148.mp4,tiktok_6686378668727471365.mp4,surprise,end,low_resolution,6.44,low_resolution/surprise/surprise_148_2.jpg
surprise_149.mp4,tiktok_6759610535098060038.mp4,surprise,start,high_resolution,0.74,high_resolution/surprise/surprise_149_1.jpg
surprise_149.mp4,tiktok_6759610535098060038.mp4,surprise,end,high_resolution,1.44,high_resolution/surprise/surprise_149_2.jpg
surprise_150.mp4,tiktok_6783706826371337477.mp4,surprise,start,low_resolution,3.56,low_resolution/surprise/surprise_150_1.jpg
surprise_150.mp4,tiktok_6783706826371337477.mp4,surprise,end,low_resolution,4.46,low_resolution/surprise/surprise_150_2.jpg
surprise_151.mp4,tiktok_6834824770094255365.mp4,surprise,start,low_resolution,2.53,low_resolution/surprise/surprise_151_1.jpg
surprise_151.mp4,tiktok_6834824770094255365.mp4,surprise,end,low_resolution,3.25,low_resolution/surprise/surprise_151_2.jpg
surprise_152.mp4,tiktok_6841924685303647493.mp4,surprise,start,high_resolution,0.35,high_resolution/surprise/surprise_152_1.jpg
surprise_152.mp4,tiktok_6841924685303647493.mp4,surprise,end,high_resolution,1.18,high_resolution/surprise/surprise_152_2.jpg
surprise_153.mp4,tiktok_6937830157822610694.mp4,surprise,start,high_resolution,0.58,high_resolution/surprise/surprise_153_1.jpg
surprise_153.mp4,tiktok_6937830157822610694.mp4,surprise,end,high_resolution,2.56,high_resolution/surprise/surprise_153_2.jpg
surprise_154.mp4,tiktok_7028775404173413678.mp4,surprise,end,high_resolution,3.63,high_resolution/surprise/surprise_154_2.jpg
surprise_155.mp4,tiktok_7133304987907755310.mp4,surprise,start,high_resolution,1.12,high_resolution/surprise/surprise_155_1.jpg
surprise_155.mp4,tiktok_7133304987907755310.mp4,surprise,end,high_resolution,6.95,high_resolution/surprise/surprise_155_2.jpg
surprise_156.mp4,tiktok_7184042245035674886.mp4,surprise,start,low_resolution,1.75,low_resolution/surprise/surprise_156_1.jpg
surprise_156.mp4,tiktok_7184042245035674886.mp4,surprise,end,low_resolution,2.41,low_resolution/surprise/surprise_156_2.jpg
surprise_157.mp4,tiktok_7215637585421421829.mp4,surprise,start,high_resolution,1.47,high_resolution/surprise/surprise_157_1.jpg
surprise_157.mp4,tiktok_7215637585421421829.mp4,surprise,end,high_resolution,2.37,high_resolution/surprise/surprise_157_2.jpg
surprise_158.mp4,tiktok_7219451135017471274.mp4,surprise,start,high_resolution,0.55,high_resolution/surprise/surprise_158_1.jpg
surprise_158.mp4,tiktok_7219451135017471274.mp4,surprise,end,high_resolution,1.25,high_resolution/surprise/surprise_158_2.jpg
surprise_159.mp4,tiktok_7222955173394599214.mp4,surprise,start,high_resolution,1.0,high_resolution/surprise/surprise_159_1.jpg
surprise_159.mp4,tiktok_7222955173394599214.mp4,surprise,end,high_resolution,2.75,high_resolution/surprise/surprise_159_2.jpg
surprise_160.mp4,tiktok_7235645660547157294.mp4,surprise,start,high_resolution,3.99,high_resolution/surprise/surprise_160_1.jpg
surprise_160.mp4,tiktok_7235645660547157294.mp4,surprise,end,high_resolution,4.74,high_resolution/surprise/surprise_160_2.jpg
surprise_161.mp4,tiktok_7236117888870911274.mp4,surprise,start,high_resolution,0.44,high_resolution/surprise/surprise_161_1.jpg
surprise_161.mp4,tiktok_7236117888870911274.mp4,surprise,end,high_resolution,1.29,high_resolution/surprise/surprise_161_2.jpg
surprise_162.mp4,tiktok_7273535611703708960.mp4,surprise,start,high_resolution,1.04,high_resolution/surprise/surprise_162_1.jpg
surprise_162.mp4,tiktok_7273535611703708960.mp4,surprise,end,high_resolution,1.79,high_resolution/surprise/surprise_162_2.jpg
surprise_163.mp4,tiktok_7274971761416867114.mp4,surprise,start,high_resolution,0.68,high_resolution/surprise/surprise_163_1.jpg
surprise_163.mp4,tiktok_7274971761416867114.mp4,surprise,end,high_resolution,1.39,high_resolution/surprise/surprise_163_2.jpg
surprise_164.mp4,tiktok_7361463181438373153.mp4,surprise,start,high_resolution,0.68,high_resolution/surprise/surprise_164_1.jpg
surprise_164.mp4,tiktok_7361463181438373153.mp4,surprise,end,high_resolution,2.43,high_resolution/surprise/surprise_164_2.jpg
surprise_165.mp4,tiktok_7412535761871834411.mp4,surprise,start,high_resolution,3.42,high_resolution/surprise/surprise_165_1.jpg
surprise_165.mp4,tiktok_7412535761871834411.mp4,surprise,end,high_resolution,4.49,high_resolution/surprise/surprise_165_2.jpg
surprise_166.mp4,tiktok_7435309178622709022.mp4,surprise,start,high_resolution,0.14,high_resolution/surprise/surprise_166_1.jpg
surprise_166.mp4,tiktok_7435309178622709022.mp4,surprise,end,high_resolution,0.96,high_resolution/surprise/surprise_166_2.jpg
surprise_167.mp4,tiktok_7446074280938310945.mp4,surprise,start,high_resolution,0.28,high_resolution/surprise/surprise_167_1.jpg
surprise_167.mp4,tiktok_7446074280938310945.mp4,surprise,end,high_resolution,1.12,high_resolution/surprise/surprise_167_2.jpg
surprise_168.mp4,tiktok_7453878525679013166.mp4,surprise,start,high_resolution,1.77,high_resolution/surprise/surprise_168_1.jpg
surprise_168.mp4,tiktok_7453878525679013166.mp4,surprise,end,high_resolution,3.51,high_resolution/surprise/surprise_168_2.jpg
surprise_169.mp4,tiktok_7505439759372799278.mp4,surprise,start,high_resolution,1.01,high_resolution/surprise/surprise_169_1.jpg
surprise_169.mp4,tiktok_7505439759372799278.mp4,surprise,end,high_resolution,2.31,high_resolution/surprise/surprise_169_2.jpg
surprise_170.mp4,tiktok_7514379041260965142.mp4,surprise,start,high_resolution,12.27,high_resolution/surprise/surprise_170_1.jpg
surprise_170.mp4,tiktok_7514379041260965142.mp4,surprise,end,high_resolution,13.0,high_resolution/surprise/surprise_170_2.jpg
surprise_171.mp4,tiktok_7515127245292326166.mp4,surprise,start,high_resolution,0.5,high_resolution/surprise/surprise_171_1.jpg
surprise_171.mp4,tiktok_7515127245292326166.mp4,surprise,end,high_resolution,1.07,high_resolution/surprise/surprise_171_2.jpg
surprise_172.mp4,tiktok_7519057574419762454.mp4,surprise,start,high_resolution,3.3,high_resolution/surprise/surprise_172_1.jpg
surprise_172.mp4,tiktok_7519057574419762454.mp4,surprise,end,high_resolution,4.36,high_resolution/surprise/surprise_172_2.jpg
surprise_173.mp4,tiktok_7520570750151953686.mp4,surprise,start,high_resolution,1.7,high_resolution/surprise/surprise_173_1.jpg
surprise_173.mp4,tiktok_7520570750151953686.mp4,surprise,end,high_resolution,2.22,high_resolution/surprise/surprise_173_2.jpg
surprise_174.mp4,tiktok_7520654309076372758.mp4,surprise,start,high_resolution,1.4,high_resolution/surprise/surprise_174_1.jpg
surprise_174.mp4,tiktok_7520654309076372758.mp4,surprise,end,high_resolution,2.13,high_resolution/surprise/surprise_174_2.jpg
surprise_175.mp4,tiktok_7524287270455708950.mp4,surprise,start,high_resolution,2.28,high_resolution/surprise/surprise_175_1.jpg
surprise_175.mp4,tiktok_7524287270455708950.mp4,surprise,end,high_resolution,3.22,high_resolution/surprise/surprise_175_2.jpg
surprise_176.mp4,tiktok_7528479657549729046.mp4,surprise,start,low_resolution,3.75,low_resolution/surprise/surprise_176_1.jpg
surprise_176.mp4,tiktok_7528479657549729046.mp4,surprise,end,low_resolution,4.82,low_resolution/surprise/surprise_176_2.jpg
surprise_177.mp4,tiktok_7529551822948715793.mp4,surprise,start,high_resolution,0.67,high_resolution/surprise/surprise_177_1.jpg
surprise_177.mp4,tiktok_7529551822948715793.mp4,surprise,end,high_resolution,1.54,high_resolution/surprise/surprise_177_2.jpg
surprise_178.mp4,tiktok_7538300392069795102.mp4,surprise,start,high_resolution,0.9,high_resolution/surprise/surprise_178_1.jpg
surprise_178.mp4,tiktok_7538300392069795102.mp4,surprise,end,high_resolution,1.66,high_resolution/surprise/surprise_178_2.jpg
surprise_179.mp4,tiktok_7547019331608136982.mp4,surprise,start,low_resolution,1.01,low_resolution/surprise/surprise_179_1.jpg
surprise_179.mp4,tiktok_7547019331608136982.mp4,surprise,end,low_resolution,1.78,low_resolution/surprise/surprise_179_2.jpg
surprise_180.mp4,tiktok_7548049759248911638.mp4,surprise,start,low_resolution,2.83,low_resolution/surprise/surprise_180_1.jpg
surprise_180.mp4,tiktok_7548049759248911638.mp4,surprise,end,low_resolution,4.06,low_resolution/surprise/surprise_180_2.jpg
surprise_181.mp4,tiktok_7551407238288559415.mp4,surprise,start,high_resolution,1.14,high_resolution/surprise/surprise_181_1.jpg
surprise_181.mp4,tiktok_7551407238288559415.mp4,surprise,end,high_resolution,1.97,high_resolution/surprise/surprise_181_2.jpg
surprise_182.mp4,tiktok_7562850340584852758.mp4,surprise,start,high_resolution,2.8,high_resolution/surprise/surprise_182_1.jpg
surprise_182.mp4,tiktok_7562850340584852758.mp4,surprise,end,high_resolution,3.43,high_resolution/surprise/surprise_182_2.jpg
surprise_183.mp4,tiktok_7567148168270351647.mp4,surprise,start,high_resolution,2.55,high_resolution/surprise/surprise_183_1.jpg
surprise_183.mp4,tiktok_7567148168270351647.mp4,surprise,end,high_resolution,3.48,high_resolution/surprise/surprise_183_2.jpg
surprise_184.mp4,tiktok_7571548733888810262.mp4,surprise,start,low_resolution,2.93,low_resolution/surprise/surprise_184_1.jpg
surprise_184.mp4,tiktok_7571548733888810262.mp4,surprise,end,low_resolution,3.61,low_resolution/surprise/surprise_184_2.jpg
surprise_185.mp4,tiktok_7574848607078124823.mp4,surprise,start,high_resolution,1.79,high_resolution/surprise/surprise_185_1.jpg
surprise_185.mp4,tiktok_7574848607078124823.mp4,surprise,end,high_resolution,2.44,high_resolution/surprise/surprise_185_2.jpg
surprise_186.mp4,tiktok_7577885470630104333.mp4,surprise,start,high_resolution,1.15,high_resolution/surprise/surprise_186_1.jpg
surprise_186.mp4,tiktok_7577885470630104333.mp4,surprise,end,high_resolution,3.17,high_resolution/surprise/surprise_186_2.jpg
surprise_187.mp4,tiktok_7580694785980337441.mp4,surprise,start,low_resolution,0.0,low_resolution/surprise/surprise_187_1.jpg
surprise_187.mp4,tiktok_7580694785980337441.mp4,surprise,end,low_resolution,0.73,low_resolution/surprise/surprise_187_2.jpg
surprise_188.mp4,tiktok_7581844396585307406.mp4,surprise,start,high_resolution,0.49,high_resolution/surprise/surprise_188_1.jpg
surprise_188.mp4,tiktok_7581844396585307406.mp4,surprise,end,high_resolution,1.29,high_resolution/surprise/surprise_188_2.jpg
surprise_189.mp4,tiktok_7591502291451071775.mp4,surprise,start,high_resolution,2.86,high_resolution/surprise/surprise_189_1.jpg
surprise_189.mp4,tiktok_7591502291451071775.mp4,surprise,end,high_resolution,3.9,high_resolution/surprise/surprise_189_2.jpg
surprise_190.mp4,tiktok_7595338603669097736.mp4,surprise,start,high_resolution,1.26,high_resolution/surprise/surprise_190_1.jpg
surprise_190.mp4,tiktok_7595338603669097736.mp4,surprise,end,high_resolution,2.07,high_resolution/surprise/surprise_190_2.jpg
surprise_191.mp4,tiktok_7599853174089895198.mp4,surprise,start,high_resolution,1.13,high_resolution/surprise/surprise_191_1.jpg
surprise_191.mp4,tiktok_7599853174089895198.mp4,surprise,end,high_resolution,1.66,high_resolution/surprise/surprise_191_2.jpg
surprise_192.mp4,tiktok_7601950979755363606.mp4,surprise,start,low_resolution,2.47,low_resolution/surprise/surprise_192_1.jpg
surprise_192.mp4,tiktok_7601950979755363606.mp4,surprise,end,low_resolution,5.02,low_resolution/surprise/surprise_192_2.jpg
surprise_193.mp4,tiktok_7603152795356630286.mp4,surprise,start,high_resolution,0.42,high_resolution/surprise/surprise_193_1.jpg
surprise_193.mp4,tiktok_7603152795356630286.mp4,surprise,end,high_resolution,2.22,high_resolution/surprise/surprise_193_2.jpg
surprise_194.mp4,tiktok_7607049345321405719.mp4,surprise,start,low_resolution,0.62,low_resolution/surprise/surprise_194_1.jpg
surprise_194.mp4,tiktok_7607049345321405719.mp4,surprise,end,low_resolution,1.24,low_resolution/surprise/surprise_194_2.jpg
surprise_195.mp4,tiktok_7608760249863916814.mp4,surprise,start,high_resolution,1.23,high_resolution/surprise/surprise_195_1.jpg
surprise_195.mp4,tiktok_7608760249863916814.mp4,surprise,end,high_resolution,1.83,high_resolution/surprise/surprise_195_2.jpg
surprise_196.mp4,tiktok_7610872232436403478.mp4,surprise,start,high_resolution,0.36,high_resolution/surprise/surprise_196_1.jpg
surprise_196.mp4,tiktok_7610872232436403478.mp4,surprise,end,high_resolution,0.91,high_resolution/surprise/surprise_196_2.jpg
surprise_197.mp4,tiktok_7629779357019557140.mp4,surprise,start,low_resolution,1.69,low_resolution/surprise/surprise_197_1.jpg
surprise_197.mp4,tiktok_7629779357019557140.mp4,surprise,end,low_resolution,2.79,low_resolution/surprise/surprise_197_2.jpg
surprise_198.mp4,tiktok_7631249161765031190.mp4,surprise,start,high_resolution,0.54,high_resolution/surprise/surprise_198_1.jpg
surprise_198.mp4,tiktok_7631249161765031190.mp4,surprise,end,high_resolution,1.22,high_resolution/surprise/surprise_198_2.jpg
surprise_199.mp4,tiktok_7633813396655246622.mp4,surprise,start,high_resolution,0.79,high_resolution/surprise/surprise_199_1.jpg
surprise_199.mp4,tiktok_7633813396655246622.mp4,surprise,end,high_resolution,1.36,high_resolution/surprise/surprise_199_2.jpg
surprise_200.mp4,tiktok_7649054005489929494.mp4,surprise,start,high_resolution,1.62,high_resolution/surprise/surprise_200_1.jpg
surprise_200.mp4,tiktok_7649054005489929494.mp4,surprise,end,high_resolution,2.24,high_resolution/surprise/surprise_200_2.jpg
surprise_201.mp4,tiktok_7650466265689001238.mp4,surprise,start,high_resolution,0.59,high_resolution/surprise/surprise_201_1.jpg
surprise_201.mp4,tiktok_7650466265689001238.mp4,surprise,end,high_resolution,1.07,high_resolution/surprise/surprise_201_2.jpg
surprise_202.mp4,tiktok_7659711558590729486.mp4,surprise,start,high_resolution,2.34,high_resolution/surprise/surprise_202_1.jpg
surprise_202.mp4,tiktok_7659711558590729486.mp4,surprise,end,high_resolution,3.34,high_resolution/surprise/surprise_202_2.jpg
surprise_203.mp4,tiktok_7661857780734758175.mp4,surprise,start,high_resolution,1.96,high_resolution/surprise/surprise_203_1.jpg
surprise_203.mp4,tiktok_7661857780734758175.mp4,surprise,end,high_resolution,2.64,high_resolution/surprise/surprise_203_2.jpg
surprise_204.mp4,tiktok_7663161343561829665.mp4,surprise,start,high_resolution,1.62,high_resolution/surprise/surprise_204_1.jpg
surprise_204.mp4,tiktok_7663161343561829665.mp4,surprise,end,high_resolution,2.59,high_resolution/surprise/surprise_204_2.jpg
surprise_205.mp4,tiktok_7665059319519431958.mp4,surprise,start,high_resolution,0.8,high_resolution/surprise/surprise_205_1.jpg
surprise_205.mp4,tiktok_7665059319519431958.mp4,surprise,end,high_resolution,1.67,high_resolution/surprise/surprise_205_2.jpg
surprise_206.mp4,tiktok_7665320886446214414.mp4,surprise,start,high_resolution,1.0,high_resolution/surprise/surprise_206_1.jpg
surprise_206.mp4,tiktok_7665320886446214414.mp4,surprise,end,high_resolution,1.78,high_resolution/surprise/surprise_206_2.jpg
surprise_207.mp4,tiktok_7666057141823917332.mp4,surprise,start,low_resolution,1.14,low_resolution/surprise/surprise_207_1.jpg
surprise_207.mp4,tiktok_7666057141823917332.mp4,surprise,end,low_resolution,1.86,low_resolution/surprise/surprise_207_2.jpg
surprise_208.mp4,tiktok_7666632444812021023.mp4,surprise,start,high_resolution,0.86,high_resolution/surprise/surprise_208_1.jpg
surprise_208.mp4,tiktok_7666632444812021023.mp4,surprise,end,high_resolution,1.54,high_resolution/surprise/surprise_208_2.jpg
surprise_209.mp4,tiktok_7670231845228907798.mp4,surprise,start,high_resolution,0.23,high_resolution/surprise/surprise_209_1.jpg
surprise_209.mp4,tiktok_7670231845228907798.mp4,surprise,end,high_resolution,1.3,high_resolution/surprise/surprise_209_2.jpg
surprise_210.mp4,tiktok_7672114050863762721.mp4,surprise,start,high_resolution,14.37,high_resolution/surprise/surprise_210_1.jpg
surprise_210.mp4,tiktok_7672114050863762721.mp4,surprise,end,high_resolution,14.95,high_resolution/surprise/surprise_210_2.jpg
surprise_211.mp4,tiktok_7672693848434363661.mp4,surprise,start,high_resolution,12.19,high_resolution/surprise/surprise_211_1.jpg
surprise_211.mp4,tiktok_7672693848434363661.mp4,surprise,end,high_resolution,13.07,high_resolution/surprise/surprise_211_2.jpg
surprise_212.mp4,tiktok_7673476307149245727.mp4,surprise,start,high_resolution,0.95,high_resolution/surprise/surprise_212_1.jpg
surprise_212.mp4,tiktok_7673476307149245727.mp4,surprise,end,high_resolution,1.65,high_resolution/surprise/surprise_212_2.jpg
surprise_213.mp4,tiktok_7677412373396786445.mp4,surprise,start,high_resolution,0.44,high_resolution/surprise/surprise_213_1.jpg
surprise_213.mp4,tiktok_7677412373396786445.mp4,surprise,end,high_resolution,1.49,high_resolution/surprise/surprise_213_2.jpg
surprise_214.mp4,tiktok_7678455383886744854.mp4,surprise,start,high_resolution,0.46,high_resolution/surprise/surprise_214_1.jpg
surprise_214.mp4,tiktok_7678455383886744854.mp4,surprise,end,high_resolution,1.63,high_resolution/surprise/surprise_214_2.jpg
surprise_215.mp4,tiktok_7678756454894931222.mp4,surprise,start,high_resolution,4.55,high_resolution/surprise/surprise_215_1.jpg
surprise_215.mp4,tiktok_7678756454894931222.mp4,surprise,end,high_resolution,5.54,high_resolution/surprise/surprise_215_2.jpg
surprise_216.mp4,tiktok_7678761498801442071.mp4,surprise,start,high_resolution,7.08,high_resolution/surprise/surprise_216_1.jpg
surprise_216.mp4,tiktok_7678761498801442071.mp4,surprise,end,high_resolution,8.0,high_resolution/surprise/surprise_216_2.jpg
surprise_217.mp4,tiktok_7680569405763374358.mp4,surprise,start,high_resolution,2.25,high_resolution/surprise/surprise_217_1.jpg
surprise_217.mp4,tiktok_7680569405763374358.mp4,surprise,end,high_resolution,2.94,high_resolution/surprise/surprise_217_2.jpg
surprise_218.mp4,tiktok_7681700821813169440.mp4,surprise,start,low_resolution,2.38,low_resolution/surprise/surprise_218_1.jpg
surprise_218.mp4,tiktok_7681700821813169440.mp4,surprise,end,low_resolution,10.05,low_resolution/surprise/surprise_218_2.jpg
surprise_219.mp4,tiktok_7682135569073212694.mp4,surprise,start,high_resolution,1.27,high_resolution/surprise/surprise_219_1.jpg
surprise_219.mp4,tiktok_7682135569073212694.mp4,surprise,end,high_resolution,2.42,high_resolution/surprise/surprise_219_2.jpg
surprise_220.mp4,tiktok_7682326567854378262.mp4,surprise,start,high_resolution,1.23,high_resolution/surprise/surprise_220_1.jpg
surprise_220.mp4,tiktok_7682326567854378262.mp4,surprise,end,high_resolution,2.07,high_resolution/surprise/surprise_220_2.jpg
surprise_221.mp4,tiktok_7683185281197018390.mp4,surprise,start,high_resolution,0.92,high_resolution/surprise/surprise_221_1.jpg
surprise_221.mp4,tiktok_7683185281197018390.mp4,surprise,end,high_resolution,2.72,high_resolution/surprise/surprise_221_2.jpg
surprise_222.mp4,tiktok_7683880902220385568.mp4,surprise,start,high_resolution,0.5,high_resolution/surprise/surprise_222_1.jpg
surprise_222.mp4,tiktok_7683880902220385568.mp4,surprise,end,high_resolution,1.46,high_resolution/surprise/surprise_222_2.jpg
surprise_223.mp4,tiktok_7683922649478663457.mp4,surprise,start,high_resolution,1.4,high_resolution/surprise/surprise_223_1.jpg
surprise_223.mp4,tiktok_7683922649478663457.mp4,surprise,end,high_resolution,2.21,high_resolution/surprise/surprise_223_2.jpg
surprise_224.mp4,tiktok_7684019010412793121.mp4,surprise,start,high_resolution,3.96,high_resolution/surprise/surprise_224_1.jpg
surprise_224.mp4,tiktok_7684019010412793121.mp4,surprise,end,high_resolution,4.83,high_resolution/surprise/surprise_224_2.jpg
surprise_225.mp4,tiktok_7684733825552895265.mp4,surprise,start,high_resolution,0.68,high_resolution/surprise/surprise_225_1.jpg
surprise_225.mp4,tiktok_7684733825552895265.mp4,surprise,end,high_resolution,1.85,high_resolution/surprise/surprise_225_2.jpg
angry_228.mov,two-alert-dogs-barking-outdoors-in-daytime-2025-12-18-01-58-58-utc.mov,angry,start,high_resolution,4.29,high_resolution/angry/angry_228_1.jpg
angry_228.mov,two-alert-dogs-barking-outdoors-in-daytime-2025-12-18-01-58-58-utc.mov,angry,end,high_resolution,6.33,high_resolution/angry/angry_228_2.jpg
angry_229.mov,two-dogs-barking-and-standing-in-nature-2025-12-17-13-02-12-utc.mov,angry,start,high_resolution,1.68,high_resolution/angry/angry_229_1.jpg
angry_229.mov,two-dogs-barking-and-standing-in-nature-2025-12-17-13-02-12-utc.mov,angry,end,high_resolution,4.37,high_resolution/angry/angry_229_2.jpg
neutral_246.mp4,u892CkbvwKQ_000448,neutral,start,low_resolution,4.74,low_resolution/neutral/neutral_246_1.jpg
neutral_246.mp4,u892CkbvwKQ_000448,neutral,end,low_resolution,5.33,low_resolution/neutral/neutral_246_2.jpg
neutral_247.mp4,u9fNxbxt__U_000190,neutral,start,low_resolution,11.66,low_resolution/neutral/neutral_247_1.jpg
neutral_247.mp4,u9fNxbxt__U_000190,neutral,end,low_resolution,12.39,low_resolution/neutral/neutral_247_2.jpg
fearful_188.mp4,u9fNxbxt__U_000499,fearful,start,low_resolution,22.03,low_resolution/fearful/fearful_188_1.jpg
fearful_188.mp4,u9fNxbxt__U_000499,fearful,end,low_resolution,22.56,low_resolution/fearful/fearful_188_2.jpg
sad_245.mp4,uTOFdVDXrsU_000127,sad,start,low_resolution,0.38,low_resolution/sad/sad_245_1.jpg
sad_245.mp4,uTOFdVDXrsU_000127,sad,end,low_resolution,2.09,low_resolution/sad/sad_245_2.jpg
fearful_189.mov,wet-dog-shakes-head-on-green-grass-2026-09-17-05-33-42-utc.mov,fearful,start,high_resolution,1.2,high_resolution/fearful/fearful_189_1.jpg
fearful_189.mov,wet-dog-shakes-head-on-green-grass-2026-09-17-05-33-42-utc.mov,fearful,end,high_resolution,2.87,high_resolution/fearful/fearful_189_2.jpg
angry_230.mov,wet-light-brown-dog-barks-in-grassy-field-2025-12-17-14-06-17-utc.mov,angry,start,high_resolution,1.79,high_resolution/angry/angry_230_1.jpg
angry_230.mov,wet-light-brown-dog-barks-in-grassy-field-2025-12-17-14-06-17-utc.mov,angry,end,high_resolution,8.45,high_resolution/angry/angry_230_2.jpg
angry_231.mov,white-and-brown-stray-dog-barking-on-the-streets-o-2025-12-17-14-19-25-utc.mov,angry,start,high_resolution,1.63,high_resolution/angry/angry_231_1.jpg
angry_231.mov,white-and-brown-stray-dog-barking-on-the-streets-o-2025-12-17-14-19-25-utc.mov,angry,end,high_resolution,3.04,high_resolution/angry/angry_231_2.jpg
angry_232.mov,white-and-brown-stray-dog-barking-on-the-streets-o-2025-12-17-14-47-20-utc.mov,angry,start,high_resolution,1.96,high_resolution/angry/angry_232_1.jpg
angry_232.mov,white-and-brown-stray-dog-barking-on-the-streets-o-2025-12-17-14-47-20-utc.mov,angry,end,high_resolution,2.65,high_resolution/angry/angry_232_2.jpg
angry_233.mov,woman-holds-dog-s-paw-on-gray-couch-2025-12-17-20-22-03-utc.mov,angry,start,high_resolution,1.31,high_resolution/angry/angry_233_1.jpg
angry_233.mov,woman-holds-dog-s-paw-on-gray-couch-2025-12-17-20-22-03-utc.mov,angry,end,high_resolution,2.96,high_resolution/angry/angry_233_2.jpg
surprise_226.mp4,youtube_9kaJaTB1B1Q_merged.mp4,surprise,start,high_resolution,0.56,high_resolution/surprise/surprise_226_1.jpg
surprise_226.mp4,youtube_9kaJaTB1B1Q_merged.mp4,surprise,end,high_resolution,2.35,high_resolution/surprise/surprise_226_2.jpg
surprise_227.mp4,youtube_LUThEQymCHQ_merged.mp4,surprise,start,high_resolution,0.56,high_resolution/surprise/surprise_227_1.jpg
surprise_227.mp4,youtube_LUThEQymCHQ_merged.mp4,surprise,end,high_resolution,1.59,high_resolution/surprise/surprise_227_2.jpg
angry_234.mp4,youtube_angry dog growling_Ff2VrM7C3Xs,angry,start,high_resolution,0.87,high_resolution/angry/angry_234_1.jpg
angry_234.mp4,youtube_angry dog growling_Ff2VrM7C3Xs,angry,end,high_resolution,3.66,high_resolution/angry/angry_234_2.jpg
angry_235.mp4,youtube_angry dog growling_G-g2cmDBiIU,angry,start,high_resolution,0.37,high_resolution/angry/angry_235_1.jpg
angry_235.mp4,youtube_angry dog growling_G-g2cmDBiIU,angry,end,high_resolution,2.3,high_resolution/angry/angry_235_2.jpg
angry_236.mp4,youtube_angry dog growling_H9i80YtrfgI,angry,start,high_resolution,0.15,high_resolution/angry/angry_236_1.jpg
angry_236.mp4,youtube_angry dog growling_H9i80YtrfgI,angry,end,high_resolution,1.09,high_resolution/angry/angry_236_2.jpg
angry_237.mp4,youtube_angry dog growling_IXZF1Gb0Qw8,angry,start,high_resolution,0.99,high_resolution/angry/angry_237_1.jpg
angry_237.mp4,youtube_angry dog growling_IXZF1Gb0Qw8,angry,end,high_resolution,3.4,high_resolution/angry/angry_237_2.jpg
fearful_190.mp4,youtube_angry dog growling_JW4LbPvUcbY,fearful,start,high_resolution,17.34,high_resolution/fearful/fearful_190_1.jpg
fearful_190.mp4,youtube_angry dog growling_JW4LbPvUcbY,fearful,end,high_resolution,18.85,high_resolution/fearful/fearful_190_2.jpg
angry_238.mp4,youtube_angry dog growling_RFLmxKd2xoQ,angry,start,high_resolution,1.72,high_resolution/angry/angry_238_1.jpg
angry_238.mp4,youtube_angry dog growling_RFLmxKd2xoQ,angry,end,high_resolution,5.43,high_resolution/angry/angry_238_2.jpg
fearful_191.mp4,youtube_angry dog growling_Ygwicxd8IOM,fearful,start,high_resolution,1.33,high_resolution/fearful/fearful_191_1.jpg
fearful_191.mp4,youtube_angry dog growling_Ygwicxd8IOM,fearful,end,high_resolution,4.17,high_resolution/fearful/fearful_191_2.jpg
angry_239.mp4,youtube_angry dog growling_ewZVPFpNPCU,angry,start,high_resolution,1.23,high_resolution/angry/angry_239_1.jpg
angry_239.mp4,youtube_angry dog growling_ewZVPFpNPCU,angry,end,high_resolution,2.32,high_resolution/angry/angry_239_2.jpg
angry_240.mp4,youtube_angry dog growling_zkqRL5YoFZE,angry,start,high_resolution,0.59,high_resolution/angry/angry_240_1.jpg
angry_240.mp4,youtube_angry dog growling_zkqRL5YoFZE,angry,end,high_resolution,2.48,high_resolution/angry/angry_240_2.jpg
surprise_228.mp4,youtube_cute dog face closeup_-lc8-ysXALc,surprise,start,high_resolution,0.4,high_resolution/surprise/surprise_228_1.jpg
surprise_228.mp4,youtube_cute dog face closeup_-lc8-ysXALc,surprise,end,high_resolution,2.03,high_resolution/surprise/surprise_228_2.jpg
angry_241.mp4,youtube_cute dog face closeup_ZKGD8VBMl50,angry,start,low_resolution,11.44,low_resolution/angry/angry_241_1.jpg
angry_241.mp4,youtube_cute dog face closeup_ZKGD8VBMl50,angry,end,low_resolution,14.15,low_resolution/angry/angry_241_2.jpg
surprise_229.mp4,youtube_cute dog face closeup_cn1lz_QmaWU,surprise,start,high_resolution,18.58,high_resolution/surprise/surprise_229_1.jpg
surprise_229.mp4,youtube_cute dog face closeup_cn1lz_QmaWU,surprise,end,high_resolution,19.05,high_resolution/surprise/surprise_229_2.jpg
neutral_248.mp4,youtube_cute dog face closeup_dDkdAGbyOwU,neutral,start,high_resolution,6.89,high_resolution/neutral/neutral_248_1.jpg
neutral_248.mp4,youtube_cute dog face closeup_dDkdAGbyOwU,neutral,end,high_resolution,6.47,high_resolution/neutral/neutral_248_2.jpg
sad_246.mp4,youtube_dog emotions compilation_sls3BBxtLQI,sad,start,high_resolution,3.81,high_resolution/sad/sad_246_1.jpg
sad_246.mp4,youtube_dog emotions compilation_sls3BBxtLQI,sad,end,high_resolution,10.57,high_resolution/sad/sad_246_2.jpg
neutral_249.mp4,youtube_dog facial expression closeup_E7O3Kmvrg9U,neutral,start,high_resolution,0.39,high_resolution/neutral/neutral_249_1.jpg
neutral_249.mp4,youtube_dog facial expression closeup_E7O3Kmvrg9U,neutral,end,high_resolution,3.7,high_resolution/neutral/neutral_249_2.jpg
fearful_192.mp4,youtube_dog reaction funny face_rgcmLSHYoZY,fearful,start,high_resolution,4.93,high_resolution/fearful/fearful_192_1.jpg
fearful_192.mp4,youtube_dog reaction funny face_rgcmLSHYoZY,fearful,end,high_resolution,8.92,high_resolution/fearful/fearful_192_2.jpg
neutral_250.mp4,youtube_dog wagging tail happy_Jf5O51-HZj0,neutral,start,high_resolution,8.18,high_resolution/neutral/neutral_250_1.jpg
neutral_250.mp4,youtube_dog wagging tail happy_Jf5O51-HZj0,neutral,end,high_resolution,9.63,high_resolution/neutral/neutral_250_2.jpg
sad_247.mp4,youtube_dog wagging tail happy_xWFwrV-qOo8,sad,start,high_resolution,1.48,high_resolution/sad/sad_247_1.jpg
sad_247.mp4,youtube_dog wagging tail happy_xWFwrV-qOo8,sad,end,high_resolution,5.88,high_resolution/sad/sad_247_2.jpg
surprise_230.mp4,youtube_hKi7i948t6M_merged.mp4,surprise,start,high_resolution,0.99,high_resolution/surprise/surprise_230_1.jpg
surprise_230.mp4,youtube_hKi7i948t6M_merged.mp4,surprise,end,high_resolution,1.86,high_resolution/surprise/surprise_230_2.jpg
angry_242.mp4,youtube_happy dog smiling_3uszZBMuxlE,angry,start,high_resolution,18.07,high_resolution/angry/angry_242_1.jpg
angry_242.mp4,youtube_happy dog smiling_3uszZBMuxlE,angry,end,high_resolution,22.56,high_resolution/angry/angry_242_2.jpg
surprise_231.mp4,youtube_happy dog smiling_PsQ2xNKBgMQ,surprise,start,high_resolution,0.0,high_resolution/surprise/surprise_231_1.jpg
surprise_231.mp4,youtube_happy dog smiling_PsQ2xNKBgMQ,surprise,end,high_resolution,13.62,high_resolution/surprise/surprise_231_2.jpg
angry_243.mp4,youtube_happy dog smiling_g2F2vLKZqfM,angry,start,high_resolution,3.55,high_resolution/angry/angry_243_1.jpg
angry_243.mp4,youtube_happy dog smiling_g2F2vLKZqfM,angry,end,high_resolution,10.59,high_resolution/angry/angry_243_2.jpg
sad_248.mp4,youtube_sad dog face_OiUnRpUmjnM,sad,start,low_resolution,6.91,low_resolution/sad/sad_248_1.jpg
sad_248.mp4,youtube_sad dog face_OiUnRpUmjnM,sad,end,low_resolution,7.33,low_resolution/sad/sad_248_2.jpg
surprise_232.mp4,youtube_surprised dog face_J67E6cNVcg8,surprise,start,high_resolution,14.44,high_resolution/surprise/surprise_232_1.jpg
surprise_232.mp4,youtube_surprised dog face_J67E6cNVcg8,surprise,end,high_resolution,15.75,high_resolution/surprise/surprise_232_2.jpg
surprise_233.mp4,youtube_w84_IE5jqao_merged.mp4,surprise,start,low_resolution,0.8,low_resolution/surprise/surprise_233_1.jpg
surprise_233.mp4,youtube_w84_IE5jqao_merged.mp4,surprise,end,low_resolution,2.63,low_resolution/surprise/surprise_233_2.jpg
surprise_234.mp4,youtube_y5VkBuQGkJs_merged.mp4,surprise,start,high_resolution,7.15,high_resolution/surprise/surprise_234_1.jpg
surprise_234.mp4,youtube_y5VkBuQGkJs_merged.mp4,surprise,end,high_resolution,8.04,high_resolution/surprise/surprise_234_2.jpg
fearful_193.mp4,собаки_7043040735473503490,fearful,start,high_resolution,3.37,high_resolution/fearful/fearful_193_1.jpg
fearful_193.mp4,собаки_7043040735473503490,fearful,end,high_resolution,8.23,high_resolution/fearful/fearful_193_2.jpg
happy_250.mp4,собачки_7654741412855942430,happy,start,high_resolution,1.86,high_resolution/happy/happy_250_1.jpg
happy_250.mp4,собачки_7654741412855942430,happy,end,high_resolution,3.56,high_resolution/happy/happy_250_2.jpg
