video_name,source_video,platform,license,link
angry_001.mp4,12774662_2560_1440_50fps.mp4,Pexels,Pexels License,https://www.pexels.com/video/12774662/
angry_002.mp4,14173020_1920_1080_24fps.mp4,Pexels,Pexels License,https://www.pexels.com/video/14173020/
angry_003.mov,142_RG9nc18wNF9IRA.mov,inne/lokalne,fragment badawczy <25% utworu,https://www.tiktok.com
angry_004.mp4,15355190_1080_1920_25fps.mp4,Pexels,Pexels License,https://www.pexels.com/video/15355190/
angry_005.mp4,15659456_2160_3840_24fps.mp4,Pexels,Pexels License,https://www.pexels.com/video/15659456/
angry_006.mp4,16257945-hd_1080_1920_60fps.mp4,inne/lokalne,fragment badawczy <25% utworu,https://www.tiktok.com
angry_007.mp4,368fb53ab6d45f963abeadb226527691,TikTok,fragment badawczy <25% utworu,https://www.tiktok.com
angry_008.mp4,37d9031d59fa3ca54fc5db141f602507,TikTok,fragment badawczy <25% utworu,https://www.tiktok.com
angry_009.mp4,4763071-hd_1920_1080_25fps.mp4,inne/lokalne,fragment badawczy <25% utworu,https://www.tiktok.com
angry_010.mp4,4MTnLmOIJVA_000418,YouTube,fragment badawczy <25% utworu,https://www.youtube.com/watch?v=4MTnLmOIJVA
angry_011.mp4,5479435-uhd_3840_2160_25fps.mp4,inne/lokalne,fragment badawczy <25% utworu,https://www.tiktok.com
angry_012.mp4,5496003-uhd_3840_2160_24fps.mp4,inne/lokalne,fragment badawczy <25% utworu,https://www.tiktok.com
angry_013.mp4,5nsFcoiOc3Y_000006,YouTube,fragment badawczy <25% utworu,https://www.youtube.com/watch?v=5nsFcoiOc3Y
angry_014.mp4,62c61aa6ec774b9680a0d9018d9d5c3e,TikTok,fragment badawczy <25% utworu,https://www.tiktok.com
angry_015.mov,6_c29iYWthIHRyeWFwa2EgMg.mov,inne/lokalne,fragment badawczy <25% utworu,https://www.tiktok.com
angry_016.mp4,7187c65be27a9eb784de0c797e3ab93c,TikTok,fragment badawczy <25% utworu,https://www.tiktok.com
angry_017.mp4,7a719ddbb15ada42733afe2d847d2152,TikTok,fragment badawczy <25% utworu,https://www.tiktok.com
angry_018.mp4,7b80a68911c0bafb014bf4d4cc1cd61b,TikTok,fragment badawczy <25% utworu,https://www.tiktok.com
angry_019.mp4,83e5492067d3b299b7f41ab9085f3176,TikTok,fragment badawczy <25% utworu,https://www.tiktok.com
angry_020.mp4,8e367540966b31b19e080859a45c7464,TikTok,fragment badawczy <25% utworu,https://www.tiktok.com
angry_021.mp4,9cd1fd9fa559fe7bc1fabeb08e689cda,TikTok,fragment badawczy <25% utworu,https://www.tiktok.com
angry_022.mp4,9f66c75da00cc8f18c07a8ba92a0b6fa,TikTok,fragment badawczy <25% utworu,https://www.tiktok.com
angry_023.mp4,IMG_8093.MP4,inne/lokalne,fragment badawczy <25% utworu,https://www.tiktok.com
angry_024.mp4,IMG_8094.MP4,inne/lokalne,fragment badawczy <25% utworu,https://www.tiktok.com
angry_025.mp4,IMG_8095.MP4,inne/lokalne,fragment badawczy <25% utworu,https://www.tiktok.com
angry_026.mp4,IMG_8096.MP4,inne/lokalne,fragment badawczy <25% utworu,https://www.tiktok.com
angry_027.mp4,IMG_8097.MP4,inne/lokalne,fragment badawczy <25% utworu,https://www.tiktok.com
angry_028.mp4,IMG_8099.MP4,inne/lokalne,fragment badawczy <25% utworu,https://www.tiktok.com
angry_029.mp4,IMG_8100.MP4,inne/lokalne,fragment badawczy <25% utworu,https://www.tiktok.com
angry_030.mp4,IMG_8101.MP4,inne/lokalne,fragment badawczy <25% utworu,https://www.tiktok.com
angry_031.mp4,IMG_8102.MP4,inne/lokalne,fragment badawczy <25% utworu,https://www.tiktok.com
angry_032.mp4,IMG_8103.MP4,inne/lokalne,fragment badawczy <25% utworu,https://www.tiktok.com
angry_033.mp4,IMG_8104.MP4,inne/lokalne,fragment badawczy <25% utworu,https://www.tiktok.com
angry_034.mp4,IMG_8105.MP4,inne/lokalne,fragment badawczy <25% utworu,https://www.tiktok.com
angry_035.mp4,IMG_8106.MP4,inne/lokalne,fragment badawczy <25% utworu,https://www.tiktok.com
angry_036.mp4,IMG_8107.MP4,inne/lokalne,fragment badawczy <25% utworu,https://www.tiktok.com
angry_037.mp4,IMG_8108.MP4,inne/lokalne,fragment badawczy <25% utworu,https://www.tiktok.com
angry_038.mp4,IMG_8109.MP4,inne/lokalne,fragment badawczy <25% utworu,https://www.tiktok.com
angry_039.mp4,IMG_8110.MP4,inne/lokalne,fragment badawczy <25% utworu,https://www.tiktok.com
angry_040.mp4,IMG_8111.MP4,inne/lokalne,fragment badawczy <25% utworu,https://www.tiktok.com
angry_041.mp4,IMG_8112.MP4,inne/lokalne,fragment badawczy <25% utworu,https://www.tiktok.com
angry_042.mp4,IMG_8113.MP4,inne/lokalne,fragment badawczy <25% utworu,https://www.tiktok.com
angry_043.mp4,IMG_8114.MP4,inne/lokalne,fragment badawczy <25% utworu,https://www.tiktok.com
angry_044.mp4,IMG_8115.MP4,inne/lokalne,fragment badawczy <25% utworu,https://www.tiktok.com
angry_045.mov,IMG_8116.MOV,inne/lokalne,fragment badawczy <25% utworu,https://www.tiktok.com
angry_046.mp4,IMG_8117.MP4,inne/lokalne,fragment badawczy <25% utworu,https://www.tiktok.com
angry_047.mp4,IMG_8118.MP4,inne/lokalne,fragment badawczy <25% utworu,https://www.tiktok.com
angry_048.mp4,IMG_8119.MP4,inne/lokalne,fragment badawczy <25% utworu,https://www.tiktok.com
angry_049.mp4,IMG_8120.MP4,inne/lokalne,fragment badawczy <25% utworu,https://www.tiktok.com
angry_050.mp4,IMG_8122.MP4,inne/lokalne,fragment badawczy <25% utworu,https://www.tiktok.com
angry_051.mp4,IMG_8124.MP4,inne/lokalne,fragment badawczy <25% utworu,https://www.tiktok.com
angry_052.mp4,IMG_8125.MP4,inne/lokalne,fragment badawczy <25% utworu,https://www.tiktok.com
angry_053.mp4,IMG_8126.MP4,inne/lokalne,fragment badawczy <25% utworu,https://www.tiktok.com
angry_054.mp4,IMG_8127.MP4,inne/lokalne,fragment badawczy <25% utworu,https://www.tiktok.com
angry_055.mp4,IMG_8128.MP4,inne/lokalne,fragment badawczy <25% utworu,https://www.tiktok.com
angry_056.mp4,IMG_8129.MP4,inne/lokalne,fragment badawczy <25% utworu,https://www.tiktok.com
angry_057.mp4,IMG_8130.MP4,inne/lokalne,fragment badawczy <25% utworu,https://www.tiktok.com
angry_058.mp4,IMG_8131.MP4,inne/lokalne,fragment badawczy <25% utworu,https://www.tiktok.com
angry_059.mp4,IMG_8132.MP4,inne/lokalne,fragment badawczy <25% utworu,https://www.tiktok.com
angry_060.mp4,IMG_8133.MP4,inne/lokalne,fragment badawczy <25% utworu,https://www.tiktok.com
angry_061.mp4,IMG_8134.MP4,inne/lokalne,fragment badawczy <25% utworu,https://www.tiktok.com
angry_062.mp4,IMG_8135.MP4,inne/lokalne,fragment badawczy <25% utworu,https://www.tiktok.com
angry_063.mp4,IMG_8136.MP4,inne/lokalne,fragment badawczy <25% utworu,https://www.tiktok.com
angry_064.mp4,IMG_8137.MP4,inne/lokalne,fragment badawczy <25% utworu,https://www.tiktok.com
angry_065.mp4,IMG_8139.MP4,inne/lokalne,fragment badawczy <25% utworu,https://www.tiktok.com
angry_066.mp4,IMG_8140.MP4,inne/lokalne,fragment badawczy <25% utworu,https://www.tiktok.com
angry_067.mp4,IMG_8141.MP4,inne/lokalne,fragment badawczy <25% utworu,https://www.tiktok.com
angry_068.mp4,IMG_8142.MP4,inne/lokalne,fragment badawczy <25% utworu,https://www.tiktok.com
angry_069.mp4,IMG_8143.MP4,inne/lokalne,fragment badawczy <25% utworu,https://www.tiktok.com
angry_070.mp4,IMG_8144.MP4,inne/lokalne,fragment badawczy <25% utworu,https://www.tiktok.com
angry_071.mp4,IMG_8187.MP4,inne/lokalne,fragment badawczy <25% utworu,https://www.tiktok.com
angry_072.mp4,IMG_8188.MP4,inne/lokalne,fragment badawczy <25% utworu,https://www.tiktok.com
angry_073.mp4,IMG_8189.MP4,inne/lokalne,fragment badawczy <25% utworu,https://www.tiktok.com
angry_074.mp4,IMG_8190.MP4,inne/lokalne,fragment badawczy <25% utworu,https://www.tiktok.com
angry_075.mp4,IMG_8191.MP4,inne/lokalne,fragment badawczy <25% utworu,https://www.tiktok.com
angry_076.mp4,IMG_8192.MP4,inne/lokalne,fragment badawczy <25% utworu,https://www.tiktok.com
angry_077.mp4,IMG_8193.MP4,inne/lokalne,fragment badawczy <25% utworu,https://www.tiktok.com
angry_078.mp4,IMG_8194.MP4,inne/lokalne,fragment badawczy <25% utworu,https://www.tiktok.com
angry_079.mp4,IMG_8195.MP4,inne/lokalne,fragment badawczy <25% utworu,https://www.tiktok.com
angry_080.mp4,IMG_8196.MP4,inne/lokalne,fragment badawczy <25% utworu,https://www.tiktok.com
angry_081.mp4,IMG_8197.MP4,inne/lokalne,fragment badawczy <25% utworu,https://www.tiktok.com
angry_082.mp4,IMG_8198.MP4,inne/lokalne,fragment badawczy <25% utworu,https://www.tiktok.com
angry_083.mp4,IMG_8199.MP4,inne/lokalne,fragment badawczy <25% utworu,https://www.tiktok.com
angry_084.mp4,IMG_8200.MP4,inne/lokalne,fragment badawczy <25% utworu,https://www.tiktok.com
angry_085.mp4,IMG_8202.MP4,inne/lokalne,fragment badawczy <25% utworu,https://www.tiktok.com
angry_086.mp4,IMG_8203.MP4,inne/lokalne,fragment badawczy <25% utworu,https://www.tiktok.com
angry_087.mp4,IMG_8204.MP4,inne/lokalne,fragment badawczy <25% utworu,https://www.tiktok.com
angry_088.mp4,IMG_8205.MP4,inne/lokalne,fragment badawczy <25% utworu,https://www.tiktok.com
angry_089.mp4,IMG_8206.MP4,inne/lokalne,fragment badawczy <25% utworu,https://www.tiktok.com
angry_090.mp4,IMG_8207.MP4,inne/lokalne,fragment badawczy <25% utworu,https://www.tiktok.com
angry_091.mp4,IMG_8208.MP4,inne/lokalne,fragment badawczy <25% utworu,https://www.tiktok.com
angry_092.mp4,IMG_8209.MP4,inne/lokalne,fragment badawczy <25% utworu,https://www.tiktok.com
angry_093.mp4,IMG_8210.MP4,inne/lokalne,fragment badawczy <25% utworu,https://www.tiktok.com
angry_094.mp4,IMG_8211.MP4,inne/lokalne,fragment badawczy <25% utworu,https://www.tiktok.com
angry_095.mp4,IMG_8212.MP4,inne/lokalne,fragment badawczy <25% utworu,https://www.tiktok.com
angry_096.mp4,IMG_8213.MP4,inne/lokalne,fragment badawczy <25% utworu,https://www.tiktok.com
angry_097.mp4,IMG_8214.MP4,inne/lokalne,fragment badawczy <25% utworu,https://www.tiktok.com
angry_098.mp4,IMG_8215.MP4,inne/lokalne,fragment badawczy <25% utworu,https://www.tiktok.com
angry_099.mp4,IMG_8216.MP4,inne/lokalne,fragment badawczy <25% utworu,https://www.tiktok.com
angry_100.mp4,IMG_8217.MP4,inne/lokalne,fragment badawczy <25% utworu,https://www.tiktok.com
angry_101.mp4,IMG_8218.MP4,inne/lokalne,fragment badawczy <25% utworu,https://www.tiktok.com
angry_102.mp4,IMG_8219.MP4,inne/lokalne,fragment badawczy <25% utworu,https://www.tiktok.com
angry_103.mp4,IMG_8220.MP4,inne/lokalne,fragment badawczy <25% utworu,https://www.tiktok.com
angry_104.mp4,IMG_8221.MP4,inne/lokalne,fragment badawczy <25% utworu,https://www.tiktok.com
angry_105.mp4,IMG_8229.MP4,inne/lokalne,fragment badawczy <25% utworu,https://www.tiktok.com
angry_106.mp4,IMG_8230.MP4,inne/lokalne,fragment badawczy <25% utworu,https://www.tiktok.com
angry_107.mp4,IMG_8231.MP4,inne/lokalne,fragment badawczy <25% utworu,https://www.tiktok.com
angry_108.mp4,IMG_8232.MP4,inne/lokalne,fragment badawczy <25% utworu,https://www.tiktok.com
angry_109.mp4,IMG_8233.MP4,inne/lokalne,fragment badawczy <25% utworu,https://www.tiktok.com
angry_110.mp4,IMG_8234.MP4,inne/lokalne,fragment badawczy <25% utworu,https://www.tiktok.com
angry_111.mp4,IMG_8235.MP4,inne/lokalne,fragment badawczy <25% utworu,https://www.tiktok.com
angry_112.mp4,IMG_8238.MP4,inne/lokalne,fragment badawczy <25% utworu,https://www.tiktok.com
angry_113.mp4,IMG_8239.MP4,inne/lokalne,fragment badawczy <25% utworu,https://www.tiktok.com
angry_114.mp4,IMG_8299.MP4,inne/lokalne,fragment badawczy <25% utworu,https://www.tiktok.com
angry_115.mp4,IMG_8300.MP4,inne/lokalne,fragment badawczy <25% utworu,https://www.tiktok.com
angry_116.mp4,IMG_8301.MP4,inne/lokalne,fragment badawczy <25% utworu,https://www.tiktok.com
angry_117.mp4,IMG_8302.MP4,inne/lokalne,fragment badawczy <25% utworu,https://www.tiktok.com
angry_118.mp4,IMG_8303.MP4,inne/lokalne,fragment badawczy <25% utworu,https://www.tiktok.com
angry_119.mp4,IMG_8308.MP4,inne/lokalne,fragment badawczy <25% utworu,https://www.tiktok.com
angry_120.mp4,IMG_8309.MP4,inne/lokalne,fragment badawczy <25% utworu,https://www.tiktok.com
angry_121.mp4,IMG_8310.MP4,inne/lokalne,fragment badawczy <25% utworu,https://www.tiktok.com
angry_122.mp4,IMG_8311.MP4,inne/lokalne,fragment badawczy <25% utworu,https://www.tiktok.com
angry_123.mp4,IMG_8312.MP4,inne/lokalne,fragment badawczy <25% utworu,https://www.tiktok.com
angry_124.mp4,IMG_8313.MP4,inne/lokalne,fragment badawczy <25% utworu,https://www.tiktok.com
angry_125.mp4,IMG_8314.MP4,inne/lokalne,fragment badawczy <25% utworu,https://www.tiktok.com
angry_126.mp4,IMG_8315.MP4,inne/lokalne,fragment badawczy <25% utworu,https://www.tiktok.com
angry_127.mp4,IMG_8316.MP4,inne/lokalne,fragment badawczy <25% utworu,https://www.tiktok.com
angry_128.mp4,IMG_8317.MP4,inne/lokalne,fragment badawczy <25% utworu,https://www.tiktok.com
angry_129.mp4,IMG_8318.MP4,inne/lokalne,fragment badawczy <25% utworu,https://www.tiktok.com
angry_130.mp4,IMG_8319.MP4,inne/lokalne,fragment badawczy <25% utworu,https://www.tiktok.com
angry_131.mp4,IMG_8320.MP4,inne/lokalne,fragment badawczy <25% utworu,https://www.tiktok.com
angry_132.mp4,IMG_8321.MP4,inne/lokalne,fragment badawczy <25% utworu,https://www.tiktok.com
angry_133.mp4,IMG_8322.MP4,inne/lokalne,fragment badawczy <25% utworu,https://www.tiktok.com
angry_134.mp4,IMG_8323.MP4,inne/lokalne,fragment badawczy <25% utworu,https://www.tiktok.com
angry_135.mov,Old dog bares his teeth.mov,inne/lokalne,fragment badawczy <25% utworu,https://www.tiktok.com
angry_136.mov,aggressive-dog-growling-and-baring-teeth-in-snow-2026-04-15-20-09-53-utc.mov,inne/lokalne,fragment badawczy <25% utworu,https://www.tiktok.com
angry_137.mov,aggressive-dog-growling-and-barking-in-snow-2026-01-08-15-37-16-utc.mov,inne/lokalne,fragment badawczy <25% utworu,https://www.tiktok.com
angry_138.mov,aggressive-dog-growls-outdoors-in-winter-snow-2026-09-16-16-40-34-utc.mov,inne/lokalne,fragment badawczy <25% utworu,https://www.tiktok.com
angry_139.mov,aggressive-dog-snarling-and-baring-teeth-in-winter-2026-09-16-17-37-44-utc.mov,inne/lokalne,fragment badawczy <25% utworu,https://www.tiktok.com
angry_140.mov,aggressive-small-dog-snarling-showing-teeth-2026-09-15-01-04-22-utc.mov,inne/lokalne,fragment badawczy <25% utworu,https://www.tiktok.com
angry_141.mp4,alert-boxer-dog-standing-in-grassy-yard-2025-12-17-12-20-44-utc.mp4,inne/lokalne,fragment badawczy <25% utworu,https://www.tiktok.com
angry_142.mov,angry-dog-growling-and-baring-its-teeth-2026-09-16-17-33-44-utc.mov,inne/lokalne,fragment badawczy <25% utworu,https://www.tiktok.com
angry_143.mov,angry-fluffy-dog-lying-on-couch-2025-12-17-11-02-46-utc.mov,inne/lokalne,fragment badawczy <25% utworu,https://www.tiktok.com
angry_144.mp4,barking-doberman-pinscher-with-leash-aggressively-2025-12-18-01-48-13-utc.mp4,inne/lokalne,fragment badawczy <25% utworu,https://www.tiktok.com
angry_145.mov,barking-dog-in-rural-setting-2026-09-16-05-56-53-utc.mov,inne/lokalne,fragment badawczy <25% utworu,https://www.tiktok.com
angry_146.mov,black-and-tan-dog-barks-in-close-up-2025-12-17-12-55-11-utc.mov,inne/lokalne,fragment badawczy <25% utworu,https://www.tiktok.com
angry_147.mp4,black-and-white-dog-lying-on-a-couch-2026-01-22-13-05-19-utc.mp4,inne/lokalne,fragment badawczy <25% utworu,https://www.tiktok.com
angry_148.mp4,c6a08ace098eb25af45cec6e2bb4e632,TikTok,fragment badawczy <25% utworu,https://www.tiktok.com
angry_149.mp4,cLDrSXhhPO8_000064.mp4,YouTube,fragment badawczy <25% utworu,https://www.youtube.com/watch?v=cLDrSXhhPO8
angry_150.mp4,cLDrSXhhPO8_000528.mp4,YouTube,fragment badawczy <25% utworu,https://www.youtube.com/watch?v=cLDrSXhhPO8
angry_151.mp4,cLDrSXhhPO8_000535,YouTube,fragment badawczy <25% utworu,https://www.youtube.com/watch?v=cLDrSXhhPO8
angry_152.mp4,cLDrSXhhPO8_001053,YouTube,fragment badawczy <25% utworu,https://www.youtube.com/watch?v=cLDrSXhhPO8
angry_153.mp4,cLDrSXhhPO8_002053.mp4,YouTube,fragment badawczy <25% utworu,https://www.youtube.com/watch?v=cLDrSXhhPO8
angry_154.mp4,cbdf1ca81d78018280d7d3f28b88ec84,TikTok,fragment badawczy <25% utworu,https://www.tiktok.com
angry_155.mp4,cf87ba31035d72922f61da7b3a6208d0,TikTok,fragment badawczy <25% utworu,https://www.tiktok.com
angry_156.mov,close-up-of-a-black-and-brown-dog-howling-2026-09-16-03-49-23-utc.mov,inne/lokalne,fragment badawczy <25% utworu,https://www.tiktok.com
angry_157.mov,close-up-of-black-and-white-dog-s-face-2025-12-17-15-32-21-utc.mov,inne/lokalne,fragment badawczy <25% utworu,https://www.tiktok.com
angry_158.mov,close-up-of-dog-barking-aggressively-outdoors-2025-12-17-22-48-27-utc.mov,inne/lokalne,fragment badawczy <25% utworu,https://www.tiktok.com
angry_159.mp4,close-up-of-dog-howling-outside-brick-wall-2026-02-03-16-29-23-utc.mp4,inne/lokalne,fragment badawczy <25% utworu,https://www.tiktok.com
angry_160.mov,close-up-of-golden-retriever-barking-2025-12-17-14-28-12-utc.mov,inne/lokalne,fragment badawczy <25% utworu,https://www.tiktok.com
angry_161.mov,close-up-of-white-dog-baring-teeth-2025-12-17-10-53-06-utc.mov,inne/lokalne,fragment badawczy <25% utworu,https://www.tiktok.com
angry_162.mp4,db70a377c23cc354cc5e70ee392a56ae,TikTok,fragment badawczy <25% utworu,https://www.tiktok.com
angry_163.mov,dog-bares-teeth-in-winter-2025-12-17-19-29-55-utc.mov,inne/lokalne,fragment badawczy <25% utworu,https://www.tiktok.com
angry_164.mov,dog-barking-behind-chain-link-fence-2025-12-18-00-01-26-utc.mov,inne/lokalne,fragment badawczy <25% utworu,https://www.tiktok.com
angry_165.mov,dog-barking-behind-wire-fence-in-rural-setting-2026-09-16-17-40-46-utc.mov,inne/lokalne,fragment badawczy <25% utworu,https://www.tiktok.com
angry_166.mov,dog-barking-close-up-on-white-background-2025-12-17-12-06-21-utc.mov,inne/lokalne,fragment badawczy <25% utworu,https://www.tiktok.com
angry_167.mov,dog-barking-outdoors-in-a-wooded-area-2026-09-16-08-44-08-utc.mov,inne/lokalne,fragment badawczy <25% utworu,https://www.tiktok.com
angry_168.mov,dog-barking-outdoors-in-rural-environment-2025-12-17-10-50-01-utc.mov,inne/lokalne,fragment badawczy <25% utworu,https://www.tiktok.com
angry_169.mov,dog-barks-and-runs-on-grassy-hillside-2026-09-16-09-15-43-utc.mov,inne/lokalne,fragment badawczy <25% utworu,https://www.tiktok.com
angry_170.mov,dog-barks-from-behind-suburban-fence-2026-09-16-15-05-16-utc.mov,inne/lokalne,fragment badawczy <25% utworu,https://www.tiktok.com
angry_171.mov,dog-barks-in-close-up-shot-2025-12-17-14-16-48-utc.mov,inne/lokalne,fragment badawczy <25% utworu,https://www.tiktok.com
angry_172.mp4,dog-barks-on-rug-wearing-pet-clothing-2025-12-17-17-23-55-utc.mp4,inne/lokalne,fragment badawczy <25% utworu,https://www.tiktok.com
angry_173.mp4,dog-close-up-barks-in-the-forest-2026-01-22-02-38-37-utc.mp4,inne/lokalne,fragment badawczy <25% utworu,https://www.tiktok.com
angry_174.mov,dog-eating-and-snarling-in-a-rural-setting-2025-12-17-11-26-54-utc.mov,inne/lokalne,fragment badawczy <25% utworu,https://www.tiktok.com
angry_175.mp4,dog-growling-on-leash-outdoors-during-the-day-2026-09-16-13-24-11-utc.mp4,inne/lokalne,fragment badawczy <25% utworu,https://www.tiktok.com
angry_176.mp4,dog-growls-aggressively-outdoors-in-daytime-2026-09-16-17-51-23-utc.mp4,inne/lokalne,fragment badawczy <25% utworu,https://www.tiktok.com
angry_177.mov,dog-lying-on-grass-panting-and-barking-2025-12-17-23-04-00-utc.mov,inne/lokalne,fragment badawczy <25% utworu,https://www.tiktok.com
angry_178.mov,dog-sits-on-director-s-chair-with-megaphone-2025-12-17-12-43-28-utc.mov,inne/lokalne,fragment badawczy <25% utworu,https://www.tiktok.com
angry_179.mov,dog-sitting-in-open-car-trunk-barking-2025-12-17-23-31-21-utc.mov,inne/lokalne,fragment badawczy <25% utworu,https://www.tiktok.com
angry_180.mp4,dog-sitting-on-a-couch-howling-2026-09-16-02-39-24-utc.mp4,inne/lokalne,fragment badawczy <25% utworu,https://www.tiktok.com
angry_181.mov,dog-stands-in-yard-and-howls-2026-09-16-12-25-20-utc.mov,inne/lokalne,fragment badawczy <25% utworu,https://www.tiktok.com
angry_182.mp4,dog_31572934,Pexels,Pexels License,https://www.pexels.com/video/31572934/
angry_183.mp4,dog_34606039,Pexels,Pexels License,https://www.pexels.com/video/34606039/
angry_184.mp4,dog_34850881,Pexels,Pexels License,https://www.pexels.com/video/34850881/
angry_185.mp4,dog_35290091,Pexels,Pexels License,https://www.pexels.com/video/35290091/
angry_186.mp4,dog_37689691,Pexels,Pexels License,https://www.pexels.com/video/37689691/
angry_187.mp4,dog_4070325,Pexels,Pexels License,https://www.pexels.com/video/4070325/
angry_188.mp4,dog_5496003,Pexels,Pexels License,https://www.pexels.com/video/5496003/
angry_189.mp4,dog_5496004,Pexels,Pexels License,https://www.pexels.com/video/5496004/
angry_190.mp4,dog_7684012,Pexels,Pexels License,https://www.pexels.com/video/7684012/
angry_191.mp4,dog_9421543,Pexels,Pexels License,https://www.pexels.com/video/9421543/
angry_192.mp4,dogexpressions_7626775846874860830,TikTok,fragment badawczy <25% utworu,https://www.tiktok.com/video/7626775846874860830
angry_193.mp4,doglife_7612523317215448350,TikTok,fragment badawczy <25% utworu,https://www.tiktok.com/video/7612523317215448350
angry_194.mp4,dogmood_7658441915523747085,TikTok,fragment badawczy <25% utworu,https://www.tiktok.com/video/7658441915523747085
angry_195.mp4,e11290ee485a88ea8e8e871b03abed0f,TikTok,fragment badawczy <25% utworu,https://www.tiktok.com
angry_196.mov,energetic-dog-runs-through-snowy-winter-forest-2025-12-17-18-00-53-utc.mov,inne/lokalne,fragment badawczy <25% utworu,https://www.tiktok.com
angry_197.mp4,excited-dog-panting-in-autumn-leaves-2026-01-21-05-35-42-utc.mp4,inne/lokalne,fragment badawczy <25% utworu,https://www.tiktok.com
angry_198.mov,excited-dog-running-in-the-snow-2025-12-17-14-00-11-utc.mov,inne/lokalne,fragment badawczy <25% utworu,https://www.tiktok.com
angry_199.mp4,f13a6c9b62b40309da15dfd933bd908d,TikTok,fragment badawczy <25% utworu,https://www.tiktok.com
angry_200.mov,fluffy-white-dog-relaxing-on-cream-couch-2025-12-17-11-26-39-utc.mov,inne/lokalne,fragment badawczy <25% utworu,https://www.tiktok.com
angry_201.mov,german-shepherd-dog-baring-teeth-on-leash-2025-12-17-21-40-14-utc.mov,inne/lokalne,fragment badawczy <25% utworu,https://www.tiktok.com
angry_202.mov,german-shepherd-dog-barking-on-green-lawn-2026-09-16-13-39-28-utc.mov,inne/lokalne,fragment badawczy <25% utworu,https://www.tiktok.com
angry_203.mov,golden-labrador-dog-standing-on-green-lawn-2025-12-17-14-06-16-utc.mov,inne/lokalne,fragment badawczy <25% utworu,https://www.tiktok.com
angry_204.mov,golden-labrador-retriever-barks-outside-2025-12-17-14-06-16-utc.mov,inne/lokalne,fragment badawczy <25% utworu,https://www.tiktok.com
angry_205.mp4,gray-dog-howling-in-studio-close-up-2025-12-17-11-50-11-utc.mp4,inne/lokalne,fragment badawczy <25% utworu,https://www.tiktok.com
angry_206.mp4,guard-dog-barking-with-another-dog-watching-2026-09-16-09-11-19-utc.mp4,inne/lokalne,fragment badawczy <25% utworu,https://www.tiktok.com
angry_207.mp4,iawKNAvM0VM_000360,YouTube,fragment badawczy <25% utworu,https://www.youtube.com/watch?v=iawKNAvM0VM
angry_208.mov,jack-russell-terrier-barking-in-the-park-2026-09-16-09-53-43-utc.mov,inne/lokalne,fragment badawczy <25% utworu,https://www.tiktok.com
angry_209.mov,jack-russell-terrier-barking-on-leash-in-fall-park-2026-09-16-05-57-17-utc.mov,inne/lokalne,fragment badawczy <25% utworu,https://www.tiktok.com
angry_210.mp4,jeuzkkFI_bs_000104,YouTube,fragment badawczy <25% utworu,https://www.youtube.com/watch?v=jeuzkkFI_bs
angry_211.mp4,large-dog-on-leash-in-a-grassy-field-2026-09-16-03-50-19-utc.mp4,inne/lokalne,fragment badawczy <25% utworu,https://www.tiktok.com
angry_212.mp4,magnific-2866278,Pixabay,Pixabay Content License,https://pixabay.com/videos/id-2866278/
angry_213.mp4,mixkit-101224__girl-loving-her-dog,Mixkit,Mixkit Free License,https://mixkit.co/free-stock-video/
angry_214.mp4,mixkit-14702__dog-playing-with-wooden-stick,Mixkit,Mixkit Free License,https://mixkit.co/free-stock-video/
angry_215.mp4,mixkit-1657__person-carrying-a-little-dog,Mixkit,Mixkit Free License,https://mixkit.co/free-stock-video/
angry_216.mp4,mixkit-32330__dog-barking-behind-a-wire-fence,Mixkit,Mixkit Free License,https://mixkit.co/free-stock-video/
angry_217.mp4,mixkit-45827__dog-playing-with-a-stick-with-his-owner-in-the,Mixkit,Mixkit Free License,https://mixkit.co/free-stock-video/
angry_218.mp4,mixkit-48727__small-dog-barking-and-wagging-its-tail-in-excitement,Mixkit,Mixkit Free License,https://mixkit.co/free-stock-video/
angry_219.mp4,mixkit-48947__angry-german-shepherd-barking-aggressively,Mixkit,Mixkit Free License,https://mixkit.co/free-stock-video/
angry_220.mp4,mixkit-48948__angry-dog-barking-aggressively-next-to-a-break-wall,Mixkit,Mixkit Free License,https://mixkit.co/free-stock-video/
angry_221.mp4,o8zoo0FJkUY_84600_0013.mp4,YouTube,fragment badawczy <25% utworu,https://www.youtube.com/watch?v=o8zoo0FJkUY
angry_222.mp4,pixabay_109611,Pixabay,Pixabay Content License,https://pixabay.com/videos/id-109611/
angry_223.mov,reddish-brown-dog-close-up-staring-off-to-side-2026-03-12-19-43-54-utc.mov,inne/lokalne,fragment badawczy <25% utworu,https://www.tiktok.com
angry_224.mp4,segment_long_16404081_12,Pexels,Pexels License,https://www.pexels.com/video/16404081/
angry_225.mp4,segment_long_9507458_168,Pexels,Pexels License,https://www.pexels.com/video/9507458/
angry_226.mov,small-white-dog-growling-in-studio-setting-2026-09-16-01-20-16-utc.mov,inne/lokalne,fragment badawczy <25% utworu,https://www.tiktok.com
angry_227.mov,small-white-dog-sitting-on-chair-showing-teeth-2026-09-16-10-07-05-utc.mov,inne/lokalne,fragment badawczy <25% utworu,https://www.tiktok.com
angry_228.mov,two-alert-dogs-barking-outdoors-in-daytime-2025-12-18-01-58-58-utc.mov,inne/lokalne,fragment badawczy <25% utworu,https://www.tiktok.com
angry_229.mov,two-dogs-barking-and-standing-in-nature-2025-12-17-13-02-12-utc.mov,inne/lokalne,fragment badawczy <25% utworu,https://www.tiktok.com
angry_230.mov,wet-light-brown-dog-barks-in-grassy-field-2025-12-17-14-06-17-utc.mov,inne/lokalne,fragment badawczy <25% utworu,https://www.tiktok.com
angry_231.mov,white-and-brown-stray-dog-barking-on-the-streets-o-2025-12-17-14-19-25-utc.mov,inne/lokalne,fragment badawczy <25% utworu,https://www.tiktok.com
angry_232.mov,white-and-brown-stray-dog-barking-on-the-streets-o-2025-12-17-14-47-20-utc.mov,inne/lokalne,fragment badawczy <25% utworu,https://www.tiktok.com
angry_233.mov,woman-holds-dog-s-paw-on-gray-couch-2025-12-17-20-22-03-utc.mov,inne/lokalne,fragment badawczy <25% utworu,https://www.tiktok.com
angry_234.mp4,youtube_angry dog growling_Ff2VrM7C3Xs,YouTube,fragment badawczy <25% utworu,https://www.youtube.com/watch?v=Ff2VrM7C3Xs
angry_235.mp4,youtube_angry dog growling_G-g2cmDBiIU,YouTube,fragment badawczy <25% utworu,https://www.youtube.com/watch?v=G-g2cmDBiIU
angry_236.mp4,youtube_angry dog growling_H9i80YtrfgI,YouTube,fragment badawczy <25% utworu,https://www.youtube.com/watch?v=H9i80YtrfgI
angry_237.mp4,youtube_angry dog growling_IXZF1Gb0Qw8,YouTube,fragment badawczy <25% utworu,https://www.youtube.com/watch?v=IXZF1Gb0Qw8
angry_238.mp4,youtube_angry dog growling_RFLmxKd2xoQ,YouTube,fragment badawczy <25% utworu,https://www.youtube.com/watch?v=RFLmxKd2xoQ
angry_239.mp4,youtube_angry dog growling_ewZVPFpNPCU,YouTube,fragment badawczy <25% utworu,https://www.youtube.com/watch?v=ewZVPFpNPCU
angry_240.mp4,youtube_angry dog growling_zkqRL5YoFZE,YouTube,fragment badawczy <25% utworu,https://www.youtube.com/watch?v=zkqRL5YoFZE
angry_241.mp4,youtube_cute dog face closeup_ZKGD8VBMl50,YouTube,fragment badawczy <25% utworu,https://www.youtube.com/watch?v=ZKGD8VBMl50
angry_242.mp4,youtube_happy dog smiling_3uszZBMuxlE,YouTube,fragment badawczy <25% utworu,https://www.youtube.com/watch?v=3uszZBMuxlE
angry_243.mp4,youtube_happy dog smiling_g2F2vLKZqfM,YouTube,fragment badawczy <25% utworu,https://www.youtube.com/watch?v=g2F2vLKZqfM
fearful_001.mp4,.trashed-1792267605-1fa0111d21a3c1559af5f4e27c750fa0_1_1.mp4,inne/lokalne,fragment badawczy <25% utworu,https://www.tiktok.com
fearful_002.mp4,.trashed-1792267620-09e22ac2101a647095f286a3d2a4811d_1_1.mp4,inne/lokalne,fragment badawczy <25% utworu,https://www.tiktok.com
fearful_003.mp4,.trashed-1792267656-7d1ce6504456322aa6a1a041237c45f8_1_1.mp4,inne/lokalne,fragment badawczy <25% utworu,https://www.tiktok.com
fearful_004.mp4,.trashed-1792268361-b09459c7cc473bddd617ec878e35e0c1.mp4,inne/lokalne,fragment badawczy <25% utworu,https://www.tiktok.com
fearful_005.mp4,.trashed-1792268557-2490703a15a1c397b203ecdd4df9da31.mp4,inne/lokalne,fragment badawczy <25% utworu,https://www.tiktok.com
fearful_006.mp4,.trashed-1792268689-f61593297fb22f7751b31eb5136f62b6.mp4,inne/lokalne,fragment badawczy <25% utworu,https://www.tiktok.com
fearful_007.mp4,.trashed-1792268967-783b949a0ede7f7cd59f08ae98eaaaf0.mp4,inne/lokalne,fragment badawczy <25% utworu,https://www.tiktok.com
fearful_008.mp4,.trashed-1792269115-1ec5b20ba168cc101752f1b3af156c11.mp4,inne/lokalne,fragment badawczy <25% utworu,https://www.tiktok.com
fearful_009.mp4,.trashed-1792269171-857ac5b642ca42a6739dcb3df6b005d5.mp4,inne/lokalne,fragment badawczy <25% utworu,https://www.tiktok.com
fearful_010.mp4,0275a3a616805eebc617d33e05de50b6.mp4,TikTok,fragment badawczy <25% utworu,https://www.tiktok.com
fearful_011.mp4,0391ad757cd6716aa420052e0821721d.mp4,TikTok,fragment badawczy <25% utworu,https://www.tiktok.com
fearful_012.mp4,09e22ac2101a647095f286a3d2a4811d.mp4,TikTok,fragment badawczy <25% utworu,https://www.tiktok.com
fearful_013.mp4,10936490-hd_1080_1920_30fps.mp4,inne/lokalne,fragment badawczy <25% utworu,https://www.tiktok.com
fearful_014.mp4,12488565_1080_1920_30fps.mp4,Pexels,Pexels License,https://www.pexels.com/video/12488565/
fearful_015.mp4,13F3FFpKs5s_000021,YouTube,fragment badawczy <25% utworu,https://www.youtube.com/watch?v=13F3FFpKs5s
fearful_016.mp4,14994764_2160_3840_24fps.mp4,Pexels,Pexels License,https://www.pexels.com/video/14994764/
fearful_017.mp4,15471274-uhd_2160_3840_60fps.mp4,inne/lokalne,fragment badawczy <25% utworu,https://www.tiktok.com
fearful_018.mp4,1fa0111d21a3c1559af5f4e27c750fa0.mp4,TikTok,fragment badawczy <25% utworu,https://www.tiktok.com
fearful_019.mp4,288b92d215dfc03182eca1af3267dc84,TikTok,fragment badawczy <25% utworu,https://www.tiktok.com
fearful_020.mp4,3665853229-preview.mp4,inne/lokalne,fragment badawczy <25% utworu,https://www.tiktok.com
fearful_021.mp4,4027286419-preview.mp4,inne/lokalne,fragment badawczy <25% utworu,https://www.tiktok.com
fearful_022.mp4,4210977-hd_1280_720_25fps.mp4,inne/lokalne,fragment badawczy <25% utworu,https://www.tiktok.com
fearful_023.mp4,4cb1b107e769ef5bea220d5a95ec289b.mp4,TikTok,fragment badawczy <25% utworu,https://www.tiktok.com
fearful_024.mp4,4f5a272a90baebcd639802dc908a3d9a.mp4,TikTok,fragment badawczy <25% utworu,https://www.tiktok.com
fearful_025.mp4,4f5a272a90baebcd639802dc908a3d9a_1_1.mp4,inne/lokalne,fragment badawczy <25% utworu,https://www.tiktok.com
fearful_026.mp4,5F6ULZBf0g8_000720,YouTube,fragment badawczy <25% utworu,https://www.youtube.com/watch?v=5F6ULZBf0g8
fearful_027.mp4,5fb350085b5b1abd50942258af61cc89.mp4,TikTok,fragment badawczy <25% utworu,https://www.tiktok.com
fearful_028.mp4,62192775c2b49e4ab29008863306334c.mp4,TikTok,fragment badawczy <25% utworu,https://www.tiktok.com
fearful_029.mp4,6314345-hd_1920_1080_24fps.mp4,inne/lokalne,fragment badawczy <25% utworu,https://www.tiktok.com
fearful_030.mp4,6e8129da66db084ec2c52a1260150087.mp4,TikTok,fragment badawczy <25% utworu,https://www.tiktok.com
fearful_031.mp4,702e56b36b4c30dfa048a7d65afb2775,TikTok,fragment badawczy <25% utworu,https://www.tiktok.com
fearful_032.mp4,7682705-uhd_3840_2160_25fps.mp4,inne/lokalne,fragment badawczy <25% utworu,https://www.tiktok.com
fearful_033.mp4,796445f1adc1913d1e9c4843c1a96bda.mp4,TikTok,fragment badawczy <25% utworu,https://www.tiktok.com
fearful_034.mp4,7a1da912409a791228d2d55e3d2a42bb.mp4,TikTok,fragment badawczy <25% utworu,https://www.tiktok.com
fearful_035.mp4,7b64d5bdf356aa4dad0fa51a18b45cc5.mp4,TikTok,fragment badawczy <25% utworu,https://www.tiktok.com
fearful_036.mp4,7ca8b2458e2b9c9e4ff6525d7f564eff,TikTok,fragment badawczy <25% utworu,https://www.tiktok.com
fearful_037.mp4,906dfa2b396057b5834a81e322e3dd1b,TikTok,fragment badawczy <25% utworu,https://www.tiktok.com
fearful_038.mp4,9421549-hd_1920_1080_25fps.mp4,inne/lokalne,fragment badawczy <25% utworu,https://www.tiktok.com
fearful_039.mp4,K6w9kd1kPfU_000339,YouTube,fragment badawczy <25% utworu,https://www.youtube.com/watch?v=K6w9kd1kPfU
fearful_040.mp4,Mste1BpEu2c_000405,YouTube,fragment badawczy <25% utworu,https://www.youtube.com/watch?v=Mste1BpEu2c
fearful_041.mp4,VID_20260917220907.mp4,inne/lokalne,fragment badawczy <25% utworu,https://www.tiktok.com
fearful_042.mp4,VID_20260917221002.mp4,inne/lokalne,fragment badawczy <25% utworu,https://www.tiktok.com
fearful_043.mp4,VID_20260917221046.mp4,inne/lokalne,fragment badawczy <25% utworu,https://www.tiktok.com
fearful_044.mp4,VID_20260917221120.mp4,inne/lokalne,fragment badawczy <25% utworu,https://www.tiktok.com
fearful_045.mp4,VID_20260917221155.mp4,inne/lokalne,fragment badawczy <25% utworu,https://www.tiktok.com
fearful_046.mp4,VID_20260917221233.mp4,inne/lokalne,fragment badawczy <25% utworu,https://www.tiktok.com
fearful_047.mp4,VID_20260917221326.mp4,inne/lokalne,fragment badawczy <25% utworu,https://www.tiktok.com
fearful_048.mp4,VID_20260917221413.mp4,inne/lokalne,fragment badawczy <25% utworu,https://www.tiktok.com
fearful_049.mp4,VID_20260917221450.mp4,inne/lokalne,fragment badawczy <25% utworu,https://www.tiktok.com
fearful_050.mp4,VID_20260917221527.mp4,inne/lokalne,fragment badawczy <25% utworu,https://www.tiktok.com
fearful_051.mp4,VID_20260917221628.mp4,inne/lokalne,fragment badawczy <25% utworu,https://www.tiktok.com
fearful_052.mp4,VID_20260917221703.mp4,inne/lokalne,fragment badawczy <25% utworu,https://www.tiktok.com
fearful_053.mp4,VID_20260917221734.mp4,inne/lokalne,fragment badawczy <25% utworu,https://www.tiktok.com
fearful_054.mp4,VID_20260917221824.mp4,inne/lokalne,fragment badawczy <25% utworu,https://www.tiktok.com
fearful_055.mp4,VID_20260917221908.mp4,inne/lokalne,fragment badawczy <25% utworu,https://www.tiktok.com
fearful_056.mp4,VID_20260917222002.mp4,inne/lokalne,fragment badawczy <25% utworu,https://www.tiktok.com
fearful_057.mp4,VID_20260917222031.mp4,inne/lokalne,fragment badawczy <25% utworu,https://www.tiktok.com
fearful_058.mp4,VID_20260917222059.mp4,inne/lokalne,fragment badawczy <25% utworu,https://www.tiktok.com
fearful_059.mp4,VID_20260917222151.mp4,inne/lokalne,fragment badawczy <25% utworu,https://www.tiktok.com
fearful_060.mp4,VID_20260917222506.mp4,inne/lokalne,fragment badawczy <25% utworu,https://www.tiktok.com
fearful_061.mp4,VID_20260917222639.mp4,inne/lokalne,fragment badawczy <25% utworu,https://www.tiktok.com
fearful_062.mp4,VID_20260917222720.mp4,inne/lokalne,fragment badawczy <25% utworu,https://www.tiktok.com
fearful_063.mp4,VID_20260917222816.mp4,inne/lokalne,fragment badawczy <25% utworu,https://www.tiktok.com
fearful_064.mp4,VID_20260917222905.mp4,inne/lokalne,fragment badawczy <25% utworu,https://www.tiktok.com
fearful_065.mp4,VID_20260917223026.mp4,inne/lokalne,fragment badawczy <25% utworu,https://www.tiktok.com
fearful_066.mp4,VID_20260917223116.mp4,inne/lokalne,fragment badawczy <25% utworu,https://www.tiktok.com
fearful_067.mp4,VID_20260917223235.mp4,inne/lokalne,fragment badawczy <25% utworu,https://www.tiktok.com
fearful_068.mp4,VID_20260917_220429_116.mp4,inne/lokalne,fragment badawczy <25% utworu,https://www.tiktok.com
fearful_069.mp4,VID_20260917_220445_368.mp4,inne/lokalne,fragment badawczy <25% utworu,https://www.tiktok.com
fearful_070.mp4,VID_20260917_220446_789.mp4,inne/lokalne,fragment badawczy <25% utworu,https://www.tiktok.com
fearful_071.mp4,VID_20260917_220449_076.mp4,inne/lokalne,fragment badawczy <25% utworu,https://www.tiktok.com
fearful_072.mp4,VID_20260917_220502_373.mp4,inne/lokalne,fragment badawczy <25% utworu,https://www.tiktok.com
fearful_073.mp4,VID_20260917_220505_968.mp4,inne/lokalne,fragment badawczy <25% utworu,https://www.tiktok.com
fearful_074.mp4,VID_20260917_220506_643.mp4,inne/lokalne,fragment badawczy <25% utworu,https://www.tiktok.com
fearful_075.mp4,VID_20260917_220511_601.mp4,inne/lokalne,fragment badawczy <25% utworu,https://www.tiktok.com
fearful_076.mp4,VID_20260917_220513_431.mp4,inne/lokalne,fragment badawczy <25% utworu,https://www.tiktok.com
fearful_077.mp4,VID_20260917_220518_009.mp4,inne/lokalne,fragment badawczy <25% utworu,https://www.tiktok.com
fearful_078.mp4,VID_20260917_220519_933.mp4,inne/lokalne,fragment badawczy <25% utworu,https://www.tiktok.com
fearful_079.mp4,VID_20260917_220523_914.mp4,inne/lokalne,fragment badawczy <25% utworu,https://www.tiktok.com
fearful_080.mp4,VID_20260917_220527_969.mp4,inne/lokalne,fragment badawczy <25% utworu,https://www.tiktok.com
fearful_081.mp4,VID_20260917_220530_876.mp4,inne/lokalne,fragment badawczy <25% utworu,https://www.tiktok.com
fearful_082.mp4,VID_20260917_220536_595.mp4,inne/lokalne,fragment badawczy <25% utworu,https://www.tiktok.com
fearful_083.mp4,VID_20260917_220545_344.mp4,inne/lokalne,fragment badawczy <25% utworu,https://www.tiktok.com
fearful_084.mp4,VID_20260917_220547_091.mp4,inne/lokalne,fragment badawczy <25% utworu,https://www.tiktok.com
fearful_085.mp4,VID_20260919_222839_361.mp4,inne/lokalne,fragment badawczy <25% utworu,https://www.tiktok.com
fearful_086.mp4,VID_20260919_222841_941.mp4,inne/lokalne,fragment badawczy <25% utworu,https://www.tiktok.com
fearful_087.mp4,VID_20260919_222842_896.mp4,inne/lokalne,fragment badawczy <25% utworu,https://www.tiktok.com
fearful_088.mp4,VID_20260919_222845_055.mp4,inne/lokalne,fragment badawczy <25% utworu,https://www.tiktok.com
fearful_089.mp4,VID_20260919_222851_439.mp4,inne/lokalne,fragment badawczy <25% utworu,https://www.tiktok.com
fearful_090.mp4,VID_20260919_222853_626.mp4,inne/lokalne,fragment badawczy <25% utworu,https://www.tiktok.com
fearful_091.mp4,VID_20260919_222856_581.mp4,inne/lokalne,fragment badawczy <25% utworu,https://www.tiktok.com
fearful_092.mp4,VID_20260919_222936_268.mp4,inne/lokalne,fragment badawczy <25% utworu,https://www.tiktok.com
fearful_093.mp4,VID_20260919_222936_324.mp4,inne/lokalne,fragment badawczy <25% utworu,https://www.tiktok.com
fearful_094.mp4,VID_20260919_223147_249.mp4,inne/lokalne,fragment badawczy <25% utworu,https://www.tiktok.com
fearful_095.mp4,VID_20260919_223147_387.mp4,inne/lokalne,fragment badawczy <25% utworu,https://www.tiktok.com
fearful_096.mp4,VID_20260919_223147_425.mp4,inne/lokalne,fragment badawczy <25% utworu,https://www.tiktok.com
fearful_097.mp4,VID_20260919_223147_482.mp4,inne/lokalne,fragment badawczy <25% utworu,https://www.tiktok.com
fearful_098.mp4,VID_20260919_223147_870.mp4,inne/lokalne,fragment badawczy <25% utworu,https://www.tiktok.com
fearful_099.mp4,VID_20260919_223147_949.mp4,inne/lokalne,fragment badawczy <25% utworu,https://www.tiktok.com
fearful_100.mp4,VID_20260919_223213_135.mp4,inne/lokalne,fragment badawczy <25% utworu,https://www.tiktok.com
fearful_101.mp4,adorable-black-and-tan-dachshund-hiding-under-blue-2026-08-07-20-55-49-utc.mp4,inne/lokalne,fragment badawczy <25% utworu,https://www.tiktok.com
fearful_102.mov,adorable-dog-close-up-in-green-outdoor-setting-2026-09-17-09-33-41-utc.mov,inne/lokalne,fragment badawczy <25% utworu,https://www.tiktok.com
fearful_103.mp4,adorable-golden-labrador-dog-close-up-portrait-2026-09-17-17-48-14-utc.mp4,inne/lokalne,fragment badawczy <25% utworu,https://www.tiktok.com
fearful_104.mov,adorable-puppy-surrounded-by-stuffed-animals-2026-09-17-04-23-00-utc.mov,inne/lokalne,fragment badawczy <25% utworu,https://www.tiktok.com
fearful_105.mov,adorable-puppy-with-blue-eyes-looking-upward-2026-09-17-11-51-45-utc.mov,inne/lokalne,fragment badawczy <25% utworu,https://www.tiktok.com
fearful_106.mov,alert-beagle-standing-on-green-grass-lawn-2026-09-16-10-51-53-utc.mov,inne/lokalne,fragment badawczy <25% utworu,https://www.tiktok.com
fearful_107.mov,alert-dog-stands-indoors-in-open-doorway-2026-09-16-10-22-40-utc.mov,inne/lokalne,fragment badawczy <25% utworu,https://www.tiktok.com
fearful_108.mp4,alert-dog-stares-intently-in-a-nature-setting-2026-09-17-20-59-25-utc.mp4,inne/lokalne,fragment badawczy <25% utworu,https://www.tiktok.com
fearful_109.mp4,alert-white-and-brown-dog-standing-on-a-porch-ledg-2026-09-18-07-49-52-utc.mp4,inne/lokalne,fragment badawczy <25% utworu,https://www.tiktok.com
fearful_110.mp4,anxiousdog_7649975667571936542,TikTok,fragment badawczy <25% utworu,https://www.tiktok.com/video/7649975667571936542
fearful_111.mp4,anxiousdog_7654249005198609695,TikTok,fragment badawczy <25% utworu,https://www.tiktok.com/video/7654249005198609695
fearful_112.mov,attentive-dog-standing-alert-on-a-green-lawn-2026-09-15-00-43-36-utc.mov,inne/lokalne,fragment badawczy <25% utworu,https://www.tiktok.com
fearful_113.mp4,attentive-dog-standing-in-a-green-yard-2026-09-15-10-32-32-utc.mp4,inne/lokalne,fragment badawczy <25% utworu,https://www.tiktok.com
fearful_114.mp4,b38f1892656d26601e6220874f3c8bfd.mp4,TikTok,fragment badawczy <25% utworu,https://www.tiktok.com
fearful_115.mov,brindle-dog-relaxing-on-a-sofa-indoors-2026-09-17-11-28-25-utc.mov,inne/lokalne,fragment badawczy <25% utworu,https://www.tiktok.com
fearful_116.mp4,brown-dog-looking-around-in-close-up-footage-2026-09-17-04-14-01-utc.mp4,inne/lokalne,fragment badawczy <25% utworu,https://www.tiktok.com
fearful_117.mp4,brown-dog-looks-up-with-curious-expression-2026-09-17-13-34-03-utc.mp4,inne/lokalne,fragment badawczy <25% utworu,https://www.tiktok.com
fearful_118.mp4,bx2zEe3YAWg.mp4,YouTube,fragment badawczy <25% utworu,https://www.youtube.com/watch?v=bx2zEe3YAWg
fearful_119.mp4,cLDrSXhhPO8_000691,YouTube,fragment badawczy <25% utworu,https://www.youtube.com/watch?v=cLDrSXhhPO8
fearful_120.mp4,cLDrSXhhPO8_002544,YouTube,fragment badawczy <25% utworu,https://www.youtube.com/watch?v=cLDrSXhhPO8
fearful_121.mp4,cLDrSXhhPO8_003214,YouTube,fragment badawczy <25% utworu,https://www.youtube.com/watch?v=cLDrSXhhPO8
fearful_122.mp4,cba05af21f45a5f3e75a274def30066b.mp4,TikTok,fragment badawczy <25% utworu,https://www.tiktok.com
fearful_123.mov,close-up-of-a-curious-dachshund-dog-2026-09-16-07-42-22-utc.mov,inne/lokalne,fragment badawczy <25% utworu,https://www.tiktok.com
fearful_124.mov,close-up-of-adorable-small-dog-looking-upwards-2026-09-17-11-18-32-utc.mov,inne/lokalne,fragment badawczy <25% utworu,https://www.tiktok.com
fearful_125.mov,close-up-of-cream-colored-dog-outdoors-2026-09-16-23-55-01-utc.mov,inne/lokalne,fragment badawczy <25% utworu,https://www.tiktok.com
fearful_126.mp4,close-up-of-dog-howling-against-black-background-2026-09-15-10-27-29-utc.mp4,inne/lokalne,fragment badawczy <25% utworu,https://www.tiktok.com
fearful_127.mp4,coverr-lyxyyjHe7v__dog-in-a-shelter,Coverr,Coverr License (free),https://coverr.co
fearful_128.mp4,curious-jack-russell-terrier-standing-in-grassy-fi-2026-09-17-16-39-45-utc.mp4,inne/lokalne,fragment badawczy <25% utworu,https://www.tiktok.com
fearful_129.mov,cute-border-collie-sitting-on-gray-sofa-indoors-2026-09-17-12-19-59-utc.mov,inne/lokalne,fragment badawczy <25% utworu,https://www.tiktok.com
fearful_130.mp4,cute-dachshund-dog-wearing-blue-sweater-indoors-2026-09-18-04-45-58-utc.mp4,inne/lokalne,fragment badawczy <25% utworu,https://www.tiktok.com
fearful_131.mov,cute-dog-looking-at-the-camera-2026-09-17-03-32-16-utc.mov,inne/lokalne,fragment badawczy <25% utworu,https://www.tiktok.com
fearful_132.mp4,cute-dog-standing-in-a-grassy-outdoor-setting-2026-09-17-16-44-00-utc.mp4,inne/lokalne,fragment badawczy <25% utworu,https://www.tiktok.com
fearful_133.mov,cute-little-dog-looks-upward-on-grassy-field-2026-09-16-16-10-34-utc.mov,inne/lokalne,fragment badawczy <25% utworu,https://www.tiktok.com
fearful_134.mp4,cute-white-dog-sitting-indoors-looking-up-2026-09-17-17-18-56-utc.mp4,inne/lokalne,fragment badawczy <25% utworu,https://www.tiktok.com
fearful_135.mp4,d945bd6d778675fcc8b290e106eee07b.mp4,TikTok,fragment badawczy <25% utworu,https://www.tiktok.com
fearful_136.mov,dachshund-dog-looking-alertly-out-of-frame-2026-09-16-09-20-23-utc.mov,inne/lokalne,fragment badawczy <25% utworu,https://www.tiktok.com
fearful_137.mov,dog-gets-head-pet-close-up-indoors-2026-09-17-12-31-24-utc.mov,inne/lokalne,fragment badawczy <25% utworu,https://www.tiktok.com
fearful_138.mov,dog-looking-up-with-hopeful-expression-2026-09-17-10-18-36-utc.mov,inne/lokalne,fragment badawczy <25% utworu,https://www.tiktok.com
fearful_139.mov,dog-peering-through-hole-in-orange-paper-2026-09-17-03-22-37-utc.mov,inne/lokalne,fragment badawczy <25% utworu,https://www.tiktok.com
fearful_140.mp4,dog-portrait-close-up-of-black-and-brown-dog-2026-09-17-21-06-39-utc.mp4,inne/lokalne,fragment badawczy <25% utworu,https://www.tiktok.com
fearful_141.mov,dog-sits-on-grass-and-looks-up-2026-09-16-13-25-24-utc.mov,inne/lokalne,fragment badawczy <25% utworu,https://www.tiktok.com
fearful_142.mov,dog-with-harness-looks-around-outdoors-on-leash-2026-09-17-12-57-56-utc.mov,inne/lokalne,fragment badawczy <25% utworu,https://www.tiktok.com
fearful_143.mp4,dog_10839447,Pexels,Pexels License,https://www.pexels.com/video/10839447/
fearful_144.mp4,dog_13588050,Pexels,Pexels License,https://www.pexels.com/video/13588050/
fearful_145.mp4,dog_17413645,Pexels,Pexels License,https://www.pexels.com/video/17413645/
fearful_146.mp4,dog_18336413,Pexels,Pexels License,https://www.pexels.com/video/18336413/
fearful_147.mp4,dog_31145252,Pexels,Pexels License,https://www.pexels.com/video/31145252/
fearful_148.mp4,dog_34906779,Pexels,Pexels License,https://www.pexels.com/video/34906779/
fearful_149.mp4,dog_35390210,Pexels,Pexels License,https://www.pexels.com/video/35390210/
fearful_150.mp4,dog_36040939,Pexels,Pexels License,https://www.pexels.com/video/36040939/
fearful_151.mp4,dog_36405398,Pexels,Pexels License,https://www.pexels.com/video/36405398/
fearful_152.mp4,dog_37132254,Pexels,Pexels License,https://www.pexels.com/video/37132254/
fearful_153.mp4,dog_5495995,Pexels,Pexels License,https://www.pexels.com/video/5495995/
fearful_154.mp4,dog_7117652,Pexels,Pexels License,https://www.pexels.com/video/7117652/
fearful_155.mp4,dog_7469779,Pexels,Pexels License,https://www.pexels.com/video/7469779/
fearful_156.mp4,dog_7682699,Pexels,Pexels License,https://www.pexels.com/video/7682699/
fearful_157.mp4,dogexpressions_7671002018269465887,TikTok,fragment badawczy <25% utworu,https://www.tiktok.com/video/7671002018269465887
fearful_158.mp4,dogexpressions_7673326487801433365,TikTok,fragment badawczy <25% utworu,https://www.tiktok.com/video/7673326487801433365
fearful_159.mp4,dogfacecloseup_6792496758200044806,TikTok,fragment badawczy <25% utworu,https://www.tiktok.com/video/6792496758200044806
fearful_160.mp4,dogfaces_7545147479126265101,TikTok,fragment badawczy <25% utworu,https://www.tiktok.com/video/7545147479126265101
fearful_161.mp4,dogfaces_7674132724487032086,TikTok,fragment badawczy <25% utworu,https://www.tiktok.com/video/7674132724487032086
fearful_162.mp4,e54dc2a8d6af11511b9f1ad4670744cd.mp4,TikTok,fragment badawczy <25% utworu,https://www.tiktok.com
fearful_163.mp4,f5d409e7123111ca72b40def7513428a.mp4,TikTok,fragment badawczy <25% utworu,https://www.tiktok.com
fearful_164.mov,golden-brown-dog-relaxing-on-cushion-indoors-2026-09-17-07-28-05-utc.mov,inne/lokalne,fragment badawczy <25% utworu,https://www.tiktok.com
fearful_165.mov,grey-dog-wearing-a-green-jacket-2026-09-17-02-07-19-utc.mov,inne/lokalne,fragment badawczy <25% utworu,https://www.tiktok.com
fearful_166.mp4,ipypJoKZ8yM_000367,YouTube,fragment badawczy <25% utworu,https://www.youtube.com/watch?v=ipypJoKZ8yM
fearful_167.mp4,magnific-2866293,Pixabay,Pixabay Content License,https://pixabay.com/videos/id-2866293/
fearful_168.mp4,magnific-479097,Pixabay,Pixabay Content License,https://pixabay.com/videos/id-479097/
fearful_169.mp4,mixkit-18198__stroking-a-dog-lying-on-the-grass,Mixkit,Mixkit Free License,https://mixkit.co/free-stock-video/
fearful_170.mp4,mixkit-21029__dalmatian-holding-a-stick,Mixkit,Mixkit Free License,https://mixkit.co/free-stock-video/
fearful_171.mp4,mixkit-25212__girl-with-pet-dog-in-the-playground,Mixkit,Mixkit Free License,https://mixkit.co/free-stock-video/
fearful_172.mp4,mixkit-26029__small-dog-having-a-hair-cut,Mixkit,Mixkit Free License,https://mixkit.co/free-stock-video/
fearful_173.mp4,mixkit-33100__person-bathing-his-dog-in-the-bathtub,Mixkit,Mixkit Free License,https://mixkit.co/free-stock-video/
fearful_174.mp4,mixkit-33101__dog-relaxing-after-a-bath,Mixkit,Mixkit Free License,https://mixkit.co/free-stock-video/
fearful_175.mp4,mixkit-33103__cute-wet-dog-in-the-bathtub-after-a-bath,Mixkit,Mixkit Free License,https://mixkit.co/free-stock-video/
fearful_176.mp4,mixkit-33153__dog-asking-for-petting-behind-a-cage,Mixkit,Mixkit Free License,https://mixkit.co/free-stock-video/
fearful_177.mp4,mixkit-45886__small-pomeranian-being-washed-in-a-tub-by-a-groomer,Mixkit,Mixkit Free License,https://mixkit.co/free-stock-video/
fearful_178.mp4,mixkit-48739__group-of-puppies-sleeping-in-a-pile,Mixkit,Mixkit Free License,https://mixkit.co/free-stock-video/
fearful_179.mp4,pixabay_25094,Pixabay,Pixabay Content License,https://pixabay.com/videos/id-25094/
fearful_180.mp4,qlNeLv6_EzU.mp4,YouTube,fragment badawczy <25% utworu,https://www.youtube.com/watch?v=qlNeLv6_EzU
fearful_181.mp4,rT64-oHe0XI.mp4,YouTube,fragment badawczy <25% utworu,https://www.youtube.com/watch?v=rT64-oHe0XI
fearful_182.mp4,sIrRVAAWzVk.mp4,YouTube,fragment badawczy <25% utworu,https://www.youtube.com/watch?v=sIrRVAAWzVk
fearful_183.mp4,segment_long_16404188_18,Pexels,Pexels License,https://www.pexels.com/video/16404188/
fearful_184.mp4,segment_long_37348445_53,Pexels,Pexels License,https://www.pexels.com/video/37348445/
fearful_185.mov,small-cream-colored-dog-looking-upward-2026-09-15-01-05-14-utc.mov,inne/lokalne,fragment badawczy <25% utworu,https://www.tiktok.com
fearful_186.mov,small-dog-sitting-on-a-couch-with-blanket-2026-09-16-08-14-47-utc.mov,inne/lokalne,fragment badawczy <25% utworu,https://www.tiktok.com
fearful_187.mov,spotted-dog-standing-alertly-in-field-2026-09-17-05-59-22-utc.mov,inne/lokalne,fragment badawczy <25% utworu,https://www.tiktok.com
fearful_188.mp4,u9fNxbxt__U_000499,YouTube,fragment badawczy <25% utworu,https://www.youtube.com/watch?v=u9fNxbxt__U
fearful_189.mov,wet-dog-shakes-head-on-green-grass-2026-09-17-05-33-42-utc.mov,inne/lokalne,fragment badawczy <25% utworu,https://www.tiktok.com
fearful_190.mp4,youtube_angry dog growling_JW4LbPvUcbY,YouTube,fragment badawczy <25% utworu,https://www.youtube.com/watch?v=JW4LbPvUcbY
fearful_191.mp4,youtube_angry dog growling_Ygwicxd8IOM,YouTube,fragment badawczy <25% utworu,https://www.youtube.com/watch?v=Ygwicxd8IOM
fearful_192.mp4,youtube_dog reaction funny face_rgcmLSHYoZY,YouTube,fragment badawczy <25% utworu,https://www.youtube.com/watch?v=rgcmLSHYoZY
fearful_193.mp4,собаки_7043040735473503490,TikTok,fragment badawczy <25% utworu,https://www.tiktok.com/video/7043040735473503490
happy_001.mp4,0624e56ea6b21e97f8add5e791faf2ed.mp4,TikTok,fragment badawczy <25% utworu,https://www.tiktok.com
happy_002.mp4,062b5463177ed0f313a18faacd6c28f5,TikTok,fragment badawczy <25% utworu,https://www.tiktok.com
happy_003.mp4,062b5463177ed0f313a18faacd6c28f5.mp4,TikTok,fragment badawczy <25% utworu,https://www.tiktok.com
happy_004.mp4,062cfe5246128b85e5e7720ca583ef0d.mp4,TikTok,fragment badawczy <25% utworu,https://www.tiktok.com
happy_005.mp4,06d4b78acfe62e45cc395ed7612c143e.mp4,TikTok,fragment badawczy <25% utworu,https://www.tiktok.com
happy_006.mp4,119057d4e978e7d4179e39e5b4ec783e.mp4,TikTok,fragment badawczy <25% utworu,https://www.tiktok.com
happy_007.mp4,2000d2027672c191bd667b8e05f66ba8.mp4,TikTok,fragment badawczy <25% utworu,https://www.tiktok.com
happy_008.mp4,2156e5322b6fc467778d43fe6819d718.mp4,TikTok,fragment badawczy <25% utworu,https://www.tiktok.com
happy_009.mp4,26e56713feac4fa96a94073821f9d8b7.mp4,TikTok,fragment badawczy <25% utworu,https://www.tiktok.com
happy_010.mp4,27ed2230b7e96b0c0695844d555592e1.mp4,TikTok,fragment badawczy <25% utworu,https://www.tiktok.com
happy_011.mp4,360e2cf331b1b13210fc5cc8c3476011.mp4,TikTok,fragment badawczy <25% utworu,https://www.tiktok.com
happy_012.mp4,3d979479f13f9e55fc231f0e7aef7bdc.mp4,TikTok,fragment badawczy <25% utworu,https://www.tiktok.com
happy_013.mp4,3e9101dc533a541bb3bae18a2a999d17.mp4,TikTok,fragment badawczy <25% utworu,https://www.tiktok.com
happy_014.mp4,4a9f752c429dd086765efbb0354187bf,TikTok,fragment badawczy <25% utworu,https://www.tiktok.com
happy_015.mp4,4af1e8f295e043119d8d14a9b016d197.mp4,TikTok,fragment badawczy <25% utworu,https://www.tiktok.com
happy_016.mp4,5cec1f5ddc4d9252e809308fc4719351,TikTok,fragment badawczy <25% utworu,https://www.tiktok.com
happy_017.mp4,5zCvEu2S10E_000469,YouTube,fragment badawczy <25% utworu,https://www.youtube.com/watch?v=5zCvEu2S10E
happy_018.mp4,601745faf63ebfe2e5ba6d92d00a7806.mp4,TikTok,fragment badawczy <25% utworu,https://www.tiktok.com
happy_019.mp4,66d5955d905ddeef5d6e3a332ab1dc1f.mp4,TikTok,fragment badawczy <25% utworu,https://www.tiktok.com
happy_020.mp4,68d228a94e658e2269a8794e850d7a22.mp4,TikTok,fragment badawczy <25% utworu,https://www.tiktok.com
happy_021.mp4,7602a2d013ef006558002656da7765a4.mp4,TikTok,fragment badawczy <25% utworu,https://www.tiktok.com
happy_022.mp4,771b9e1d8ab8536be7c8575c9149479b.mp4,TikTok,fragment badawczy <25% utworu,https://www.tiktok.com
happy_023.mp4,7dc4b24006761b1079df95fb8a48317f.mp4,TikTok,fragment badawczy <25% utworu,https://www.tiktok.com
happy_024.mp4,7vMLhRtWJNs_000101,YouTube,fragment badawczy <25% utworu,https://www.youtube.com/watch?v=7vMLhRtWJNs
happy_025.mp4,8a1adf34449df030100761186707bdcd.mp4,TikTok,fragment badawczy <25% utworu,https://www.tiktok.com
happy_026.mp4,DV7Hk3NU4To_000429,YouTube,fragment badawczy <25% utworu,https://www.youtube.com/watch?v=DV7Hk3NU4To
happy_027.mp4,VID_20260914215210.mp4,inne/lokalne,fragment badawczy <25% utworu,https://www.tiktok.com
happy_028.mp4,VID_20260914215325.mp4,inne/lokalne,fragment badawczy <25% utworu,https://www.tiktok.com
happy_029.mp4,VID_20260914215407.mp4,inne/lokalne,fragment badawczy <25% utworu,https://www.tiktok.com
happy_030.mp4,VID_20260914215507.mp4,inne/lokalne,fragment badawczy <25% utworu,https://www.tiktok.com
happy_031.mp4,VID_20260914215607.mp4,inne/lokalne,fragment badawczy <25% utworu,https://www.tiktok.com
happy_032.mp4,VID_20260914215653.mp4,inne/lokalne,fragment badawczy <25% utworu,https://www.tiktok.com
happy_033.mp4,a4f7473a241bce129212b82980c56703.mp4,TikTok,fragment badawczy <25% utworu,https://www.tiktok.com
happy_034.mp4,ab74d118b8bcd0e6b944685e2d9865f4,TikTok,fragment badawczy <25% utworu,https://www.tiktok.com
happy_035.mp4,afe754ca7aa6bbd90ec441d6190f4d12.mp4,TikTok,fragment badawczy <25% utworu,https://www.tiktok.com
happy_036.mp4,c10f2881fd429c15977396778391f9d0.mp4,TikTok,fragment badawczy <25% utworu,https://www.tiktok.com
happy_037.mp4,cLDrSXhhPO8_000366.mp4,YouTube,fragment badawczy <25% utworu,https://www.youtube.com/watch?v=cLDrSXhhPO8
happy_038.mp4,ce94b07d8c84e34ea3b131ca3c5366c7.mp4,TikTok,fragment badawczy <25% utworu,https://www.tiktok.com
happy_039.mp4,coverr-AUa1ztYMhd__girl-smiling-and-petting-dogs,Coverr,Coverr License (free),https://coverr.co
happy_040.mp4,coverr-Yiq8ac7zdL__dog-being-stroked,Coverr,Coverr License (free),https://coverr.co
happy_041.mp4,coverr-gnHRh4j0F7__golden-retriever-on-a-mountain-top,Coverr,Coverr License (free),https://coverr.co
happy_042.mp4,coverr-xVN2kcB8Mf__cuddling-a-black-dog,Coverr,Coverr License (free),https://coverr.co
happy_043.mp4,d0fb5f9d4ae4489c841f3f9e711f7fe5.mp4,TikTok,fragment badawczy <25% utworu,https://www.tiktok.com
happy_044.mp4,dae8392f2598e6cf8f38aa15ab868add.mp4,TikTok,fragment badawczy <25% utworu,https://www.tiktok.com
happy_045.mp4,dog_10841170,Pexels,Pexels License,https://www.pexels.com/video/10841170/
happy_046.mp4,dog_11958197,Pexels,Pexels License,https://www.pexels.com/video/11958197/
happy_047.mp4,dog_16346905,Pexels,Pexels License,https://www.pexels.com/video/16346905/
happy_048.mp4,dog_17966195,Pexels,Pexels License,https://www.pexels.com/video/17966195/
happy_049.mp4,dog_19201624,Pexels,Pexels License,https://www.pexels.com/video/19201624/
happy_050.mp4,dog_20698945,Pexels,Pexels License,https://www.pexels.com/video/20698945/
happy_051.mp4,dog_29541240,Pexels,Pexels License,https://www.pexels.com/video/29541240/
happy_052.mp4,dog_31365634,Pexels,Pexels License,https://www.pexels.com/video/31365634/
happy_053.mp4,dog_3189187,Pexels,Pexels License,https://www.pexels.com/video/3189187/
happy_054.mp4,dog_33191813,Pexels,Pexels License,https://www.pexels.com/video/33191813/
happy_055.mp4,dog_4107673,Pexels,Pexels License,https://www.pexels.com/video/4107673/
happy_056.mp4,dog_4772987,Pexels,Pexels License,https://www.pexels.com/video/4772987/
happy_057.mp4,dog_5226985,Pexels,Pexels License,https://www.pexels.com/video/5226985/
happy_058.mp4,dog_5226990,Pexels,Pexels License,https://www.pexels.com/video/5226990/
happy_059.mp4,dog_5229582,Pexels,Pexels License,https://www.pexels.com/video/5229582/
happy_060.mp4,dog_5229792,Pexels,Pexels License,https://www.pexels.com/video/5229792/
happy_061.mp4,dog_5384954,Pexels,Pexels License,https://www.pexels.com/video/5384954/
happy_062.mp4,dog_5794740,Pexels,Pexels License,https://www.pexels.com/video/5794740/
happy_063.mp4,dog_5962130,Pexels,Pexels License,https://www.pexels.com/video/5962130/
happy_064.mp4,dog_6712079,Pexels,Pexels License,https://www.pexels.com/video/6712079/
happy_065.mp4,dog_7294968,Pexels,Pexels License,https://www.pexels.com/video/7294968/
happy_066.mp4,dog_7516667,Pexels,Pexels License,https://www.pexels.com/video/7516667/
happy_067.mp4,dog_7516712,Pexels,Pexels License,https://www.pexels.com/video/7516712/
happy_068.mp4,dog_7684005,Pexels,Pexels License,https://www.pexels.com/video/7684005/
happy_069.mp4,dog_8730840,Pexels,Pexels License,https://www.pexels.com/video/8730840/
happy_070.mp4,dog_8746927,Pexels,Pexels License,https://www.pexels.com/video/8746927/
happy_071.mp4,dog_9085855,Pexels,Pexels License,https://www.pexels.com/video/9085855/
happy_072.mp4,dog_9141107,Pexels,Pexels License,https://www.pexels.com/video/9141107/
happy_073.mp4,dogfacecloseup_6866165413739285765,TikTok,fragment badawczy <25% utworu,https://www.tiktok.com/video/6866165413739285765
happy_074.mp4,dogfacecloseup_7584826741009435935,TikTok,fragment badawczy <25% utworu,https://www.tiktok.com/video/7584826741009435935
happy_075.mp4,doglife_7567079740130250015,TikTok,fragment badawczy <25% utworu,https://www.tiktok.com/video/7567079740130250015
happy_076.mp4,e1322334d4fad2fbae3c47d311c38642.mp4,TikTok,fragment badawczy <25% utworu,https://www.tiktok.com
happy_077.mp4,ec8d9c6e785bae16569049c870390204.mp4,TikTok,fragment badawczy <25% utworu,https://www.tiktok.com
happy_078.mov,envato_0f95f63c-8451-455a-b3da-779682e77fa7.mov,inne/lokalne,fragment badawczy <25% utworu,https://www.tiktok.com
happy_079.mov,envato_1122ff7d-1c31-4964-b1fb-882fd9fc0b68.mov,inne/lokalne,fragment badawczy <25% utworu,https://www.tiktok.com
happy_080.mov,envato_13586805-741f-409f-b9af-1f7ee0a711f3.mov,inne/lokalne,fragment badawczy <25% utworu,https://www.tiktok.com
happy_081.mov,envato_14144bc0-237b-4edf-9f91-1884582c49a9.mov,inne/lokalne,fragment badawczy <25% utworu,https://www.tiktok.com
happy_082.mov,envato_17ec85ff-0908-4104-93a2-c9c246e5df42.mov,inne/lokalne,fragment badawczy <25% utworu,https://www.tiktok.com
happy_083.mov,envato_19bbd0ce-e22d-43d1-a5a2-58cfad6e8be9.mov,inne/lokalne,fragment badawczy <25% utworu,https://www.tiktok.com
happy_084.mov,envato_22b85d9b-e489-4fb0-a0d7-bc294ff31e3f.mov,inne/lokalne,fragment badawczy <25% utworu,https://www.tiktok.com
happy_085.mov,envato_2378371b-d34d-4c05-9db7-8406b41d01c4.mov,inne/lokalne,fragment badawczy <25% utworu,https://www.tiktok.com
happy_086.mov,envato_26448c4c-26b5-4148-90ac-18fd6759f61f.mov,inne/lokalne,fragment badawczy <25% utworu,https://www.tiktok.com
happy_087.mov,envato_271173e5-d74b-464a-ab3b-bf37b1c3e4f9.mov,inne/lokalne,fragment badawczy <25% utworu,https://www.tiktok.com
happy_088.mov,envato_2b6a37b7-c507-45dd-82fa-9851b8791e8f.mov,inne/lokalne,fragment badawczy <25% utworu,https://www.tiktok.com
happy_089.mov,envato_326b318a-d144-4693-be6c-348972ef4fd3.mov,inne/lokalne,fragment badawczy <25% utworu,https://www.tiktok.com
happy_090.mov,envato_3e277546-4ce0-4ec8-a6ef-8a81ed7b89b8.mov,inne/lokalne,fragment badawczy <25% utworu,https://www.tiktok.com
happy_091.mov,envato_3fcdbe91-dfde-4943-b17a-2c6ca63eb96f.mov,inne/lokalne,fragment badawczy <25% utworu,https://www.tiktok.com
happy_092.mov,envato_4247346e-c0bd-4ff7-92cc-e50fa2fdc8df.mov,inne/lokalne,fragment badawczy <25% utworu,https://www.tiktok.com
happy_093.mov,envato_42c3ed26-088f-496c-9817-3b2d42a5957d.mov,inne/lokalne,fragment badawczy <25% utworu,https://www.tiktok.com
happy_094.mov,envato_4551d1d3-dc76-4a48-8466-364635036762.mov,inne/lokalne,fragment badawczy <25% utworu,https://www.tiktok.com
happy_095.mov,envato_4d0a4ba4-c92c-48d2-9887-ba104caea844.mov,inne/lokalne,fragment badawczy <25% utworu,https://www.tiktok.com
happy_096.mov,envato_4d21933f-88de-484a-9557-afe21887aba3.mov,inne/lokalne,fragment badawczy <25% utworu,https://www.tiktok.com
happy_097.mov,envato_4e800269-4241-4b55-8b8d-f38984347e42.mov,inne/lokalne,fragment badawczy <25% utworu,https://www.tiktok.com
happy_098.mov,envato_4fd27b0f-3dde-413c-a6ca-73bcb7304d3a.mov,inne/lokalne,fragment badawczy <25% utworu,https://www.tiktok.com
happy_099.mov,envato_56bfc164-f2fa-425a-9989-7356a5a0a01f.mov,inne/lokalne,fragment badawczy <25% utworu,https://www.tiktok.com
happy_100.mov,envato_596aa4c6-56b0-45d0-b585-e6975f9daebb.mov,inne/lokalne,fragment badawczy <25% utworu,https://www.tiktok.com
happy_101.mov,envato_61c63077-e73c-4c07-a3e6-004dc18ff6d2.mov,inne/lokalne,fragment badawczy <25% utworu,https://www.tiktok.com
happy_102.mov,envato_6926d647-f2a8-443e-ab3c-fe9d5abee5d1.mov,inne/lokalne,fragment badawczy <25% utworu,https://www.tiktok.com
happy_103.mov,envato_72ba0247-bbce-484e-88d7-0941d47ac426.mov,inne/lokalne,fragment badawczy <25% utworu,https://www.tiktok.com
happy_104.mov,envato_7429eb4d-053c-4ed8-a28f-95ee2ed33c3b.mov,inne/lokalne,fragment badawczy <25% utworu,https://www.tiktok.com
happy_105.mov,envato_7d1d3d08-2352-46c9-9468-47c6ebfbb631.mov,inne/lokalne,fragment badawczy <25% utworu,https://www.tiktok.com
happy_106.mov,envato_83341692-5843-4cd5-b278-0347c7edbdc9.mov,inne/lokalne,fragment badawczy <25% utworu,https://www.tiktok.com
happy_107.mov,envato_84d233eb-b79a-4801-8d32-6d064f9d58cf.mov,inne/lokalne,fragment badawczy <25% utworu,https://www.tiktok.com
happy_108.mov,envato_88556153-1ebc-400a-afc3-c45e40f0e95e.mov,inne/lokalne,fragment badawczy <25% utworu,https://www.tiktok.com
happy_109.mov,envato_88afeb11-0cf4-4881-9135-0c4301d1ac79.mov,inne/lokalne,fragment badawczy <25% utworu,https://www.tiktok.com
happy_110.mov,envato_9074c997-1bc4-4830-b0c7-9ea9bda61941.mov,inne/lokalne,fragment badawczy <25% utworu,https://www.tiktok.com
happy_111.mov,envato_91437015-44c5-4791-bad5-f08aaddcf5d6.mov,inne/lokalne,fragment badawczy <25% utworu,https://www.tiktok.com
happy_112.mov,envato_91b4663c-8be4-4d0c-8dad-de88d176f393.mov,inne/lokalne,fragment badawczy <25% utworu,https://www.tiktok.com
happy_113.mov,envato_9507be66-dbbd-4a7b-b972-e36558c22cf5.mov,inne/lokalne,fragment badawczy <25% utworu,https://www.tiktok.com
happy_114.mov,envato_994a83ce-38a0-4ca3-a084-527e99bb662d.mov,inne/lokalne,fragment badawczy <25% utworu,https://www.tiktok.com
happy_115.mov,envato_a197dee2-2702-4b68-b188-ee3fe097521a.mov,inne/lokalne,fragment badawczy <25% utworu,https://www.tiktok.com
happy_116.mov,envato_a4442b87-94a2-4296-a9ed-f1939ef1b714.mov,inne/lokalne,fragment badawczy <25% utworu,https://www.tiktok.com
happy_117.mov,envato_a8ba18ac-4888-446f-af9e-e848b2929d66.mov,inne/lokalne,fragment badawczy <25% utworu,https://www.tiktok.com
happy_118.mov,envato_a8c3a692-f76a-4520-b0f1-4a93c3b275a8.mov,inne/lokalne,fragment badawczy <25% utworu,https://www.tiktok.com
happy_119.mov,envato_a8ea6d87-f668-4574-a8e4-aafe1e2b3782.mov,inne/lokalne,fragment badawczy <25% utworu,https://www.tiktok.com
happy_120.mov,envato_aed765eb-1980-48a0-990f-033db7184249.mov,inne/lokalne,fragment badawczy <25% utworu,https://www.tiktok.com
happy_121.mov,envato_b3a2e965-3c3a-4f24-8ed1-fc732dfebedb.mov,inne/lokalne,fragment badawczy <25% utworu,https://www.tiktok.com
happy_122.mov,envato_ba7217f3-93aa-4af1-80ec-60b190689ec5.mov,inne/lokalne,fragment badawczy <25% utworu,https://www.tiktok.com
happy_123.mov,envato_ba93b916-dade-4151-9c0a-1b6463efa203.mov,inne/lokalne,fragment badawczy <25% utworu,https://www.tiktok.com
happy_124.mov,envato_bb4b2fdd-91d3-4b5f-a177-6cc1ebbf05e7.mov,inne/lokalne,fragment badawczy <25% utworu,https://www.tiktok.com
happy_125.mov,envato_bc5d5221-c9d5-418b-92b5-7bfeb238b6bd.mov,inne/lokalne,fragment badawczy <25% utworu,https://www.tiktok.com
happy_126.mov,envato_bedc843c-4729-452a-9b76-a154daea015c.mov,inne/lokalne,fragment badawczy <25% utworu,https://www.tiktok.com
happy_127.mov,envato_c2a483f7-ddb1-47db-b26b-4bc464d657f3.mov,inne/lokalne,fragment badawczy <25% utworu,https://www.tiktok.com
happy_128.mov,envato_c84cae95-1989-42bb-9614-708e82fc10df.mov,inne/lokalne,fragment badawczy <25% utworu,https://www.tiktok.com
happy_129.mov,envato_cf85022d-a5ab-4a63-96e4-3e52abb853d8.mov,inne/lokalne,fragment badawczy <25% utworu,https://www.tiktok.com
happy_130.mov,envato_d0b1d4e2-1e19-4e94-b715-505999094332.mov,inne/lokalne,fragment badawczy <25% utworu,https://www.tiktok.com
happy_131.mov,envato_d68c0a22-ae97-4c02-9141-68d57b1b02a5.mov,inne/lokalne,fragment badawczy <25% utworu,https://www.tiktok.com
happy_132.mov,envato_dfd7475c-7a57-48ab-909c-3fdc4947746e.mov,inne/lokalne,fragment badawczy <25% utworu,https://www.tiktok.com
happy_133.mov,envato_e65f434e-e68b-4339-8592-dabe9b769f73.mov,inne/lokalne,fragment badawczy <25% utworu,https://www.tiktok.com
happy_134.mov,envato_f2e59a35-4f04-4fe4-b8a5-865ee9ba5099.mov,inne/lokalne,fragment badawczy <25% utworu,https://www.tiktok.com
happy_135.mp4,f11b1a1dd083030d930e9f06a449c48b.mp4,TikTok,fragment badawczy <25% utworu,https://www.tiktok.com
happy_136.mp4,fa81db640db5d42a61314e3f88907ea2.mp4,TikTok,fragment badawczy <25% utworu,https://www.tiktok.com
happy_137.mp4,magnific-171814,Pixabay,Pixabay Content License,https://pixabay.com/videos/id-171814/
happy_138.mp4,magnific-2563041,Pixabay,Pixabay Content License,https://pixabay.com/videos/id-2563041/
happy_139.mp4,magnific-2826668,Pixabay,Pixabay Content License,https://pixabay.com/videos/id-2826668/
happy_140.mp4,magnific-2845760,Pixabay,Pixabay Content License,https://pixabay.com/videos/id-2845760/
happy_141.mp4,magnific-2870062,Pixabay,Pixabay Content License,https://pixabay.com/videos/id-2870062/
happy_142.mp4,mixkit-101226__girl-cuddling-dog-on-couch,Mixkit,Mixkit Free License,https://mixkit.co/free-stock-video/
happy_143.mp4,mixkit-101229__close-up-of-dog,Mixkit,Mixkit Free License,https://mixkit.co/free-stock-video/
happy_144.mp4,mixkit-101230__girl-doing-tricks-with-dog,Mixkit,Mixkit Free License,https://mixkit.co/free-stock-video/
happy_145.mp4,mixkit-101238__dog-playing-with-little-owner,Mixkit,Mixkit Free License,https://mixkit.co/free-stock-video/
happy_146.mp4,mixkit-101245__pov-shot-of-happy-dog-playing,Mixkit,Mixkit Free License,https://mixkit.co/free-stock-video/
happy_147.mp4,mixkit-10350__couple-with-dogs-resting-on-park-bench,Mixkit,Mixkit Free License,https://mixkit.co/free-stock-video/
happy_148.mp4,mixkit-10360__girl-in-a-park-carrying-and-petting-her-cocker-spaniel,Mixkit,Mixkit Free License,https://mixkit.co/free-stock-video/
happy_149.mp4,mixkit-1481__a-man-petting-a-dog-in-the-grass,Mixkit,Mixkit Free License,https://mixkit.co/free-stock-video/
happy_150.mp4,mixkit-1659__small-cute-dog-combed-by-its-owner,Mixkit,Mixkit Free License,https://mixkit.co/free-stock-video/
happy_151.mp4,mixkit-25022__a-woman-and-her-dog-enjoying-the-park,Mixkit,Mixkit Free License,https://mixkit.co/free-stock-video/
happy_152.mp4,mixkit-25174__corgi-dog-enjoying-the-beach,Mixkit,Mixkit Free License,https://mixkit.co/free-stock-video/
happy_153.mp4,mixkit-33170__woman-caresses-her-dog-in-the-garden,Mixkit,Mixkit Free License,https://mixkit.co/free-stock-video/
happy_154.mp4,mixkit-45834__husky-with-its-tongue-out-panting-at-the-camera,Mixkit,Mixkit Free License,https://mixkit.co/free-stock-video/
happy_155.mp4,mixkit-45869__corgi-running-next-to-its-owner-at-the-park,Mixkit,Mixkit Free License,https://mixkit.co/free-stock-video/
happy_156.mp4,mixkit-45871__cute-corgi-running-through-the-grass,Mixkit,Mixkit Free License,https://mixkit.co/free-stock-video/
happy_157.mp4,mixkit-45873__corgi-puppy-playing-with-a-toy-with-its-owner,Mixkit,Mixkit Free License,https://mixkit.co/free-stock-video/
happy_158.mp4,mixkit-50652__a-cute-border-collie-dog-panting-patiently,Mixkit,Mixkit Free License,https://mixkit.co/free-stock-video/
happy_159.mp4,mixkit-50655__an-intelligent-border-collie-gives-the-paw-to-a-hand,Mixkit,Mixkit Free License,https://mixkit.co/free-stock-video/
happy_160.mp4,mixkit-50656__a-canine-border-collie-hi-five-the-human-hand,Mixkit,Mixkit Free License,https://mixkit.co/free-stock-video/
happy_161.mp4,mixkit-50660__a-cute-border-collie-dog-panting-patiently-on-the-ground,Mixkit,Mixkit Free License,https://mixkit.co/free-stock-video/
happy_162.mp4,mixkit-50678__a-black-and-white-border-collie-canine-patiently-panting,Mixkit,Mixkit Free License,https://mixkit.co/free-stock-video/
happy_163.mp4,mixkit-50680__black-and-white-border-collie-standing-on-its-hind-legs,Mixkit,Mixkit Free License,https://mixkit.co/free-stock-video/
happy_164.mp4,mixkit-6355__woman-and-her-dog-taking-a-selfie,Mixkit,Mixkit Free License,https://mixkit.co/free-stock-video/
happy_165.mp4,mixkit-6664__woman-with-her-pet-dog,Mixkit,Mixkit Free License,https://mixkit.co/free-stock-video/
happy_166.mp4,o8zoo0FJkUY_82800_0059.mp4,YouTube,fragment badawczy <25% utworu,https://www.youtube.com/watch?v=o8zoo0FJkUY
happy_167.mp4,o8zoo0FJkUY_82800_0060.mp4,YouTube,fragment badawczy <25% utworu,https://www.youtube.com/watch?v=o8zoo0FJkUY
happy_168.mp4,o8zoo0FJkUY_84600_0001.mp4,YouTube,fragment badawczy <25% utworu,https://www.youtube.com/watch?v=o8zoo0FJkUY
happy_169.mp4,o8zoo0FJkUY_84600_0002.mp4,YouTube,fragment badawczy <25% utworu,https://www.youtube.com/watch?v=o8zoo0FJkUY
happy_170.mp4,o8zoo0FJkUY_84600_0009.mp4,YouTube,fragment badawczy <25% utworu,https://www.youtube.com/watch?v=o8zoo0FJkUY
happy_171.mp4,o8zoo0FJkUY_84600_0011.mp4,YouTube,fragment badawczy <25% utworu,https://www.youtube.com/watch?v=o8zoo0FJkUY
happy_172.mp4,o8zoo0FJkUY_84600_0012.mp4,YouTube,fragment badawczy <25% utworu,https://www.youtube.com/watch?v=o8zoo0FJkUY
happy_173.mp4,o8zoo0FJkUY_84600_0015.mp4,YouTube,fragment badawczy <25% utworu,https://www.youtube.com/watch?v=o8zoo0FJkUY
happy_174.mp4,o8zoo0FJkUY_84600_0017.mp4,YouTube,fragment badawczy <25% utworu,https://www.youtube.com/watch?v=o8zoo0FJkUY
happy_175.mp4,pexels_12130333.mp4,Pexels,Pexels License,https://www.pexels.com/video/12130333/
happy_176.mp4,pexels_16404081.mp4,Pexels,Pexels License,https://www.pexels.com/video/16404081/
happy_177.mp4,pexels_17029773.mp4,Pexels,Pexels License,https://www.pexels.com/video/17029773/
happy_178.mp4,pexels_17224914.mp4,Pexels,Pexels License,https://www.pexels.com/video/17224914/
happy_179.mp4,pexels_17662319.mp4,Pexels,Pexels License,https://www.pexels.com/video/17662319/
happy_180.mp4,pexels_19201621.mp4,Pexels,Pexels License,https://www.pexels.com/video/19201621/
happy_181.mp4,pexels_19201624.mp4,Pexels,Pexels License,https://www.pexels.com/video/19201624/
happy_182.mp4,pexels_19699718.mp4,Pexels,Pexels License,https://www.pexels.com/video/19699718/
happy_183.mp4,pexels_19923956.mp4,Pexels,Pexels License,https://www.pexels.com/video/19923956/
happy_184.mp4,pexels_27375570.mp4,Pexels,Pexels License,https://www.pexels.com/video/27375570/
happy_185.mp4,pexels_28729840.mp4,Pexels,Pexels License,https://www.pexels.com/video/28729840/
happy_186.mp4,pexels_29477854.mp4,Pexels,Pexels License,https://www.pexels.com/video/29477854/
happy_187.mp4,pexels_30189212.mp4,Pexels,Pexels License,https://www.pexels.com/video/30189212/
happy_188.mp4,pexels_30637739.mp4,Pexels,Pexels License,https://www.pexels.com/video/30637739/
happy_189.mp4,pexels_31846902.mp4,Pexels,Pexels License,https://www.pexels.com/video/31846902/
happy_190.mp4,pexels_31952416.mp4,Pexels,Pexels License,https://www.pexels.com/video/31952416/
happy_191.mp4,pexels_32488151.mp4,Pexels,Pexels License,https://www.pexels.com/video/32488151/
happy_192.mp4,pexels_32720010.mp4,Pexels,Pexels License,https://www.pexels.com/video/32720010/
happy_193.mp4,pexels_33191813.mp4,Pexels,Pexels License,https://www.pexels.com/video/33191813/
happy_194.mp4,pexels_33434337.mp4,Pexels,Pexels License,https://www.pexels.com/video/33434337/
happy_195.mp4,pexels_34688820.mp4,Pexels,Pexels License,https://www.pexels.com/video/34688820/
happy_196.mp4,pexels_34689720.mp4,Pexels,Pexels License,https://www.pexels.com/video/34689720/
happy_197.mp4,pexels_34759846.mp4,Pexels,Pexels License,https://www.pexels.com/video/34759846/
happy_198.mp4,pexels_35199740.mp4,Pexels,Pexels License,https://www.pexels.com/video/35199740/
happy_199.mp4,pexels_35235643.mp4,Pexels,Pexels License,https://www.pexels.com/video/35235643/
happy_200.mp4,pexels_35290086.mp4,Pexels,Pexels License,https://www.pexels.com/video/35290086/
happy_201.mp4,pexels_35290088.mp4,Pexels,Pexels License,https://www.pexels.com/video/35290088/
happy_202.mp4,pexels_35290089.mp4,Pexels,Pexels License,https://www.pexels.com/video/35290089/
happy_203.mp4,pexels_35346867.mp4,Pexels,Pexels License,https://www.pexels.com/video/35346867/
happy_204.mp4,pexels_35454572.mp4,Pexels,Pexels License,https://www.pexels.com/video/35454572/
happy_205.mp4,pexels_36121834.mp4,Pexels,Pexels License,https://www.pexels.com/video/36121834/
happy_206.mp4,pexels_37328326.mp4,Pexels,Pexels License,https://www.pexels.com/video/37328326/
happy_207.mp4,pexels_37366631.mp4,Pexels,Pexels License,https://www.pexels.com/video/37366631/
happy_208.mp4,pexels_38395126.mp4,Pexels,Pexels License,https://www.pexels.com/video/38395126/
happy_209.mp4,pexels_38978557.mp4,Pexels,Pexels License,https://www.pexels.com/video/38978557/
happy_210.mp4,pexels_39086745.mp4,Pexels,Pexels License,https://www.pexels.com/video/39086745/
happy_211.mp4,pexels_39465653.mp4,Pexels,Pexels License,https://www.pexels.com/video/39465653/
happy_212.mp4,pexels_4267753.mp4,Pexels,Pexels License,https://www.pexels.com/video/4267753/
happy_213.mp4,pexels_4503695.mp4,Pexels,Pexels License,https://www.pexels.com/video/4503695/
happy_214.mp4,pexels_4503918.mp4,Pexels,Pexels License,https://www.pexels.com/video/4503918/
happy_215.mp4,pexels_4685829.mp4,Pexels,Pexels License,https://www.pexels.com/video/4685829/
happy_216.mp4,pexels_4686284.mp4,Pexels,Pexels License,https://www.pexels.com/video/4686284/
happy_217.mp4,pexels_5260138.mp4,Pexels,Pexels License,https://www.pexels.com/video/5260138/
happy_218.mp4,pexels_5500759.mp4,Pexels,Pexels License,https://www.pexels.com/video/5500759/
happy_219.mp4,pexels_6568503.mp4,Pexels,Pexels License,https://www.pexels.com/video/6568503/
happy_220.mp4,pexels_6568513.mp4,Pexels,Pexels License,https://www.pexels.com/video/6568513/
happy_221.mp4,pexels_6568960.mp4,Pexels,Pexels License,https://www.pexels.com/video/6568960/
happy_222.mp4,pexels_7197730.mp4,Pexels,Pexels License,https://www.pexels.com/video/7197730/
happy_223.mp4,pexels_7294902.mp4,Pexels,Pexels License,https://www.pexels.com/video/7294902/
happy_224.mp4,pexels_7297314.mp4,Pexels,Pexels License,https://www.pexels.com/video/7297314/
happy_225.mp4,pexels_7515920.mp4,Pexels,Pexels License,https://www.pexels.com/video/7515920/
happy_226.mp4,pexels_7678720.mp4,Pexels,Pexels License,https://www.pexels.com/video/7678720/
happy_227.mp4,pexels_7678721.mp4,Pexels,Pexels License,https://www.pexels.com/video/7678721/
happy_228.mp4,pexels_7683646.mp4,Pexels,Pexels License,https://www.pexels.com/video/7683646/
happy_229.mp4,pexels_7684013.mp4,Pexels,Pexels License,https://www.pexels.com/video/7684013/
happy_230.mp4,pexels_7684127.mp4,Pexels,Pexels License,https://www.pexels.com/video/7684127/
happy_231.mp4,pexels_8730830.mp4,Pexels,Pexels License,https://www.pexels.com/video/8730830/
happy_232.mp4,pexels_8731189.mp4,Pexels,Pexels License,https://www.pexels.com/video/8731189/
happy_233.mp4,pexels_8746825.mp4,Pexels,Pexels License,https://www.pexels.com/video/8746825/
happy_234.mp4,pexels_9363082.mp4,Pexels,Pexels License,https://www.pexels.com/video/9363082/
happy_235.mp4,pexels_9661817.mp4,Pexels,Pexels License,https://www.pexels.com/video/9661817/
happy_236.mp4,pexels_9986179.mp4,Pexels,Pexels License,https://www.pexels.com/video/9986179/
happy_237.mp4,pixabay_109614,Pixabay,Pixabay Content License,https://pixabay.com/videos/id-109614/
happy_238.mp4,pixabay_120522,Pixabay,Pixabay Content License,https://pixabay.com/videos/id-120522/
happy_239.mp4,pixabay_123246,Pixabay,Pixabay Content License,https://pixabay.com/videos/id-123246/
happy_240.mp4,pixabay_170811,Pixabay,Pixabay Content License,https://pixabay.com/videos/id-170811/
happy_241.mp4,pixabay_37130,Pixabay,Pixabay Content License,https://pixabay.com/videos/id-37130/
happy_242.mp4,pixabay_77509,Pixabay,Pixabay Content License,https://pixabay.com/videos/id-77509/
happy_243.mp4,pixabay_77511,Pixabay,Pixabay Content License,https://pixabay.com/videos/id-77511/
happy_244.mp4,segment_long_27611809_28,Pexels,Pexels License,https://www.pexels.com/video/27611809/
happy_245.mp4,segment_long_6498485_102,Pexels,Pexels License,https://www.pexels.com/video/6498485/
happy_246.mp4,segment_long_6561423_111,Pexels,Pexels License,https://www.pexels.com/video/6561423/
happy_247.mp4,segment_long_6561423_113,Pexels,Pexels License,https://www.pexels.com/video/6561423/
happy_248.mp4,segment_long_7093612_127,Pexels,Pexels License,https://www.pexels.com/video/7093612/
happy_249.mp4,segment_long_7683651_154,Pexels,Pexels License,https://www.pexels.com/video/7683651/
happy_250.mp4,собачки_7654741412855942430,TikTok,fragment badawczy <25% utworu,https://www.tiktok.com/video/7654741412855942430
neutral_001.mp4,5nsFcoiOc3Y_000533,YouTube,fragment badawczy <25% utworu,https://www.youtube.com/watch?v=5nsFcoiOc3Y
neutral_002.mp4,D0ZJr8cAUHg_000324,YouTube,fragment badawczy <25% utworu,https://www.youtube.com/watch?v=D0ZJr8cAUHg
neutral_003.mp4,IMG_8293.MP4,inne/lokalne,fragment badawczy <25% utworu,https://www.tiktok.com
neutral_004.mp4,IMG_8294.MP4,inne/lokalne,fragment badawczy <25% utworu,https://www.tiktok.com
neutral_005.mp4,IMG_8295.MP4,inne/lokalne,fragment badawczy <25% utworu,https://www.tiktok.com
neutral_006.mp4,IMG_8296.MP4,inne/lokalne,fragment badawczy <25% utworu,https://www.tiktok.com
neutral_007.mp4,IMG_8297.MP4,inne/lokalne,fragment badawczy <25% utworu,https://www.tiktok.com
neutral_008.mp4,IMG_8298.MP4,inne/lokalne,fragment badawczy <25% utworu,https://www.tiktok.com
neutral_009.mp4,IMG_8304.MP4,inne/lokalne,fragment badawczy <25% utworu,https://www.tiktok.com
neutral_010.mp4,IMG_8305.MP4,inne/lokalne,fragment badawczy <25% utworu,https://www.tiktok.com
neutral_011.mp4,IMG_8306.MP4,inne/lokalne,fragment badawczy <25% utworu,https://www.tiktok.com
neutral_012.mp4,IMG_8307.MP4,inne/lokalne,fragment badawczy <25% utworu,https://www.tiktok.com
neutral_013.mp4,IMG_8324.MP4,inne/lokalne,fragment badawczy <25% utworu,https://www.tiktok.com
neutral_014.mp4,IMG_8325.MP4,inne/lokalne,fragment badawczy <25% utworu,https://www.tiktok.com
neutral_015.mp4,IMG_8326.MP4,inne/lokalne,fragment badawczy <25% utworu,https://www.tiktok.com
neutral_016.mp4,IMG_8327.MP4,inne/lokalne,fragment badawczy <25% utworu,https://www.tiktok.com
neutral_017.mp4,IMG_8328.MP4,inne/lokalne,fragment badawczy <25% utworu,https://www.tiktok.com
neutral_018.mp4,IMG_8329.MP4,inne/lokalne,fragment badawczy <25% utworu,https://www.tiktok.com
neutral_019.mp4,IMG_8330.MP4,inne/lokalne,fragment badawczy <25% utworu,https://www.tiktok.com
neutral_020.mp4,IMG_8331.MP4,inne/lokalne,fragment badawczy <25% utworu,https://www.tiktok.com
neutral_021.mp4,IMG_8332.MP4,inne/lokalne,fragment badawczy <25% utworu,https://www.tiktok.com
neutral_022.mp4,IMG_8333.MP4,inne/lokalne,fragment badawczy <25% utworu,https://www.tiktok.com
neutral_023.mp4,IMG_8334.MP4,inne/lokalne,fragment badawczy <25% utworu,https://www.tiktok.com
neutral_024.mp4,IMG_8335.MP4,inne/lokalne,fragment badawczy <25% utworu,https://www.tiktok.com
neutral_025.mp4,IMG_8336.MP4,inne/lokalne,fragment badawczy <25% utworu,https://www.tiktok.com
neutral_026.mp4,IMG_8337.MP4,inne/lokalne,fragment badawczy <25% utworu,https://www.tiktok.com
neutral_027.mp4,IMG_8338.MP4,inne/lokalne,fragment badawczy <25% utworu,https://www.tiktok.com
neutral_028.mp4,IMG_8339.MP4,inne/lokalne,fragment badawczy <25% utworu,https://www.tiktok.com
neutral_029.mp4,IMG_8340.MP4,inne/lokalne,fragment badawczy <25% utworu,https://www.tiktok.com
neutral_030.mp4,IMG_8342.MP4,inne/lokalne,fragment badawczy <25% utworu,https://www.tiktok.com
neutral_031.mp4,IMG_8343.MP4,inne/lokalne,fragment badawczy <25% utworu,https://www.tiktok.com
neutral_032.mp4,IMG_8344.MP4,inne/lokalne,fragment badawczy <25% utworu,https://www.tiktok.com
neutral_033.mp4,IMG_8345.MP4,inne/lokalne,fragment badawczy <25% utworu,https://www.tiktok.com
neutral_034.mp4,IMG_8346.MP4,inne/lokalne,fragment badawczy <25% utworu,https://www.tiktok.com
neutral_035.mp4,IMG_8347.MP4,inne/lokalne,fragment badawczy <25% utworu,https://www.tiktok.com
neutral_036.mp4,IMG_8348.MP4,inne/lokalne,fragment badawczy <25% utworu,https://www.tiktok.com
neutral_037.mp4,IMG_8349.MP4,inne/lokalne,fragment badawczy <25% utworu,https://www.tiktok.com
neutral_038.mp4,IMG_8350.MP4,inne/lokalne,fragment badawczy <25% utworu,https://www.tiktok.com
neutral_039.mp4,IMG_8351.MP4,inne/lokalne,fragment badawczy <25% utworu,https://www.tiktok.com
neutral_040.mp4,IMG_8352.MP4,inne/lokalne,fragment badawczy <25% utworu,https://www.tiktok.com
neutral_041.mp4,IMG_8353.MP4,inne/lokalne,fragment badawczy <25% utworu,https://www.tiktok.com
neutral_042.mp4,IMG_8354.MP4,inne/lokalne,fragment badawczy <25% utworu,https://www.tiktok.com
neutral_043.mp4,IMG_8355.MP4,inne/lokalne,fragment badawczy <25% utworu,https://www.tiktok.com
neutral_044.mp4,IMG_8356.MP4,inne/lokalne,fragment badawczy <25% utworu,https://www.tiktok.com
neutral_045.mp4,IMG_8357.MP4,inne/lokalne,fragment badawczy <25% utworu,https://www.tiktok.com
neutral_046.mp4,IMG_8358.MP4,inne/lokalne,fragment badawczy <25% utworu,https://www.tiktok.com
neutral_047.mp4,IMG_8359.MP4,inne/lokalne,fragment badawczy <25% utworu,https://www.tiktok.com
neutral_048.mp4,IMG_8360.MP4,inne/lokalne,fragment badawczy <25% utworu,https://www.tiktok.com
neutral_049.mp4,IMG_8361.MP4,inne/lokalne,fragment badawczy <25% utworu,https://www.tiktok.com
neutral_050.mp4,IMG_8362.MP4,inne/lokalne,fragment badawczy <25% utworu,https://www.tiktok.com
neutral_051.mp4,IMG_8363.MP4,inne/lokalne,fragment badawczy <25% utworu,https://www.tiktok.com
neutral_052.mp4,IMG_8364.MP4,inne/lokalne,fragment badawczy <25% utworu,https://www.tiktok.com
neutral_053.mp4,IMG_8365.MP4,inne/lokalne,fragment badawczy <25% utworu,https://www.tiktok.com
neutral_054.mp4,IMG_8366.MP4,inne/lokalne,fragment badawczy <25% utworu,https://www.tiktok.com
neutral_055.mp4,IMG_8367.MP4,inne/lokalne,fragment badawczy <25% utworu,https://www.tiktok.com
neutral_056.mp4,IMG_8368.MP4,inne/lokalne,fragment badawczy <25% utworu,https://www.tiktok.com
neutral_057.mp4,IMG_8369.MP4,inne/lokalne,fragment badawczy <25% utworu,https://www.tiktok.com
neutral_058.mp4,IMG_8370.MP4,inne/lokalne,fragment badawczy <25% utworu,https://www.tiktok.com
neutral_059.mp4,IMG_8371.MP4,inne/lokalne,fragment badawczy <25% utworu,https://www.tiktok.com
neutral_060.mp4,IMG_8372.MP4,inne/lokalne,fragment badawczy <25% utworu,https://www.tiktok.com
neutral_061.mp4,IMG_8373.MP4,inne/lokalne,fragment badawczy <25% utworu,https://www.tiktok.com
neutral_062.mp4,IMG_8374.MP4,inne/lokalne,fragment badawczy <25% utworu,https://www.tiktok.com
neutral_063.mp4,IMG_8375.MP4,inne/lokalne,fragment badawczy <25% utworu,https://www.tiktok.com
neutral_064.mp4,IMG_8376.MP4,inne/lokalne,fragment badawczy <25% utworu,https://www.tiktok.com
neutral_065.mp4,IMG_8377.MP4,inne/lokalne,fragment badawczy <25% utworu,https://www.tiktok.com
neutral_066.mp4,IMG_8378.MP4,inne/lokalne,fragment badawczy <25% utworu,https://www.tiktok.com
neutral_067.mp4,IMG_8379.MP4,inne/lokalne,fragment badawczy <25% utworu,https://www.tiktok.com
neutral_068.mp4,IMG_8380.MP4,inne/lokalne,fragment badawczy <25% utworu,https://www.tiktok.com
neutral_069.mp4,IMG_8381.MP4,inne/lokalne,fragment badawczy <25% utworu,https://www.tiktok.com
neutral_070.mp4,YiLxeDx1ZjU_003444.mp4,YouTube,fragment badawczy <25% utworu,https://www.youtube.com/watch?v=YiLxeDx1ZjU
neutral_071.mp4,YiLxeDx1ZjU_003509.mp4,YouTube,fragment badawczy <25% utworu,https://www.youtube.com/watch?v=YiLxeDx1ZjU
neutral_072.mp4,cLDrSXhhPO8_000075.mp4,YouTube,fragment badawczy <25% utworu,https://www.youtube.com/watch?v=cLDrSXhhPO8
neutral_073.mp4,cLDrSXhhPO8_000169.mp4,YouTube,fragment badawczy <25% utworu,https://www.youtube.com/watch?v=cLDrSXhhPO8
neutral_074.mp4,cLDrSXhhPO8_000399.mp4,YouTube,fragment badawczy <25% utworu,https://www.youtube.com/watch?v=cLDrSXhhPO8
neutral_075.mp4,cLDrSXhhPO8_000438.mp4,YouTube,fragment badawczy <25% utworu,https://www.youtube.com/watch?v=cLDrSXhhPO8
neutral_076.mp4,cLDrSXhhPO8_000587.mp4,YouTube,fragment badawczy <25% utworu,https://www.youtube.com/watch?v=cLDrSXhhPO8
neutral_077.mp4,cLDrSXhhPO8_000607.mp4,YouTube,fragment badawczy <25% utworu,https://www.youtube.com/watch?v=cLDrSXhhPO8
neutral_078.mp4,cLDrSXhhPO8_000705.mp4,YouTube,fragment badawczy <25% utworu,https://www.youtube.com/watch?v=cLDrSXhhPO8
neutral_079.mp4,cLDrSXhhPO8_000914.mp4,YouTube,fragment badawczy <25% utworu,https://www.youtube.com/watch?v=cLDrSXhhPO8
neutral_080.mp4,cLDrSXhhPO8_001027.mp4,YouTube,fragment badawczy <25% utworu,https://www.youtube.com/watch?v=cLDrSXhhPO8
neutral_081.mp4,cLDrSXhhPO8_001331.mp4,YouTube,fragment badawczy <25% utworu,https://www.youtube.com/watch?v=cLDrSXhhPO8
neutral_082.mp4,cLDrSXhhPO8_001824.mp4,YouTube,fragment badawczy <25% utworu,https://www.youtube.com/watch?v=cLDrSXhhPO8
neutral_083.mp4,cLDrSXhhPO8_002544.mp4,YouTube,fragment badawczy <25% utworu,https://www.youtube.com/watch?v=cLDrSXhhPO8
neutral_084.mp4,cLDrSXhhPO8_002580.mp4,YouTube,fragment badawczy <25% utworu,https://www.youtube.com/watch?v=cLDrSXhhPO8
neutral_085.mp4,cLDrSXhhPO8_002586.mp4,YouTube,fragment badawczy <25% utworu,https://www.youtube.com/watch?v=cLDrSXhhPO8
neutral_086.mp4,cLDrSXhhPO8_002619.mp4,YouTube,fragment badawczy <25% utworu,https://www.youtube.com/watch?v=cLDrSXhhPO8
neutral_087.mp4,cLDrSXhhPO8_002635.mp4,YouTube,fragment badawczy <25% utworu,https://www.youtube.com/watch?v=cLDrSXhhPO8
neutral_088.mp4,coverr-DcRZ6rUr0I__black-dog-playing-in-a-garden,Coverr,Coverr License (free),https://coverr.co
neutral_089.mp4,coverr-PZFNP8rBgr__man-petting-his-dog,Coverr,Coverr License (free),https://coverr.co
neutral_090.mp4,coverr-i8bODoUJ03__dog-with-a-red-leash,Coverr,Coverr License (free),https://coverr.co
neutral_091.mp4,coverr-lGcj9ahMDK__a-dog-snifiing-and-scratching-its-back-on-the-grass,Coverr,Coverr License (free),https://coverr.co
neutral_092.mp4,d1XIJB-GGl4_000257,YouTube,fragment badawczy <25% utworu,https://www.youtube.com/watch?v=d1XIJB-GGl4
neutral_093.mp4,dog_11490012,Pexels,Pexels License,https://www.pexels.com/video/11490012/
neutral_094.mp4,dog_12363004,Pexels,Pexels License,https://www.pexels.com/video/12363004/
neutral_095.mp4,dog_12541423,Pexels,Pexels License,https://www.pexels.com/video/12541423/
neutral_096.mp4,dog_15295109,Pexels,Pexels License,https://www.pexels.com/video/15295109/
neutral_097.mp4,dog_19201621,Pexels,Pexels License,https://www.pexels.com/video/19201621/
neutral_098.mp4,dog_19892886,Pexels,Pexels License,https://www.pexels.com/video/19892886/
neutral_099.mp4,dog_20173475,Pexels,Pexels License,https://www.pexels.com/video/20173475/
neutral_100.mp4,dog_28829624,Pexels,Pexels License,https://www.pexels.com/video/28829624/
neutral_101.mp4,dog_28850338,Pexels,Pexels License,https://www.pexels.com/video/28850338/
neutral_102.mp4,dog_29604479,Pexels,Pexels License,https://www.pexels.com/video/29604479/
neutral_103.mp4,dog_30339655,Pexels,Pexels License,https://www.pexels.com/video/30339655/
neutral_104.mp4,dog_30593056,Pexels,Pexels License,https://www.pexels.com/video/30593056/
neutral_105.mp4,dog_31572931,Pexels,Pexels License,https://www.pexels.com/video/31572931/
neutral_106.mp4,dog_34829819,Pexels,Pexels License,https://www.pexels.com/video/34829819/
neutral_107.mp4,dog_35170846,Pexels,Pexels License,https://www.pexels.com/video/35170846/
neutral_108.mp4,dog_35235643,Pexels,Pexels License,https://www.pexels.com/video/35235643/
neutral_109.mp4,dog_35605522,Pexels,Pexels License,https://www.pexels.com/video/35605522/
neutral_110.mp4,dog_35912440,Pexels,Pexels License,https://www.pexels.com/video/35912440/
neutral_111.mp4,dog_4013326,Pexels,Pexels License,https://www.pexels.com/video/4013326/
neutral_112.mp4,dog_5495992,Pexels,Pexels License,https://www.pexels.com/video/5495992/
neutral_113.mp4,dog_5514509,Pexels,Pexels License,https://www.pexels.com/video/5514509/
neutral_114.mp4,dog_5730233,Pexels,Pexels License,https://www.pexels.com/video/5730233/
neutral_115.mp4,dog_5968481,Pexels,Pexels License,https://www.pexels.com/video/5968481/
neutral_116.mp4,dog_5970478,Pexels,Pexels License,https://www.pexels.com/video/5970478/
neutral_117.mp4,dog_7165757,Pexels,Pexels License,https://www.pexels.com/video/7165757/
neutral_118.mp4,dog_7267561,Pexels,Pexels License,https://www.pexels.com/video/7267561/
neutral_119.mp4,dog_7469861,Pexels,Pexels License,https://www.pexels.com/video/7469861/
neutral_120.mp4,dog_8473423,Pexels,Pexels License,https://www.pexels.com/video/8473423/
neutral_121.mp4,dog_8498674,Pexels,Pexels License,https://www.pexels.com/video/8498674/
neutral_122.mp4,dog_8499351,Pexels,Pexels License,https://www.pexels.com/video/8499351/
neutral_123.mp4,dog_8499656,Pexels,Pexels License,https://www.pexels.com/video/8499656/
neutral_124.mp4,dogfacecloseup_7668488913031302431,TikTok,fragment badawczy <25% utworu,https://www.tiktok.com/video/7668488913031302431
neutral_125.mp4,dogsoftiktok_7495091754136407342,TikTok,fragment badawczy <25% utworu,https://www.tiktok.com/video/7495091754136407342
neutral_126.mp4,dogsoftiktok_7541148236162043158,TikTok,fragment badawczy <25% utworu,https://www.tiktok.com/video/7541148236162043158
neutral_127.mp4,magnific-1196771,Pixabay,Pixabay Content License,https://pixabay.com/videos/id-1196771/
neutral_128.mp4,magnific-2780655,Pixabay,Pixabay Content License,https://pixabay.com/videos/id-2780655/
neutral_129.mp4,magnific-2784975,Pixabay,Pixabay Content License,https://pixabay.com/videos/id-2784975/
neutral_130.mp4,magnific-2786507,Pixabay,Pixabay Content License,https://pixabay.com/videos/id-2786507/
neutral_131.mp4,magnific-2792319,Pixabay,Pixabay Content License,https://pixabay.com/videos/id-2792319/
neutral_132.mp4,magnific-2822662,Pixabay,Pixabay Content License,https://pixabay.com/videos/id-2822662/
neutral_133.mp4,magnific-2832602,Pixabay,Pixabay Content License,https://pixabay.com/videos/id-2832602/
neutral_134.mp4,magnific-479059,Pixabay,Pixabay Content License,https://pixabay.com/videos/id-479059/
neutral_135.mp4,magnific-479075,Pixabay,Pixabay Content License,https://pixabay.com/videos/id-479075/
neutral_136.mp4,magnific-479076,Pixabay,Pixabay Content License,https://pixabay.com/videos/id-479076/
neutral_137.mp4,mixkit-10359__two-dogs-resting-with-their-owners-on-a-park-bench,Mixkit,Mixkit Free License,https://mixkit.co/free-stock-video/
neutral_138.mp4,mixkit-10364__taking-care-of-your-dog-in-the-park,Mixkit,Mixkit Free License,https://mixkit.co/free-stock-video/
neutral_139.mp4,mixkit-1495__dog-and-owner-playing-with-a-ball-in-a-creek,Mixkit,Mixkit Free License,https://mixkit.co/free-stock-video/
neutral_140.mp4,mixkit-1499__person-and-dog-walk-in-a-creek,Mixkit,Mixkit Free License,https://mixkit.co/free-stock-video/
neutral_141.mp4,mixkit-1662__dog-groomer-working-with-a-little-dog,Mixkit,Mixkit Free License,https://mixkit.co/free-stock-video/
neutral_142.mp4,mixkit-19666__dog-lying-on-the-floor-breathing-in-the-sun,Mixkit,Mixkit Free License,https://mixkit.co/free-stock-video/
neutral_143.mp4,mixkit-27021__man-gives-his-dogs-water-to-drink-from-a-bottle,Mixkit,Mixkit Free License,https://mixkit.co/free-stock-video/
neutral_144.mp4,mixkit-32335__sad-dog-in-the-city-park,Mixkit,Mixkit Free License,https://mixkit.co/free-stock-video/
neutral_145.mp4,mixkit-33012__sad-hungry-dog-getting-wet-in-the-rain,Mixkit,Mixkit Free License,https://mixkit.co/free-stock-video/
neutral_146.mp4,mixkit-34639__toy-terrier-taking-a-sunbath-in-the-floor,Mixkit,Mixkit Free License,https://mixkit.co/free-stock-video/
neutral_147.mp4,mixkit-45826__loving-owner-giving-her-white-dog-pats-in-the-snow,Mixkit,Mixkit Free License,https://mixkit.co/free-stock-video/
neutral_148.mp4,mixkit-50663__a-cute-border-collie-on-the-lying-ground-stands-and,Mixkit,Mixkit Free License,https://mixkit.co/free-stock-video/
neutral_149.mp4,mixkit-50664__a-cute-border-collie-canine-drinking-water-from-a-bowl,Mixkit,Mixkit Free License,https://mixkit.co/free-stock-video/
neutral_150.mp4,mixkit-50688__playfull-border-collie-dog-playing-with-a-toy-ball,Mixkit,Mixkit Free License,https://mixkit.co/free-stock-video/
neutral_151.mp4,mixkit-7355__team-of-husky-sled-dogs-running-in-the-snow,Mixkit,Mixkit Free License,https://mixkit.co/free-stock-video/
neutral_152.mp4,o8zoo0FJkUY_82800_0040.mp4,YouTube,fragment badawczy <25% utworu,https://www.youtube.com/watch?v=o8zoo0FJkUY
neutral_153.mp4,o8zoo0FJkUY_82800_0041.mp4,YouTube,fragment badawczy <25% utworu,https://www.youtube.com/watch?v=o8zoo0FJkUY
neutral_154.mp4,o8zoo0FJkUY_82800_0042.mp4,YouTube,fragment badawczy <25% utworu,https://www.youtube.com/watch?v=o8zoo0FJkUY
neutral_155.mp4,o8zoo0FJkUY_82800_0043.mp4,YouTube,fragment badawczy <25% utworu,https://www.youtube.com/watch?v=o8zoo0FJkUY
neutral_156.mp4,o8zoo0FJkUY_82800_0044.mp4,YouTube,fragment badawczy <25% utworu,https://www.youtube.com/watch?v=o8zoo0FJkUY
neutral_157.mp4,o8zoo0FJkUY_82800_0046.mp4,YouTube,fragment badawczy <25% utworu,https://www.youtube.com/watch?v=o8zoo0FJkUY
neutral_158.mp4,o8zoo0FJkUY_82800_0058.mp4,YouTube,fragment badawczy <25% utworu,https://www.youtube.com/watch?v=o8zoo0FJkUY
neutral_159.mp4,o8zoo0FJkUY_84600_0000.mp4,YouTube,fragment badawczy <25% utworu,https://www.youtube.com/watch?v=o8zoo0FJkUY
neutral_160.mp4,o8zoo0FJkUY_84600_0010.mp4,YouTube,fragment badawczy <25% utworu,https://www.youtube.com/watch?v=o8zoo0FJkUY
neutral_161.mp4,o8zoo0FJkUY_84600_0018.mp4,YouTube,fragment badawczy <25% utworu,https://www.youtube.com/watch?v=o8zoo0FJkUY
neutral_162.mp4,o8zoo0FJkUY_84600_0027.mp4,YouTube,fragment badawczy <25% utworu,https://www.youtube.com/watch?v=o8zoo0FJkUY
neutral_163.mp4,o8zoo0FJkUY_84600_0035.mp4,YouTube,fragment badawczy <25% utworu,https://www.youtube.com/watch?v=o8zoo0FJkUY
neutral_164.mp4,o8zoo0FJkUY_84600_0037.mp4,YouTube,fragment badawczy <25% utworu,https://www.youtube.com/watch?v=o8zoo0FJkUY
neutral_165.mp4,o8zoo0FJkUY_84600_0040.mp4,YouTube,fragment badawczy <25% utworu,https://www.youtube.com/watch?v=o8zoo0FJkUY
neutral_166.mp4,pexels_11490018.mp4,Pexels,Pexels License,https://www.pexels.com/video/11490018/
neutral_167.mp4,pexels_12319846.mp4,Pexels,Pexels License,https://www.pexels.com/video/12319846/
neutral_168.mp4,pexels_16233109.mp4,Pexels,Pexels License,https://www.pexels.com/video/16233109/
neutral_169.mp4,pexels_16534371.mp4,Pexels,Pexels License,https://www.pexels.com/video/16534371/
neutral_170.mp4,pexels_1851001.mp4,Pexels,Pexels License,https://www.pexels.com/video/1851001/
neutral_171.mp4,pexels_18787341.mp4,Pexels,Pexels License,https://www.pexels.com/video/18787341/
neutral_172.mp4,pexels_19710679.mp4,Pexels,Pexels License,https://www.pexels.com/video/19710679/
neutral_173.mp4,pexels_20322276.mp4,Pexels,Pexels License,https://www.pexels.com/video/20322276/
neutral_174.mp4,pexels_20660963.mp4,Pexels,Pexels License,https://www.pexels.com/video/20660963/
neutral_175.mp4,pexels_2431398.mp4,Pexels,Pexels License,https://www.pexels.com/video/2431398/
neutral_176.mp4,pexels_27134309.mp4,Pexels,Pexels License,https://www.pexels.com/video/27134309/
neutral_177.mp4,pexels_27271087.mp4,Pexels,Pexels License,https://www.pexels.com/video/27271087/
neutral_178.mp4,pexels_28499868.mp4,Pexels,Pexels License,https://www.pexels.com/video/28499868/
neutral_179.mp4,pexels_28587406.mp4,Pexels,Pexels License,https://www.pexels.com/video/28587406/
neutral_180.mp4,pexels_28638777.mp4,Pexels,Pexels License,https://www.pexels.com/video/28638777/
neutral_181.mp4,pexels_30797055.mp4,Pexels,Pexels License,https://www.pexels.com/video/30797055/
neutral_182.mp4,pexels_31983543.mp4,Pexels,Pexels License,https://www.pexels.com/video/31983543/
neutral_183.mp4,pexels_34346766.mp4,Pexels,Pexels License,https://www.pexels.com/video/34346766/
neutral_184.mp4,pexels_34576401.mp4,Pexels,Pexels License,https://www.pexels.com/video/34576401/
neutral_185.mp4,pexels_34576405.mp4,Pexels,Pexels License,https://www.pexels.com/video/34576405/
neutral_186.mp4,pexels_34710283.mp4,Pexels,Pexels License,https://www.pexels.com/video/34710283/
neutral_187.mp4,pexels_35246436.mp4,Pexels,Pexels License,https://www.pexels.com/video/35246436/
neutral_188.mp4,pexels_35289404.mp4,Pexels,Pexels License,https://www.pexels.com/video/35289404/
neutral_189.mp4,pexels_35309768.mp4,Pexels,Pexels License,https://www.pexels.com/video/35309768/
neutral_190.mp4,pexels_35374264.mp4,Pexels,Pexels License,https://www.pexels.com/video/35374264/
neutral_191.mp4,pexels_35790390.mp4,Pexels,Pexels License,https://www.pexels.com/video/35790390/
neutral_192.mp4,pexels_36040955.mp4,Pexels,Pexels License,https://www.pexels.com/video/36040955/
neutral_193.mp4,pexels_36266506.mp4,Pexels,Pexels License,https://www.pexels.com/video/36266506/
neutral_194.mp4,pexels_36304736.mp4,Pexels,Pexels License,https://www.pexels.com/video/36304736/
neutral_195.mp4,pexels_36609983.mp4,Pexels,Pexels License,https://www.pexels.com/video/36609983/
neutral_196.mp4,pexels_37205946.mp4,Pexels,Pexels License,https://www.pexels.com/video/37205946/
neutral_197.mp4,pexels_37215875.mp4,Pexels,Pexels License,https://www.pexels.com/video/37215875/
neutral_198.mp4,pexels_37563828.mp4,Pexels,Pexels License,https://www.pexels.com/video/37563828/
neutral_199.mp4,pexels_37644120.mp4,Pexels,Pexels License,https://www.pexels.com/video/37644120/
neutral_200.mp4,pexels_37644121.mp4,Pexels,Pexels License,https://www.pexels.com/video/37644121/
neutral_201.mp4,pexels_38118752.mp4,Pexels,Pexels License,https://www.pexels.com/video/38118752/
neutral_202.mp4,pexels_38235687.mp4,Pexels,Pexels License,https://www.pexels.com/video/38235687/
neutral_203.mp4,pexels_38837938.mp4,Pexels,Pexels License,https://www.pexels.com/video/38837938/
neutral_204.mp4,pexels_4057153.mp4,Pexels,Pexels License,https://www.pexels.com/video/4057153/
neutral_205.mp4,pexels_4057316.mp4,Pexels,Pexels License,https://www.pexels.com/video/4057316/
neutral_206.mp4,pexels_4126218.mp4,Pexels,Pexels License,https://www.pexels.com/video/4126218/
neutral_207.mp4,pexels_4210977.mp4,Pexels,Pexels License,https://www.pexels.com/video/4210977/
neutral_208.mp4,pexels_4725808.mp4,Pexels,Pexels License,https://www.pexels.com/video/4725808/
neutral_209.mp4,pexels_4836402.mp4,Pexels,Pexels License,https://www.pexels.com/video/4836402/
neutral_210.mp4,pexels_5001192.mp4,Pexels,Pexels License,https://www.pexels.com/video/5001192/
neutral_211.mp4,pexels_5190115.mp4,Pexels,Pexels License,https://www.pexels.com/video/5190115/
neutral_212.mp4,pexels_5279818.mp4,Pexels,Pexels License,https://www.pexels.com/video/5279818/
neutral_213.mp4,pexels_5384947.mp4,Pexels,Pexels License,https://www.pexels.com/video/5384947/
neutral_214.mp4,pexels_5473834.mp4,Pexels,Pexels License,https://www.pexels.com/video/5473834/
neutral_215.mp4,pexels_5481925.mp4,Pexels,Pexels License,https://www.pexels.com/video/5481925/
neutral_216.mp4,pexels_5495995.mp4,Pexels,Pexels License,https://www.pexels.com/video/5495995/
neutral_217.mp4,pexels_5740699.mp4,Pexels,Pexels License,https://www.pexels.com/video/5740699/
neutral_218.mp4,pexels_6157245.mp4,Pexels,Pexels License,https://www.pexels.com/video/6157245/
neutral_219.mp4,pexels_6271455.mp4,Pexels,Pexels License,https://www.pexels.com/video/6271455/
neutral_220.mp4,pexels_6271559.mp4,Pexels,Pexels License,https://www.pexels.com/video/6271559/
neutral_221.mp4,pexels_6825843.mp4,Pexels,Pexels License,https://www.pexels.com/video/6825843/
neutral_222.mp4,pexels_8402603.mp4,Pexels,Pexels License,https://www.pexels.com/video/8402603/
neutral_223.mp4,pexels_8473398.mp4,Pexels,Pexels License,https://www.pexels.com/video/8473398/
neutral_224.mp4,pexels_8731194.mp4,Pexels,Pexels License,https://www.pexels.com/video/8731194/
neutral_225.mp4,pexels_8746681.mp4,Pexels,Pexels License,https://www.pexels.com/video/8746681/
neutral_226.mp4,pexels_9314166.mp4,Pexels,Pexels License,https://www.pexels.com/video/9314166/
neutral_227.mp4,pixabay_23686,Pixabay,Pixabay Content License,https://pixabay.com/videos/id-23686/
neutral_228.mp4,pixabay_57181,Pixabay,Pixabay Content License,https://pixabay.com/videos/id-57181/
neutral_229.mp4,pixabay_63205,Pixabay,Pixabay Content License,https://pixabay.com/videos/id-63205/
neutral_230.mp4,pixabay_65299,Pixabay,Pixabay Content License,https://pixabay.com/videos/id-65299/
neutral_231.mp4,pzpCfz5p7HE_000388,YouTube,fragment badawczy <25% utworu,https://www.youtube.com/watch?v=pzpCfz5p7HE
neutral_232.mp4,pzpCfz5p7HE_000624,YouTube,fragment badawczy <25% utworu,https://www.youtube.com/watch?v=pzpCfz5p7HE
neutral_233.mp4,segment_long_16496654_20,Pexels,Pexels License,https://www.pexels.com/video/16496654/
neutral_234.mp4,segment_long_19887568_21,Pexels,Pexels License,https://www.pexels.com/video/19887568/
neutral_235.mp4,segment_long_31290563_32,Pexels,Pexels License,https://www.pexels.com/video/31290563/
neutral_236.mp4,segment_long_33131112_35,Pexels,Pexels License,https://www.pexels.com/video/33131112/
neutral_237.mp4,segment_long_35174438_42,Pexels,Pexels License,https://www.pexels.com/video/35174438/
neutral_238.mp4,segment_long_35176722_43,Pexels,Pexels License,https://www.pexels.com/video/35176722/
neutral_239.mp4,segment_long_35176722_44,Pexels,Pexels License,https://www.pexels.com/video/35176722/
neutral_240.mp4,segment_long_36221724_49,Pexels,Pexels License,https://www.pexels.com/video/36221724/
neutral_241.mp4,segment_long_36221724_50,Pexels,Pexels License,https://www.pexels.com/video/36221724/
neutral_242.mp4,segment_long_6496580_100,Pexels,Pexels License,https://www.pexels.com/video/6496580/
neutral_243.mp4,segment_long_6496580_98,Pexels,Pexels License,https://www.pexels.com/video/6496580/
neutral_244.mp4,segment_long_6496580_99,Pexels,Pexels License,https://www.pexels.com/video/6496580/
neutral_245.mp4,segment_long_9507458_169,Pexels,Pexels License,https://www.pexels.com/video/9507458/
neutral_246.mp4,u892CkbvwKQ_000448,YouTube,fragment badawczy <25% utworu,https://www.youtube.com/watch?v=u892CkbvwKQ
neutral_247.mp4,u9fNxbxt__U_000190,YouTube,fragment badawczy <25% utworu,https://www.youtube.com/watch?v=u9fNxbxt__U
neutral_248.mp4,youtube_cute dog face closeup_dDkdAGbyOwU,YouTube,fragment badawczy <25% utworu,https://www.youtube.com/watch?v=dDkdAGbyOwU
neutral_249.mp4,youtube_dog facial expression closeup_E7O3Kmvrg9U,YouTube,fragment badawczy <25% utworu,https://www.youtube.com/watch?v=E7O3Kmvrg9U
neutral_250.mp4,youtube_dog wagging tail happy_Jf5O51-HZj0,YouTube,fragment badawczy <25% utworu,https://www.youtube.com/watch?v=Jf5O51-HZj0
sad_001.mp4,ACcWtXhq3Z4_000025,YouTube,fragment badawczy <25% utworu,https://www.youtube.com/watch?v=ACcWtXhq3Z4
sad_002.mp4,ACcWtXhq3Z4_000062,YouTube,fragment badawczy <25% utworu,https://www.youtube.com/watch?v=ACcWtXhq3Z4
sad_003.mp4,D0ZJr8cAUHg_000050,YouTube,fragment badawczy <25% utworu,https://www.youtube.com/watch?v=D0ZJr8cAUHg
sad_004.mp4,D0ZJr8cAUHg_000232,YouTube,fragment badawczy <25% utworu,https://www.youtube.com/watch?v=D0ZJr8cAUHg
sad_005.mp4,a145a19233d4f70d0953b09ca6bdca9b,TikTok,fragment badawczy <25% utworu,https://www.tiktok.com
sad_006.mp4,cLDrSXhhPO8_001265.mp4,YouTube,fragment badawczy <25% utworu,https://www.youtube.com/watch?v=cLDrSXhhPO8
sad_007.mp4,cLDrSXhhPO8_002594.mp4,YouTube,fragment badawczy <25% utworu,https://www.youtube.com/watch?v=cLDrSXhhPO8
sad_008.mp4,cLDrSXhhPO8_002641.mp4,YouTube,fragment badawczy <25% utworu,https://www.youtube.com/watch?v=cLDrSXhhPO8
sad_009.mp4,cLDrSXhhPO8_003024.mp4,YouTube,fragment badawczy <25% utworu,https://www.youtube.com/watch?v=cLDrSXhhPO8
sad_010.mp4,coverr-cymU5AKro0__girl-touches-a-dog-s-nose,Coverr,Coverr License (free),https://coverr.co
sad_011.mp4,coverr-rXDihJwr9V__dog-trying-to-catch-a-fly,Coverr,Coverr License (free),https://coverr.co
sad_012.mov,dog-resting-its-head-on-white-surface-2025-12-17-16-49-12-utc (1).mov,inne/lokalne,fragment badawczy <25% utworu,https://www.tiktok.com
sad_013.mp4,dog_10659283,Pexels,Pexels License,https://www.pexels.com/video/10659283/
sad_014.mp4,dog_11487567,Pexels,Pexels License,https://www.pexels.com/video/11487567/
sad_015.mp4,dog_11534028,Pexels,Pexels License,https://www.pexels.com/video/11534028/
sad_016.mp4,dog_12768750,Pexels,Pexels License,https://www.pexels.com/video/12768750/
sad_017.mp4,dog_13260897,Pexels,Pexels License,https://www.pexels.com/video/13260897/
sad_018.mp4,dog_16622159,Pexels,Pexels License,https://www.pexels.com/video/16622159/
sad_019.mp4,dog_16622183,Pexels,Pexels License,https://www.pexels.com/video/16622183/
sad_020.mp4,dog_19887574,Pexels,Pexels License,https://www.pexels.com/video/19887574/
sad_021.mp4,dog_20485426,Pexels,Pexels License,https://www.pexels.com/video/20485426/
sad_022.mp4,dog_2795682,Pexels,Pexels License,https://www.pexels.com/video/2795682/
sad_023.mp4,dog_28949969,Pexels,Pexels License,https://www.pexels.com/video/28949969/
sad_024.mp4,dog_29576542,Pexels,Pexels License,https://www.pexels.com/video/29576542/
sad_025.mp4,dog_31983537,Pexels,Pexels License,https://www.pexels.com/video/31983537/
sad_026.mp4,dog_32107781,Pexels,Pexels License,https://www.pexels.com/video/32107781/
sad_027.mp4,dog_35419111,Pexels,Pexels License,https://www.pexels.com/video/35419111/
sad_028.mp4,dog_35605516,Pexels,Pexels License,https://www.pexels.com/video/35605516/
sad_029.mp4,dog_35605530,Pexels,Pexels License,https://www.pexels.com/video/35605530/
sad_030.mp4,dog_36014853,Pexels,Pexels License,https://www.pexels.com/video/36014853/
sad_031.mp4,dog_36413850,Pexels,Pexels License,https://www.pexels.com/video/36413850/
sad_032.mp4,dog_5479940,Pexels,Pexels License,https://www.pexels.com/video/5479940/
sad_033.mp4,dog_5751625,Pexels,Pexels License,https://www.pexels.com/video/5751625/
sad_034.mp4,dog_7677288,Pexels,Pexels License,https://www.pexels.com/video/7677288/
sad_035.mp4,dog_7678713,Pexels,Pexels License,https://www.pexels.com/video/7678713/
sad_036.mp4,dog_7678725,Pexels,Pexels License,https://www.pexels.com/video/7678725/
sad_037.mp4,dogfacecloseup_7011875889168370949,TikTok,fragment badawczy <25% utworu,https://www.tiktok.com/video/7011875889168370949
sad_038.mp4,dogfaces_7513760661390839070,TikTok,fragment badawczy <25% utworu,https://www.tiktok.com/video/7513760661390839070
sad_039.mp4,dogsadeyes_7120377381059087662,TikTok,fragment badawczy <25% utworu,https://www.tiktok.com/video/7120377381059087662
sad_040.mp4,dogsadeyes_7467278279003606302,TikTok,fragment badawczy <25% utworu,https://www.tiktok.com/video/7467278279003606302
sad_041.mov,envato_01c1c457-5a50-4150-afca-cb3e8e94f6af.mov,inne/lokalne,fragment badawczy <25% utworu,https://www.tiktok.com
sad_042.mov,envato_01c2d4d9-8aca-4437-a0e2-4d722104ace7.mov,inne/lokalne,fragment badawczy <25% utworu,https://www.tiktok.com
sad_043.mov,envato_0752129b-3a90-4bba-a3df-2de72db3cfd9.mov,inne/lokalne,fragment badawczy <25% utworu,https://www.tiktok.com
sad_044.mov,envato_0cc64f97-5ce8-4350-8c14-4bdb2878bccb.mov,inne/lokalne,fragment badawczy <25% utworu,https://www.tiktok.com
sad_045.mov,envato_0fb1b254-55d9-48d2-86c8-81c7e9cc9e8e.mov,inne/lokalne,fragment badawczy <25% utworu,https://www.tiktok.com
sad_046.mov,envato_0fcb9b74-ceee-4dd2-a56c-5879c512efbb.mov,inne/lokalne,fragment badawczy <25% utworu,https://www.tiktok.com
sad_047.mov,envato_10b73747-a2a2-485c-a475-e31f05c79166.mov,inne/lokalne,fragment badawczy <25% utworu,https://www.tiktok.com
sad_048.mov,envato_12607569-d6c7-49e6-920d-5ab5ebb4f775.mov,inne/lokalne,fragment badawczy <25% utworu,https://www.tiktok.com
sad_049.mov,envato_1280307e-7b3b-4515-85d4-157e7f397db0.mov,inne/lokalne,fragment badawczy <25% utworu,https://www.tiktok.com
sad_050.mov,envato_13bbbd4c-d90d-43db-b530-a6ec97ad87bc.mov,inne/lokalne,fragment badawczy <25% utworu,https://www.tiktok.com
sad_051.mov,envato_14c7c696-563c-47ef-b6fe-7eb24884b648.mov,inne/lokalne,fragment badawczy <25% utworu,https://www.tiktok.com
sad_052.mov,envato_16427310-f4c3-48fe-927e-916a00c00a1d.mov,inne/lokalne,fragment badawczy <25% utworu,https://www.tiktok.com
sad_053.mov,envato_18d90258-fd28-46df-b347-ffa7b1a7597f.mov,inne/lokalne,fragment badawczy <25% utworu,https://www.tiktok.com
sad_054.mov,envato_1abc3d25-2d61-4aeb-9018-db91981c47ce.mov,inne/lokalne,fragment badawczy <25% utworu,https://www.tiktok.com
sad_055.mov,envato_1b9ba49b-b5fc-4afc-a4f4-02425d1a53cf.mov,inne/lokalne,fragment badawczy <25% utworu,https://www.tiktok.com
sad_056.mov,envato_1ce0da72-050d-4ec7-8cc6-c1ea1b996b18.mov,inne/lokalne,fragment badawczy <25% utworu,https://www.tiktok.com
sad_057.mov,envato_1f4e1739-1062-4550-be40-221b09897606.mov,inne/lokalne,fragment badawczy <25% utworu,https://www.tiktok.com
sad_058.mov,envato_20e33d45-064a-408c-b8f3-c939e2a99d97.mov,inne/lokalne,fragment badawczy <25% utworu,https://www.tiktok.com
sad_059.mov,envato_2160b580-2a09-49bd-992c-6ee37882efca.mov,inne/lokalne,fragment badawczy <25% utworu,https://www.tiktok.com
sad_060.mov,envato_25faa05f-202f-47f3-b6f8-2cffec83fa78.mov,inne/lokalne,fragment badawczy <25% utworu,https://www.tiktok.com
sad_061.mov,envato_391b8794-116b-4974-8842-e5b33f54753e.mov,inne/lokalne,fragment badawczy <25% utworu,https://www.tiktok.com
sad_062.mov,envato_3a0bd452-02f0-4dc0-9015-ecf4621bc38d.mov,inne/lokalne,fragment badawczy <25% utworu,https://www.tiktok.com
sad_063.mov,envato_44f64210-e348-40ad-a519-b87521c445fd.mov,inne/lokalne,fragment badawczy <25% utworu,https://www.tiktok.com
sad_064.mov,envato_452f49a6-e169-4c8a-8117-72602bb41147.mov,inne/lokalne,fragment badawczy <25% utworu,https://www.tiktok.com
sad_065.mov,envato_49533fbc-463a-42cc-b246-12230fecf002.mov,inne/lokalne,fragment badawczy <25% utworu,https://www.tiktok.com
sad_066.mov,envato_4ccc32e9-79e4-404d-8fc7-f9bf9aaab709.mov,inne/lokalne,fragment badawczy <25% utworu,https://www.tiktok.com
sad_067.mov,envato_4fd229fd-edab-487a-a305-61341df0759a.mov,inne/lokalne,fragment badawczy <25% utworu,https://www.tiktok.com
sad_068.mov,envato_51c27d5f-9c5c-4af8-a161-c52810f7d76c.mov,inne/lokalne,fragment badawczy <25% utworu,https://www.tiktok.com
sad_069.mov,envato_5dac70c9-bacc-4848-8ea3-33db9862b8de.mov,inne/lokalne,fragment badawczy <25% utworu,https://www.tiktok.com
sad_070.mov,envato_5f3b0002-140e-4840-8ad9-c0ce11d971b2.mov,inne/lokalne,fragment badawczy <25% utworu,https://www.tiktok.com
sad_071.mov,envato_6225805e-7d21-4f03-913d-9bd252faa297.mov,inne/lokalne,fragment badawczy <25% utworu,https://www.tiktok.com
sad_072.mov,envato_65b10528-295a-4e92-8bdc-b35f0835b36a.mov,inne/lokalne,fragment badawczy <25% utworu,https://www.tiktok.com
sad_073.mov,envato_6baa5350-363e-4d82-b75e-03921ca33273.mov,inne/lokalne,fragment badawczy <25% utworu,https://www.tiktok.com
sad_074.mov,envato_6fa6320e-c8b5-43d0-988b-16396ce9eb7f.mov,inne/lokalne,fragment badawczy <25% utworu,https://www.tiktok.com
sad_075.mov,envato_730aef1e-8b01-4f6e-b0d0-ab07347509f5.mov,inne/lokalne,fragment badawczy <25% utworu,https://www.tiktok.com
sad_076.mov,envato_75f93573-2390-4633-84a7-6f42455f4001.mov,inne/lokalne,fragment badawczy <25% utworu,https://www.tiktok.com
sad_077.mov,envato_7902b3cd-ba84-4930-91be-207a6e827bb4.mov,inne/lokalne,fragment badawczy <25% utworu,https://www.tiktok.com
sad_078.mov,envato_7be3aa37-24b0-4ef4-9635-0abb7e914474.mov,inne/lokalne,fragment badawczy <25% utworu,https://www.tiktok.com
sad_079.mov,envato_809f683c-2020-465b-a506-ee4837aa20f8.mov,inne/lokalne,fragment badawczy <25% utworu,https://www.tiktok.com
sad_080.mov,envato_83ed6478-05d5-4fb7-806b-b8cfb7b54e10.mov,inne/lokalne,fragment badawczy <25% utworu,https://www.tiktok.com
sad_081.mov,envato_8645e180-10ec-42f9-9ecf-1071965ce887.mov,inne/lokalne,fragment badawczy <25% utworu,https://www.tiktok.com
sad_082.mov,envato_8a953586-f74c-4cae-8f25-eb827ab7ade5.mov,inne/lokalne,fragment badawczy <25% utworu,https://www.tiktok.com
sad_083.mov,envato_996f0a3a-a5d8-43d5-a494-11bd2d6b159b.mov,inne/lokalne,fragment badawczy <25% utworu,https://www.tiktok.com
sad_084.mov,envato_9aea3dda-9209-4b76-b14f-81cc81e05239.mov,inne/lokalne,fragment badawczy <25% utworu,https://www.tiktok.com
sad_085.mov,envato_9c58ada9-de63-4b9f-abdc-9333a44ba85f.mov,inne/lokalne,fragment badawczy <25% utworu,https://www.tiktok.com
sad_086.mov,envato_9e231b98-67b0-4d55-8ca0-d29ab4475318.mov,inne/lokalne,fragment badawczy <25% utworu,https://www.tiktok.com
sad_087.mov,envato_a3dfee01-32ce-4297-a991-ff36093f9c6b.mov,inne/lokalne,fragment badawczy <25% utworu,https://www.tiktok.com
sad_088.mov,envato_a679c67f-f620-4f2d-b125-31723b90ba49.mov,inne/lokalne,fragment badawczy <25% utworu,https://www.tiktok.com
sad_089.mov,envato_a6aec701-de37-4653-bc7c-073304b472d1.mov,inne/lokalne,fragment badawczy <25% utworu,https://www.tiktok.com
sad_090.mov,envato_a72ed03e-ac40-4d42-af59-b2f0003627ef.mov,inne/lokalne,fragment badawczy <25% utworu,https://www.tiktok.com
sad_091.mov,envato_a9a6cc51-e00e-46b7-8148-e0213267ca1d.mov,inne/lokalne,fragment badawczy <25% utworu,https://www.tiktok.com
sad_092.mov,envato_ab556e92-d85e-4baa-9685-ce0bb6465a25.mov,inne/lokalne,fragment badawczy <25% utworu,https://www.tiktok.com
sad_093.mov,envato_abf55486-c8cf-4c48-bb5e-7cefa4afa2dd.mov,inne/lokalne,fragment badawczy <25% utworu,https://www.tiktok.com
sad_094.mov,envato_ac853fe5-bfed-4c00-9fe5-618c8d9c6ccb.mov,inne/lokalne,fragment badawczy <25% utworu,https://www.tiktok.com
sad_095.mov,envato_ad82e109-a35b-4346-bd2c-4a22fcaedf00.mov,inne/lokalne,fragment badawczy <25% utworu,https://www.tiktok.com
sad_096.mov,envato_adb0f51c-2879-4069-9a9a-179d41d28e32.mov,inne/lokalne,fragment badawczy <25% utworu,https://www.tiktok.com
sad_097.mov,envato_adb8fcf5-5871-477a-a6ac-8dd4a46fcd1e.mov,inne/lokalne,fragment badawczy <25% utworu,https://www.tiktok.com
sad_098.mov,envato_b3116463-bebb-406e-ac05-827f3df07426.mov,inne/lokalne,fragment badawczy <25% utworu,https://www.tiktok.com
sad_099.mov,envato_b852d1e9-20f7-4be3-8732-8f2e32ff490e.mov,inne/lokalne,fragment badawczy <25% utworu,https://www.tiktok.com
sad_100.mov,envato_b88dc948-96e7-492b-a8ef-862879492824.mov,inne/lokalne,fragment badawczy <25% utworu,https://www.tiktok.com
sad_101.mov,envato_bffd0190-f724-47b3-97c1-271a25bd043b.mov,inne/lokalne,fragment badawczy <25% utworu,https://www.tiktok.com
sad_102.mov,envato_c0d51d1d-7f77-4c62-b19a-0b59b130275b.mov,inne/lokalne,fragment badawczy <25% utworu,https://www.tiktok.com
sad_103.mov,envato_c0f168ac-c508-4b15-9dba-a7f1b3873fd0.mov,inne/lokalne,fragment badawczy <25% utworu,https://www.tiktok.com
sad_104.mov,envato_c3350d98-e608-449b-be93-5ce2d8e0c64b.mov,inne/lokalne,fragment badawczy <25% utworu,https://www.tiktok.com
sad_105.mov,envato_c50a39c9-3934-425e-8ea3-92347a9704af.mov,inne/lokalne,fragment badawczy <25% utworu,https://www.tiktok.com
sad_106.mov,envato_cbb4266d-aea1-4807-acce-ffd63b67051b.mov,inne/lokalne,fragment badawczy <25% utworu,https://www.tiktok.com
sad_107.mov,envato_cce379e8-b88f-4601-a3f2-6656b28dad50.mov,inne/lokalne,fragment badawczy <25% utworu,https://www.tiktok.com
sad_108.mov,envato_d0e3bc44-50de-446a-8985-9dac74b441d3.mov,inne/lokalne,fragment badawczy <25% utworu,https://www.tiktok.com
sad_109.mov,envato_d61779e7-d4a4-40b8-8c2d-778b139dc6c1.mov,inne/lokalne,fragment badawczy <25% utworu,https://www.tiktok.com
sad_110.mov,envato_d6c137c7-42d0-45cb-9777-44a108e4eab4.mov,inne/lokalne,fragment badawczy <25% utworu,https://www.tiktok.com
sad_111.mov,envato_de27e6e1-8ae3-4afd-a47a-47124d7cde80.mov,inne/lokalne,fragment badawczy <25% utworu,https://www.tiktok.com
sad_112.mov,envato_e0869fd5-b1ac-4c05-8f52-2c157d77eea2.mov,inne/lokalne,fragment badawczy <25% utworu,https://www.tiktok.com
sad_113.mov,envato_e4098066-4ed3-4f37-95b6-f67617132c3d.mov,inne/lokalne,fragment badawczy <25% utworu,https://www.tiktok.com
sad_114.mov,envato_e43089b3-4e15-400f-b30a-43449f6cca5d.mov,inne/lokalne,fragment badawczy <25% utworu,https://www.tiktok.com
sad_115.mov,envato_e6978676-d6ba-4150-a88c-bc5b8e4f26ab.mov,inne/lokalne,fragment badawczy <25% utworu,https://www.tiktok.com
sad_116.mov,envato_ea33cf93-9fdb-47aa-8b90-adfa3e303c27.mov,inne/lokalne,fragment badawczy <25% utworu,https://www.tiktok.com
sad_117.mov,envato_ee93d174-0b4a-49c9-8604-2248d09f3e23.mov,inne/lokalne,fragment badawczy <25% utworu,https://www.tiktok.com
sad_118.mov,envato_f426bb96-9229-404a-a6f6-63e4cd869b7f.mov,inne/lokalne,fragment badawczy <25% utworu,https://www.tiktok.com
sad_119.mov,envato_f4886689-4710-459a-998e-0286445df2a1.mov,inne/lokalne,fragment badawczy <25% utworu,https://www.tiktok.com
sad_120.mov,envato_f919f36c-9c18-4598-82dd-18140be4b539.mov,inne/lokalne,fragment badawczy <25% utworu,https://www.tiktok.com
sad_121.mov,envato_f9381599-4512-47d4-b18e-38f065d8a62f.mov,inne/lokalne,fragment badawczy <25% utworu,https://www.tiktok.com
sad_122.mov,envato_f9d80545-99b8-4af5-adb3-c3150470b0be.mov,inne/lokalne,fragment badawczy <25% utworu,https://www.tiktok.com
sad_123.mov,envato_fab7f185-0a0c-4829-a037-8b256dd3a449.mov,inne/lokalne,fragment badawczy <25% utworu,https://www.tiktok.com
sad_124.mov,envato_fc2bf9c5-bc37-41b0-b75d-2b0e93e32c20.mov,inne/lokalne,fragment badawczy <25% utworu,https://www.tiktok.com
sad_125.mov,envato_fd0a51d6-0d46-4377-b8d2-17aec0fa8555.mov,inne/lokalne,fragment badawczy <25% utworu,https://www.tiktok.com
sad_126.mov,envato_fd9192da-cd81-4323-887e-a2a1fe678f02.mov,inne/lokalne,fragment badawczy <25% utworu,https://www.tiktok.com
sad_127.mp4,f22d385593fdebaffeee13dd4295f901,TikTok,fragment badawczy <25% utworu,https://www.tiktok.com
sad_128.mp4,magnific-2866211,Pixabay,Pixabay Content License,https://pixabay.com/videos/id-2866211/
sad_129.mp4,magnific-2866402,Pixabay,Pixabay Content License,https://pixabay.com/videos/id-2866402/
sad_130.mp4,magnific-479083,Pixabay,Pixabay Content License,https://pixabay.com/videos/id-479083/
sad_131.mp4,mixkit-24978__petting-a-labrador,Mixkit,Mixkit Free License,https://mixkit.co/free-stock-video/
sad_132.mp4,mixkit-33018__sad-and-hungry-dog-lost-under-rain,Mixkit,Mixkit Free License,https://mixkit.co/free-stock-video/
sad_133.mp4,mixkit-33163__little-white-puppy-bull-terrier,Mixkit,Mixkit Free License,https://mixkit.co/free-stock-video/
sad_134.mp4,mixkit-47444__dog-behind-bar-gate-howling,Mixkit,Mixkit Free License,https://mixkit.co/free-stock-video/
sad_135.mp4,mixkit-50657__a-blue-eyed-border-collie-licks-his-muzzle,Mixkit,Mixkit Free License,https://mixkit.co/free-stock-video/
sad_136.mp4,mixkit-50665__a-young-pitbull-canine-sitting-on-the-ground-patiently-listens,Mixkit,Mixkit Free License,https://mixkit.co/free-stock-video/
sad_137.mp4,mixkit-50666__a-brown-pitbull-canine-panting,Mixkit,Mixkit Free License,https://mixkit.co/free-stock-video/
sad_138.mp4,mixkit-6400__woman-taking-a-selfie-with-her-dog,Mixkit,Mixkit Free License,https://mixkit.co/free-stock-video/
sad_139.mp4,o8zoo0FJkUY_82800_0051.mp4,YouTube,fragment badawczy <25% utworu,https://www.youtube.com/watch?v=o8zoo0FJkUY
sad_140.mp4,o8zoo0FJkUY_82800_0057.mp4,YouTube,fragment badawczy <25% utworu,https://www.youtube.com/watch?v=o8zoo0FJkUY
sad_141.mp4,o8zoo0FJkUY_82800_0067.mp4,YouTube,fragment badawczy <25% utworu,https://www.youtube.com/watch?v=o8zoo0FJkUY
sad_142.mp4,o8zoo0FJkUY_84600_0005.mp4,YouTube,fragment badawczy <25% utworu,https://www.youtube.com/watch?v=o8zoo0FJkUY
sad_143.mp4,o8zoo0FJkUY_84600_0024.mp4,YouTube,fragment badawczy <25% utworu,https://www.youtube.com/watch?v=o8zoo0FJkUY
sad_144.mp4,pexels_11487568.mp4,Pexels,Pexels License,https://www.pexels.com/video/11487568/
sad_145.mp4,pexels_12269635.mp4,Pexels,Pexels License,https://www.pexels.com/video/12269635/
sad_146.mp4,pexels_14045303.mp4,Pexels,Pexels License,https://www.pexels.com/video/14045303/
sad_147.mp4,pexels_15387173.mp4,Pexels,Pexels License,https://www.pexels.com/video/15387173/
sad_148.mp4,pexels_16967292.mp4,Pexels,Pexels License,https://www.pexels.com/video/16967292/
sad_149.mp4,pexels_17120604.mp4,Pexels,Pexels License,https://www.pexels.com/video/17120604/
sad_150.mp4,pexels_17898552.mp4,Pexels,Pexels License,https://www.pexels.com/video/17898552/
sad_151.mp4,pexels_17992189.mp4,Pexels,Pexels License,https://www.pexels.com/video/17992189/
sad_152.mp4,pexels_18238489.mp4,Pexels,Pexels License,https://www.pexels.com/video/18238489/
sad_153.mp4,pexels_18492963.mp4,Pexels,Pexels License,https://www.pexels.com/video/18492963/
sad_154.mp4,pexels_1851002.mp4,Pexels,Pexels License,https://www.pexels.com/video/1851002/
sad_155.mp4,pexels_19782939.mp4,Pexels,Pexels License,https://www.pexels.com/video/19782939/
sad_156.mp4,pexels_26871287.mp4,Pexels,Pexels License,https://www.pexels.com/video/26871287/
sad_157.mp4,pexels_27730129.mp4,Pexels,Pexels License,https://www.pexels.com/video/27730129/
sad_158.mp4,pexels_27948696.mp4,Pexels,Pexels License,https://www.pexels.com/video/27948696/
sad_159.mp4,pexels_28283812.mp4,Pexels,Pexels License,https://www.pexels.com/video/28283812/
sad_160.mp4,pexels_28638676.mp4,Pexels,Pexels License,https://www.pexels.com/video/28638676/
sad_161.mp4,pexels_28913553.mp4,Pexels,Pexels License,https://www.pexels.com/video/28913553/
sad_162.mp4,pexels_29085785.mp4,Pexels,Pexels License,https://www.pexels.com/video/29085785/
sad_163.mp4,pexels_30797057.mp4,Pexels,Pexels License,https://www.pexels.com/video/30797057/
sad_164.mp4,pexels_30797059.mp4,Pexels,Pexels License,https://www.pexels.com/video/30797059/
sad_165.mp4,pexels_31440792.mp4,Pexels,Pexels License,https://www.pexels.com/video/31440792/
sad_166.mp4,pexels_31916188.mp4,Pexels,Pexels License,https://www.pexels.com/video/31916188/
sad_167.mp4,pexels_31916200.mp4,Pexels,Pexels License,https://www.pexels.com/video/31916200/
sad_168.mp4,pexels_32072820.mp4,Pexels,Pexels License,https://www.pexels.com/video/32072820/
sad_169.mp4,pexels_32908860.mp4,Pexels,Pexels License,https://www.pexels.com/video/32908860/
sad_170.mp4,pexels_33070924.mp4,Pexels,Pexels License,https://www.pexels.com/video/33070924/
sad_171.mp4,pexels_33131112.mp4,Pexels,Pexels License,https://www.pexels.com/video/33131112/
sad_172.mp4,pexels_34310223.mp4,Pexels,Pexels License,https://www.pexels.com/video/34310223/
sad_173.mp4,pexels_34478393.mp4,Pexels,Pexels License,https://www.pexels.com/video/34478393/
sad_174.mp4,pexels_34576579.mp4,Pexels,Pexels License,https://www.pexels.com/video/34576579/
sad_175.mp4,pexels_34610920.mp4,Pexels,Pexels License,https://www.pexels.com/video/34610920/
sad_176.mp4,pexels_34958838.mp4,Pexels,Pexels License,https://www.pexels.com/video/34958838/
sad_177.mp4,pexels_34989180.mp4,Pexels,Pexels License,https://www.pexels.com/video/34989180/
sad_178.mp4,pexels_35170845.mp4,Pexels,Pexels License,https://www.pexels.com/video/35170845/
sad_179.mp4,pexels_35289394.mp4,Pexels,Pexels License,https://www.pexels.com/video/35289394/
sad_180.mp4,pexels_35309122.mp4,Pexels,Pexels License,https://www.pexels.com/video/35309122/
sad_181.mp4,pexels_35374347.mp4,Pexels,Pexels License,https://www.pexels.com/video/35374347/
sad_182.mp4,pexels_35605512.mp4,Pexels,Pexels License,https://www.pexels.com/video/35605512/
sad_183.mp4,pexels_35605517.mp4,Pexels,Pexels License,https://www.pexels.com/video/35605517/
sad_184.mp4,pexels_35605521.mp4,Pexels,Pexels License,https://www.pexels.com/video/35605521/
sad_185.mp4,pexels_35605523.mp4,Pexels,Pexels License,https://www.pexels.com/video/35605523/
sad_186.mp4,pexels_35605524.mp4,Pexels,Pexels License,https://www.pexels.com/video/35605524/
sad_187.mp4,pexels_35605527.mp4,Pexels,Pexels License,https://www.pexels.com/video/35605527/
sad_188.mp4,pexels_35605536.mp4,Pexels,Pexels License,https://www.pexels.com/video/35605536/
sad_189.mp4,pexels_35672639.mp4,Pexels,Pexels License,https://www.pexels.com/video/35672639/
sad_190.mp4,pexels_35721740.mp4,Pexels,Pexels License,https://www.pexels.com/video/35721740/
sad_191.mp4,pexels_36040924.mp4,Pexels,Pexels License,https://www.pexels.com/video/36040924/
sad_192.mp4,pexels_36040927.mp4,Pexels,Pexels License,https://www.pexels.com/video/36040927/
sad_193.mp4,pexels_36040937.mp4,Pexels,Pexels License,https://www.pexels.com/video/36040937/
sad_194.mp4,pexels_36040947.mp4,Pexels,Pexels License,https://www.pexels.com/video/36040947/
sad_195.mp4,pexels_36040948.mp4,Pexels,Pexels License,https://www.pexels.com/video/36040948/
sad_196.mp4,pexels_36040949.mp4,Pexels,Pexels License,https://www.pexels.com/video/36040949/
sad_197.mp4,pexels_36040956.mp4,Pexels,Pexels License,https://www.pexels.com/video/36040956/
sad_198.mp4,pexels_36330646.mp4,Pexels,Pexels License,https://www.pexels.com/video/36330646/
sad_199.mp4,pexels_36330649.mp4,Pexels,Pexels License,https://www.pexels.com/video/36330649/
sad_200.mp4,pexels_37166342.mp4,Pexels,Pexels License,https://www.pexels.com/video/37166342/
sad_201.mp4,pexels_37215876.mp4,Pexels,Pexels License,https://www.pexels.com/video/37215876/
sad_202.mp4,pexels_37225670.mp4,Pexels,Pexels License,https://www.pexels.com/video/37225670/
sad_203.mp4,pexels_38501314.mp4,Pexels,Pexels License,https://www.pexels.com/video/38501314/
sad_204.mp4,pexels_38610367.mp4,Pexels,Pexels License,https://www.pexels.com/video/38610367/
sad_205.mp4,pexels_39021968.mp4,Pexels,Pexels License,https://www.pexels.com/video/39021968/
sad_206.mp4,pexels_4083065.mp4,Pexels,Pexels License,https://www.pexels.com/video/4083065/
sad_207.mp4,pexels_4114412.mp4,Pexels,Pexels License,https://www.pexels.com/video/4114412/
sad_208.mp4,pexels_4582453.mp4,Pexels,Pexels License,https://www.pexels.com/video/4582453/
sad_209.mp4,pexels_4870186.mp4,Pexels,Pexels License,https://www.pexels.com/video/4870186/
sad_210.mp4,pexels_4979849.mp4,Pexels,Pexels License,https://www.pexels.com/video/4979849/
sad_211.mp4,pexels_5109700.mp4,Pexels,Pexels License,https://www.pexels.com/video/5109700/
sad_212.mp4,pexels_5359586.mp4,Pexels,Pexels License,https://www.pexels.com/video/5359586/
sad_213.mp4,pexels_5720952.mp4,Pexels,Pexels License,https://www.pexels.com/video/5720952/
sad_214.mp4,pexels_5751503.mp4,Pexels,Pexels License,https://www.pexels.com/video/5751503/
sad_215.mp4,pexels_6399899.mp4,Pexels,Pexels License,https://www.pexels.com/video/6399899/
sad_216.mp4,pexels_6498485.mp4,Pexels,Pexels License,https://www.pexels.com/video/6498485/
sad_217.mp4,pexels_6568506.mp4,Pexels,Pexels License,https://www.pexels.com/video/6568506/
sad_218.mp4,pexels_6568968.mp4,Pexels,Pexels License,https://www.pexels.com/video/6568968/
sad_219.mp4,pexels_6651491.mp4,Pexels,Pexels License,https://www.pexels.com/video/6651491/
sad_220.mp4,pexels_6651497.mp4,Pexels,Pexels License,https://www.pexels.com/video/6651497/
sad_221.mp4,pexels_6651618.mp4,Pexels,Pexels License,https://www.pexels.com/video/6651618/
sad_222.mp4,pexels_7189586.mp4,Pexels,Pexels License,https://www.pexels.com/video/7189586/
sad_223.mp4,pexels_7279139.mp4,Pexels,Pexels License,https://www.pexels.com/video/7279139/
sad_224.mp4,pexels_7437718.mp4,Pexels,Pexels License,https://www.pexels.com/video/7437718/
sad_225.mp4,pexels_7682538.mp4,Pexels,Pexels License,https://www.pexels.com/video/7682538/
sad_226.mp4,pexels_7682691.mp4,Pexels,Pexels License,https://www.pexels.com/video/7682691/
sad_227.mp4,pexels_7682692.mp4,Pexels,Pexels License,https://www.pexels.com/video/7682692/
sad_228.mp4,pexels_7682694.mp4,Pexels,Pexels License,https://www.pexels.com/video/7682694/
sad_229.mp4,pexels_7682698.mp4,Pexels,Pexels License,https://www.pexels.com/video/7682698/
sad_230.mp4,pexels_8499344.mp4,Pexels,Pexels License,https://www.pexels.com/video/8499344/
sad_231.mp4,pexels_8731064.mp4,Pexels,Pexels License,https://www.pexels.com/video/8731064/
sad_232.mp4,pexels_9421549.mp4,Pexels,Pexels License,https://www.pexels.com/video/9421549/
sad_233.mp4,pixabay_109613,Pixabay,Pixabay Content License,https://pixabay.com/videos/id-109613/
sad_234.mp4,pixabay_251873,Pixabay,Pixabay Content License,https://pixabay.com/videos/id-251873/
sad_235.mp4,pixabay_351277,Pixabay,Pixabay Content License,https://pixabay.com/videos/id-351277/
sad_236.mp4,pixabay_87875,Pixabay,Pixabay Content License,https://pixabay.com/videos/id-87875/
sad_237.mp4,pixabay_98824,Pixabay,Pixabay Content License,https://pixabay.com/videos/id-98824/
sad_238.mp4,pzpCfz5p7HE_000567,YouTube,fragment badawczy <25% utworu,https://www.youtube.com/watch?v=pzpCfz5p7HE
sad_239.mp4,rgLZxdHaOcE_000504,YouTube,fragment badawczy <25% utworu,https://www.youtube.com/watch?v=rgLZxdHaOcE
sad_240.mp4,segment_long_34689720_38,Pexels,Pexels License,https://www.pexels.com/video/34689720/
sad_241.mp4,segment_long_35174438_41,Pexels,Pexels License,https://www.pexels.com/video/35174438/
sad_242.mp4,segment_long_37348445_55,Pexels,Pexels License,https://www.pexels.com/video/37348445/
sad_243.mp4,segment_long_5596932_77,Pexels,Pexels License,https://www.pexels.com/video/5596932/
sad_244.mov,small-tan-dog-sitting-outside-on-dirt-2025-12-17-23-44-51-utc.mov,inne/lokalne,fragment badawczy <25% utworu,https://www.tiktok.com
sad_245.mp4,uTOFdVDXrsU_000127,YouTube,fragment badawczy <25% utworu,https://www.youtube.com/watch?v=uTOFdVDXrsU
sad_246.mp4,youtube_dog emotions compilation_sls3BBxtLQI,YouTube,fragment badawczy <25% utworu,https://www.youtube.com/watch?v=sls3BBxtLQI
sad_247.mp4,youtube_dog wagging tail happy_xWFwrV-qOo8,YouTube,fragment badawczy <25% utworu,https://www.youtube.com/watch?v=xWFwrV-qOo8
sad_248.mp4,youtube_sad dog face_OiUnRpUmjnM,YouTube,fragment badawczy <25% utworu,https://www.youtube.com/watch?v=OiUnRpUmjnM
surprise_001.mp4,11607681-uhd_3840_2160_24fps.mp4,inne/lokalne,fragment badawczy <25% utworu,https://www.tiktok.com
surprise_002.mp4,13308604_2160_3840_24fps.mp4,Pexels,Pexels License,https://www.pexels.com/video/13308604/
surprise_003.mp4,13372728-hd_1920_1080_60fps.mp4,inne/lokalne,fragment badawczy <25% utworu,https://www.tiktok.com
surprise_004.mp4,13948804_3840_2160_30fps.mp4,Pexels,Pexels License,https://www.pexels.com/video/13948804/
surprise_005.mp4,13F3FFpKs5s_000386,YouTube,fragment badawczy <25% utworu,https://www.youtube.com/watch?v=13F3FFpKs5s
surprise_006.mp4,14173028_1920_1080_24fps.mp4,Pexels,Pexels License,https://www.pexels.com/video/14173028/
surprise_007.mp4,15826375_2160_3840_30fps.mp4,Pexels,Pexels License,https://www.pexels.com/video/15826375/
surprise_008.mp4,16622185-hd_1080_1920_24fps.mp4,inne/lokalne,fragment badawczy <25% utworu,https://www.tiktok.com
surprise_009.mp4,20006116-hd_1080_1920_30fps.mp4,inne/lokalne,fragment badawczy <25% utworu,https://www.tiktok.com
surprise_010.mp4,20336151-hd_1920_1080_30fps.mp4,inne/lokalne,fragment badawczy <25% utworu,https://www.tiktok.com
surprise_011.mp4,20fba7ac4f60698970d4a043282f8c3c,TikTok,fragment badawczy <25% utworu,https://www.tiktok.com
surprise_012.mp4,2eb8da604080aa0ae0b46eecf23dc5be,TikTok,fragment badawczy <25% utworu,https://www.tiktok.com
surprise_013.mp4,5728460-uhd_2160_3840_24fps.mp4,inne/lokalne,fragment badawczy <25% utworu,https://www.tiktok.com
surprise_014.mp4,6L2wvfZL1X8_000291,YouTube,fragment badawczy <25% utworu,https://www.youtube.com/watch?v=6L2wvfZL1X8
surprise_015.mp4,7199277-uhd_2160_3840_25fps.mp4,inne/lokalne,fragment badawczy <25% utworu,https://www.tiktok.com
surprise_016.mp4,7a583f514eebeea0986c76ce103f0553,TikTok,fragment badawczy <25% utworu,https://www.tiktok.com
surprise_017.mp4,8730838-uhd_3840_2160_25fps.mp4,inne/lokalne,fragment badawczy <25% utworu,https://www.tiktok.com
surprise_018.mp4,87eb250e509b7e3cb9139ea61ecedd5e,TikTok,fragment badawczy <25% utworu,https://www.tiktok.com
surprise_019.mp4,Anu7grUAFiQ_000328,YouTube,fragment badawczy <25% utworu,https://www.youtube.com/watch?v=Anu7grUAFiQ
surprise_020.mp4,C8OINrp8DMU_000083,YouTube,fragment badawczy <25% utworu,https://www.youtube.com/watch?v=C8OINrp8DMU
surprise_021.mp4,IMG_8162.MP4,inne/lokalne,fragment badawczy <25% utworu,https://www.tiktok.com
surprise_022.mp4,IMG_8163.MP4,inne/lokalne,fragment badawczy <25% utworu,https://www.tiktok.com
surprise_023.mp4,IMG_8164.MP4,inne/lokalne,fragment badawczy <25% utworu,https://www.tiktok.com
surprise_024.mp4,IMG_8165.MP4,inne/lokalne,fragment badawczy <25% utworu,https://www.tiktok.com
surprise_025.mp4,IMG_8166.MP4,inne/lokalne,fragment badawczy <25% utworu,https://www.tiktok.com
surprise_026.mp4,IMG_8169.MP4,inne/lokalne,fragment badawczy <25% utworu,https://www.tiktok.com
surprise_027.mp4,IMG_8173.MP4,inne/lokalne,fragment badawczy <25% utworu,https://www.tiktok.com
surprise_028.mp4,IMG_8174.MP4,inne/lokalne,fragment badawczy <25% utworu,https://www.tiktok.com
surprise_029.mp4,IMG_8175.MP4,inne/lokalne,fragment badawczy <25% utworu,https://www.tiktok.com
surprise_030.mp4,IMG_8176.MP4,inne/lokalne,fragment badawczy <25% utworu,https://www.tiktok.com
surprise_031.mp4,IMG_8178.MP4,inne/lokalne,fragment badawczy <25% utworu,https://www.tiktok.com
surprise_032.mp4,IMG_8179.MP4,inne/lokalne,fragment badawczy <25% utworu,https://www.tiktok.com
surprise_033.mp4,IMG_8180.MP4,inne/lokalne,fragment badawczy <25% utworu,https://www.tiktok.com
surprise_034.mp4,IMG_8181.MP4,inne/lokalne,fragment badawczy <25% utworu,https://www.tiktok.com
surprise_035.mp4,IMG_8182.MP4,inne/lokalne,fragment badawczy <25% utworu,https://www.tiktok.com
surprise_036.mp4,IMG_8183.MP4,inne/lokalne,fragment badawczy <25% utworu,https://www.tiktok.com
surprise_037.mp4,IMG_8184.MP4,inne/lokalne,fragment badawczy <25% utworu,https://www.tiktok.com
surprise_038.mp4,IMG_8185.MP4,inne/lokalne,fragment badawczy <25% utworu,https://www.tiktok.com
surprise_039.mp4,LkK37dcb04o_000103,YouTube,fragment badawczy <25% utworu,https://www.youtube.com/watch?v=LkK37dcb04o
surprise_040.mp4,Q70PLBcX74E_000346,YouTube,fragment badawczy <25% utworu,https://www.youtube.com/watch?v=Q70PLBcX74E
surprise_041.mp4,abbf4cc21e69071715d63eeecf986fe4,TikTok,fragment badawczy <25% utworu,https://www.tiktok.com
surprise_042.mp4,b18aca6059731f7f7858d021f3103290,TikTok,fragment badawczy <25% utworu,https://www.tiktok.com
surprise_043.mp4,cLDrSXhhPO8_000169,YouTube,fragment badawczy <25% utworu,https://www.youtube.com/watch?v=cLDrSXhhPO8
surprise_044.mp4,cLDrSXhhPO8_000450,YouTube,fragment badawczy <25% utworu,https://www.youtube.com/watch?v=cLDrSXhhPO8
surprise_045.mp4,cLDrSXhhPO8_000975,YouTube,fragment badawczy <25% utworu,https://www.youtube.com/watch?v=cLDrSXhhPO8
surprise_046.mp4,cLDrSXhhPO8_000975.mp4,YouTube,fragment badawczy <25% utworu,https://www.youtube.com/watch?v=cLDrSXhhPO8
surprise_047.mp4,cLDrSXhhPO8_001265,YouTube,fragment badawczy <25% utworu,https://www.youtube.com/watch?v=cLDrSXhhPO8
surprise_048.mp4,cLDrSXhhPO8_001431,YouTube,fragment badawczy <25% utworu,https://www.youtube.com/watch?v=cLDrSXhhPO8
surprise_049.mp4,cLDrSXhhPO8_002068.mp4,YouTube,fragment badawczy <25% utworu,https://www.youtube.com/watch?v=cLDrSXhhPO8
surprise_050.mp4,cLDrSXhhPO8_002537.mp4,YouTube,fragment badawczy <25% utworu,https://www.youtube.com/watch?v=cLDrSXhhPO8
surprise_051.mp4,cLDrSXhhPO8_002783,YouTube,fragment badawczy <25% utworu,https://www.youtube.com/watch?v=cLDrSXhhPO8
surprise_052.mp4,cLDrSXhhPO8_002783.mp4,YouTube,fragment badawczy <25% utworu,https://www.youtube.com/watch?v=cLDrSXhhPO8
surprise_053.mp4,cLDrSXhhPO8_002789.mp4,YouTube,fragment badawczy <25% utworu,https://www.youtube.com/watch?v=cLDrSXhhPO8
surprise_054.mp4,cLDrSXhhPO8_002997.mp4,YouTube,fragment badawczy <25% utworu,https://www.youtube.com/watch?v=cLDrSXhhPO8
surprise_055.mp4,coverr-PHHyGtc7L7__woman-with-her-dog,Coverr,Coverr License (free),https://coverr.co
surprise_056.mp4,dog_10914656,Pexels,Pexels License,https://www.pexels.com/video/10914656/
surprise_057.mp4,dog_12170754,Pexels,Pexels License,https://www.pexels.com/video/12170754/
surprise_058.mp4,dog_15324323,Pexels,Pexels License,https://www.pexels.com/video/15324323/
surprise_059.mp4,dog_19162668,Pexels,Pexels License,https://www.pexels.com/video/19162668/
surprise_060.mp4,dog_29576555,Pexels,Pexels License,https://www.pexels.com/video/29576555/
surprise_061.mp4,dog_32075610,Pexels,Pexels License,https://www.pexels.com/video/32075610/
surprise_062.mp4,dog_35290089,Pexels,Pexels License,https://www.pexels.com/video/35290089/
surprise_063.mp4,dog_37130597,Pexels,Pexels License,https://www.pexels.com/video/37130597/
surprise_064.mp4,dog_37207535,Pexels,Pexels License,https://www.pexels.com/video/37207535/
surprise_065.mp4,dog_37207536,Pexels,Pexels License,https://www.pexels.com/video/37207536/
surprise_066.mp4,dog_4107564,Pexels,Pexels License,https://www.pexels.com/video/4107564/
surprise_067.mp4,dog_4210977,Pexels,Pexels License,https://www.pexels.com/video/4210977/
surprise_068.mp4,dog_5478926,Pexels,Pexels License,https://www.pexels.com/video/5478926/
surprise_069.mp4,dog_5881609,Pexels,Pexels License,https://www.pexels.com/video/5881609/
surprise_070.mp4,dog_5921464,Pexels,Pexels License,https://www.pexels.com/video/5921464/
surprise_071.mp4,dog_5968168,Pexels,Pexels License,https://www.pexels.com/video/5968168/
surprise_072.mp4,dog_6131492,Pexels,Pexels License,https://www.pexels.com/video/6131492/
surprise_073.mp4,dog_6498486,Pexels,Pexels License,https://www.pexels.com/video/6498486/
surprise_074.mp4,dog_7682708,Pexels,Pexels License,https://www.pexels.com/video/7682708/
surprise_075.mp4,dog_7683150,Pexels,Pexels License,https://www.pexels.com/video/7683150/
surprise_076.mp4,dog_8264881,Pexels,Pexels License,https://www.pexels.com/video/8264881/
surprise_077.mp4,dog_8498885,Pexels,Pexels License,https://www.pexels.com/video/8498885/
surprise_078.mp4,dog_854383,Pexels,Pexels License,https://www.pexels.com/video/854383/
surprise_079.mp4,doglife_7625798973307276574,TikTok,fragment badawczy <25% utworu,https://www.tiktok.com/video/7625798973307276574
surprise_080.mp4,dogsoftiktok_7639304895287266567,TikTok,fragment badawczy <25% utworu,https://www.tiktok.com/video/7639304895287266567
surprise_081.mp4,dogsoftiktok_7672829713122970911,TikTok,fragment badawczy <25% utworu,https://www.tiktok.com/video/7672829713122970911
surprise_082.mp4,dogsoftiktok_7675821301998554390,TikTok,fragment badawczy <25% utworu,https://www.tiktok.com/video/7675821301998554390
surprise_083.mp4,du1L5um2mJ0_000072,YouTube,fragment badawczy <25% utworu,https://www.youtube.com/watch?v=du1L5um2mJ0
surprise_084.mp4,eTMkaiRM1hM_000495,YouTube,fragment badawczy <25% utworu,https://www.youtube.com/watch?v=eTMkaiRM1hM
surprise_085.mov,envato_0133ead1-ff64-4e42-bb1a-1b30de293bcf.mov,inne/lokalne,fragment badawczy <25% utworu,https://www.tiktok.com
surprise_086.mov,envato_0272e140-eaef-46b1-8c98-edea9a8bb0dc.mov,inne/lokalne,fragment badawczy <25% utworu,https://www.tiktok.com
surprise_087.mov,envato_036aaf7f-0ee1-4c57-8185-8d8a1b2bae29.mov,inne/lokalne,fragment badawczy <25% utworu,https://www.tiktok.com
surprise_088.mov,envato_05feccd9-4b8b-405b-b03a-0b6ee5af701e.mov,inne/lokalne,fragment badawczy <25% utworu,https://www.tiktok.com
surprise_089.mov,envato_09903ccd-dc74-4b80-8986-866c4a09ad26.mov,inne/lokalne,fragment badawczy <25% utworu,https://www.tiktok.com
surprise_090.mov,envato_0bb04d30-d890-42e6-b194-0c4b27a53574.mov,inne/lokalne,fragment badawczy <25% utworu,https://www.tiktok.com
surprise_091.mov,envato_0e622f0b-2cf7-492a-b34d-fd546c256c80.mov,inne/lokalne,fragment badawczy <25% utworu,https://www.tiktok.com
surprise_092.mov,envato_1f9bf9fd-588d-4b1d-b836-5dca6f68e2a2.mov,inne/lokalne,fragment badawczy <25% utworu,https://www.tiktok.com
surprise_093.mov,envato_3188d7b5-09c4-4efe-838a-8fa87adb0a36.mov,inne/lokalne,fragment badawczy <25% utworu,https://www.tiktok.com
surprise_094.mov,envato_339ec075-820e-4e36-b72a-6ccd58adead6.mov,inne/lokalne,fragment badawczy <25% utworu,https://www.tiktok.com
surprise_095.mov,envato_388dc480-cd81-4527-a980-7611d40835a3.mov,inne/lokalne,fragment badawczy <25% utworu,https://www.tiktok.com
surprise_096.mov,envato_4b8f56ef-c86b-4b7d-8674-012e546afecb.mov,inne/lokalne,fragment badawczy <25% utworu,https://www.tiktok.com
surprise_097.mov,envato_55667d44-ad52-4bfe-adbd-0ab94a03b4da.mov,inne/lokalne,fragment badawczy <25% utworu,https://www.tiktok.com
surprise_098.mov,envato_6e00ea66-dce7-49e9-8f46-3e1b5c341760.mov,inne/lokalne,fragment badawczy <25% utworu,https://www.tiktok.com
surprise_099.mov,envato_718bb7d4-8a8d-4cab-8f8d-17d6424ae386.mov,inne/lokalne,fragment badawczy <25% utworu,https://www.tiktok.com
surprise_100.mov,envato_74fdf482-a1c3-417b-8784-89a8d6fca4c7.mov,inne/lokalne,fragment badawczy <25% utworu,https://www.tiktok.com
surprise_101.mov,envato_77851635-e7fa-4156-9746-ba74816fd81d.mov,inne/lokalne,fragment badawczy <25% utworu,https://www.tiktok.com
surprise_102.mov,envato_79a07d43-3c1a-4a78-b871-e2c537e08579.mov,inne/lokalne,fragment badawczy <25% utworu,https://www.tiktok.com
surprise_103.mov,envato_7c59f5be-3bf7-4407-a425-8cb756ef8690.mov,inne/lokalne,fragment badawczy <25% utworu,https://www.tiktok.com
surprise_104.mov,envato_7c92d257-1ce6-4df9-9abe-f8697e87e8b7.mov,inne/lokalne,fragment badawczy <25% utworu,https://www.tiktok.com
surprise_105.mov,envato_7d200502-71e9-4290-9313-8c2bf1c02d43.mov,inne/lokalne,fragment badawczy <25% utworu,https://www.tiktok.com
surprise_106.mov,envato_94d77a93-3c5a-4c19-ad5e-7003e8d82ae0.mov,inne/lokalne,fragment badawczy <25% utworu,https://www.tiktok.com
surprise_107.mov,envato_95a75086-7a9a-458e-9766-aef33aa53bad.mov,inne/lokalne,fragment badawczy <25% utworu,https://www.tiktok.com
surprise_108.mov,envato_9e3ba511-e803-424a-abde-dff2f2d59fc9.mov,inne/lokalne,fragment badawczy <25% utworu,https://www.tiktok.com
surprise_109.mov,envato_bdb87192-1368-4266-9dc8-7deaf077c838.mov,inne/lokalne,fragment badawczy <25% utworu,https://www.tiktok.com
surprise_110.mov,envato_c07b06e8-4063-4aaa-9d2f-ba75e5cf933c.mov,inne/lokalne,fragment badawczy <25% utworu,https://www.tiktok.com
surprise_111.mov,envato_c3e63ffd-e0da-4c35-8337-ebbe04af6449.mov,inne/lokalne,fragment badawczy <25% utworu,https://www.tiktok.com
surprise_112.mov,envato_c7afa80f-ddaf-4d38-aefd-05f8420f3a09.mov,inne/lokalne,fragment badawczy <25% utworu,https://www.tiktok.com
surprise_113.mov,envato_cd8ede2c-55cb-4741-91da-1210e9a7a032.mov,inne/lokalne,fragment badawczy <25% utworu,https://www.tiktok.com
surprise_114.mov,envato_d7f708f3-b83c-4640-b553-3071f1ed1bc2.mov,inne/lokalne,fragment badawczy <25% utworu,https://www.tiktok.com
surprise_115.mov,envato_dfdc99de-5d1a-4142-8764-1137c98c33d2.mov,inne/lokalne,fragment badawczy <25% utworu,https://www.tiktok.com
surprise_116.mov,envato_f6523aa1-32a4-4e30-8d73-f2a4215e4f77.mov,inne/lokalne,fragment badawczy <25% utworu,https://www.tiktok.com
surprise_117.mov,envato_f6c3f6ce-d455-4b59-8634-15322fda0056.mov,inne/lokalne,fragment badawczy <25% utworu,https://www.tiktok.com
surprise_118.mov,envato_f8dec2c1-5309-4122-9d85-659f22dcdb9c.mov,inne/lokalne,fragment badawczy <25% utworu,https://www.tiktok.com
surprise_119.mp4,iawKNAvM0VM_001168,YouTube,fragment badawczy <25% utworu,https://www.youtube.com/watch?v=iawKNAvM0VM
surprise_120.mp4,iawKNAvM0VM_002047,YouTube,fragment badawczy <25% utworu,https://www.youtube.com/watch?v=iawKNAvM0VM
surprise_121.mp4,mixkit-100641__border-collie-resting-on-grass-next-to-a-chair,Mixkit,Mixkit Free License,https://mixkit.co/free-stock-video/
surprise_122.mp4,mixkit-101218__dog-playing-with-toy-on-floor,Mixkit,Mixkit Free License,https://mixkit.co/free-stock-video/
surprise_123.mp4,mixkit-25093__corgi-dog-in-the-grassfield,Mixkit,Mixkit Free License,https://mixkit.co/free-stock-video/
surprise_124.mp4,mixkit-45870__corgi-panting-happily-after-a-run-in-the-park,Mixkit,Mixkit Free License,https://mixkit.co/free-stock-video/
surprise_125.mp4,mixkit-48887__team-of-husky-dogs-pulling-a-sled-through-the-snow,Mixkit,Mixkit Free License,https://mixkit.co/free-stock-video/
surprise_126.mp4,mixkit-50661__a-cute-border-collie-dog-panting-patiently-on-the-ground,Mixkit,Mixkit Free License,https://mixkit.co/free-stock-video/
surprise_127.mp4,mixkit-50670__an-innocent-looking-pitbull-canine-bitting-and-playing-with-a,Mixkit,Mixkit Free License,https://mixkit.co/free-stock-video/
surprise_128.mp4,o8zoo0FJkUY_82800_0069.mp4,YouTube,fragment badawczy <25% utworu,https://www.youtube.com/watch?v=o8zoo0FJkUY
surprise_129.mp4,o8zoo0FJkUY_84600_0007.mp4,YouTube,fragment badawczy <25% utworu,https://www.youtube.com/watch?v=o8zoo0FJkUY
surprise_130.mp4,o8zoo0FJkUY_84600_0041.mp4,YouTube,fragment badawczy <25% utworu,https://www.youtube.com/watch?v=o8zoo0FJkUY
surprise_131.mp4,pexels_8730838_person-feeding-a-dog.mp4,inne/lokalne,fragment badawczy <25% utworu,https://www.tiktok.com
surprise_132.mp4,pixabay_109613_dog-puppy.mp4,Pixabay,Pixabay Content License,https://pixabay.com/videos/id-109613/
surprise_133.mp4,pixabay_109617_dog-puppy2.mp4,Pixabay,Pixabay Content License,https://pixabay.com/videos/id-109617/
surprise_134.mp4,pixabay_109817_dog-animal-pet.mp4,Pixabay,Pixabay Content License,https://pixabay.com/videos/id-109817/
surprise_135.mp4,pixabay_132660_dog-canine-field.mp4,Pixabay,Pixabay Content License,https://pixabay.com/videos/id-132660/
surprise_136.mp4,pixabay_156318_dog-playful.mp4,Pixabay,Pixabay Content License,https://pixabay.com/videos/id-156318/
surprise_137.mp4,pixabay_180682_dog-pug2.mp4,Pixabay,Pixabay Content License,https://pixabay.com/videos/id-180682/
surprise_138.mp4,pixabay_233673_dog-german-shepherd.mp4,Pixabay,Pixabay Content License,https://pixabay.com/videos/id-233673/
surprise_139.mp4,pixabay_25094_animal-dog.mp4,Pixabay,Pixabay Content License,https://pixabay.com/videos/id-25094/
surprise_140.mp4,pixabay_304308,Pixabay,Pixabay Content License,https://pixabay.com/videos/id-304308/
surprise_141.mp4,pixabay_45588_dog-pug.mp4,Pixabay,Pixabay Content License,https://pixabay.com/videos/id-45588/
surprise_142.mp4,pixabay_47312_dog-sleepy.mp4,Pixabay,Pixabay Content License,https://pixabay.com/videos/id-47312/
surprise_143.mp4,pixabay_598,Pixabay,Pixabay Content License,https://pixabay.com
surprise_144.mp4,pixabay_77624,Pixabay,Pixabay Content License,https://pixabay.com/videos/id-77624/
surprise_145.mp4,pixabay_77624_dog-puppy-friend.mp4,Pixabay,Pixabay Content License,https://pixabay.com/videos/id-77624/
surprise_146.mp4,pixabay_77832_dog-snow.mp4,Pixabay,Pixabay Content License,https://pixabay.com/videos/id-77832/
surprise_147.mp4,segment_long_19887614_26,Pexels,Pexels License,https://www.pexels.com/video/19887614/
surprise_148.mp4,tiktok_6686378668727471365.mp4,TikTok,fragment badawczy <25% utworu,https://www.tiktok.com/video/6686378668727471365
surprise_149.mp4,tiktok_6759610535098060038.mp4,TikTok,fragment badawczy <25% utworu,https://www.tiktok.com/video/6759610535098060038
surprise_150.mp4,tiktok_6783706826371337477.mp4,TikTok,fragment badawczy <25% utworu,https://www.tiktok.com/video/6783706826371337477
surprise_151.mp4,tiktok_6834824770094255365.mp4,TikTok,fragment badawczy <25% utworu,https://www.tiktok.com/video/6834824770094255365
surprise_152.mp4,tiktok_6841924685303647493.mp4,TikTok,fragment badawczy <25% utworu,https://www.tiktok.com/video/6841924685303647493
surprise_153.mp4,tiktok_6937830157822610694.mp4,TikTok,fragment badawczy <25% utworu,https://www.tiktok.com/video/6937830157822610694
surprise_154.mp4,tiktok_7028775404173413678.mp4,TikTok,fragment badawczy <25% utworu,https://www.tiktok.com/video/7028775404173413678
surprise_155.mp4,tiktok_7133304987907755310.mp4,TikTok,fragment badawczy <25% utworu,https://www.tiktok.com/video/7133304987907755310
surprise_156.mp4,tiktok_7184042245035674886.mp4,TikTok,fragment badawczy <25% utworu,https://www.tiktok.com/video/7184042245035674886
surprise_157.mp4,tiktok_7215637585421421829.mp4,TikTok,fragment badawczy <25% utworu,https://www.tiktok.com/video/7215637585421421829
surprise_158.mp4,tiktok_7219451135017471274.mp4,TikTok,fragment badawczy <25% utworu,https://www.tiktok.com/video/7219451135017471274
surprise_159.mp4,tiktok_7222955173394599214.mp4,TikTok,fragment badawczy <25% utworu,https://www.tiktok.com/video/7222955173394599214
surprise_160.mp4,tiktok_7235645660547157294.mp4,TikTok,fragment badawczy <25% utworu,https://www.tiktok.com/video/7235645660547157294
surprise_161.mp4,tiktok_7236117888870911274.mp4,TikTok,fragment badawczy <25% utworu,https://www.tiktok.com/video/7236117888870911274
surprise_162.mp4,tiktok_7273535611703708960.mp4,TikTok,fragment badawczy <25% utworu,https://www.tiktok.com/video/7273535611703708960
surprise_163.mp4,tiktok_7274971761416867114.mp4,TikTok,fragment badawczy <25% utworu,https://www.tiktok.com/video/7274971761416867114
surprise_164.mp4,tiktok_7361463181438373153.mp4,TikTok,fragment badawczy <25% utworu,https://www.tiktok.com/video/7361463181438373153
surprise_165.mp4,tiktok_7412535761871834411.mp4,TikTok,fragment badawczy <25% utworu,https://www.tiktok.com/video/7412535761871834411
surprise_166.mp4,tiktok_7435309178622709022.mp4,TikTok,fragment badawczy <25% utworu,https://www.tiktok.com/video/7435309178622709022
surprise_167.mp4,tiktok_7446074280938310945.mp4,TikTok,fragment badawczy <25% utworu,https://www.tiktok.com/video/7446074280938310945
surprise_168.mp4,tiktok_7453878525679013166.mp4,TikTok,fragment badawczy <25% utworu,https://www.tiktok.com/video/7453878525679013166
surprise_169.mp4,tiktok_7505439759372799278.mp4,TikTok,fragment badawczy <25% utworu,https://www.tiktok.com/video/7505439759372799278
surprise_170.mp4,tiktok_7514379041260965142.mp4,TikTok,fragment badawczy <25% utworu,https://www.tiktok.com/video/7514379041260965142
surprise_171.mp4,tiktok_7515127245292326166.mp4,TikTok,fragment badawczy <25% utworu,https://www.tiktok.com/video/7515127245292326166
surprise_172.mp4,tiktok_7519057574419762454.mp4,TikTok,fragment badawczy <25% utworu,https://www.tiktok.com/video/7519057574419762454
surprise_173.mp4,tiktok_7520570750151953686.mp4,TikTok,fragment badawczy <25% utworu,https://www.tiktok.com/video/7520570750151953686
surprise_174.mp4,tiktok_7520654309076372758.mp4,TikTok,fragment badawczy <25% utworu,https://www.tiktok.com/video/7520654309076372758
surprise_175.mp4,tiktok_7524287270455708950.mp4,TikTok,fragment badawczy <25% utworu,https://www.tiktok.com/video/7524287270455708950
surprise_176.mp4,tiktok_7528479657549729046.mp4,TikTok,fragment badawczy <25% utworu,https://www.tiktok.com/video/7528479657549729046
surprise_177.mp4,tiktok_7529551822948715793.mp4,TikTok,fragment badawczy <25% utworu,https://www.tiktok.com/video/7529551822948715793
surprise_178.mp4,tiktok_7538300392069795102.mp4,TikTok,fragment badawczy <25% utworu,https://www.tiktok.com/video/7538300392069795102
surprise_179.mp4,tiktok_7547019331608136982.mp4,TikTok,fragment badawczy <25% utworu,https://www.tiktok.com/video/7547019331608136982
surprise_180.mp4,tiktok_7548049759248911638.mp4,TikTok,fragment badawczy <25% utworu,https://www.tiktok.com/video/7548049759248911638
surprise_181.mp4,tiktok_7551407238288559415.mp4,TikTok,fragment badawczy <25% utworu,https://www.tiktok.com/video/7551407238288559415
surprise_182.mp4,tiktok_7562850340584852758.mp4,TikTok,fragment badawczy <25% utworu,https://www.tiktok.com/video/7562850340584852758
surprise_183.mp4,tiktok_7567148168270351647.mp4,TikTok,fragment badawczy <25% utworu,https://www.tiktok.com/video/7567148168270351647
surprise_184.mp4,tiktok_7571548733888810262.mp4,TikTok,fragment badawczy <25% utworu,https://www.tiktok.com/video/7571548733888810262
surprise_185.mp4,tiktok_7574848607078124823.mp4,TikTok,fragment badawczy <25% utworu,https://www.tiktok.com/video/7574848607078124823
surprise_186.mp4,tiktok_7577885470630104333.mp4,TikTok,fragment badawczy <25% utworu,https://www.tiktok.com/video/7577885470630104333
surprise_187.mp4,tiktok_7580694785980337441.mp4,TikTok,fragment badawczy <25% utworu,https://www.tiktok.com/video/7580694785980337441
surprise_188.mp4,tiktok_7581844396585307406.mp4,TikTok,fragment badawczy <25% utworu,https://www.tiktok.com/video/7581844396585307406
surprise_189.mp4,tiktok_7591502291451071775.mp4,TikTok,fragment badawczy <25% utworu,https://www.tiktok.com/video/7591502291451071775
surprise_190.mp4,tiktok_7595338603669097736.mp4,TikTok,fragment badawczy <25% utworu,https://www.tiktok.com/video/7595338603669097736
surprise_191.mp4,tiktok_7599853174089895198.mp4,TikTok,fragment badawczy <25% utworu,https://www.tiktok.com/video/7599853174089895198
surprise_192.mp4,tiktok_7601950979755363606.mp4,TikTok,fragment badawczy <25% utworu,https://www.tiktok.com/video/7601950979755363606
surprise_193.mp4,tiktok_7603152795356630286.mp4,TikTok,fragment badawczy <25% utworu,https://www.tiktok.com/video/7603152795356630286
surprise_194.mp4,tiktok_7607049345321405719.mp4,TikTok,fragment badawczy <25% utworu,https://www.tiktok.com/video/7607049345321405719
surprise_195.mp4,tiktok_7608760249863916814.mp4,TikTok,fragment badawczy <25% utworu,https://www.tiktok.com/video/7608760249863916814
surprise_196.mp4,tiktok_7610872232436403478.mp4,TikTok,fragment badawczy <25% utworu,https://www.tiktok.com/video/7610872232436403478
surprise_197.mp4,tiktok_7629779357019557140.mp4,TikTok,fragment badawczy <25% utworu,https://www.tiktok.com/video/7629779357019557140
surprise_198.mp4,tiktok_7631249161765031190.mp4,TikTok,fragment badawczy <25% utworu,https://www.tiktok.com/video/7631249161765031190
surprise_199.mp4,tiktok_7633813396655246622.mp4,TikTok,fragment badawczy <25% utworu,https://www.tiktok.com/video/7633813396655246622
surprise_200.mp4,tiktok_7649054005489929494.mp4,TikTok,fragment badawczy <25% utworu,https://www.tiktok.com/video/7649054005489929494
surprise_201.mp4,tiktok_7650466265689001238.mp4,TikTok,fragment badawczy <25% utworu,https://www.tiktok.com/video/7650466265689001238
surprise_202.mp4,tiktok_7659711558590729486.mp4,TikTok,fragment badawczy <25% utworu,https://www.tiktok.com/video/7659711558590729486
surprise_203.mp4,tiktok_7661857780734758175.mp4,TikTok,fragment badawczy <25% utworu,https://www.tiktok.com/video/7661857780734758175
surprise_204.mp4,tiktok_7663161343561829665.mp4,TikTok,fragment badawczy <25% utworu,https://www.tiktok.com/video/7663161343561829665
surprise_205.mp4,tiktok_7665059319519431958.mp4,TikTok,fragment badawczy <25% utworu,https://www.tiktok.com/video/7665059319519431958
surprise_206.mp4,tiktok_7665320886446214414.mp4,TikTok,fragment badawczy <25% utworu,https://www.tiktok.com/video/7665320886446214414
surprise_207.mp4,tiktok_7666057141823917332.mp4,TikTok,fragment badawczy <25% utworu,https://www.tiktok.com/video/7666057141823917332
surprise_208.mp4,tiktok_7666632444812021023.mp4,TikTok,fragment badawczy <25% utworu,https://www.tiktok.com/video/7666632444812021023
surprise_209.mp4,tiktok_7670231845228907798.mp4,TikTok,fragment badawczy <25% utworu,https://www.tiktok.com/video/7670231845228907798
surprise_210.mp4,tiktok_7672114050863762721.mp4,TikTok,fragment badawczy <25% utworu,https://www.tiktok.com/video/7672114050863762721
surprise_211.mp4,tiktok_7672693848434363661.mp4,TikTok,fragment badawczy <25% utworu,https://www.tiktok.com/video/7672693848434363661
surprise_212.mp4,tiktok_7673476307149245727.mp4,TikTok,fragment badawczy <25% utworu,https://www.tiktok.com/video/7673476307149245727
surprise_213.mp4,tiktok_7677412373396786445.mp4,TikTok,fragment badawczy <25% utworu,https://www.tiktok.com/video/7677412373396786445
surprise_214.mp4,tiktok_7678455383886744854.mp4,TikTok,fragment badawczy <25% utworu,https://www.tiktok.com/video/7678455383886744854
surprise_215.mp4,tiktok_7678756454894931222.mp4,TikTok,fragment badawczy <25% utworu,https://www.tiktok.com/video/7678756454894931222
surprise_216.mp4,tiktok_7678761498801442071.mp4,TikTok,fragment badawczy <25% utworu,https://www.tiktok.com/video/7678761498801442071
surprise_217.mp4,tiktok_7680569405763374358.mp4,TikTok,fragment badawczy <25% utworu,https://www.tiktok.com/video/7680569405763374358
surprise_218.mp4,tiktok_7681700821813169440.mp4,TikTok,fragment badawczy <25% utworu,https://www.tiktok.com/video/7681700821813169440
surprise_219.mp4,tiktok_7682135569073212694.mp4,TikTok,fragment badawczy <25% utworu,https://www.tiktok.com/video/7682135569073212694
surprise_220.mp4,tiktok_7682326567854378262.mp4,TikTok,fragment badawczy <25% utworu,https://www.tiktok.com/video/7682326567854378262
surprise_221.mp4,tiktok_7683185281197018390.mp4,TikTok,fragment badawczy <25% utworu,https://www.tiktok.com/video/7683185281197018390
surprise_222.mp4,tiktok_7683880902220385568.mp4,TikTok,fragment badawczy <25% utworu,https://www.tiktok.com/video/7683880902220385568
surprise_223.mp4,tiktok_7683922649478663457.mp4,TikTok,fragment badawczy <25% utworu,https://www.tiktok.com/video/7683922649478663457
surprise_224.mp4,tiktok_7684019010412793121.mp4,TikTok,fragment badawczy <25% utworu,https://www.tiktok.com/video/7684019010412793121
surprise_225.mp4,tiktok_7684733825552895265.mp4,TikTok,fragment badawczy <25% utworu,https://www.tiktok.com/video/7684733825552895265
surprise_226.mp4,youtube_9kaJaTB1B1Q_merged.mp4,YouTube,fragment badawczy <25% utworu,https://www.youtube.com
surprise_227.mp4,youtube_LUThEQymCHQ_merged.mp4,YouTube,fragment badawczy <25% utworu,https://www.youtube.com
surprise_228.mp4,youtube_cute dog face closeup_-lc8-ysXALc,YouTube,fragment badawczy <25% utworu,https://www.youtube.com/watch?v=-lc8-ysXALc
surprise_229.mp4,youtube_cute dog face closeup_cn1lz_QmaWU,YouTube,fragment badawczy <25% utworu,https://www.youtube.com
surprise_230.mp4,youtube_hKi7i948t6M_merged.mp4,YouTube,fragment badawczy <25% utworu,https://www.youtube.com
surprise_231.mp4,youtube_happy dog smiling_PsQ2xNKBgMQ,YouTube,fragment badawczy <25% utworu,https://www.youtube.com/watch?v=PsQ2xNKBgMQ
surprise_232.mp4,youtube_surprised dog face_J67E6cNVcg8,YouTube,fragment badawczy <25% utworu,https://www.youtube.com/watch?v=J67E6cNVcg8
surprise_233.mp4,youtube_w84_IE5jqao_merged.mp4,YouTube,fragment badawczy <25% utworu,https://www.youtube.com
surprise_234.mp4,youtube_y5VkBuQGkJs_merged.mp4,YouTube,fragment badawczy <25% utworu,https://www.youtube.com
