video_name,emotion,resolution_tier,source_video,video_width,video_height,content_width,content_height,blurred_bars,frame_start,frame_end,drive_path,drive_file_id
angry_001.mp4,angry,high_resolution,12774662_2560_1440_50fps.mp4,2560,1440,2560,1440,,high_resolution/angry/angry_001_1.jpg,high_resolution/angry/angry_001_2.jpg,DATASET_final_videos/high_resolution/angry/angry_001.mp4,1Zjubfy_6pHzpvmqaAwZ3uMOuXT5fAmIp
angry_002.mp4,angry,high_resolution,14173020_1920_1080_24fps.mp4,1920,1080,1920,1080,,high_resolution/angry/angry_002_1.jpg,high_resolution/angry/angry_002_2.jpg,DATASET_final_videos/high_resolution/angry/angry_002.mp4,14dFCg-3G1cqqQ0mTk0XFLgcPuxph5DBi
angry_003.mov,angry,high_resolution,142_RG9nc18wNF9IRA.mov,1920,1080,1920,1080,,high_resolution/angry/angry_003_1.jpg,high_resolution/angry/angry_003_2.jpg,DATASET_final_videos/high_resolution/angry/angry_003.mov,1WZjH6rNiQDsJxrXhRcTlf9i_RG50Aidx
angry_004.mp4,angry,high_resolution,15355190_1080_1920_25fps.mp4,1080,1920,1080,1920,,high_resolution/angry/angry_004_1.jpg,high_resolution/angry/angry_004_2.jpg,DATASET_final_videos/high_resolution/angry/angry_004.mp4,13UJ6c2Iz4VnpaiNIE7rDfuA6dkobYODn
angry_005.mp4,angry,high_resolution,15659456_2160_3840_24fps.mp4,2160,3840,2160,3840,,high_resolution/angry/angry_005_1.jpg,high_resolution/angry/angry_005_2.jpg,DATASET_final_videos/high_resolution/angry/angry_005.mp4,10hdNxiXsgx3gfhWrPQtmXDA1mCouzfWY
angry_006.mp4,angry,high_resolution,16257945-hd_1080_1920_60fps.mp4,1080,1920,1080,1920,,high_resolution/angry/angry_006_1.jpg,high_resolution/angry/angry_006_2.jpg,DATASET_final_videos/high_resolution/angry/angry_006.mp4,1AZtdfsr5x3WTHHtriP8iXmMJrT3seZxS
angry_007.mp4,angry,low_resolution,368fb53ab6d45f963abeadb226527691,576,1024,576,1024,,low_resolution/angry/angry_007_1.jpg,low_resolution/angry/angry_007_2.jpg,DATASET_final_videos/low_resolution/angry/angry_007.mp4,11T2RES5eqAR5YJxBdsXULyZ23QEGjicA
angry_008.mp4,angry,low_resolution,37d9031d59fa3ca54fc5db141f602507,576,1024,576,1024,,low_resolution/angry/angry_008_1.jpg,low_resolution/angry/angry_008_2.jpg,DATASET_final_videos/low_resolution/angry/angry_008.mp4,1-9BE2QkUcmZ1shmAgRf_Oam9LZfRC-vf
angry_009.mp4,angry,high_resolution,4763071-hd_1920_1080_25fps.mp4,1280,720,1280,720,,high_resolution/angry/angry_009_1.jpg,high_resolution/angry/angry_009_2.jpg,DATASET_final_videos/high_resolution/angry/angry_009.mp4,1Ew6UY1f-BhL2bUxhbthzPBGgddRJS7kN
angry_010.mp4,angry,low_resolution,4MTnLmOIJVA_000418,360,640,360,640,,low_resolution/angry/angry_010_1.jpg,low_resolution/angry/angry_010_2.jpg,DATASET_final_videos/low_resolution/angry/angry_010.mp4,1R7VaT6d9xUZb2y86VMleQ70ZaKUSMwYF
angry_011.mp4,angry,high_resolution,5479435-uhd_3840_2160_25fps.mp4,3840,2160,3840,2160,,high_resolution/angry/angry_011_1.jpg,high_resolution/angry/angry_011_2.jpg,DATASET_final_videos/high_resolution/angry/angry_011.mp4,1zkuuw13V-YQ4f-rTgGweUWPXnJfOGMot
angry_012.mp4,angry,high_resolution,5496003-uhd_3840_2160_24fps.mp4,3840,2160,3840,2160,,high_resolution/angry/angry_012_1.jpg,high_resolution/angry/angry_012_2.jpg,DATASET_final_videos/high_resolution/angry/angry_012.mp4,1IR_axSMdGs9SIZ1mL9dUfH3IJlh6xKhl
angry_013.mp4,angry,low_resolution,5nsFcoiOc3Y_000006,406,720,406,720,,low_resolution/angry/angry_013_1.jpg,low_resolution/angry/angry_013_2.jpg,DATASET_final_videos/low_resolution/angry/angry_013.mp4,1OGEGP8vbFpTo1I0eMmFR6-86kIBApcJ7
angry_014.mp4,angry,low_resolution,62c61aa6ec774b9680a0d9018d9d5c3e,576,1024,576,1024,,low_resolution/angry/angry_014_1.jpg,low_resolution/angry/angry_014_2.jpg,DATASET_final_videos/low_resolution/angry/angry_014.mp4,1WfkU242ye05xZvtR_yv3Yx17wEMewAzG
angry_015.mov,angry,high_resolution,6_c29iYWthIHRyeWFwa2EgMg.mov,1920,1080,1920,1080,,high_resolution/angry/angry_015_1.jpg,high_resolution/angry/angry_015_2.jpg,DATASET_final_videos/high_resolution/angry/angry_015.mov,1GGAhRTcDBYipIRMKAtxzuUgoI8YSZteU
angry_016.mp4,angry,low_resolution,7187c65be27a9eb784de0c797e3ab93c,576,1024,576,1024,,low_resolution/angry/angry_016_1.jpg,low_resolution/angry/angry_016_2.jpg,DATASET_final_videos/low_resolution/angry/angry_016.mp4,1yVUQmfmXUmAO02hx8nDfuUe8mO9HXhnG
angry_017.mp4,angry,low_resolution,7a719ddbb15ada42733afe2d847d2152,576,1024,576,1024,,low_resolution/angry/angry_017_1.jpg,low_resolution/angry/angry_017_2.jpg,DATASET_final_videos/low_resolution/angry/angry_017.mp4,1TddlZ0a1MmhGxhStmELkkFfg2jX-vAni
angry_018.mp4,angry,low_resolution,7b80a68911c0bafb014bf4d4cc1cd61b,576,1024,576,1024,,low_resolution/angry/angry_018_1.jpg,low_resolution/angry/angry_018_2.jpg,DATASET_final_videos/low_resolution/angry/angry_018.mp4,14ua-nH7bD-d8kPtj2lNTJizqHwuQPKHW
angry_019.mp4,angry,low_resolution,83e5492067d3b299b7f41ab9085f3176,576,1024,576,1024,,low_resolution/angry/angry_019_1.jpg,low_resolution/angry/angry_019_2.jpg,DATASET_final_videos/low_resolution/angry/angry_019.mp4,1Xch86Hj5OP4hTxL-HRL_4UrYup6W6K5S
angry_020.mp4,angry,low_resolution,8e367540966b31b19e080859a45c7464,576,1024,576,1024,,low_resolution/angry/angry_020_1.jpg,low_resolution/angry/angry_020_2.jpg,DATASET_final_videos/low_resolution/angry/angry_020.mp4,1v8cCuvSS5U3GmDAtQr2Aa5MA1J_W9Fzk
angry_021.mp4,angry,low_resolution,9cd1fd9fa559fe7bc1fabeb08e689cda,576,1024,576,1024,,low_resolution/angry/angry_021_1.jpg,low_resolution/angry/angry_021_2.jpg,DATASET_final_videos/low_resolution/angry/angry_021.mp4,1nXVKwXMR23LJ_vLexBVTAfcliN7f-M77
angry_022.mp4,angry,low_resolution,9f66c75da00cc8f18c07a8ba92a0b6fa,576,1024,576,1024,,low_resolution/angry/angry_022_1.jpg,low_resolution/angry/angry_022_2.jpg,DATASET_final_videos/low_resolution/angry/angry_022.mp4,1LQrYqhOqVAen5tlKlr4ReOI_ONzxbfr4
angry_023.mp4,angry,low_resolution,IMG_8093.MP4,464,848,464,848,,low_resolution/angry/angry_023_1.jpg,low_resolution/angry/angry_023_2.jpg,DATASET_final_videos/low_resolution/angry/angry_023.mp4,1DXx5UQcoy3nMr6Eev2HweICZ8Q1SqET_
angry_024.mp4,angry,low_resolution,IMG_8094.MP4,464,848,464,848,,low_resolution/angry/angry_024_1.jpg,low_resolution/angry/angry_024_2.jpg,DATASET_final_videos/low_resolution/angry/angry_024.mp4,1Rqg47CM-q6JRxQ4LS4aQU4WeAHLdkm3Q
angry_025.mp4,angry,low_resolution,IMG_8095.MP4,464,848,464,848,,low_resolution/angry/angry_025_1.jpg,low_resolution/angry/angry_025_2.jpg,DATASET_final_videos/low_resolution/angry/angry_025.mp4,1A9AMdDjz4JutELleETHU99_7DtZtt-C5
angry_026.mp4,angry,low_resolution,IMG_8096.MP4,464,848,464,848,,low_resolution/angry/angry_026_1.jpg,low_resolution/angry/angry_026_2.jpg,DATASET_final_videos/low_resolution/angry/angry_026.mp4,1qNVK6HKsiPuOFFDN_QDpKmM7BxbM-Tnb
angry_027.mp4,angry,low_resolution,IMG_8097.MP4,464,848,464,848,,low_resolution/angry/angry_027_1.jpg,low_resolution/angry/angry_027_2.jpg,DATASET_final_videos/low_resolution/angry/angry_027.mp4,1s1_Mc7r-1kdoJEs8AJ6MR6iQW1-d3YGa
angry_028.mp4,angry,low_resolution,IMG_8099.MP4,464,848,464,848,,low_resolution/angry/angry_028_1.jpg,low_resolution/angry/angry_028_2.jpg,DATASET_final_videos/low_resolution/angry/angry_028.mp4,1msifmUgfNUKnTAnqmLdKK5YG8X9Kz2Fm
angry_029.mp4,angry,low_resolution,IMG_8100.MP4,464,848,464,848,,low_resolution/angry/angry_029_1.jpg,low_resolution/angry/angry_029_2.jpg,DATASET_final_videos/low_resolution/angry/angry_029.mp4,1xHORGOtW9a7dakR9bE5F7aiOZYp81CB6
angry_030.mp4,angry,low_resolution,IMG_8101.MP4,464,848,464,848,,low_resolution/angry/angry_030_1.jpg,low_resolution/angry/angry_030_2.jpg,DATASET_final_videos/low_resolution/angry/angry_030.mp4,1WJB4-8QwbuW_ZFawVQLOAFWq4WiOtq3M
angry_031.mp4,angry,low_resolution,IMG_8102.MP4,464,848,464,848,,low_resolution/angry/angry_031_1.jpg,low_resolution/angry/angry_031_2.jpg,DATASET_final_videos/low_resolution/angry/angry_031.mp4,1ox4P4dcZNPpjd1BU3pg34bUtrdRvt8ug
angry_032.mp4,angry,low_resolution,IMG_8103.MP4,464,848,464,848,,low_resolution/angry/angry_032_1.jpg,low_resolution/angry/angry_032_2.jpg,DATASET_final_videos/low_resolution/angry/angry_032.mp4,1vp7_YsmsSI15w8T20RAdB96vQdbfKW8g
angry_033.mp4,angry,low_resolution,IMG_8104.MP4,464,848,464,848,,low_resolution/angry/angry_033_1.jpg,low_resolution/angry/angry_033_2.jpg,DATASET_final_videos/low_resolution/angry/angry_033.mp4,1TRB4DClb_PqaBB6upCZqB_J3254RiH9S
angry_034.mp4,angry,low_resolution,IMG_8105.MP4,528,848,528,848,,low_resolution/angry/angry_034_1.jpg,low_resolution/angry/angry_034_2.jpg,DATASET_final_videos/low_resolution/angry/angry_034.mp4,1eP7xXCKa89k8kEAjAX-IQCJMY_AjIIhL
angry_035.mp4,angry,low_resolution,IMG_8106.MP4,464,848,464,848,,low_resolution/angry/angry_035_1.jpg,low_resolution/angry/angry_035_2.jpg,DATASET_final_videos/low_resolution/angry/angry_035.mp4,1lsp_a-rSxgmGOk9LtIJ_pjlxhPFZJ_qu
angry_036.mp4,angry,low_resolution,IMG_8107.MP4,464,848,464,848,,low_resolution/angry/angry_036_1.jpg,low_resolution/angry/angry_036_2.jpg,DATASET_final_videos/low_resolution/angry/angry_036.mp4,1zmnLwK_BlqpV1AuEHR8ymIdJ8ASWh_ls
angry_037.mp4,angry,low_resolution,IMG_8108.MP4,464,848,464,848,,low_resolution/angry/angry_037_1.jpg,low_resolution/angry/angry_037_2.jpg,DATASET_final_videos/low_resolution/angry/angry_037.mp4,10ZbQ_MtsvANR5oy1XqGAG11UiMqVuOk8
angry_038.mp4,angry,low_resolution,IMG_8109.MP4,464,848,464,848,,low_resolution/angry/angry_038_1.jpg,low_resolution/angry/angry_038_2.jpg,DATASET_final_videos/low_resolution/angry/angry_038.mp4,1_p8jEv4-PcPB-2Fff6ctzj-1tPL94ylG
angry_039.mp4,angry,low_resolution,IMG_8110.MP4,464,848,464,848,,low_resolution/angry/angry_039_1.jpg,low_resolution/angry/angry_039_2.jpg,DATASET_final_videos/low_resolution/angry/angry_039.mp4,1IKwPCxqhwEZFjsX6oJeH20wg99F-RUsy
angry_040.mp4,angry,low_resolution,IMG_8111.MP4,848,464,848,464,,low_resolution/angry/angry_040_1.jpg,low_resolution/angry/angry_040_2.jpg,DATASET_final_videos/low_resolution/angry/angry_040.mp4,1dBq_Rtwtj4YOBslOGRdhbyjncepE11xB
angry_041.mp4,angry,low_resolution,IMG_8112.MP4,464,848,464,848,,low_resolution/angry/angry_041_1.jpg,low_resolution/angry/angry_041_2.jpg,DATASET_final_videos/low_resolution/angry/angry_041.mp4,1YYP1AD0JtgY0BU9GcDN-efklth0X2zaP
angry_042.mp4,angry,low_resolution,IMG_8113.MP4,464,848,464,848,,low_resolution/angry/angry_042_1.jpg,low_resolution/angry/angry_042_2.jpg,DATASET_final_videos/low_resolution/angry/angry_042.mp4,1qAOOHKv1j7gyXavKR52T9pnzUi3lXezG
angry_043.mp4,angry,low_resolution,IMG_8114.MP4,480,848,480,848,,low_resolution/angry/angry_043_1.jpg,low_resolution/angry/angry_043_2.jpg,DATASET_final_videos/low_resolution/angry/angry_043.mp4,1Urw32PgFa8qLbBU8kk9tY43tlxMgVOI_
angry_044.mp4,angry,low_resolution,IMG_8115.MP4,464,848,464,848,,low_resolution/angry/angry_044_1.jpg,low_resolution/angry/angry_044_2.jpg,DATASET_final_videos/low_resolution/angry/angry_044.mp4,18ghbRrTOlca2bHqv2XUF0PaGq-yt1Hsy
angry_045.mov,angry,low_resolution,IMG_8116.MOV,464,848,464,848,,low_resolution/angry/angry_045_1.jpg,low_resolution/angry/angry_045_2.jpg,DATASET_final_videos/low_resolution/angry/angry_045.mov,1Li9TwJx4lRL3fV9ut6JwR45hvBlYnsSQ
angry_046.mp4,angry,low_resolution,IMG_8117.MP4,464,848,464,848,,low_resolution/angry/angry_046_1.jpg,low_resolution/angry/angry_046_2.jpg,DATASET_final_videos/low_resolution/angry/angry_046.mp4,1oQKNE-MeWYUDRnt3vWziXHoQxUus_9Gj
angry_047.mp4,angry,low_resolution,IMG_8118.MP4,464,848,464,848,,low_resolution/angry/angry_047_1.jpg,low_resolution/angry/angry_047_2.jpg,DATASET_final_videos/low_resolution/angry/angry_047.mp4,1LC-KEpxvo7l9CCuEWcEwF0IzDKpp3YSt
angry_048.mp4,angry,low_resolution,IMG_8119.MP4,464,848,464,848,,low_resolution/angry/angry_048_1.jpg,low_resolution/angry/angry_048_2.jpg,DATASET_final_videos/low_resolution/angry/angry_048.mp4,1d7W9RstTo-gYXtW0E57tz3dL38qXtv2L
angry_049.mp4,angry,low_resolution,IMG_8120.MP4,480,640,480,640,,low_resolution/angry/angry_049_1.jpg,low_resolution/angry/angry_049_2.jpg,DATASET_final_videos/low_resolution/angry/angry_049.mp4,13d8wuLh2pTsw87qkQyGrFLhVePZPhCp9
angry_050.mp4,angry,low_resolution,IMG_8122.MP4,464,848,464,848,,low_resolution/angry/angry_050_1.jpg,low_resolution/angry/angry_050_2.jpg,DATASET_final_videos/low_resolution/angry/angry_050.mp4,1uLalttqfZHkk39Gy0lbZnNFBAsl2b2EE
angry_051.mp4,angry,low_resolution,IMG_8124.MP4,464,848,464,848,,low_resolution/angry/angry_051_1.jpg,low_resolution/angry/angry_051_2.jpg,DATASET_final_videos/low_resolution/angry/angry_051.mp4,1OTouJlMMFaWNScLTLyVPNmVbJRWXHesO
angry_052.mp4,angry,low_resolution,IMG_8125.MP4,464,848,464,848,,low_resolution/angry/angry_052_1.jpg,low_resolution/angry/angry_052_2.jpg,DATASET_final_videos/low_resolution/angry/angry_052.mp4,1TI6HdQnvIFESQUJPeaD8Ksrdd5qbf0fL
angry_053.mp4,angry,low_resolution,IMG_8126.MP4,464,848,464,848,,low_resolution/angry/angry_053_1.jpg,low_resolution/angry/angry_053_2.jpg,DATASET_final_videos/low_resolution/angry/angry_053.mp4,1WwNSPZRb-S39-X8FW_55lEimZn2gJB5l
angry_054.mp4,angry,low_resolution,IMG_8127.MP4,464,848,464,848,,low_resolution/angry/angry_054_1.jpg,low_resolution/angry/angry_054_2.jpg,DATASET_final_videos/low_resolution/angry/angry_054.mp4,1uKuawzOVToDfv-S7PUAXp9e3vQh_LAW6
angry_055.mp4,angry,low_resolution,IMG_8128.MP4,464,848,464,848,,low_resolution/angry/angry_055_1.jpg,low_resolution/angry/angry_055_2.jpg,DATASET_final_videos/low_resolution/angry/angry_055.mp4,1MXh3j6YKEu1trA8Cdfl8aZ67p7yZUf51
angry_056.mp4,angry,low_resolution,IMG_8129.MP4,464,848,464,848,,low_resolution/angry/angry_056_1.jpg,low_resolution/angry/angry_056_2.jpg,DATASET_final_videos/low_resolution/angry/angry_056.mp4,1u6zbq8JHPSdj3zjeRGSOB3ni-ELukori
angry_057.mp4,angry,low_resolution,IMG_8130.MP4,448,848,448,848,,low_resolution/angry/angry_057_1.jpg,low_resolution/angry/angry_057_2.jpg,DATASET_final_videos/low_resolution/angry/angry_057.mp4,1pMvvnIdwEVvZ3qzTaxMZYvMiU-Cz7kwH
angry_058.mp4,angry,low_resolution,IMG_8131.MP4,464,848,464,848,,low_resolution/angry/angry_058_1.jpg,low_resolution/angry/angry_058_2.jpg,DATASET_final_videos/low_resolution/angry/angry_058.mp4,1EO7kfWg40W8mgbglqizslMV0fIdGrz7-
angry_059.mp4,angry,low_resolution,IMG_8132.MP4,464,848,464,848,,low_resolution/angry/angry_059_1.jpg,low_resolution/angry/angry_059_2.jpg,DATASET_final_videos/low_resolution/angry/angry_059.mp4,1Q6b-VTSxdkvzLf9499xDz2FwRBzuh5hF
angry_060.mp4,angry,low_resolution,IMG_8133.MP4,464,848,464,848,,low_resolution/angry/angry_060_1.jpg,low_resolution/angry/angry_060_2.jpg,DATASET_final_videos/low_resolution/angry/angry_060.mp4,1I6qfyrgiJr-ukWhB5c4r3ivBfLNB_oH4
angry_061.mp4,angry,low_resolution,IMG_8134.MP4,464,848,464,848,,low_resolution/angry/angry_061_1.jpg,low_resolution/angry/angry_061_2.jpg,DATASET_final_videos/low_resolution/angry/angry_061.mp4,1KCLr0Euk5IMpnOmYannBTbOG8zgPuPcj
angry_062.mp4,angry,low_resolution,IMG_8135.MP4,464,848,464,848,,low_resolution/angry/angry_062_1.jpg,low_resolution/angry/angry_062_2.jpg,DATASET_final_videos/low_resolution/angry/angry_062.mp4,1pRKgkq0ox7JpZhl2KZKHzEkPrJLaFx5D
angry_063.mp4,angry,low_resolution,IMG_8136.MP4,464,848,464,848,,low_resolution/angry/angry_063_1.jpg,low_resolution/angry/angry_063_2.jpg,DATASET_final_videos/low_resolution/angry/angry_063.mp4,1BZTeKW9axDm1BUZWHAlSqF7W3KKwFYJ4
angry_064.mp4,angry,high_resolution,IMG_8137.MP4,720,1280,720,1280,,high_resolution/angry/angry_064_1.jpg,high_resolution/angry/angry_064_2.jpg,DATASET_final_videos/high_resolution/angry/angry_064.mp4,161d2xKaFi6qP36pYsQJH-Rp7IdRu_eG_
angry_065.mp4,angry,low_resolution,IMG_8139.MP4,464,848,464,848,,low_resolution/angry/angry_065_1.jpg,low_resolution/angry/angry_065_2.jpg,DATASET_final_videos/low_resolution/angry/angry_065.mp4,1udkaals5pndF3z62sI6-8ysy_7h2DGB2
angry_066.mp4,angry,low_resolution,IMG_8140.MP4,480,848,480,848,,low_resolution/angry/angry_066_1.jpg,low_resolution/angry/angry_066_2.jpg,DATASET_final_videos/low_resolution/angry/angry_066.mp4,11ckv0T0qKVNhK4-PMsOfOXMhlc0N2IuI
angry_067.mp4,angry,low_resolution,IMG_8141.MP4,848,464,848,464,,low_resolution/angry/angry_067_1.jpg,low_resolution/angry/angry_067_2.jpg,DATASET_final_videos/low_resolution/angry/angry_067.mp4,1l8R7XE75snMJVnpNKPbc6KBVV1RMdjMr
angry_068.mp4,angry,low_resolution,IMG_8142.MP4,640,1280,640,1280,,low_resolution/angry/angry_068_1.jpg,low_resolution/angry/angry_068_2.jpg,DATASET_final_videos/low_resolution/angry/angry_068.mp4,14mehLhjGb9HvjdXgkV9RE27CnC4ljl9H
angry_069.mp4,angry,low_resolution,IMG_8143.MP4,656,1280,656,1280,,low_resolution/angry/angry_069_1.jpg,low_resolution/angry/angry_069_2.jpg,DATASET_final_videos/low_resolution/angry/angry_069.mp4,1YxLOES4cLM2UwJrUAzvoADibBN5vvca0
angry_070.mp4,angry,low_resolution,IMG_8144.MP4,464,848,464,848,,low_resolution/angry/angry_070_1.jpg,low_resolution/angry/angry_070_2.jpg,DATASET_final_videos/low_resolution/angry/angry_070.mp4,1GQ4Vbs9wLWnJx6BtsaDhvX3DVB877Cl5
angry_071.mp4,angry,low_resolution,IMG_8187.MP4,464,848,464,848,,low_resolution/angry/angry_071_1.jpg,low_resolution/angry/angry_071_2.jpg,DATASET_final_videos/low_resolution/angry/angry_071.mp4,1nSRYYwklvR-9nyw6dbZ6C6goVKhmH8pZ
angry_072.mp4,angry,low_resolution,IMG_8188.MP4,464,848,464,848,,low_resolution/angry/angry_072_1.jpg,low_resolution/angry/angry_072_2.jpg,DATASET_final_videos/low_resolution/angry/angry_072.mp4,1TQLXzpp285gP_icIyN0hBJlCfVbqrv6S
angry_073.mp4,angry,low_resolution,IMG_8189.MP4,464,848,464,848,,low_resolution/angry/angry_073_1.jpg,low_resolution/angry/angry_073_2.jpg,DATASET_final_videos/low_resolution/angry/angry_073.mp4,1XBirQJzAcdboNdJ5XwwabS5PeDfKJYIv
angry_074.mp4,angry,low_resolution,IMG_8190.MP4,464,848,464,848,,low_resolution/angry/angry_074_1.jpg,low_resolution/angry/angry_074_2.jpg,DATASET_final_videos/low_resolution/angry/angry_074.mp4,1IQIQDqY24NsKO_zgvQrOxGA9ATNTIjjG
angry_075.mp4,angry,low_resolution,IMG_8191.MP4,464,848,464,848,,low_resolution/angry/angry_075_1.jpg,low_resolution/angry/angry_075_2.jpg,DATASET_final_videos/low_resolution/angry/angry_075.mp4,14ntuGXSz6BHU6n6kdE3y0O2QavzwOdP_
angry_076.mp4,angry,low_resolution,IMG_8192.MP4,464,848,464,848,,low_resolution/angry/angry_076_1.jpg,low_resolution/angry/angry_076_2.jpg,DATASET_final_videos/low_resolution/angry/angry_076.mp4,1jZ9dZh9q4ISBoK8MRwfPJ6bSzMVP9IqD
angry_077.mp4,angry,low_resolution,IMG_8193.MP4,464,848,464,848,,low_resolution/angry/angry_077_1.jpg,low_resolution/angry/angry_077_2.jpg,DATASET_final_videos/low_resolution/angry/angry_077.mp4,1Dh1ODdXYtBSqJSmNIW6ZVNAFEnwa0Vi_
angry_078.mp4,angry,low_resolution,IMG_8194.MP4,464,848,464,848,,low_resolution/angry/angry_078_1.jpg,low_resolution/angry/angry_078_2.jpg,DATASET_final_videos/low_resolution/angry/angry_078.mp4,1gKd5r72JWy61uYBPkb6savLBL0VoXym5
angry_079.mp4,angry,low_resolution,IMG_8195.MP4,464,848,464,848,,low_resolution/angry/angry_079_1.jpg,low_resolution/angry/angry_079_2.jpg,DATASET_final_videos/low_resolution/angry/angry_079.mp4,159poHAauvVCDKhKByQDSDcIRug7wIMHv
angry_080.mp4,angry,low_resolution,IMG_8196.MP4,464,848,464,848,,low_resolution/angry/angry_080_1.jpg,low_resolution/angry/angry_080_2.jpg,DATASET_final_videos/low_resolution/angry/angry_080.mp4,1Gj9V3X-7XgDwObhzwfF-tBHigtbjds-n
angry_081.mp4,angry,low_resolution,IMG_8197.MP4,464,848,464,848,,low_resolution/angry/angry_081_1.jpg,low_resolution/angry/angry_081_2.jpg,DATASET_final_videos/low_resolution/angry/angry_081.mp4,1avZTmj9Y6xXkI2gMmqxvk1OyoOOZszfS
angry_082.mp4,angry,low_resolution,IMG_8198.MP4,464,848,464,848,,low_resolution/angry/angry_082_1.jpg,low_resolution/angry/angry_082_2.jpg,DATASET_final_videos/low_resolution/angry/angry_082.mp4,1mFAH94EmjRBngiZEUR83Tl2SIgkLSRzu
angry_083.mp4,angry,low_resolution,IMG_8199.MP4,464,848,464,848,,low_resolution/angry/angry_083_1.jpg,low_resolution/angry/angry_083_2.jpg,DATASET_final_videos/low_resolution/angry/angry_083.mp4,1SFOi6mNMFGWfOMWAQF2cDzZEsGSAY_x9
angry_084.mp4,angry,low_resolution,IMG_8200.MP4,464,848,464,848,,low_resolution/angry/angry_084_1.jpg,low_resolution/angry/angry_084_2.jpg,DATASET_final_videos/low_resolution/angry/angry_084.mp4,16yre-oo93hOsSlnB_YPE1KGLFNa6ETOs
angry_085.mp4,angry,low_resolution,IMG_8202.MP4,544,848,544,848,,low_resolution/angry/angry_085_1.jpg,low_resolution/angry/angry_085_2.jpg,DATASET_final_videos/low_resolution/angry/angry_085.mp4,1fPkqbZY4PKDF6XdohZqv2DzAHFTAhqPt
angry_086.mp4,angry,low_resolution,IMG_8203.MP4,464,848,464,848,,low_resolution/angry/angry_086_1.jpg,low_resolution/angry/angry_086_2.jpg,DATASET_final_videos/low_resolution/angry/angry_086.mp4,1hkSee4z7hGlK6fziiJZUeXgZjPm9TlUH
angry_087.mp4,angry,low_resolution,IMG_8204.MP4,464,848,464,848,,low_resolution/angry/angry_087_1.jpg,low_resolution/angry/angry_087_2.jpg,DATASET_final_videos/low_resolution/angry/angry_087.mp4,1EON8vsgpdDcvfz_bNUUlaX299z-SFXTV
angry_088.mp4,angry,low_resolution,IMG_8205.MP4,464,848,464,848,,low_resolution/angry/angry_088_1.jpg,low_resolution/angry/angry_088_2.jpg,DATASET_final_videos/low_resolution/angry/angry_088.mp4,1qlfai1QvYeM_c6V_R2HtA5k6e2GcIhlr
angry_089.mp4,angry,low_resolution,IMG_8206.MP4,464,848,464,848,,low_resolution/angry/angry_089_1.jpg,low_resolution/angry/angry_089_2.jpg,DATASET_final_videos/low_resolution/angry/angry_089.mp4,1n2CUJO_JuPhNYmytACxVL1ZPY4jLcUYR
angry_090.mp4,angry,low_resolution,IMG_8207.MP4,464,848,464,848,,low_resolution/angry/angry_090_1.jpg,low_resolution/angry/angry_090_2.jpg,DATASET_final_videos/low_resolution/angry/angry_090.mp4,1fN3sO6Hp2HCchXWsy4F9Q5E_mn8pGFEi
angry_091.mp4,angry,low_resolution,IMG_8208.MP4,464,848,464,848,,low_resolution/angry/angry_091_1.jpg,low_resolution/angry/angry_091_2.jpg,DATASET_final_videos/low_resolution/angry/angry_091.mp4,1dVE6BH_7vi73cmKYsTfRFXevebG5HP8A
angry_092.mp4,angry,low_resolution,IMG_8209.MP4,464,848,464,848,,low_resolution/angry/angry_092_1.jpg,low_resolution/angry/angry_092_2.jpg,DATASET_final_videos/low_resolution/angry/angry_092.mp4,1V4yE5DinWcTFdUQ-z629MQLHnz7J4QJH
angry_093.mp4,angry,low_resolution,IMG_8210.MP4,464,848,464,848,,low_resolution/angry/angry_093_1.jpg,low_resolution/angry/angry_093_2.jpg,DATASET_final_videos/low_resolution/angry/angry_093.mp4,1ZMktO915kviZCXBmiSHxH2fgAsZ2dLh2
angry_094.mp4,angry,low_resolution,IMG_8211.MP4,464,848,464,848,,low_resolution/angry/angry_094_1.jpg,low_resolution/angry/angry_094_2.jpg,DATASET_final_videos/low_resolution/angry/angry_094.mp4,1klJ8m7j1UOWvh2_tzT2hN-u4UrkEFTYO
angry_095.mp4,angry,low_resolution,IMG_8212.MP4,464,848,464,848,,low_resolution/angry/angry_095_1.jpg,low_resolution/angry/angry_095_2.jpg,DATASET_final_videos/low_resolution/angry/angry_095.mp4,1aBD9j3c-sT1HIBwsxpb7EihQo-p4uuWS
angry_096.mp4,angry,low_resolution,IMG_8213.MP4,464,848,464,848,,low_resolution/angry/angry_096_1.jpg,low_resolution/angry/angry_096_2.jpg,DATASET_final_videos/low_resolution/angry/angry_096.mp4,1oS6vgyPsU9UHh_CW97Gb7PPsftKWW14A
angry_097.mp4,angry,low_resolution,IMG_8214.MP4,464,848,464,848,,low_resolution/angry/angry_097_1.jpg,low_resolution/angry/angry_097_2.jpg,DATASET_final_videos/low_resolution/angry/angry_097.mp4,1ber_6Xx42LWXJe0LcS46U2Rxgq24uw97
angry_098.mp4,angry,low_resolution,IMG_8215.MP4,464,848,464,848,,low_resolution/angry/angry_098_1.jpg,low_resolution/angry/angry_098_2.jpg,DATASET_final_videos/low_resolution/angry/angry_098.mp4,1gxtBjwIEaUi-KLXcnhz2snxkBrhe6cLe
angry_099.mp4,angry,low_resolution,IMG_8216.MP4,464,848,464,848,,low_resolution/angry/angry_099_1.jpg,low_resolution/angry/angry_099_2.jpg,DATASET_final_videos/low_resolution/angry/angry_099.mp4,1Gejz-HpckoOsoR5NzxwmJlK4iCtAEpSw
angry_100.mp4,angry,low_resolution,IMG_8217.MP4,464,848,464,848,,low_resolution/angry/angry_100_1.jpg,low_resolution/angry/angry_100_2.jpg,DATASET_final_videos/low_resolution/angry/angry_100.mp4,1giCoPPUPyYW21MLWnFs7_maI7CDf_gcL
angry_101.mp4,angry,low_resolution,IMG_8218.MP4,464,848,464,848,,low_resolution/angry/angry_101_1.jpg,low_resolution/angry/angry_101_2.jpg,DATASET_final_videos/low_resolution/angry/angry_101.mp4,1kbJJLXWOdrgdFUwe8IGNBnob60iBlDkx
angry_102.mp4,angry,low_resolution,IMG_8219.MP4,464,848,464,848,,low_resolution/angry/angry_102_1.jpg,low_resolution/angry/angry_102_2.jpg,DATASET_final_videos/low_resolution/angry/angry_102.mp4,1zSJ1ilDCg2wpEnmZ2TaIrp7eyHEsj6M6
angry_103.mp4,angry,low_resolution,IMG_8220.MP4,464,848,464,848,,low_resolution/angry/angry_103_1.jpg,low_resolution/angry/angry_103_2.jpg,DATASET_final_videos/low_resolution/angry/angry_103.mp4,1Ygi75wtWDDIqTIAstXN0NwePgN2Lb9VT
angry_104.mp4,angry,low_resolution,IMG_8221.MP4,464,848,464,848,,low_resolution/angry/angry_104_1.jpg,low_resolution/angry/angry_104_2.jpg,DATASET_final_videos/low_resolution/angry/angry_104.mp4,13SK9gi0JGSrlynTZQfvwLR3SGkc6yJ65
angry_105.mp4,angry,low_resolution,IMG_8229.MP4,464,848,464,848,,low_resolution/angry/angry_105_1.jpg,low_resolution/angry/angry_105_2.jpg,DATASET_final_videos/low_resolution/angry/angry_105.mp4,1cBO7Zcht8uk5P1gaZYIp5fw8f6DOi9iD
angry_106.mp4,angry,low_resolution,IMG_8230.MP4,464,848,464,848,,low_resolution/angry/angry_106_1.jpg,low_resolution/angry/angry_106_2.jpg,DATASET_final_videos/low_resolution/angry/angry_106.mp4,1GNZLJ91C5V6yHSeK0vYJqtvGxE6bTzCV
angry_107.mp4,angry,low_resolution,IMG_8231.MP4,464,848,464,848,,low_resolution/angry/angry_107_1.jpg,low_resolution/angry/angry_107_2.jpg,DATASET_final_videos/low_resolution/angry/angry_107.mp4,13c2O7jFORAbdkihPEnR4FEAixPDEsLXY
angry_108.mp4,angry,low_resolution,IMG_8232.MP4,464,848,464,848,,low_resolution/angry/angry_108_1.jpg,low_resolution/angry/angry_108_2.jpg,DATASET_final_videos/low_resolution/angry/angry_108.mp4,1OuU2Ds1qRYWy1ioTSOAqS_iPe5ULrzHC
angry_109.mp4,angry,low_resolution,IMG_8233.MP4,704,1280,704,1280,,low_resolution/angry/angry_109_1.jpg,low_resolution/angry/angry_109_2.jpg,DATASET_final_videos/low_resolution/angry/angry_109.mp4,1Nua8kq-o0Hy23UrzWNo5j1-qq_QczCZf
angry_110.mp4,angry,high_resolution,IMG_8234.MP4,768,1280,768,1280,,high_resolution/angry/angry_110_1.jpg,high_resolution/angry/angry_110_2.jpg,DATASET_final_videos/high_resolution/angry/angry_110.mp4,1pTjGu-d9KlsFCTyaCgJTaoJCCFF2oGMa
angry_111.mp4,angry,high_resolution,IMG_8235.MP4,784,1280,784,1280,,high_resolution/angry/angry_111_1.jpg,high_resolution/angry/angry_111_2.jpg,DATASET_final_videos/high_resolution/angry/angry_111.mp4,1gZE0akdXEbjeFcFrNJhSY2Up2RuYj1wQ
angry_112.mp4,angry,low_resolution,IMG_8238.MP4,464,848,464,848,,low_resolution/angry/angry_112_1.jpg,low_resolution/angry/angry_112_2.jpg,DATASET_final_videos/low_resolution/angry/angry_112.mp4,1s6BmebM4JPDqPrQIpluFSteQp9rVGWIL
angry_113.mp4,angry,low_resolution,IMG_8239.MP4,464,848,464,848,,low_resolution/angry/angry_113_1.jpg,low_resolution/angry/angry_113_2.jpg,DATASET_final_videos/low_resolution/angry/angry_113.mp4,1DqvrFonbmBZyfDsoA-XwYZGPoiNMpEsO
angry_114.mp4,angry,low_resolution,IMG_8299.MP4,464,848,464,848,,low_resolution/angry/angry_114_1.jpg,low_resolution/angry/angry_114_2.jpg,DATASET_final_videos/low_resolution/angry/angry_114.mp4,1_a1qKU7jjuli7EmVLsvDRr6vYCqObBq6
angry_115.mp4,angry,low_resolution,IMG_8300.MP4,464,848,464,848,,low_resolution/angry/angry_115_1.jpg,low_resolution/angry/angry_115_2.jpg,DATASET_final_videos/low_resolution/angry/angry_115.mp4,1ctdlJwlnHhmVemrLXAlxmpBAeaMKejer
angry_116.mp4,angry,low_resolution,IMG_8301.MP4,464,848,464,848,,low_resolution/angry/angry_116_1.jpg,low_resolution/angry/angry_116_2.jpg,DATASET_final_videos/low_resolution/angry/angry_116.mp4,1P7S5pk8BYqn5fr6UmxaPQ8qdPKWmi9Gu
angry_117.mp4,angry,low_resolution,IMG_8302.MP4,464,848,464,848,,low_resolution/angry/angry_117_1.jpg,low_resolution/angry/angry_117_2.jpg,DATASET_final_videos/low_resolution/angry/angry_117.mp4,1b8CAfAtKCXXzqJUj-5xiCazoHXy0JL0Y
angry_118.mp4,angry,low_resolution,IMG_8303.MP4,464,848,464,848,,low_resolution/angry/angry_118_1.jpg,low_resolution/angry/angry_118_2.jpg,DATASET_final_videos/low_resolution/angry/angry_118.mp4,1P6MybE8LhBk4cmy9Dub3hbWtVO4B_XIz
angry_119.mp4,angry,low_resolution,IMG_8308.MP4,464,848,464,848,,low_resolution/angry/angry_119_1.jpg,low_resolution/angry/angry_119_2.jpg,DATASET_final_videos/low_resolution/angry/angry_119.mp4,10G4TSHUgglk5z5zmms3vOY1iMoNqK1Z_
angry_120.mp4,angry,low_resolution,IMG_8309.MP4,464,848,464,848,,low_resolution/angry/angry_120_1.jpg,low_resolution/angry/angry_120_2.jpg,DATASET_final_videos/low_resolution/angry/angry_120.mp4,11LMczUc20wXYM0Fykbus2toCwZKpKDE1
angry_121.mp4,angry,low_resolution,IMG_8310.MP4,464,848,464,848,,low_resolution/angry/angry_121_1.jpg,low_resolution/angry/angry_121_2.jpg,DATASET_final_videos/low_resolution/angry/angry_121.mp4,17jz5Wx49Iq0a8QE2mMYDw8DbnjQ_RvPl
angry_122.mp4,angry,low_resolution,IMG_8311.MP4,464,848,464,848,,low_resolution/angry/angry_122_1.jpg,low_resolution/angry/angry_122_2.jpg,DATASET_final_videos/low_resolution/angry/angry_122.mp4,1SHuuAMLhjgJztWExoSGgDf6OA0dS5AGf
angry_123.mp4,angry,low_resolution,IMG_8312.MP4,464,848,464,848,,,low_resolution/angry/angry_123_2.jpg,DATASET_final_videos/low_resolution/angry/angry_123.mp4,14F_th8iyKNUA9MjpwBHMI69UGoy1VPAn
angry_124.mp4,angry,low_resolution,IMG_8313.MP4,464,848,464,848,,low_resolution/angry/angry_124_1.jpg,low_resolution/angry/angry_124_2.jpg,DATASET_final_videos/low_resolution/angry/angry_124.mp4,1p-THe3SP1grVcfni6zj6XqujT-QZwalr
angry_125.mp4,angry,low_resolution,IMG_8314.MP4,464,848,464,848,,low_resolution/angry/angry_125_1.jpg,low_resolution/angry/angry_125_2.jpg,DATASET_final_videos/low_resolution/angry/angry_125.mp4,1NvXxiETkbYff-a-xeiqZmB3TRx1P1e0H
angry_126.mp4,angry,low_resolution,IMG_8315.MP4,464,848,464,848,,low_resolution/angry/angry_126_1.jpg,low_resolution/angry/angry_126_2.jpg,DATASET_final_videos/low_resolution/angry/angry_126.mp4,10wwLlczIq81Pj8lySGqZAVj88nvSFrQ-
angry_127.mp4,angry,low_resolution,IMG_8316.MP4,480,848,480,848,,low_resolution/angry/angry_127_1.jpg,low_resolution/angry/angry_127_2.jpg,DATASET_final_videos/low_resolution/angry/angry_127.mp4,1nxumSTgoOGdbyOO2FM-MYnKniAqr_yoH
angry_128.mp4,angry,low_resolution,IMG_8317.MP4,464,848,464,848,,low_resolution/angry/angry_128_1.jpg,low_resolution/angry/angry_128_2.jpg,DATASET_final_videos/low_resolution/angry/angry_128.mp4,1gU64MnvpAG1vHQhTbg1P7XGFO8rcYUA7
angry_129.mp4,angry,low_resolution,IMG_8318.MP4,464,848,464,848,,low_resolution/angry/angry_129_1.jpg,low_resolution/angry/angry_129_2.jpg,DATASET_final_videos/low_resolution/angry/angry_129.mp4,15ijOre2hAjhOtxANQLX5hZnhGGsVaLCv
angry_130.mp4,angry,low_resolution,IMG_8319.MP4,464,848,464,848,,low_resolution/angry/angry_130_1.jpg,low_resolution/angry/angry_130_2.jpg,DATASET_final_videos/low_resolution/angry/angry_130.mp4,163a4mYHbuoJ1xTtIYRO8AyhBxPVY9IUt
angry_131.mp4,angry,low_resolution,IMG_8320.MP4,464,848,464,848,,low_resolution/angry/angry_131_1.jpg,low_resolution/angry/angry_131_2.jpg,DATASET_final_videos/low_resolution/angry/angry_131.mp4,1kBrIvqTxVUZWFwShW6nhCDplopcMo6KZ
angry_132.mp4,angry,low_resolution,IMG_8321.MP4,464,848,464,848,,low_resolution/angry/angry_132_1.jpg,low_resolution/angry/angry_132_2.jpg,DATASET_final_videos/low_resolution/angry/angry_132.mp4,1koFZiqBEl4QxE3FOrE6IcelC-yHJDGrC
angry_133.mp4,angry,low_resolution,IMG_8322.MP4,464,848,464,848,,low_resolution/angry/angry_133_1.jpg,low_resolution/angry/angry_133_2.jpg,DATASET_final_videos/low_resolution/angry/angry_133.mp4,1TK7oB-1022xpUKuf8lee6ZW_2ct32tZS
angry_134.mp4,angry,low_resolution,IMG_8323.MP4,528,848,528,848,,low_resolution/angry/angry_134_1.jpg,low_resolution/angry/angry_134_2.jpg,DATASET_final_videos/low_resolution/angry/angry_134.mp4,1wBKL3ZaVJDFlMme34HdULfS4hjJiVK41
angry_135.mov,angry,high_resolution,Old dog bares his teeth.mov,1920,1080,1920,1080,,high_resolution/angry/angry_135_1.jpg,high_resolution/angry/angry_135_2.jpg,DATASET_final_videos/high_resolution/angry/angry_135.mov,1erYtckHbgLvC7JpYECS315xeBOLGmpl1
angry_136.mov,angry,high_resolution,aggressive-dog-growling-and-baring-teeth-in-snow-2026-04-15-20-09-53-utc.mov,4096,2160,4096,2160,,high_resolution/angry/angry_136_1.jpg,high_resolution/angry/angry_136_2.jpg,DATASET_final_videos/high_resolution/angry/angry_136.mov,16zCOxEg5Cc0JbgIXwtj3laDB3oEtet2w
angry_137.mov,angry,high_resolution,aggressive-dog-growling-and-barking-in-snow-2026-01-08-15-37-16-utc.mov,4096,1728,4096,1728,,high_resolution/angry/angry_137_1.jpg,high_resolution/angry/angry_137_2.jpg,DATASET_final_videos/high_resolution/angry/angry_137.mov,1Nwq8G_AlHX0-P5yRU3VQoYy04a2zZ2Xs
angry_138.mov,angry,high_resolution,aggressive-dog-growls-outdoors-in-winter-snow-2026-09-16-16-40-34-utc.mov,1920,1080,1920,1080,,high_resolution/angry/angry_138_1.jpg,high_resolution/angry/angry_138_2.jpg,DATASET_final_videos/high_resolution/angry/angry_138.mov,1YnMCD2UZxpfMd4i7zAD5IR8Xmc0eVXc2
angry_139.mov,angry,high_resolution,aggressive-dog-snarling-and-baring-teeth-in-winter-2026-09-16-17-37-44-utc.mov,1920,1080,1920,1080,,high_resolution/angry/angry_139_1.jpg,high_resolution/angry/angry_139_2.jpg,DATASET_final_videos/high_resolution/angry/angry_139.mov,1YDxbK-oJfKWLUWfjEhBvBPj66D97OH5u
angry_140.mov,angry,high_resolution,aggressive-small-dog-snarling-showing-teeth-2026-09-15-01-04-22-utc.mov,4096,2160,4096,2160,,high_resolution/angry/angry_140_1.jpg,high_resolution/angry/angry_140_2.jpg,DATASET_final_videos/high_resolution/angry/angry_140.mov,15nbmMN-9Bpt0hv33Jnitjh1u_Xs8QYR-
angry_141.mp4,angry,high_resolution,alert-boxer-dog-standing-in-grassy-yard-2025-12-17-12-20-44-utc.mp4,1920,1080,1920,1080,,high_resolution/angry/angry_141_1.jpg,high_resolution/angry/angry_141_2.jpg,DATASET_final_videos/high_resolution/angry/angry_141.mp4,1iOsJqyhwZQ2weqFav_dE9KgZlwETvm3g
angry_142.mov,angry,high_resolution,angry-dog-growling-and-baring-its-teeth-2026-09-16-17-33-44-utc.mov,1920,1080,1920,1080,,high_resolution/angry/angry_142_1.jpg,high_resolution/angry/angry_142_2.jpg,DATASET_final_videos/high_resolution/angry/angry_142.mov,14SIkNe9yy5nWNSBCfLfuptJHkL3-X7up
angry_143.mov,angry,high_resolution,angry-fluffy-dog-lying-on-couch-2025-12-17-11-02-46-utc.mov,4096,2160,4096,2160,,high_resolution/angry/angry_143_1.jpg,high_resolution/angry/angry_143_2.jpg,DATASET_final_videos/high_resolution/angry/angry_143.mov,1iq8Ab6Hs0CYUDVt5GvxTpTG6NY0ydhw4
angry_144.mp4,angry,high_resolution,barking-doberman-pinscher-with-leash-aggressively-2025-12-18-01-48-13-utc.mp4,1920,1080,1920,1080,,high_resolution/angry/angry_144_1.jpg,high_resolution/angry/angry_144_2.jpg,DATASET_final_videos/high_resolution/angry/angry_144.mp4,16UIJNA_8-2Ho5L_xlV7pkpe-pHClIa8R
angry_145.mov,angry,high_resolution,barking-dog-in-rural-setting-2026-09-16-05-56-53-utc.mov,1920,1080,1920,1080,,high_resolution/angry/angry_145_1.jpg,high_resolution/angry/angry_145_2.jpg,DATASET_final_videos/high_resolution/angry/angry_145.mov,1_5Vyuv3gr6B15OfhEft1MLvRVqm_xnkI
angry_146.mov,angry,high_resolution,black-and-tan-dog-barks-in-close-up-2025-12-17-12-55-11-utc.mov,1920,1080,1920,1080,,high_resolution/angry/angry_146_1.jpg,high_resolution/angry/angry_146_2.jpg,DATASET_final_videos/high_resolution/angry/angry_146.mov,1k8jyrDwwDMq-KFd5gbv1gMBVs07gabWi
angry_147.mp4,angry,high_resolution,black-and-white-dog-lying-on-a-couch-2026-01-22-13-05-19-utc.mp4,1920,1080,1920,1080,,high_resolution/angry/angry_147_1.jpg,high_resolution/angry/angry_147_2.jpg,DATASET_final_videos/high_resolution/angry/angry_147.mp4,1F4wtWOnmbM6dr5aJVl3f2VKAqZBa01LZ
angry_148.mp4,angry,low_resolution,c6a08ace098eb25af45cec6e2bb4e632,576,1024,576,1024,,low_resolution/angry/angry_148_1.jpg,low_resolution/angry/angry_148_2.jpg,DATASET_final_videos/low_resolution/angry/angry_148.mp4,1bFz7vAmkrunXY8SFshvyj8uG0dNGM2Kn
angry_149.mp4,angry,high_resolution,cLDrSXhhPO8_000064.mp4,1280,720,1280,720,,high_resolution/angry/angry_149_1.jpg,high_resolution/angry/angry_149_2.jpg,DATASET_final_videos/high_resolution/angry/angry_149.mp4,17aRwwpsMYWOqMovvo5AUrQCN4vv8CtIp
angry_150.mp4,angry,low_resolution,cLDrSXhhPO8_000528.mp4,1280,720,408,720,sides,low_resolution/angry/angry_150_1.jpg,low_resolution/angry/angry_150_2.jpg,DATASET_final_videos/low_resolution/angry/angry_150.mp4,1hJ1KXwIO1uzjEgnO6sd3-w0_MlSea4W2
angry_151.mp4,angry,low_resolution,cLDrSXhhPO8_000535,1280,720,408,720,sides,low_resolution/angry/angry_151_1.jpg,low_resolution/angry/angry_151_2.jpg,DATASET_final_videos/low_resolution/angry/angry_151.mp4,1PUQPWwL1d2gIlb0_VCnM3Cnz3xFtq0O3
angry_152.mp4,angry,low_resolution,cLDrSXhhPO8_001053,1280,720,408,720,sides,low_resolution/angry/angry_152_1.jpg,low_resolution/angry/angry_152_2.jpg,DATASET_final_videos/low_resolution/angry/angry_152.mp4,1aB5cWU6jdjSzlFitK7J46bCca8LJeXH5
angry_153.mp4,angry,low_resolution,cLDrSXhhPO8_002053.mp4,1280,720,406,720,sides,low_resolution/angry/angry_153_1.jpg,low_resolution/angry/angry_153_2.jpg,DATASET_final_videos/low_resolution/angry/angry_153.mp4,1c4La03CDz2eimX5mTG0yzU5mi6c9sZw6
angry_154.mp4,angry,low_resolution,cbdf1ca81d78018280d7d3f28b88ec84,576,1024,576,1024,,low_resolution/angry/angry_154_1.jpg,low_resolution/angry/angry_154_2.jpg,DATASET_final_videos/low_resolution/angry/angry_154.mp4,1hV7xqOnVTWh_9tPr_8GlAZf0-FtfLFUJ
angry_155.mp4,angry,high_resolution,cf87ba31035d72922f61da7b3a6208d0,720,1280,720,1280,,high_resolution/angry/angry_155_1.jpg,high_resolution/angry/angry_155_2.jpg,DATASET_final_videos/high_resolution/angry/angry_155.mp4,1eZJe0z4Zr3orrMtipNLuc6BXpKBK9gHH
angry_156.mov,angry,low_resolution,close-up-of-a-black-and-brown-dog-howling-2026-09-16-03-49-23-utc.mov,1920,1080,654,1080,sides,low_resolution/angry/angry_156_1.jpg,low_resolution/angry/angry_156_2.jpg,DATASET_final_videos/low_resolution/angry/angry_156.mov,1os7EMJiMUTSL78U0b2rTF713pGnmn7WT
angry_157.mov,angry,high_resolution,close-up-of-black-and-white-dog-s-face-2025-12-17-15-32-21-utc.mov,1920,1080,1920,1080,,high_resolution/angry/angry_157_1.jpg,,DATASET_final_videos/high_resolution/angry/angry_157.mov,1S-zyjUX7xXrlYJjKyzvl9Ir51dTiqWte
angry_158.mov,angry,high_resolution,close-up-of-dog-barking-aggressively-outdoors-2025-12-17-22-48-27-utc.mov,1920,1080,1920,1080,,high_resolution/angry/angry_158_1.jpg,high_resolution/angry/angry_158_2.jpg,DATASET_final_videos/high_resolution/angry/angry_158.mov,1TMK3DPJobvtZ6iQ7UM4lbu7LGRLpJec7
angry_159.mp4,angry,high_resolution,close-up-of-dog-howling-outside-brick-wall-2026-02-03-16-29-23-utc.mp4,1080,1920,1080,1920,,high_resolution/angry/angry_159_1.jpg,high_resolution/angry/angry_159_2.jpg,DATASET_final_videos/high_resolution/angry/angry_159.mp4,1Fj2HabyGewKHBKick0Y3TKM2mpnK1Vrp
angry_160.mov,angry,high_resolution,close-up-of-golden-retriever-barking-2025-12-17-14-28-12-utc.mov,1920,1080,1920,1080,,high_resolution/angry/angry_160_1.jpg,high_resolution/angry/angry_160_2.jpg,DATASET_final_videos/high_resolution/angry/angry_160.mov,1M-BYhrZgIZSBK9z3KlN7E-lvvxq7iUBP
angry_161.mov,angry,high_resolution,close-up-of-white-dog-baring-teeth-2025-12-17-10-53-06-utc.mov,4096,2160,4096,2160,,high_resolution/angry/angry_161_1.jpg,high_resolution/angry/angry_161_2.jpg,DATASET_final_videos/high_resolution/angry/angry_161.mov,1f_JAX_5lRswzlgEHVTxeocQ8t4AB0TiL
angry_162.mp4,angry,low_resolution,db70a377c23cc354cc5e70ee392a56ae,576,1024,576,1024,,low_resolution/angry/angry_162_1.jpg,low_resolution/angry/angry_162_2.jpg,DATASET_final_videos/low_resolution/angry/angry_162.mp4,1foKgO-vozJ2oPaUnHgsPdPBkqs5-g8SU
angry_163.mov,angry,high_resolution,dog-bares-teeth-in-winter-2025-12-17-19-29-55-utc.mov,1080,1920,1080,1920,,high_resolution/angry/angry_163_1.jpg,high_resolution/angry/angry_163_2.jpg,DATASET_final_videos/high_resolution/angry/angry_163.mov,1p48vU_7-KYef26qsrrPnRAUj04dEk0S4
angry_164.mov,angry,high_resolution,dog-barking-behind-chain-link-fence-2025-12-18-00-01-26-utc.mov,1920,1080,1920,1080,,high_resolution/angry/angry_164_1.jpg,high_resolution/angry/angry_164_2.jpg,DATASET_final_videos/high_resolution/angry/angry_164.mov,1PYR-lYULGnizzzcfM8MAM8sKAx-8bj1S
angry_165.mov,angry,high_resolution,dog-barking-behind-wire-fence-in-rural-setting-2026-09-16-17-40-46-utc.mov,1920,1080,1920,1080,,high_resolution/angry/angry_165_1.jpg,high_resolution/angry/angry_165_2.jpg,DATASET_final_videos/high_resolution/angry/angry_165.mov,167iDTMzPfS4EGTJmOwEkWwxkXgHLlm50
angry_166.mov,angry,high_resolution,dog-barking-close-up-on-white-background-2025-12-17-12-06-21-utc.mov,1920,1080,1920,1080,,high_resolution/angry/angry_166_1.jpg,high_resolution/angry/angry_166_2.jpg,DATASET_final_videos/high_resolution/angry/angry_166.mov,1nWDeP9thmDFh8RxyJ2Tfg3A9DWNqOxBq
angry_167.mov,angry,high_resolution,dog-barking-outdoors-in-a-wooded-area-2026-09-16-08-44-08-utc.mov,1920,1080,1920,1080,,high_resolution/angry/angry_167_1.jpg,high_resolution/angry/angry_167_2.jpg,DATASET_final_videos/high_resolution/angry/angry_167.mov,18FM9wMoKYyf9Y0iQIoMK0C61Ljc00rBS
angry_168.mov,angry,high_resolution,dog-barking-outdoors-in-rural-environment-2025-12-17-10-50-01-utc.mov,1920,1080,1920,1080,,high_resolution/angry/angry_168_1.jpg,high_resolution/angry/angry_168_2.jpg,DATASET_final_videos/high_resolution/angry/angry_168.mov,1mgrBQxU2AVdKNRK1VR4dSs6fyThSvBiD
angry_169.mov,angry,high_resolution,dog-barks-and-runs-on-grassy-hillside-2026-09-16-09-15-43-utc.mov,1920,1080,1920,1080,,high_resolution/angry/angry_169_1.jpg,high_resolution/angry/angry_169_2.jpg,DATASET_final_videos/high_resolution/angry/angry_169.mov,1nbLhgHnMVEcA75tiO8ImUkTpqUc9MZqW
angry_170.mov,angry,high_resolution,dog-barks-from-behind-suburban-fence-2026-09-16-15-05-16-utc.mov,1920,1080,1920,1080,,high_resolution/angry/angry_170_1.jpg,high_resolution/angry/angry_170_2.jpg,DATASET_final_videos/high_resolution/angry/angry_170.mov,1LfM4sATAt7kRj72Fwdy0LJI9a7ECfg6X
angry_171.mov,angry,high_resolution,dog-barks-in-close-up-shot-2025-12-17-14-16-48-utc.mov,1920,1080,1920,1080,,high_resolution/angry/angry_171_1.jpg,high_resolution/angry/angry_171_2.jpg,DATASET_final_videos/high_resolution/angry/angry_171.mov,1K-fjBFcP9QulaONObxd3Jf3LwNN1GudX
angry_172.mp4,angry,high_resolution,dog-barks-on-rug-wearing-pet-clothing-2025-12-17-17-23-55-utc.mp4,1920,1080,1920,1080,,high_resolution/angry/angry_172_1.jpg,high_resolution/angry/angry_172_2.jpg,DATASET_final_videos/high_resolution/angry/angry_172.mp4,1saho_gAHree9oRCgxoTZwZrGgclr9RCV
angry_173.mp4,angry,high_resolution,dog-close-up-barks-in-the-forest-2026-01-22-02-38-37-utc.mp4,1920,1080,1920,1080,,high_resolution/angry/angry_173_1.jpg,high_resolution/angry/angry_173_2.jpg,DATASET_final_videos/high_resolution/angry/angry_173.mp4,1R4Kcvep1HVqwxi4ahuiSSfVKs9JQWku3
angry_174.mov,angry,high_resolution,dog-eating-and-snarling-in-a-rural-setting-2025-12-17-11-26-54-utc.mov,1920,1080,1920,1080,,high_resolution/angry/angry_174_1.jpg,high_resolution/angry/angry_174_2.jpg,DATASET_final_videos/high_resolution/angry/angry_174.mov,1MAE4CIjldOvjxKzkupTGv0Za_XPM_AXx
angry_175.mp4,angry,high_resolution,dog-growling-on-leash-outdoors-during-the-day-2026-09-16-13-24-11-utc.mp4,1920,1080,1920,1080,,high_resolution/angry/angry_175_1.jpg,high_resolution/angry/angry_175_2.jpg,DATASET_final_videos/high_resolution/angry/angry_175.mp4,19tIi2Fc4g589TX2n4YXuAUGKRUnliiWW
angry_176.mp4,angry,high_resolution,dog-growls-aggressively-outdoors-in-daytime-2026-09-16-17-51-23-utc.mp4,1920,1080,1920,1080,,high_resolution/angry/angry_176_1.jpg,high_resolution/angry/angry_176_2.jpg,DATASET_final_videos/high_resolution/angry/angry_176.mp4,1Hrp2DBJwyow6pmBGz848PKdXLKpehrS-
angry_177.mov,angry,high_resolution,dog-lying-on-grass-panting-and-barking-2025-12-17-23-04-00-utc.mov,1920,1080,1920,1080,,high_resolution/angry/angry_177_1.jpg,high_resolution/angry/angry_177_2.jpg,DATASET_final_videos/high_resolution/angry/angry_177.mov,18GIb0KqQxK1dJ_h6qJfR8EJ23syghLcI
angry_178.mov,angry,high_resolution,dog-sits-on-director-s-chair-with-megaphone-2025-12-17-12-43-28-utc.mov,1920,1080,1920,1080,,high_resolution/angry/angry_178_1.jpg,high_resolution/angry/angry_178_2.jpg,DATASET_final_videos/high_resolution/angry/angry_178.mov,1M_jYrZ0DvNjkFuFbUKqh5rB2-BNcpuGE
angry_179.mov,angry,high_resolution,dog-sitting-in-open-car-trunk-barking-2025-12-17-23-31-21-utc.mov,1920,1080,1920,1080,,high_resolution/angry/angry_179_1.jpg,high_resolution/angry/angry_179_2.jpg,DATASET_final_videos/high_resolution/angry/angry_179.mov,1JYR3VnlBxhw_1PZNgcDSKufIT0SWpxG1
angry_180.mp4,angry,high_resolution,dog-sitting-on-a-couch-howling-2026-09-16-02-39-24-utc.mp4,1920,1080,1920,1080,,high_resolution/angry/angry_180_1.jpg,high_resolution/angry/angry_180_2.jpg,DATASET_final_videos/high_resolution/angry/angry_180.mp4,1cOCmgrrM-BWvyqKdzWWESnQ5KlKUBdjS
angry_181.mov,angry,high_resolution,dog-stands-in-yard-and-howls-2026-09-16-12-25-20-utc.mov,1920,1080,1920,1080,,high_resolution/angry/angry_181_1.jpg,high_resolution/angry/angry_181_2.jpg,DATASET_final_videos/high_resolution/angry/angry_181.mov,1UGL76x673tqtD7PmqGhZmHsf7ke_RjrC
angry_182.mp4,angry,high_resolution,dog_31572934,1440,2560,1440,2560,,high_resolution/angry/angry_182_1.jpg,high_resolution/angry/angry_182_2.jpg,DATASET_final_videos/high_resolution/angry/angry_182.mp4,14M3TpVVs6JsLiGbmvD4uQXIGZRPJv9FG
angry_183.mp4,angry,high_resolution,dog_34606039,1440,2560,1440,2560,,high_resolution/angry/angry_183_1.jpg,high_resolution/angry/angry_183_2.jpg,DATASET_final_videos/high_resolution/angry/angry_183.mp4,14gKAUanoikwk89SvHocf9Dfboo8DztHB
angry_184.mp4,angry,high_resolution,dog_34850881,1440,2560,1440,2560,,high_resolution/angry/angry_184_1.jpg,high_resolution/angry/angry_184_2.jpg,DATASET_final_videos/high_resolution/angry/angry_184.mp4,1iqj7PNf_-2BrqTiMX_06MINQS3yPLYfI
angry_185.mp4,angry,high_resolution,dog_35290091,1440,2560,1440,2560,,high_resolution/angry/angry_185_1.jpg,high_resolution/angry/angry_185_2.jpg,DATASET_final_videos/high_resolution/angry/angry_185.mp4,1_q0_e-LANsj9NuEKrM13thUDtet4T-Hq
angry_186.mp4,angry,high_resolution,dog_37689691,1280,720,1280,720,,high_resolution/angry/angry_186_1.jpg,high_resolution/angry/angry_186_2.jpg,DATASET_final_videos/high_resolution/angry/angry_186.mp4,1oKKjzOg7PJkJ1N1CfnyshinNFJvb4tno
angry_187.mp4,angry,high_resolution,dog_4070325,1280,720,1280,720,,high_resolution/angry/angry_187_1.jpg,high_resolution/angry/angry_187_2.jpg,DATASET_final_videos/high_resolution/angry/angry_187.mp4,1eNyPUwnJl_xbux2fp3CPHrPTzZdfIwRr
angry_188.mp4,angry,high_resolution,dog_5496003,1280,720,1280,720,,high_resolution/angry/angry_188_1.jpg,high_resolution/angry/angry_188_2.jpg,DATASET_final_videos/high_resolution/angry/angry_188.mp4,1NSg0SPN4CEH22Gd_SKDAscJ77Dv-xHDl
angry_189.mp4,angry,high_resolution,dog_5496004,1280,720,1280,720,,high_resolution/angry/angry_189_1.jpg,high_resolution/angry/angry_189_2.jpg,DATASET_final_videos/high_resolution/angry/angry_189.mp4,1vXcgKT874dRAzae-ip80HZXH2JdzcRjk
angry_190.mp4,angry,high_resolution,dog_7684012,1920,1080,1920,1080,,high_resolution/angry/angry_190_1.jpg,high_resolution/angry/angry_190_2.jpg,DATASET_final_videos/high_resolution/angry/angry_190.mp4,1Z67T8nCViRWjpJGZhlCCo5gz4Ca1nGBc
angry_191.mp4,angry,high_resolution,dog_9421543,1920,1080,1920,1080,,high_resolution/angry/angry_191_1.jpg,high_resolution/angry/angry_191_2.jpg,DATASET_final_videos/high_resolution/angry/angry_191.mp4,1i2nHU80HU8Ol3WzO8LKo1iC3DVXBEj4i
angry_192.mp4,angry,high_resolution,dogexpressions_7626775846874860830,720,1268,720,1268,,high_resolution/angry/angry_192_1.jpg,high_resolution/angry/angry_192_2.jpg,DATASET_final_videos/high_resolution/angry/angry_192.mp4,1elY4ou7cl9LgoGK2Uil5jEA_IpUWmbRu
angry_193.mp4,angry,high_resolution,doglife_7612523317215448350,720,1280,720,1280,,high_resolution/angry/angry_193_1.jpg,high_resolution/angry/angry_193_2.jpg,DATASET_final_videos/high_resolution/angry/angry_193.mp4,1kqZ-EfYzP0lJqRAAxlcfF3GHCS23VLNd
angry_194.mp4,angry,high_resolution,dogmood_7658441915523747085,1080,1920,1080,1920,,high_resolution/angry/angry_194_1.jpg,high_resolution/angry/angry_194_2.jpg,DATASET_final_videos/high_resolution/angry/angry_194.mp4,1mxD27pVkftDCPDyuwHLfNb8Q63_tmOsk
angry_195.mp4,angry,low_resolution,e11290ee485a88ea8e8e871b03abed0f,576,1024,576,1024,,low_resolution/angry/angry_195_1.jpg,low_resolution/angry/angry_195_2.jpg,DATASET_final_videos/low_resolution/angry/angry_195.mp4,1yVoD21XdQYUCsuFokhPpUnDPm9i_P5sm
angry_196.mov,angry,high_resolution,energetic-dog-runs-through-snowy-winter-forest-2025-12-17-18-00-53-utc.mov,1080,1920,1080,1920,,high_resolution/angry/angry_196_1.jpg,high_resolution/angry/angry_196_2.jpg,DATASET_final_videos/high_resolution/angry/angry_196.mov,1Fyb9bCp8O4qd3kHnUfK7yI-rf_ODd88I
angry_197.mp4,angry,high_resolution,excited-dog-panting-in-autumn-leaves-2026-01-21-05-35-42-utc.mp4,1920,1080,1920,1080,,high_resolution/angry/angry_197_1.jpg,high_resolution/angry/angry_197_2.jpg,DATASET_final_videos/high_resolution/angry/angry_197.mp4,1FxwdTb7O5phaG4nQb1_JfHoQBlE1JNjm
angry_198.mov,angry,high_resolution,excited-dog-running-in-the-snow-2025-12-17-14-00-11-utc.mov,1920,1080,1920,1080,,high_resolution/angry/angry_198_1.jpg,high_resolution/angry/angry_198_2.jpg,DATASET_final_videos/high_resolution/angry/angry_198.mov,1Gcd1WZV92eupAukNC1LsJq5BgVEe1vc8
angry_199.mp4,angry,low_resolution,f13a6c9b62b40309da15dfd933bd908d,576,1024,576,1024,,low_resolution/angry/angry_199_1.jpg,low_resolution/angry/angry_199_2.jpg,DATASET_final_videos/low_resolution/angry/angry_199.mp4,1fCoiwuYOmbgRalMWbjqhFhGTkmXQMXI0
angry_200.mov,angry,high_resolution,fluffy-white-dog-relaxing-on-cream-couch-2025-12-17-11-26-39-utc.mov,4096,2160,4096,2160,,high_resolution/angry/angry_200_1.jpg,high_resolution/angry/angry_200_2.jpg,DATASET_final_videos/high_resolution/angry/angry_200.mov,1fK00Fh0hn7dEkCdNb14R9usdl7_FVy7L
angry_201.mov,angry,high_resolution,german-shepherd-dog-baring-teeth-on-leash-2025-12-17-21-40-14-utc.mov,1920,1080,1920,1080,,high_resolution/angry/angry_201_1.jpg,high_resolution/angry/angry_201_2.jpg,DATASET_final_videos/high_resolution/angry/angry_201.mov,1a9aGMKGxHfolo4pPplCzbDLNoCrVXY5F
angry_202.mov,angry,high_resolution,german-shepherd-dog-barking-on-green-lawn-2026-09-16-13-39-28-utc.mov,2046,1080,2046,1080,,high_resolution/angry/angry_202_1.jpg,high_resolution/angry/angry_202_2.jpg,DATASET_final_videos/high_resolution/angry/angry_202.mov,11d7P6jYgWR9nBJjBsZKGgyIwKzcJ5FZI
angry_203.mov,angry,high_resolution,golden-labrador-dog-standing-on-green-lawn-2025-12-17-14-06-16-utc.mov,1920,1080,1920,1080,,high_resolution/angry/angry_203_1.jpg,high_resolution/angry/angry_203_2.jpg,DATASET_final_videos/high_resolution/angry/angry_203.mov,1b6m4rwymszlTkfoXam-4BkP3TxBZEQka
angry_204.mov,angry,high_resolution,golden-labrador-retriever-barks-outside-2025-12-17-14-06-16-utc.mov,3840,2160,3840,2160,,high_resolution/angry/angry_204_1.jpg,high_resolution/angry/angry_204_2.jpg,DATASET_final_videos/high_resolution/angry/angry_204.mov,1fn5Cpn2MF2YzKY9_ybuBVMvji-gy_VsX
angry_205.mp4,angry,high_resolution,gray-dog-howling-in-studio-close-up-2025-12-17-11-50-11-utc.mp4,1920,1080,1920,1080,,high_resolution/angry/angry_205_1.jpg,high_resolution/angry/angry_205_2.jpg,DATASET_final_videos/high_resolution/angry/angry_205.mp4,1rJRhK-a2XV04extM53aItAiEiqRZtfxZ
angry_206.mp4,angry,high_resolution,guard-dog-barking-with-another-dog-watching-2026-09-16-09-11-19-utc.mp4,1920,1080,1920,1080,,high_resolution/angry/angry_206_1.jpg,high_resolution/angry/angry_206_2.jpg,DATASET_final_videos/high_resolution/angry/angry_206.mp4,1Y56BzaR6xnNnNGZyBUpoMSWzkZsZFZH_
angry_207.mp4,angry,low_resolution,iawKNAvM0VM_000360,1280,720,386,720,sides,low_resolution/angry/angry_207_1.jpg,low_resolution/angry/angry_207_2.jpg,DATASET_final_videos/low_resolution/angry/angry_207.mp4,1-_a0-B93e89PyixaKJQaB4fx8ID9d2Kp
angry_208.mov,angry,high_resolution,jack-russell-terrier-barking-in-the-park-2026-09-16-09-53-43-utc.mov,1920,1080,1920,1080,,high_resolution/angry/angry_208_1.jpg,high_resolution/angry/angry_208_2.jpg,DATASET_final_videos/high_resolution/angry/angry_208.mov,1Rvug0XYptoGbrUoPLESn8BEYKcn6i6kM
angry_209.mov,angry,high_resolution,jack-russell-terrier-barking-on-leash-in-fall-park-2026-09-16-05-57-17-utc.mov,1920,1080,1920,1080,,high_resolution/angry/angry_209_1.jpg,high_resolution/angry/angry_209_2.jpg,DATASET_final_videos/high_resolution/angry/angry_209.mov,18W_GsSHffMzrRORYguawzNBko4n8eNKe
angry_210.mp4,angry,low_resolution,jeuzkkFI_bs_000104,360,640,360,640,,low_resolution/angry/angry_210_1.jpg,low_resolution/angry/angry_210_2.jpg,DATASET_final_videos/low_resolution/angry/angry_210.mp4,1bMEqA8blYodHtziYh638FV88-O1GavAN
angry_211.mp4,angry,high_resolution,large-dog-on-leash-in-a-grassy-field-2026-09-16-03-50-19-utc.mp4,1920,1080,1920,1080,,high_resolution/angry/angry_211_1.jpg,high_resolution/angry/angry_211_2.jpg,DATASET_final_videos/high_resolution/angry/angry_211.mp4,1Rme8PzLQiJJmvkuxP3rF56moHImMI2VR
angry_212.mp4,angry,low_resolution,magnific-2866278,426,240,426,240,,low_resolution/angry/angry_212_1.jpg,low_resolution/angry/angry_212_2.jpg,DATASET_final_videos/low_resolution/angry/angry_212.mp4,1DPw4WZJL49YAqqvtPx9gXsBsATAIm2vA
angry_213.mp4,angry,high_resolution,mixkit-101224__girl-loving-her-dog,1280,720,1280,720,,high_resolution/angry/angry_213_1.jpg,high_resolution/angry/angry_213_2.jpg,DATASET_final_videos/high_resolution/angry/angry_213.mp4,13qIU908Pmq48EdCRLoMhf_z4kbMHGnqq
angry_214.mp4,angry,high_resolution,mixkit-14702__dog-playing-with-wooden-stick,1280,720,1280,720,,high_resolution/angry/angry_214_1.jpg,high_resolution/angry/angry_214_2.jpg,DATASET_final_videos/high_resolution/angry/angry_214.mp4,15otOOTWBFrRERCLHlwo2XWUv8oYko1Bg
angry_215.mp4,angry,high_resolution,mixkit-1657__person-carrying-a-little-dog,1280,720,1280,720,,high_resolution/angry/angry_215_1.jpg,high_resolution/angry/angry_215_2.jpg,DATASET_final_videos/high_resolution/angry/angry_215.mp4,1pQ6_Urjtn99inrtCJNgnK9PkPFYAvWc8
angry_216.mp4,angry,high_resolution,mixkit-32330__dog-barking-behind-a-wire-fence,1280,720,1280,720,,high_resolution/angry/angry_216_1.jpg,high_resolution/angry/angry_216_2.jpg,DATASET_final_videos/high_resolution/angry/angry_216.mp4,1WuSrAkuHmWODDD8vYnQMExIfgDoKPjCL
angry_217.mp4,angry,high_resolution,mixkit-45827__dog-playing-with-a-stick-with-his-owner-in-the,1280,720,1280,720,,high_resolution/angry/angry_217_1.jpg,high_resolution/angry/angry_217_2.jpg,DATASET_final_videos/high_resolution/angry/angry_217.mp4,11t-HCJUR8UlNEnnTNKhM5S_qMe6e6jau
angry_218.mp4,angry,high_resolution,mixkit-48727__small-dog-barking-and-wagging-its-tail-in-excitement,1280,720,1280,720,,high_resolution/angry/angry_218_1.jpg,high_resolution/angry/angry_218_2.jpg,DATASET_final_videos/high_resolution/angry/angry_218.mp4,1XnoTY7Tu0ELOjeO23xBqRcjFS0rO69po
angry_219.mp4,angry,high_resolution,mixkit-48947__angry-german-shepherd-barking-aggressively,1280,720,1280,720,,high_resolution/angry/angry_219_1.jpg,high_resolution/angry/angry_219_2.jpg,DATASET_final_videos/high_resolution/angry/angry_219.mp4,1KHUUifH9oZEKuwVVZYvfH8VwU7GY1DWy
angry_220.mp4,angry,high_resolution,mixkit-48948__angry-dog-barking-aggressively-next-to-a-break-wall,1280,720,1280,720,,high_resolution/angry/angry_220_1.jpg,high_resolution/angry/angry_220_2.jpg,DATASET_final_videos/high_resolution/angry/angry_220.mp4,1nMjAUvkv4wGYINTtxfLo1F4x8GyXsmUX
angry_221.mp4,angry,high_resolution,o8zoo0FJkUY_84600_0013.mp4,1280,720,1280,720,,high_resolution/angry/angry_221_1.jpg,high_resolution/angry/angry_221_2.jpg,DATASET_final_videos/high_resolution/angry/angry_221.mp4,1s8uZ87naVK8fhoQaRH0o1Blg0nnwMFtI
angry_222.mp4,angry,high_resolution,pixabay_109611,1280,720,1280,720,,high_resolution/angry/angry_222_1.jpg,high_resolution/angry/angry_222_2.jpg,DATASET_final_videos/high_resolution/angry/angry_222.mp4,1crmsgkjErnRFRUzm51rK7Jp1lZV7SlqI
angry_223.mov,angry,high_resolution,reddish-brown-dog-close-up-staring-off-to-side-2026-03-12-19-43-54-utc.mov,1080,1920,1080,1920,,high_resolution/angry/angry_223_1.jpg,high_resolution/angry/angry_223_2.jpg,DATASET_final_videos/high_resolution/angry/angry_223.mov,14g88QWiqKXQXoxYmKk-NNN0I2YilBGZi
angry_224.mp4,angry,high_resolution,segment_long_16404081_12,1280,720,1280,720,,high_resolution/angry/angry_224_1.jpg,high_resolution/angry/angry_224_2.jpg,DATASET_final_videos/high_resolution/angry/angry_224.mp4,1wW1VrzKoM_UkfMEpyg6pPekfbmFnITmv
angry_225.mp4,angry,high_resolution,segment_long_9507458_168,1366,720,1366,720,,high_resolution/angry/angry_225_1.jpg,high_resolution/angry/angry_225_2.jpg,DATASET_final_videos/high_resolution/angry/angry_225.mp4,1BGFYMZd4VZvAzUxOOYwmNU_Jd_FQCZsS
angry_226.mov,angry,high_resolution,small-white-dog-growling-in-studio-setting-2026-09-16-01-20-16-utc.mov,4096,2160,4096,2160,,high_resolution/angry/angry_226_1.jpg,high_resolution/angry/angry_226_2.jpg,DATASET_final_videos/high_resolution/angry/angry_226.mov,14lXpOut4npuUCzMsZD2iE7KoSwE1c2dD
angry_227.mov,angry,high_resolution,small-white-dog-sitting-on-chair-showing-teeth-2026-09-16-10-07-05-utc.mov,4096,2160,4096,2160,,high_resolution/angry/angry_227_1.jpg,high_resolution/angry/angry_227_2.jpg,DATASET_final_videos/high_resolution/angry/angry_227.mov,1MOaCgh1EymqWz_uEISl19F8iLmpqcw1V
angry_228.mov,angry,high_resolution,two-alert-dogs-barking-outdoors-in-daytime-2025-12-18-01-58-58-utc.mov,1920,1080,1920,1080,,high_resolution/angry/angry_228_1.jpg,high_resolution/angry/angry_228_2.jpg,DATASET_final_videos/high_resolution/angry/angry_228.mov,1EwZTHzKFQPzxKB3IEt9HLWLagnpJR2B_
angry_229.mov,angry,high_resolution,two-dogs-barking-and-standing-in-nature-2025-12-17-13-02-12-utc.mov,1920,1080,1920,1080,,high_resolution/angry/angry_229_1.jpg,high_resolution/angry/angry_229_2.jpg,DATASET_final_videos/high_resolution/angry/angry_229.mov,1EZvFA5w943Q6nE_3ta72F2iWlNdqP1zC
angry_230.mov,angry,high_resolution,wet-light-brown-dog-barks-in-grassy-field-2025-12-17-14-06-17-utc.mov,1920,1080,1920,1080,,high_resolution/angry/angry_230_1.jpg,high_resolution/angry/angry_230_2.jpg,DATASET_final_videos/high_resolution/angry/angry_230.mov,17pS4rDiNiM_QuiDyfyuzSMof2Cczd4qy
angry_231.mov,angry,high_resolution,white-and-brown-stray-dog-barking-on-the-streets-o-2025-12-17-14-19-25-utc.mov,1920,1080,1920,1080,,high_resolution/angry/angry_231_1.jpg,high_resolution/angry/angry_231_2.jpg,DATASET_final_videos/high_resolution/angry/angry_231.mov,1Z3E_gOL15TrIOf2y72GDp1ailo2MDzUJ
angry_232.mov,angry,high_resolution,white-and-brown-stray-dog-barking-on-the-streets-o-2025-12-17-14-47-20-utc.mov,1080,1920,1080,1920,,high_resolution/angry/angry_232_1.jpg,high_resolution/angry/angry_232_2.jpg,DATASET_final_videos/high_resolution/angry/angry_232.mov,1-0j2tX7KG_25hfoDzBNxBeWKZT0lnTNV
angry_233.mov,angry,high_resolution,woman-holds-dog-s-paw-on-gray-couch-2025-12-17-20-22-03-utc.mov,4096,2160,4096,2160,,high_resolution/angry/angry_233_1.jpg,high_resolution/angry/angry_233_2.jpg,DATASET_final_videos/high_resolution/angry/angry_233.mov,1BEd4cHpYBdvvIdy3_-pomkmsDt-a1_7O
angry_234.mp4,angry,high_resolution,youtube_angry dog growling_Ff2VrM7C3Xs,1080,1920,1080,1920,,high_resolution/angry/angry_234_1.jpg,high_resolution/angry/angry_234_2.jpg,DATASET_final_videos/high_resolution/angry/angry_234.mp4,1arrYZ4BLgI9lKDh0fhO0o5nAcB2SF75u
angry_235.mp4,angry,high_resolution,youtube_angry dog growling_G-g2cmDBiIU,1080,1920,1080,1920,,high_resolution/angry/angry_235_1.jpg,high_resolution/angry/angry_235_2.jpg,DATASET_final_videos/high_resolution/angry/angry_235.mp4,1qR9DWPYPy3SqUr_tjlqQcjB581JVA0PJ
angry_236.mp4,angry,high_resolution,youtube_angry dog growling_H9i80YtrfgI,1080,1920,1080,1920,,high_resolution/angry/angry_236_1.jpg,high_resolution/angry/angry_236_2.jpg,DATASET_final_videos/high_resolution/angry/angry_236.mp4,16M_W7AK5MEBVjhENqyzNGw6TTq09xpOG
angry_237.mp4,angry,high_resolution,youtube_angry dog growling_IXZF1Gb0Qw8,720,1280,720,1280,,high_resolution/angry/angry_237_1.jpg,high_resolution/angry/angry_237_2.jpg,DATASET_final_videos/high_resolution/angry/angry_237.mp4,1bR6H8IGhpQsdyonaEmIRNAHTHHqejjZy
angry_238.mp4,angry,high_resolution,youtube_angry dog growling_RFLmxKd2xoQ,1080,1920,1080,1920,,high_resolution/angry/angry_238_1.jpg,high_resolution/angry/angry_238_2.jpg,DATASET_final_videos/high_resolution/angry/angry_238.mp4,1gwg7FDNtBBJ9QkvcLajYXFX07ZbgD8_R
angry_239.mp4,angry,high_resolution,youtube_angry dog growling_ewZVPFpNPCU,1080,1920,1080,1920,,high_resolution/angry/angry_239_1.jpg,high_resolution/angry/angry_239_2.jpg,DATASET_final_videos/high_resolution/angry/angry_239.mp4,1FVa62HtTiLBO84fdJ-uPTNroK5fMQK-8
angry_240.mp4,angry,high_resolution,youtube_angry dog growling_zkqRL5YoFZE,1080,1920,1080,1920,,high_resolution/angry/angry_240_1.jpg,high_resolution/angry/angry_240_2.jpg,DATASET_final_videos/high_resolution/angry/angry_240.mp4,1HEE3MZ7fQg0YT6DolKC6r526fwgwWDdb
angry_241.mp4,angry,low_resolution,youtube_cute dog face closeup_ZKGD8VBMl50,640,360,640,360,,low_resolution/angry/angry_241_1.jpg,low_resolution/angry/angry_241_2.jpg,DATASET_final_videos/low_resolution/angry/angry_241.mp4,1qAz1NQo8fdCNPI5h54v1Srp4FYwmVMuJ
angry_242.mp4,angry,high_resolution,youtube_happy dog smiling_3uszZBMuxlE,1920,1080,1920,1080,,high_resolution/angry/angry_242_1.jpg,high_resolution/angry/angry_242_2.jpg,DATASET_final_videos/high_resolution/angry/angry_242.mp4,1SMqljr-fTHtVzSfctCE0Dw76K3AbKCCA
angry_243.mp4,angry,high_resolution,youtube_happy dog smiling_g2F2vLKZqfM,1280,720,1280,720,,high_resolution/angry/angry_243_1.jpg,high_resolution/angry/angry_243_2.jpg,DATASET_final_videos/high_resolution/angry/angry_243.mp4,1y-LxocrVEA40tj2eQQA3G27usrWxiV8U
fearful_001.mp4,fearful,low_resolution,.trashed-1792267605-1fa0111d21a3c1559af5f4e27c750fa0_1_1.mp4,576,1024,576,1024,,low_resolution/fearful/fearful_001_1.jpg,low_resolution/fearful/fearful_001_2.jpg,DATASET_final_videos/low_resolution/fearful/fearful_001.mp4,1qA4coUC_z7Scq9TuSoWM9xuu7LQrjXh5
fearful_002.mp4,fearful,low_resolution,.trashed-1792267620-09e22ac2101a647095f286a3d2a4811d_1_1.mp4,576,1024,576,1024,,low_resolution/fearful/fearful_002_1.jpg,low_resolution/fearful/fearful_002_2.jpg,DATASET_final_videos/low_resolution/fearful/fearful_002.mp4,1gTS0NN8AwCtb07z2L5cf7El4INJrsGLd
fearful_003.mp4,fearful,low_resolution,.trashed-1792267656-7d1ce6504456322aa6a1a041237c45f8_1_1.mp4,576,1024,576,1024,,low_resolution/fearful/fearful_003_1.jpg,low_resolution/fearful/fearful_003_2.jpg,DATASET_final_videos/low_resolution/fearful/fearful_003.mp4,1SXQRWCZlL_n36VLidS4QjpMVEDiFRDuY
fearful_004.mp4,fearful,low_resolution,.trashed-1792268361-b09459c7cc473bddd617ec878e35e0c1.mp4,576,1024,576,1024,,low_resolution/fearful/fearful_004_1.jpg,low_resolution/fearful/fearful_004_2.jpg,DATASET_final_videos/low_resolution/fearful/fearful_004.mp4,11hcH7v5vwCJ7Np3Nmo01tRq7Wj3Dg-VU
fearful_005.mp4,fearful,low_resolution,.trashed-1792268557-2490703a15a1c397b203ecdd4df9da31.mp4,576,778,576,778,,low_resolution/fearful/fearful_005_1.jpg,low_resolution/fearful/fearful_005_2.jpg,DATASET_final_videos/low_resolution/fearful/fearful_005.mp4,1CA-2Yr-O2XkPEwljb5GDrbBFeHKAq7tU
fearful_006.mp4,fearful,low_resolution,.trashed-1792268689-f61593297fb22f7751b31eb5136f62b6.mp4,576,1024,576,1024,,low_resolution/fearful/fearful_006_1.jpg,low_resolution/fearful/fearful_006_2.jpg,DATASET_final_videos/low_resolution/fearful/fearful_006.mp4,1DsN0jYhXT7SLH-kS7JHrOnXXPoJJ8Nr-
fearful_007.mp4,fearful,low_resolution,.trashed-1792268967-783b949a0ede7f7cd59f08ae98eaaaf0.mp4,576,1024,576,1024,,low_resolution/fearful/fearful_007_1.jpg,low_resolution/fearful/fearful_007_2.jpg,DATASET_final_videos/low_resolution/fearful/fearful_007.mp4,1xfRHbogVF-sub04y8Mr4i6xe94MNUA1Z
fearful_008.mp4,fearful,low_resolution,.trashed-1792269115-1ec5b20ba168cc101752f1b3af156c11.mp4,576,1024,576,1024,,low_resolution/fearful/fearful_008_1.jpg,low_resolution/fearful/fearful_008_2.jpg,DATASET_final_videos/low_resolution/fearful/fearful_008.mp4,1Hg-oillVz8G_FG04CIQRwrOmC6zay4ol
fearful_009.mp4,fearful,low_resolution,.trashed-1792269171-857ac5b642ca42a6739dcb3df6b005d5.mp4,576,1024,576,1024,,low_resolution/fearful/fearful_009_1.jpg,low_resolution/fearful/fearful_009_2.jpg,DATASET_final_videos/low_resolution/fearful/fearful_009.mp4,1Euz4z8JCo60Lpese2UyZoQtIZrHJ-Ll7
fearful_010.mp4,fearful,low_resolution,0275a3a616805eebc617d33e05de50b6.mp4,710,576,710,576,,low_resolution/fearful/fearful_010_1.jpg,low_resolution/fearful/fearful_010_2.jpg,DATASET_final_videos/low_resolution/fearful/fearful_010.mp4,1J241ET-zRLK9gfPgUdJcQCxREcIJvuj3
fearful_011.mp4,fearful,low_resolution,0391ad757cd6716aa420052e0821721d.mp4,576,1048,576,1048,,low_resolution/fearful/fearful_011_1.jpg,low_resolution/fearful/fearful_011_2.jpg,DATASET_final_videos/low_resolution/fearful/fearful_011.mp4,1hZEh1skwo6t0cgoxM_kRM5-cuAT9zSVR
fearful_012.mp4,fearful,low_resolution,09e22ac2101a647095f286a3d2a4811d.mp4,576,1024,576,1024,,low_resolution/fearful/fearful_012_1.jpg,low_resolution/fearful/fearful_012_2.jpg,DATASET_final_videos/low_resolution/fearful/fearful_012.mp4,1Q5tmTo8CswwRgeYjZS4IFuvQZWtcGj81
fearful_013.mp4,fearful,high_resolution,10936490-hd_1080_1920_30fps.mp4,1080,1920,1080,1920,,high_resolution/fearful/fearful_013_1.jpg,,DATASET_final_videos/high_resolution/fearful/fearful_013.mp4,1BeaTZMRZFpufSVtoS3kG5FUZpjwoM8In
fearful_014.mp4,fearful,high_resolution,12488565_1080_1920_30fps.mp4,1080,1920,1080,1920,,high_resolution/fearful/fearful_014_1.jpg,high_resolution/fearful/fearful_014_2.jpg,DATASET_final_videos/high_resolution/fearful/fearful_014.mp4,1aQAevup4SANwDP9EfI0R8bVZusSklaZQ
fearful_015.mp4,fearful,low_resolution,13F3FFpKs5s_000021,360,640,360,640,,low_resolution/fearful/fearful_015_1.jpg,low_resolution/fearful/fearful_015_2.jpg,DATASET_final_videos/low_resolution/fearful/fearful_015.mp4,1v3ikyNfHy7h_RRWEeetl71R2UgkPN6m4
fearful_016.mp4,fearful,high_resolution,14994764_2160_3840_24fps.mp4,2160,3840,2160,3840,,high_resolution/fearful/fearful_016_1.jpg,high_resolution/fearful/fearful_016_2.jpg,DATASET_final_videos/high_resolution/fearful/fearful_016.mp4,1VNTIcDxDhDhJCFHRRNulamzqRvyOWbGJ
fearful_017.mp4,fearful,high_resolution,15471274-uhd_2160_3840_60fps.mp4,2160,3840,2160,3840,,high_resolution/fearful/fearful_017_1.jpg,high_resolution/fearful/fearful_017_2.jpg,DATASET_final_videos/high_resolution/fearful/fearful_017.mp4,17CpMiBw0TSlFAuSQji2zXbLhAY7JKILe
fearful_018.mp4,fearful,low_resolution,1fa0111d21a3c1559af5f4e27c750fa0.mp4,576,1024,576,1024,,low_resolution/fearful/fearful_018_1.jpg,low_resolution/fearful/fearful_018_2.jpg,DATASET_final_videos/low_resolution/fearful/fearful_018.mp4,1XhO4AasMAsUQGM2ZYrtgNirOj9zgN8WD
fearful_019.mp4,fearful,low_resolution,288b92d215dfc03182eca1af3267dc84,576,1024,576,1024,,low_resolution/fearful/fearful_019_1.jpg,low_resolution/fearful/fearful_019_2.jpg,DATASET_final_videos/low_resolution/fearful/fearful_019.mp4,13PdrMO47Vr48SR4f6wlhLnPBKYxKaDt6
fearful_020.mp4,fearful,low_resolution,3665853229-preview.mp4,900,474,900,474,,low_resolution/fearful/fearful_020_1.jpg,low_resolution/fearful/fearful_020_2.jpg,DATASET_final_videos/low_resolution/fearful/fearful_020.mp4,1lmqnHFa22rsKsx5vdeX3BeTRKmbpB7gG
fearful_021.mp4,fearful,low_resolution,4027286419-preview.mp4,898,506,898,506,,low_resolution/fearful/fearful_021_1.jpg,low_resolution/fearful/fearful_021_2.jpg,DATASET_final_videos/low_resolution/fearful/fearful_021.mp4,1d6TppcQBE1Ub1GKHgt5ZWpGVrWlT2jwm
fearful_022.mp4,fearful,high_resolution,4210977-hd_1280_720_25fps.mp4,1280,720,1280,720,,high_resolution/fearful/fearful_022_1.jpg,high_resolution/fearful/fearful_022_2.jpg,DATASET_final_videos/high_resolution/fearful/fearful_022.mp4,1wwCu--bn398gv-7RZWuRvnAqZ9A-_3od
fearful_023.mp4,fearful,low_resolution,4cb1b107e769ef5bea220d5a95ec289b.mp4,576,1024,576,1024,,low_resolution/fearful/fearful_023_1.jpg,low_resolution/fearful/fearful_023_2.jpg,DATASET_final_videos/low_resolution/fearful/fearful_023.mp4,17mWR59gjpqJRA2ZasiCSwzYzJ16W4HTk
fearful_024.mp4,fearful,low_resolution,4f5a272a90baebcd639802dc908a3d9a.mp4,576,1024,576,1024,,low_resolution/fearful/fearful_024_1.jpg,low_resolution/fearful/fearful_024_2.jpg,DATASET_final_videos/low_resolution/fearful/fearful_024.mp4,1j5jSm8fef0gMosaq5Mecqr1ngXUshPeq
fearful_025.mp4,fearful,low_resolution,4f5a272a90baebcd639802dc908a3d9a_1_1.mp4,576,1024,576,1024,,low_resolution/fearful/fearful_025_1.jpg,low_resolution/fearful/fearful_025_2.jpg,DATASET_final_videos/low_resolution/fearful/fearful_025.mp4,1WwBj2wRBnnded3Y5lXk2zl6e_iIpLX4s
fearful_026.mp4,fearful,low_resolution,5F6ULZBf0g8_000720,406,720,406,720,,low_resolution/fearful/fearful_026_1.jpg,low_resolution/fearful/fearful_026_2.jpg,DATASET_final_videos/low_resolution/fearful/fearful_026.mp4,1NxX7hUuV8_KKntAk-gtvCTDpHC4Sfh1l
fearful_027.mp4,fearful,high_resolution,5fb350085b5b1abd50942258af61cc89.mp4,720,1280,720,1280,,high_resolution/fearful/fearful_027_1.jpg,high_resolution/fearful/fearful_027_2.jpg,DATASET_final_videos/high_resolution/fearful/fearful_027.mp4,1R7SDbS4Uq8UrReIGmBMf7urQDzocu7Z5
fearful_028.mp4,fearful,low_resolution,62192775c2b49e4ab29008863306334c.mp4,320,640,320,640,,low_resolution/fearful/fearful_028_1.jpg,low_resolution/fearful/fearful_028_2.jpg,DATASET_final_videos/low_resolution/fearful/fearful_028.mp4,1IQKfZ0JzeWQf_f07pWpbWfiaB-ee-ovz
fearful_029.mp4,fearful,high_resolution,6314345-hd_1920_1080_24fps.mp4,1920,1080,1920,1080,,high_resolution/fearful/fearful_029_1.jpg,high_resolution/fearful/fearful_029_2.jpg,DATASET_final_videos/high_resolution/fearful/fearful_029.mp4,1fAVrinFgT01oxB3ZAHrhkyy2bahn7QvG
fearful_030.mp4,fearful,low_resolution,6e8129da66db084ec2c52a1260150087.mp4,576,1024,576,1024,,low_resolution/fearful/fearful_030_1.jpg,low_resolution/fearful/fearful_030_2.jpg,DATASET_final_videos/low_resolution/fearful/fearful_030.mp4,1bWDBRnkZlKs2JSZULWM3-i4aQkkGyYPk
fearful_031.mp4,fearful,low_resolution,702e56b36b4c30dfa048a7d65afb2775,576,1024,576,1024,,low_resolution/fearful/fearful_031_1.jpg,low_resolution/fearful/fearful_031_2.jpg,DATASET_final_videos/low_resolution/fearful/fearful_031.mp4,1h58DfdQzCMYHz8k0ZE2ZpRLtL4zNPO36
fearful_032.mp4,fearful,high_resolution,7682705-uhd_3840_2160_25fps.mp4,3840,2160,3840,2160,,high_resolution/fearful/fearful_032_1.jpg,high_resolution/fearful/fearful_032_2.jpg,DATASET_final_videos/high_resolution/fearful/fearful_032.mp4,1kjVTL27NmSWg1UlbGknPHlGo8Ti4ENNc
fearful_033.mp4,fearful,low_resolution,796445f1adc1913d1e9c4843c1a96bda.mp4,576,1024,576,1024,,low_resolution/fearful/fearful_033_1.jpg,low_resolution/fearful/fearful_033_2.jpg,DATASET_final_videos/low_resolution/fearful/fearful_033.mp4,1FrR1ig75uO1LGE9iisfuZUZoFA8zb38a
fearful_034.mp4,fearful,low_resolution,7a1da912409a791228d2d55e3d2a42bb.mp4,576,1024,576,1024,,low_resolution/fearful/fearful_034_1.jpg,low_resolution/fearful/fearful_034_2.jpg,DATASET_final_videos/low_resolution/fearful/fearful_034.mp4,1-3dZGyR4c2ONWI5FemVX37Ag9IDhUIOA
fearful_035.mp4,fearful,low_resolution,7b64d5bdf356aa4dad0fa51a18b45cc5.mp4,584,576,584,576,,low_resolution/fearful/fearful_035_1.jpg,low_resolution/fearful/fearful_035_2.jpg,DATASET_final_videos/low_resolution/fearful/fearful_035.mp4,1Hr7SKMk_GkdkHHFrWMm5Q512HafHI5e9
fearful_036.mp4,fearful,low_resolution,7ca8b2458e2b9c9e4ff6525d7f564eff,576,1024,576,1024,,low_resolution/fearful/fearful_036_1.jpg,low_resolution/fearful/fearful_036_2.jpg,DATASET_final_videos/low_resolution/fearful/fearful_036.mp4,1ZqPPWvU3x7aLffTsCMG916zDt7gfT7q4
fearful_037.mp4,fearful,low_resolution,906dfa2b396057b5834a81e322e3dd1b,576,1024,576,1024,,low_resolution/fearful/fearful_037_1.jpg,low_resolution/fearful/fearful_037_2.jpg,DATASET_final_videos/low_resolution/fearful/fearful_037.mp4,1rJlG4sWhhjzXq9SMe41S6Ujqy6m98yyR
fearful_038.mp4,fearful,high_resolution,9421549-hd_1920_1080_25fps.mp4,1920,1080,1920,1080,,high_resolution/fearful/fearful_038_1.jpg,high_resolution/fearful/fearful_038_2.jpg,DATASET_final_videos/high_resolution/fearful/fearful_038.mp4,1TSN6dIdwB1LEc7Q7Qk3DbzLKrIBcJL4L
fearful_039.mp4,fearful,low_resolution,K6w9kd1kPfU_000339,406,720,406,720,,low_resolution/fearful/fearful_039_1.jpg,low_resolution/fearful/fearful_039_2.jpg,DATASET_final_videos/low_resolution/fearful/fearful_039.mp4,1P80NaaR4zQ0tFp01-HeCs8XWjN3HOnqg
fearful_040.mp4,fearful,low_resolution,Mste1BpEu2c_000405,406,720,406,720,,low_resolution/fearful/fearful_040_1.jpg,low_resolution/fearful/fearful_040_2.jpg,DATASET_final_videos/low_resolution/fearful/fearful_040.mp4,1cg7qjB4DVpnfUv9lmsM9Q7nxgvI96CiO
fearful_041.mp4,fearful,low_resolution,VID_20260917220907.mp4,576,1024,576,1024,,low_resolution/fearful/fearful_041_1.jpg,low_resolution/fearful/fearful_041_2.jpg,DATASET_final_videos/low_resolution/fearful/fearful_041.mp4,15B_tUzQD4xLqHqjgPRADWqltUxJHIvhY
fearful_042.mp4,fearful,low_resolution,VID_20260917221002.mp4,576,1024,576,1024,,low_resolution/fearful/fearful_042_1.jpg,low_resolution/fearful/fearful_042_2.jpg,DATASET_final_videos/low_resolution/fearful/fearful_042.mp4,1i0kzB_Zm1udVIDE9Y57JmmCKoA1qLemT
fearful_043.mp4,fearful,low_resolution,VID_20260917221046.mp4,576,1024,576,1024,,low_resolution/fearful/fearful_043_1.jpg,low_resolution/fearful/fearful_043_2.jpg,DATASET_final_videos/low_resolution/fearful/fearful_043.mp4,1PUm9eU83Og9kRGemXBg0y-mz45ovntVe
fearful_044.mp4,fearful,low_resolution,VID_20260917221120.mp4,576,1024,576,1024,,low_resolution/fearful/fearful_044_1.jpg,low_resolution/fearful/fearful_044_2.jpg,DATASET_final_videos/low_resolution/fearful/fearful_044.mp4,18lvdE05f8i1eFK5iDBiUD4b5ahMrbOfX
fearful_045.mp4,fearful,low_resolution,VID_20260917221155.mp4,576,1024,576,1024,,low_resolution/fearful/fearful_045_1.jpg,low_resolution/fearful/fearful_045_2.jpg,DATASET_final_videos/low_resolution/fearful/fearful_045.mp4,1wjTOuQ4xTTnufUb5iZqkOOfiMLZfoVV1
fearful_046.mp4,fearful,low_resolution,VID_20260917221233.mp4,576,1024,576,1024,,low_resolution/fearful/fearful_046_1.jpg,low_resolution/fearful/fearful_046_2.jpg,DATASET_final_videos/low_resolution/fearful/fearful_046.mp4,1rAHV4ubx19wr2AWkjL4ArwJazmjTyLml
fearful_047.mp4,fearful,low_resolution,VID_20260917221326.mp4,576,1024,576,1024,,low_resolution/fearful/fearful_047_1.jpg,low_resolution/fearful/fearful_047_2.jpg,DATASET_final_videos/low_resolution/fearful/fearful_047.mp4,1VNJZgB9PldcO6UMsR7OmgGOWT7l98-Nw
fearful_048.mp4,fearful,low_resolution,VID_20260917221413.mp4,576,1024,576,1024,,low_resolution/fearful/fearful_048_1.jpg,low_resolution/fearful/fearful_048_2.jpg,DATASET_final_videos/low_resolution/fearful/fearful_048.mp4,1XyTQyWN3PCKloJ_rQqH_gLDa_Anx1vJl
fearful_049.mp4,fearful,low_resolution,VID_20260917221450.mp4,576,1024,576,1024,,low_resolution/fearful/fearful_049_1.jpg,low_resolution/fearful/fearful_049_2.jpg,DATASET_final_videos/low_resolution/fearful/fearful_049.mp4,1YO2NnHF4y0mbSVDKAwlfcHDRNXwHvFsx
fearful_050.mp4,fearful,low_resolution,VID_20260917221527.mp4,576,1024,576,1024,,low_resolution/fearful/fearful_050_1.jpg,low_resolution/fearful/fearful_050_2.jpg,DATASET_final_videos/low_resolution/fearful/fearful_050.mp4,12Zm03Z2yD9Y09Hoo5CB8d0clGO2IajaF
fearful_051.mp4,fearful,low_resolution,VID_20260917221628.mp4,576,1024,576,1024,,low_resolution/fearful/fearful_051_1.jpg,low_resolution/fearful/fearful_051_2.jpg,DATASET_final_videos/low_resolution/fearful/fearful_051.mp4,1lJnVUTL4CtskS5cp5S0Ti8yKleQSivDs
fearful_052.mp4,fearful,low_resolution,VID_20260917221703.mp4,576,1024,576,1024,,low_resolution/fearful/fearful_052_1.jpg,low_resolution/fearful/fearful_052_2.jpg,DATASET_final_videos/low_resolution/fearful/fearful_052.mp4,1IayIY66wfnpYy-5YoP4iLSCKljcuprC3
fearful_053.mp4,fearful,low_resolution,VID_20260917221734.mp4,576,1024,576,1024,,low_resolution/fearful/fearful_053_1.jpg,low_resolution/fearful/fearful_053_2.jpg,DATASET_final_videos/low_resolution/fearful/fearful_053.mp4,1njO6eV7BFt12nuw1a_-_GPzYGRxTTvBA
fearful_054.mp4,fearful,low_resolution,VID_20260917221824.mp4,576,1024,576,1024,,low_resolution/fearful/fearful_054_1.jpg,low_resolution/fearful/fearful_054_2.jpg,DATASET_final_videos/low_resolution/fearful/fearful_054.mp4,1TlEJMtuBJyty9u1SiWkRjqFll5aP4NIV
fearful_055.mp4,fearful,low_resolution,VID_20260917221908.mp4,576,1024,576,1024,,low_resolution/fearful/fearful_055_1.jpg,low_resolution/fearful/fearful_055_2.jpg,DATASET_final_videos/low_resolution/fearful/fearful_055.mp4,1AaFE02NTpjQndoSQccLXItKD4jNR373N
fearful_056.mp4,fearful,low_resolution,VID_20260917222002.mp4,576,784,576,784,,low_resolution/fearful/fearful_056_1.jpg,low_resolution/fearful/fearful_056_2.jpg,DATASET_final_videos/low_resolution/fearful/fearful_056.mp4,1jNdk0YMqGPYl0QrQLHwgk2RxgOOzfE3f
fearful_057.mp4,fearful,low_resolution,VID_20260917222031.mp4,576,784,576,784,,low_resolution/fearful/fearful_057_1.jpg,low_resolution/fearful/fearful_057_2.jpg,DATASET_final_videos/low_resolution/fearful/fearful_057.mp4,1zVjQwTPsgoSyxv3jn-I5SFP8mLnJ1dKL
fearful_058.mp4,fearful,low_resolution,VID_20260917222059.mp4,576,784,576,784,,low_resolution/fearful/fearful_058_1.jpg,low_resolution/fearful/fearful_058_2.jpg,DATASET_final_videos/low_resolution/fearful/fearful_058.mp4,1uoFURz5g7Lz_CQOimd7TVT1kzVuZ1Vmg
fearful_059.mp4,fearful,low_resolution,VID_20260917222151.mp4,576,784,576,784,,low_resolution/fearful/fearful_059_1.jpg,low_resolution/fearful/fearful_059_2.jpg,DATASET_final_videos/low_resolution/fearful/fearful_059.mp4,14kdf_TzpgrlSdUVbd0zFQ4LRENVoCPTL
fearful_060.mp4,fearful,low_resolution,VID_20260917222506.mp4,464,848,464,848,,,low_resolution/fearful/fearful_060_2.jpg,DATASET_final_videos/low_resolution/fearful/fearful_060.mp4,19wr7c7pbPdZ0WLaIzm5G67bMsedWUwNX
fearful_061.mp4,fearful,low_resolution,VID_20260917222639.mp4,464,848,464,848,,low_resolution/fearful/fearful_061_1.jpg,low_resolution/fearful/fearful_061_2.jpg,DATASET_final_videos/low_resolution/fearful/fearful_061.mp4,1kESnCts_CGm6QL8tl1H2gODRmRfUhktq
fearful_062.mp4,fearful,low_resolution,VID_20260917222720.mp4,464,848,464,848,,low_resolution/fearful/fearful_062_1.jpg,low_resolution/fearful/fearful_062_2.jpg,DATASET_final_videos/low_resolution/fearful/fearful_062.mp4,1E9TcuCHsUprMrxcbBg2sxs_VXw62_OFg
fearful_063.mp4,fearful,low_resolution,VID_20260917222816.mp4,464,848,464,848,,low_resolution/fearful/fearful_063_1.jpg,low_resolution/fearful/fearful_063_2.jpg,DATASET_final_videos/low_resolution/fearful/fearful_063.mp4,1vbcjiqAtYrOWLJ5slDH6n6AK0xycCGJm
fearful_064.mp4,fearful,low_resolution,VID_20260917222905.mp4,576,1024,576,1024,,low_resolution/fearful/fearful_064_1.jpg,low_resolution/fearful/fearful_064_2.jpg,DATASET_final_videos/low_resolution/fearful/fearful_064.mp4,1DcoluFcPIgj1_nkOsRfkZA_fy4qHbYNE
fearful_065.mp4,fearful,low_resolution,VID_20260917223026.mp4,576,1024,576,1024,,low_resolution/fearful/fearful_065_1.jpg,low_resolution/fearful/fearful_065_2.jpg,DATASET_final_videos/low_resolution/fearful/fearful_065.mp4,15-moT6ucDpX14lZRqG2wEgryh-ihrdGO
fearful_066.mp4,fearful,low_resolution,VID_20260917223116.mp4,576,1024,576,1024,,low_resolution/fearful/fearful_066_1.jpg,low_resolution/fearful/fearful_066_2.jpg,DATASET_final_videos/low_resolution/fearful/fearful_066.mp4,17IpcJLFLbyMGhm8R10vYlD4WM4KWa0JL
fearful_067.mp4,fearful,low_resolution,VID_20260917223235.mp4,576,1024,576,1024,,low_resolution/fearful/fearful_067_1.jpg,low_resolution/fearful/fearful_067_2.jpg,DATASET_final_videos/low_resolution/fearful/fearful_067.mp4,1Y0ozcQBaH0RqP_JCyiW9oZIuRF388zcS
fearful_068.mp4,fearful,low_resolution,VID_20260917_220429_116.mp4,464,848,464,848,,low_resolution/fearful/fearful_068_1.jpg,low_resolution/fearful/fearful_068_2.jpg,DATASET_final_videos/low_resolution/fearful/fearful_068.mp4,1su2RloT2W9QsFT4LS381r7S-X4xS-ypf
fearful_069.mp4,fearful,low_resolution,VID_20260917_220445_368.mp4,464,848,464,848,,low_resolution/fearful/fearful_069_1.jpg,low_resolution/fearful/fearful_069_2.jpg,DATASET_final_videos/low_resolution/fearful/fearful_069.mp4,19VJAQ2orrCaNqo63gPGGffctJoaPFQkh
fearful_070.mp4,fearful,low_resolution,VID_20260917_220446_789.mp4,464,848,464,848,,low_resolution/fearful/fearful_070_1.jpg,low_resolution/fearful/fearful_070_2.jpg,DATASET_final_videos/low_resolution/fearful/fearful_070.mp4,1--q_qxG9rcXb2zqgKqKHtnvEPLfA2xXe
fearful_071.mp4,fearful,low_resolution,VID_20260917_220449_076.mp4,464,848,464,848,,low_resolution/fearful/fearful_071_1.jpg,low_resolution/fearful/fearful_071_2.jpg,DATASET_final_videos/low_resolution/fearful/fearful_071.mp4,1jqCPEu-LmPQSGOD63d7wQqf-Rz9y0mJ4
fearful_072.mp4,fearful,low_resolution,VID_20260917_220502_373.mp4,432,848,432,848,,low_resolution/fearful/fearful_072_1.jpg,low_resolution/fearful/fearful_072_2.jpg,DATASET_final_videos/low_resolution/fearful/fearful_072.mp4,1zCmYex8CKDXDm3xXh5M0gc1FlOAYeUJ9
fearful_073.mp4,fearful,low_resolution,VID_20260917_220505_968.mp4,464,848,464,848,,low_resolution/fearful/fearful_073_1.jpg,low_resolution/fearful/fearful_073_2.jpg,DATASET_final_videos/low_resolution/fearful/fearful_073.mp4,1Wotl07mmIn6cXsQzEfKTSCK6UgFfmm-l
fearful_074.mp4,fearful,low_resolution,VID_20260917_220506_643.mp4,464,848,464,848,,low_resolution/fearful/fearful_074_1.jpg,low_resolution/fearful/fearful_074_2.jpg,DATASET_final_videos/low_resolution/fearful/fearful_074.mp4,1NQecBGAqnKYgm2q3dQCWvktRIYj6gfJ_
fearful_075.mp4,fearful,low_resolution,VID_20260917_220511_601.mp4,448,576,448,576,,low_resolution/fearful/fearful_075_1.jpg,low_resolution/fearful/fearful_075_2.jpg,DATASET_final_videos/low_resolution/fearful/fearful_075.mp4,1QOv9roB5soo0LQCaNj3vMx3bYSs-Ykzo
fearful_076.mp4,fearful,low_resolution,VID_20260917_220513_431.mp4,480,640,480,640,,low_resolution/fearful/fearful_076_1.jpg,low_resolution/fearful/fearful_076_2.jpg,DATASET_final_videos/low_resolution/fearful/fearful_076.mp4,1J2tcvFX1mY_9_a_fU0XLz_krWT6XC0OF
fearful_077.mp4,fearful,low_resolution,VID_20260917_220518_009.mp4,480,848,480,848,,low_resolution/fearful/fearful_077_1.jpg,low_resolution/fearful/fearful_077_2.jpg,DATASET_final_videos/low_resolution/fearful/fearful_077.mp4,1WR11TbuhakhYvvUZq7YLH7CY8V3J5Ggm
fearful_078.mp4,fearful,low_resolution,VID_20260917_220519_933.mp4,464,848,464,848,,low_resolution/fearful/fearful_078_1.jpg,low_resolution/fearful/fearful_078_2.jpg,DATASET_final_videos/low_resolution/fearful/fearful_078.mp4,1MDLHCGNGE14pMoEpg8YH3yoc705WToff
fearful_079.mp4,fearful,low_resolution,VID_20260917_220523_914.mp4,496,832,496,832,,low_resolution/fearful/fearful_079_1.jpg,low_resolution/fearful/fearful_079_2.jpg,DATASET_final_videos/low_resolution/fearful/fearful_079.mp4,1ThW6oy_vROiycX0qAX8_99-M-5JGZNra
fearful_080.mp4,fearful,low_resolution,VID_20260917_220527_969.mp4,464,848,464,848,,low_resolution/fearful/fearful_080_1.jpg,low_resolution/fearful/fearful_080_2.jpg,DATASET_final_videos/low_resolution/fearful/fearful_080.mp4,1j21cz53ICidIkpOAy7x9Nxn8SwshEGbB
fearful_081.mp4,fearful,low_resolution,VID_20260917_220530_876.mp4,464,848,464,848,,low_resolution/fearful/fearful_081_1.jpg,low_resolution/fearful/fearful_081_2.jpg,DATASET_final_videos/low_resolution/fearful/fearful_081.mp4,1iATFj57e42-Hge-VCiAx_rXM_3CvYhDj
fearful_082.mp4,fearful,low_resolution,VID_20260917_220536_595.mp4,464,848,464,848,,low_resolution/fearful/fearful_082_1.jpg,low_resolution/fearful/fearful_082_2.jpg,DATASET_final_videos/low_resolution/fearful/fearful_082.mp4,1yOnzKrNDym1r8vZE9eMndJnxpuAkv647
fearful_083.mp4,fearful,low_resolution,VID_20260917_220545_344.mp4,464,848,464,848,,low_resolution/fearful/fearful_083_1.jpg,low_resolution/fearful/fearful_083_2.jpg,DATASET_final_videos/low_resolution/fearful/fearful_083.mp4,1Zdh_7E6hlKGM-2sYyeVCAKNfIarH52k_
fearful_084.mp4,fearful,low_resolution,VID_20260917_220547_091.mp4,464,848,464,848,,low_resolution/fearful/fearful_084_1.jpg,low_resolution/fearful/fearful_084_2.jpg,DATASET_final_videos/low_resolution/fearful/fearful_084.mp4,1kHSzkEUBP405p5uH52saFrB4qot5hHa1
fearful_085.mp4,fearful,high_resolution,VID_20260919_222839_361.mp4,1920,1080,1920,1080,,high_resolution/fearful/fearful_085_1.jpg,high_resolution/fearful/fearful_085_2.jpg,DATASET_final_videos/high_resolution/fearful/fearful_085.mp4,1ZFNkd-BQGD8G1r-GXlG6HP5JwFPLD1UD
fearful_086.mp4,fearful,high_resolution,VID_20260919_222841_941.mp4,1920,1080,1920,1080,,high_resolution/fearful/fearful_086_1.jpg,high_resolution/fearful/fearful_086_2.jpg,DATASET_final_videos/high_resolution/fearful/fearful_086.mp4,1Sg4k7NVMr3EJZ4_W7Bx-xOHEPG-GPLiF
fearful_087.mp4,fearful,high_resolution,VID_20260919_222842_896.mp4,1920,1080,1920,1080,,high_resolution/fearful/fearful_087_1.jpg,high_resolution/fearful/fearful_087_2.jpg,DATASET_final_videos/high_resolution/fearful/fearful_087.mp4,1EoP4ooI9E-IScmPem9RzKSzPv9CysqMW
fearful_088.mp4,fearful,high_resolution,VID_20260919_222845_055.mp4,1920,1080,1920,1080,,high_resolution/fearful/fearful_088_1.jpg,high_resolution/fearful/fearful_088_2.jpg,DATASET_final_videos/high_resolution/fearful/fearful_088.mp4,1P4a_sE2kbWINIubG1WFmsFzEK5XZRA38
fearful_089.mp4,fearful,high_resolution,VID_20260919_222851_439.mp4,1920,1080,1920,1080,,high_resolution/fearful/fearful_089_1.jpg,high_resolution/fearful/fearful_089_2.jpg,DATASET_final_videos/high_resolution/fearful/fearful_089.mp4,1Pmxb9Bgk1HegiH_MsyaJn_n3ob1_uNwB
fearful_090.mp4,fearful,high_resolution,VID_20260919_222853_626.mp4,1920,1080,1920,1080,,high_resolution/fearful/fearful_090_1.jpg,high_resolution/fearful/fearful_090_2.jpg,DATASET_final_videos/high_resolution/fearful/fearful_090.mp4,1Js_a69IQBYTLoBTbicsEqyFkrFh-5hGP
fearful_091.mp4,fearful,high_resolution,VID_20260919_222856_581.mp4,1080,1920,1080,1920,,high_resolution/fearful/fearful_091_1.jpg,high_resolution/fearful/fearful_091_2.jpg,DATASET_final_videos/high_resolution/fearful/fearful_091.mp4,19JVMjKHsfvhx8rQZOHkXAUMbHVjQ2AlW
fearful_092.mp4,fearful,low_resolution,VID_20260919_222936_268.mp4,464,848,464,848,,low_resolution/fearful/fearful_092_1.jpg,low_resolution/fearful/fearful_092_2.jpg,DATASET_final_videos/low_resolution/fearful/fearful_092.mp4,1DEzYvz_iE9KQGCPhcSl3n7KsgVjk2Xer
fearful_093.mp4,fearful,low_resolution,VID_20260919_222936_324.mp4,496,848,496,848,,low_resolution/fearful/fearful_093_1.jpg,low_resolution/fearful/fearful_093_2.jpg,DATASET_final_videos/low_resolution/fearful/fearful_093.mp4,13VM5IeIghyf-PVm0H8h3jF2XmpvPFpA5
fearful_094.mp4,fearful,high_resolution,VID_20260919_223147_249.mp4,1920,1080,1920,1080,,high_resolution/fearful/fearful_094_1.jpg,high_resolution/fearful/fearful_094_2.jpg,DATASET_final_videos/high_resolution/fearful/fearful_094.mp4,1v8UWgpDQNjAMCL-Iu2xCf9Z77-uV9FDo
fearful_095.mp4,fearful,high_resolution,VID_20260919_223147_387.mp4,1920,1080,1920,1080,,high_resolution/fearful/fearful_095_1.jpg,high_resolution/fearful/fearful_095_2.jpg,DATASET_final_videos/high_resolution/fearful/fearful_095.mp4,1OYmo7JPKFyc7oratD0SIigRidX7P48kC
fearful_096.mp4,fearful,high_resolution,VID_20260919_223147_425.mp4,1920,1080,1920,1080,,high_resolution/fearful/fearful_096_1.jpg,high_resolution/fearful/fearful_096_2.jpg,DATASET_final_videos/high_resolution/fearful/fearful_096.mp4,1cJchAQN5tnDTIsPsd4B4hr7NWqquANQo
fearful_097.mp4,fearful,high_resolution,VID_20260919_223147_482.mp4,1920,1080,1920,1080,,high_resolution/fearful/fearful_097_1.jpg,high_resolution/fearful/fearful_097_2.jpg,DATASET_final_videos/high_resolution/fearful/fearful_097.mp4,1AFde-t0jODNUvopni4uSGLxs-TWhSrEQ
fearful_098.mp4,fearful,high_resolution,VID_20260919_223147_870.mp4,1920,1080,1920,1080,,high_resolution/fearful/fearful_098_1.jpg,high_resolution/fearful/fearful_098_2.jpg,DATASET_final_videos/high_resolution/fearful/fearful_098.mp4,1PUjYQjY6FZ9L6m8GIvYiuUbDk2IGAvAR
fearful_099.mp4,fearful,high_resolution,VID_20260919_223147_949.mp4,1920,1080,1920,1080,,high_resolution/fearful/fearful_099_1.jpg,high_resolution/fearful/fearful_099_2.jpg,DATASET_final_videos/high_resolution/fearful/fearful_099.mp4,12i23ZVWgAXHVSCc2pVjnQgLVyVfmJr1m
fearful_100.mp4,fearful,high_resolution,VID_20260919_223213_135.mp4,1920,1080,1920,1080,,high_resolution/fearful/fearful_100_1.jpg,high_resolution/fearful/fearful_100_2.jpg,DATASET_final_videos/high_resolution/fearful/fearful_100.mp4,1BFzVTNO951HeWUGQx5m42O3oWkX-HV9n
fearful_101.mp4,fearful,high_resolution,adorable-black-and-tan-dachshund-hiding-under-blue-2026-08-07-20-55-49-utc.mp4,1920,1080,1920,1080,,high_resolution/fearful/fearful_101_1.jpg,high_resolution/fearful/fearful_101_2.jpg,DATASET_final_videos/high_resolution/fearful/fearful_101.mp4,1ok6kesb2Nwr-Wcc8WTP0-GSVL2Fve47m
fearful_102.mov,fearful,high_resolution,adorable-dog-close-up-in-green-outdoor-setting-2026-09-17-09-33-41-utc.mov,1920,1080,1920,1080,,high_resolution/fearful/fearful_102_1.jpg,high_resolution/fearful/fearful_102_2.jpg,DATASET_final_videos/high_resolution/fearful/fearful_102.mov,1gjaqSNuI2MxyAMZ6xhb8BwWkCbq3zZmi
fearful_103.mp4,fearful,high_resolution,adorable-golden-labrador-dog-close-up-portrait-2026-09-17-17-48-14-utc.mp4,1080,1920,1080,1920,,high_resolution/fearful/fearful_103_1.jpg,high_resolution/fearful/fearful_103_2.jpg,DATASET_final_videos/high_resolution/fearful/fearful_103.mp4,1JJ9LTyzMx7er4NFEpEBVi9oxF8IreR2J
fearful_104.mov,fearful,high_resolution,adorable-puppy-surrounded-by-stuffed-animals-2026-09-17-04-23-00-utc.mov,2046,1080,2046,1080,,high_resolution/fearful/fearful_104_1.jpg,high_resolution/fearful/fearful_104_2.jpg,DATASET_final_videos/high_resolution/fearful/fearful_104.mov,18KZsw2ObTKaUWRB5oc76ZPGx7DT9JLEu
fearful_105.mov,fearful,high_resolution,adorable-puppy-with-blue-eyes-looking-upward-2026-09-17-11-51-45-utc.mov,1920,1080,1920,1080,,high_resolution/fearful/fearful_105_1.jpg,high_resolution/fearful/fearful_105_2.jpg,DATASET_final_videos/high_resolution/fearful/fearful_105.mov,128LowfzxX6cmFxoELO0AAfl_VUHkWdkk
fearful_106.mov,fearful,high_resolution,alert-beagle-standing-on-green-grass-lawn-2026-09-16-10-51-53-utc.mov,1920,1080,1920,1080,,high_resolution/fearful/fearful_106_1.jpg,high_resolution/fearful/fearful_106_2.jpg,DATASET_final_videos/high_resolution/fearful/fearful_106.mov,1meJ4diMNAvm6M-4CrdJ3jNnQYAl-YDjs
fearful_107.mov,fearful,high_resolution,alert-dog-stands-indoors-in-open-doorway-2026-09-16-10-22-40-utc.mov,1920,1080,1920,1080,,high_resolution/fearful/fearful_107_1.jpg,high_resolution/fearful/fearful_107_2.jpg,DATASET_final_videos/high_resolution/fearful/fearful_107.mov,1DXthAhtA1NdaziKTbbW3O1BOhSEZU939
fearful_108.mp4,fearful,high_resolution,alert-dog-stares-intently-in-a-nature-setting-2026-09-17-20-59-25-utc.mp4,1920,1080,1920,1080,,high_resolution/fearful/fearful_108_1.jpg,high_resolution/fearful/fearful_108_2.jpg,DATASET_final_videos/high_resolution/fearful/fearful_108.mp4,1ogEwnSp9Zg0nHU2xpudK8ipuZSF409TC
fearful_109.mp4,fearful,high_resolution,alert-white-and-brown-dog-standing-on-a-porch-ledg-2026-09-18-07-49-52-utc.mp4,1920,1080,1920,1080,,high_resolution/fearful/fearful_109_1.jpg,high_resolution/fearful/fearful_109_2.jpg,DATASET_final_videos/high_resolution/fearful/fearful_109.mp4,1-DlU_duz67kZOEcB_gO7HT_eKs2CBkx9
fearful_110.mp4,fearful,high_resolution,anxiousdog_7649975667571936542,1080,1880,1080,1880,,high_resolution/fearful/fearful_110_1.jpg,high_resolution/fearful/fearful_110_2.jpg,DATASET_final_videos/high_resolution/fearful/fearful_110.mp4,1_VTcz1mQFUO_cSUHEE1N6V2ae2xSgwPF
fearful_111.mp4,fearful,high_resolution,anxiousdog_7654249005198609695,1080,1920,1080,1920,,high_resolution/fearful/fearful_111_1.jpg,high_resolution/fearful/fearful_111_2.jpg,DATASET_final_videos/high_resolution/fearful/fearful_111.mp4,1Jd2ePe28SrL6BXBFV8oh47Ccl9FZr4Qw
fearful_112.mov,fearful,high_resolution,attentive-dog-standing-alert-on-a-green-lawn-2026-09-15-00-43-36-utc.mov,2046,1080,2046,1080,,high_resolution/fearful/fearful_112_1.jpg,high_resolution/fearful/fearful_112_2.jpg,DATASET_final_videos/high_resolution/fearful/fearful_112.mov,12fw2-IDsBEL33RUnictf67PYgsS-cU3s
fearful_113.mp4,fearful,high_resolution,attentive-dog-standing-in-a-green-yard-2026-09-15-10-32-32-utc.mp4,1920,1080,1920,1080,,high_resolution/fearful/fearful_113_1.jpg,high_resolution/fearful/fearful_113_2.jpg,DATASET_final_videos/high_resolution/fearful/fearful_113.mp4,1imsyyqs5F8RCyLufQJRVl6Ojj-NyTF7n
fearful_114.mp4,fearful,low_resolution,b38f1892656d26601e6220874f3c8bfd.mp4,460,492,460,492,,low_resolution/fearful/fearful_114_1.jpg,low_resolution/fearful/fearful_114_2.jpg,DATASET_final_videos/low_resolution/fearful/fearful_114.mp4,1DcHv8xel_fKKKhkDdtnwjto6FAnGNwJQ
fearful_115.mov,fearful,high_resolution,brindle-dog-relaxing-on-a-sofa-indoors-2026-09-17-11-28-25-utc.mov,1920,1080,1920,1080,,high_resolution/fearful/fearful_115_1.jpg,high_resolution/fearful/fearful_115_2.jpg,DATASET_final_videos/high_resolution/fearful/fearful_115.mov,1VEkD8S81M_RsTHIt0HtXUzeP4WZd2p6D
fearful_116.mp4,fearful,high_resolution,brown-dog-looking-around-in-close-up-footage-2026-09-17-04-14-01-utc.mp4,1920,1080,1920,1080,,high_resolution/fearful/fearful_116_1.jpg,high_resolution/fearful/fearful_116_2.jpg,DATASET_final_videos/high_resolution/fearful/fearful_116.mp4,19rOBtnbqjQLQYlmIpL0JF6j4cIqYjbJW
fearful_117.mp4,fearful,high_resolution,brown-dog-looks-up-with-curious-expression-2026-09-17-13-34-03-utc.mp4,1080,1920,1080,1920,,high_resolution/fearful/fearful_117_1.jpg,high_resolution/fearful/fearful_117_2.jpg,DATASET_final_videos/high_resolution/fearful/fearful_117.mp4,11z6HtchO2b2VvxqdKQEa6cMKDX870iuM
fearful_118.mp4,fearful,low_resolution,bx2zEe3YAWg.mp4,360,640,360,640,,low_resolution/fearful/fearful_118_1.jpg,low_resolution/fearful/fearful_118_2.jpg,DATASET_final_videos/low_resolution/fearful/fearful_118.mp4,1_DkiZh5S1yRSgpH3xShIO2ahAwW7-225
fearful_119.mp4,fearful,high_resolution,cLDrSXhhPO8_000691,1280,720,1280,720,,high_resolution/fearful/fearful_119_1.jpg,high_resolution/fearful/fearful_119_2.jpg,DATASET_final_videos/high_resolution/fearful/fearful_119.mp4,1-R0yCKDGznZV51SeIMa6fQ1x-Vf07xsa
fearful_120.mp4,fearful,low_resolution,cLDrSXhhPO8_002544,1280,720,408,720,sides,low_resolution/fearful/fearful_120_1.jpg,low_resolution/fearful/fearful_120_2.jpg,DATASET_final_videos/low_resolution/fearful/fearful_120.mp4,1gI3xAz6RRZxQI_J3IaxGXWKUr0hrz72-
fearful_121.mp4,fearful,high_resolution,cLDrSXhhPO8_003214,1280,720,1280,720,,high_resolution/fearful/fearful_121_1.jpg,high_resolution/fearful/fearful_121_2.jpg,DATASET_final_videos/high_resolution/fearful/fearful_121.mp4,1UrRgwvM9MeKB0AnGBgfKqUD117av1BkZ
fearful_122.mp4,fearful,low_resolution,cba05af21f45a5f3e75a274def30066b.mp4,576,1024,576,1024,,low_resolution/fearful/fearful_122_1.jpg,low_resolution/fearful/fearful_122_2.jpg,DATASET_final_videos/low_resolution/fearful/fearful_122.mp4,1WCEEx8INXa6sQqdfZDiZMau9IzMUFtju
fearful_123.mov,fearful,high_resolution,close-up-of-a-curious-dachshund-dog-2026-09-16-07-42-22-utc.mov,1920,1080,1920,1080,,high_resolution/fearful/fearful_123_1.jpg,high_resolution/fearful/fearful_123_2.jpg,DATASET_final_videos/high_resolution/fearful/fearful_123.mov,1e7F1Jq4m8uJgZ-X_9sTRNWWHbKaIRon-
fearful_124.mov,fearful,high_resolution,close-up-of-adorable-small-dog-looking-upwards-2026-09-17-11-18-32-utc.mov,2048,1080,2048,1080,,high_resolution/fearful/fearful_124_1.jpg,high_resolution/fearful/fearful_124_2.jpg,DATASET_final_videos/high_resolution/fearful/fearful_124.mov,1336ZFUfmCf9202YBAzfbB6fZokmICcU7
fearful_125.mov,fearful,high_resolution,close-up-of-cream-colored-dog-outdoors-2026-09-16-23-55-01-utc.mov,1920,1080,1920,1080,,high_resolution/fearful/fearful_125_1.jpg,high_resolution/fearful/fearful_125_2.jpg,DATASET_final_videos/high_resolution/fearful/fearful_125.mov,1w3BPDihHPlg5va_k4_s2cfuWrQwa8snd
fearful_126.mp4,fearful,high_resolution,close-up-of-dog-howling-against-black-background-2026-09-15-10-27-29-utc.mp4,1920,1080,1920,1080,,high_resolution/fearful/fearful_126_1.jpg,high_resolution/fearful/fearful_126_2.jpg,DATASET_final_videos/high_resolution/fearful/fearful_126.mp4,1iA3AJZ7S_VFllyHPcS9d_MXVzlPPhvm5
fearful_127.mp4,fearful,high_resolution,coverr-lyxyyjHe7v__dog-in-a-shelter,1920,1080,1920,1080,,high_resolution/fearful/fearful_127_1.jpg,high_resolution/fearful/fearful_127_2.jpg,DATASET_final_videos/high_resolution/fearful/fearful_127.mp4,1JzliPDhvrIynBMzErkX-x5Em3vIvsTfQ
fearful_128.mp4,fearful,high_resolution,curious-jack-russell-terrier-standing-in-grassy-fi-2026-09-17-16-39-45-utc.mp4,1920,1080,1920,1080,,high_resolution/fearful/fearful_128_1.jpg,high_resolution/fearful/fearful_128_2.jpg,DATASET_final_videos/high_resolution/fearful/fearful_128.mp4,1XpGU-0ztdkCx8g_9MrbF79bxIvnj8QGc
fearful_129.mov,fearful,high_resolution,cute-border-collie-sitting-on-gray-sofa-indoors-2026-09-17-12-19-59-utc.mov,1920,1080,1920,1080,,high_resolution/fearful/fearful_129_1.jpg,high_resolution/fearful/fearful_129_2.jpg,DATASET_final_videos/high_resolution/fearful/fearful_129.mov,1aJFBayZCJ4td6zUUzFHkoyRIJWX8h6Tc
fearful_130.mp4,fearful,high_resolution,cute-dachshund-dog-wearing-blue-sweater-indoors-2026-09-18-04-45-58-utc.mp4,1920,1080,1920,1080,,high_resolution/fearful/fearful_130_1.jpg,high_resolution/fearful/fearful_130_2.jpg,DATASET_final_videos/high_resolution/fearful/fearful_130.mp4,1EpKc5VJ9MgXBpfL7FuFZbojLBa20OgHN
fearful_131.mov,fearful,high_resolution,cute-dog-looking-at-the-camera-2026-09-17-03-32-16-utc.mov,1920,1080,1920,1080,,high_resolution/fearful/fearful_131_1.jpg,high_resolution/fearful/fearful_131_2.jpg,DATASET_final_videos/high_resolution/fearful/fearful_131.mov,1d-in3_vqScuw28jvLfiCpS79PlWHnn4J
fearful_132.mp4,fearful,high_resolution,cute-dog-standing-in-a-grassy-outdoor-setting-2026-09-17-16-44-00-utc.mp4,1920,1080,1920,1080,,high_resolution/fearful/fearful_132_1.jpg,high_resolution/fearful/fearful_132_2.jpg,DATASET_final_videos/high_resolution/fearful/fearful_132.mp4,138SnNCmM8XRyBja1267jHMVh0QYC2G7b
fearful_133.mov,fearful,high_resolution,cute-little-dog-looks-upward-on-grassy-field-2026-09-16-16-10-34-utc.mov,1920,1080,1920,1080,,high_resolution/fearful/fearful_133_1.jpg,high_resolution/fearful/fearful_133_2.jpg,DATASET_final_videos/high_resolution/fearful/fearful_133.mov,1Hnfs37oXOyDxsa02UFOrgnniDWAKusPM
fearful_134.mp4,fearful,high_resolution,cute-white-dog-sitting-indoors-looking-up-2026-09-17-17-18-56-utc.mp4,1920,1080,1920,1080,,high_resolution/fearful/fearful_134_1.jpg,high_resolution/fearful/fearful_134_2.jpg,DATASET_final_videos/high_resolution/fearful/fearful_134.mp4,1HoXUXIYY9zuKjx5M4QnyboE0Q0L5ndiE
fearful_135.mp4,fearful,low_resolution,d945bd6d778675fcc8b290e106eee07b.mp4,480,856,480,856,,low_resolution/fearful/fearful_135_1.jpg,low_resolution/fearful/fearful_135_2.jpg,DATASET_final_videos/low_resolution/fearful/fearful_135.mp4,1WeL1hWntGbF0j3onBy0rNACRVMLyWrH8
fearful_136.mov,fearful,high_resolution,dachshund-dog-looking-alertly-out-of-frame-2026-09-16-09-20-23-utc.mov,2048,1080,2048,1080,,high_resolution/fearful/fearful_136_1.jpg,high_resolution/fearful/fearful_136_2.jpg,DATASET_final_videos/high_resolution/fearful/fearful_136.mov,11cgwzpDs7woA6iNgiAdELutGQYhwhCFe
fearful_137.mov,fearful,high_resolution,dog-gets-head-pet-close-up-indoors-2026-09-17-12-31-24-utc.mov,1920,1080,1920,1080,,high_resolution/fearful/fearful_137_1.jpg,high_resolution/fearful/fearful_137_2.jpg,DATASET_final_videos/high_resolution/fearful/fearful_137.mov,1BIZTa5whcKur2MXHCnSduSmtF8tMWTBX
fearful_138.mov,fearful,high_resolution,dog-looking-up-with-hopeful-expression-2026-09-17-10-18-36-utc.mov,1920,1080,1920,1080,,high_resolution/fearful/fearful_138_1.jpg,high_resolution/fearful/fearful_138_2.jpg,DATASET_final_videos/high_resolution/fearful/fearful_138.mov,1a1mc_MXgoIJvr6t-IOSLTdeCYJDTGmpA
fearful_139.mov,fearful,high_resolution,dog-peering-through-hole-in-orange-paper-2026-09-17-03-22-37-utc.mov,1920,1080,1920,1080,,high_resolution/fearful/fearful_139_1.jpg,high_resolution/fearful/fearful_139_2.jpg,DATASET_final_videos/high_resolution/fearful/fearful_139.mov,19D5zyEQ2Yl43sSJgvtRTal6XcRhyMGt1
fearful_140.mp4,fearful,high_resolution,dog-portrait-close-up-of-black-and-brown-dog-2026-09-17-21-06-39-utc.mp4,1920,1080,1920,1080,,high_resolution/fearful/fearful_140_1.jpg,high_resolution/fearful/fearful_140_2.jpg,DATASET_final_videos/high_resolution/fearful/fearful_140.mp4,1hJcuH52IdQQRAnq0Pyo1bkxc_TwESzYu
fearful_141.mov,fearful,high_resolution,dog-sits-on-grass-and-looks-up-2026-09-16-13-25-24-utc.mov,1920,1080,1920,1080,,high_resolution/fearful/fearful_141_1.jpg,high_resolution/fearful/fearful_141_2.jpg,DATASET_final_videos/high_resolution/fearful/fearful_141.mov,1A0VFISvNtjxqSBniHXj3ZdJUnPJIZCQF
fearful_142.mov,fearful,high_resolution,dog-with-harness-looks-around-outdoors-on-leash-2026-09-17-12-57-56-utc.mov,1080,1920,1080,1920,,high_resolution/fearful/fearful_142_1.jpg,high_resolution/fearful/fearful_142_2.jpg,DATASET_final_videos/high_resolution/fearful/fearful_142.mov,1RyZis48yNrRmHnmP4L5YDvHEHszMZ3XR
fearful_143.mp4,fearful,high_resolution,dog_10839447,1080,1920,1080,1920,,high_resolution/fearful/fearful_143_1.jpg,high_resolution/fearful/fearful_143_2.jpg,DATASET_final_videos/high_resolution/fearful/fearful_143.mp4,1LLrhN9NnoiL5El2_xv-_d1xj0IMj-ASW
fearful_144.mp4,fearful,low_resolution,dog_13588050,240,426,240,426,,low_resolution/fearful/fearful_144_1.jpg,low_resolution/fearful/fearful_144_2.jpg,DATASET_final_videos/low_resolution/fearful/fearful_144.mp4,1nqLtG3R3P-T7Jts5lF3VIxzndZNHrF-S
fearful_145.mp4,fearful,low_resolution,dog_17413645,540,960,540,960,,low_resolution/fearful/fearful_145_1.jpg,low_resolution/fearful/fearful_145_2.jpg,DATASET_final_videos/low_resolution/fearful/fearful_145.mp4,19a2-qSSnK7XzksOl9vSLa9wtH4uAnsZn
fearful_146.mp4,fearful,high_resolution,dog_18336413,1440,2560,1440,2560,,high_resolution/fearful/fearful_146_1.jpg,high_resolution/fearful/fearful_146_2.jpg,DATASET_final_videos/high_resolution/fearful/fearful_146.mp4,1_kHPbVYvjOS8iamHAccclS2ZsCz-lqaX
fearful_147.mp4,fearful,high_resolution,dog_31145252,1280,720,1280,720,,high_resolution/fearful/fearful_147_1.jpg,high_resolution/fearful/fearful_147_2.jpg,DATASET_final_videos/high_resolution/fearful/fearful_147.mp4,1JMtty4SWLWaNmTwRVjZp_DRM5oga4zqP
fearful_148.mp4,fearful,high_resolution,dog_34906779,1440,2560,1440,2560,,high_resolution/fearful/fearful_148_1.jpg,high_resolution/fearful/fearful_148_2.jpg,DATASET_final_videos/high_resolution/fearful/fearful_148.mp4,17WFASPdsJAsBSWqMifIXVZqL96p7dxLe
fearful_149.mp4,fearful,high_resolution,dog_35390210,1440,2560,1440,2560,,high_resolution/fearful/fearful_149_1.jpg,high_resolution/fearful/fearful_149_2.jpg,DATASET_final_videos/high_resolution/fearful/fearful_149.mp4,1NlrhKC_UdaPlf0eOXYdDKilyBSGKeeaK
fearful_150.mp4,fearful,high_resolution,dog_36040939,1440,2560,1440,2560,,high_resolution/fearful/fearful_150_1.jpg,high_resolution/fearful/fearful_150_2.jpg,DATASET_final_videos/high_resolution/fearful/fearful_150.mp4,1T7i_c-igTipRFsz-yt-hSXnoEVIF44-u
fearful_151.mp4,fearful,high_resolution,dog_36405398,1440,2560,1440,2560,,high_resolution/fearful/fearful_151_1.jpg,high_resolution/fearful/fearful_151_2.jpg,DATASET_final_videos/high_resolution/fearful/fearful_151.mp4,1WJMtQt8fa9LZRPDI5THxkfLOuSob8Ss-
fearful_152.mp4,fearful,high_resolution,dog_37132254,1440,2560,1440,2560,,high_resolution/fearful/fearful_152_1.jpg,high_resolution/fearful/fearful_152_2.jpg,DATASET_final_videos/high_resolution/fearful/fearful_152.mp4,1ZwE-rGvLlN77sf4r01mDlTWdtuXSYFdM
fearful_153.mp4,fearful,high_resolution,dog_5495995,1280,720,1280,720,,high_resolution/fearful/fearful_153_1.jpg,high_resolution/fearful/fearful_153_2.jpg,DATASET_final_videos/high_resolution/fearful/fearful_153.mp4,10KCLNPS-RwyMgLGiS7hXGexisw0yPFH_
fearful_154.mp4,fearful,high_resolution,dog_7117652,1366,720,1366,720,,high_resolution/fearful/fearful_154_1.jpg,high_resolution/fearful/fearful_154_2.jpg,DATASET_final_videos/high_resolution/fearful/fearful_154.mp4,1L1nK8hDYQ9LdXlqjgBkIZNlXMoBobTuH
fearful_155.mp4,fearful,high_resolution,dog_7469779,1280,720,1280,720,,high_resolution/fearful/fearful_155_1.jpg,high_resolution/fearful/fearful_155_2.jpg,DATASET_final_videos/high_resolution/fearful/fearful_155.mp4,1Q-POLEyQt8NCvyvJGzzAoxcYaupNk6K9
fearful_156.mp4,fearful,high_resolution,dog_7682699,1280,720,1280,720,,high_resolution/fearful/fearful_156_1.jpg,high_resolution/fearful/fearful_156_2.jpg,DATASET_final_videos/high_resolution/fearful/fearful_156.mp4,18j_3KLRaj1DHsWOa5YFuF3I-wVJAYSX-
fearful_157.mp4,fearful,high_resolution,dogexpressions_7671002018269465887,1080,1920,1080,1920,,high_resolution/fearful/fearful_157_1.jpg,high_resolution/fearful/fearful_157_2.jpg,DATASET_final_videos/high_resolution/fearful/fearful_157.mp4,10ZOE8-iXOrKOmCVQwaaYeUHFrETKnPAn
fearful_158.mp4,fearful,high_resolution,dogexpressions_7673326487801433365,720,1280,720,1280,,high_resolution/fearful/fearful_158_1.jpg,high_resolution/fearful/fearful_158_2.jpg,DATASET_final_videos/high_resolution/fearful/fearful_158.mp4,1K4jwDqfodSUEoDJFa3oIkzHKvw_RWtn9
fearful_159.mp4,fearful,low_resolution,dogfacecloseup_6792496758200044806,540,960,540,960,,low_resolution/fearful/fearful_159_1.jpg,low_resolution/fearful/fearful_159_2.jpg,DATASET_final_videos/low_resolution/fearful/fearful_159.mp4,18izBPENSM8CInAxwGPXO1WFaT-zW7KpB
fearful_160.mp4,fearful,high_resolution,dogfaces_7545147479126265101,1080,1920,1080,1920,,high_resolution/fearful/fearful_160_1.jpg,high_resolution/fearful/fearful_160_2.jpg,DATASET_final_videos/high_resolution/fearful/fearful_160.mp4,1c8BphONTtcJozbH7mjRZpIL7Gw397zVX
fearful_161.mp4,fearful,low_resolution,dogfaces_7674132724487032086,558,1004,558,1004,,low_resolution/fearful/fearful_161_1.jpg,low_resolution/fearful/fearful_161_2.jpg,DATASET_final_videos/low_resolution/fearful/fearful_161.mp4,1JYQ8z8tcH0HHodLPbBlYG6AqF2YsCwNU
fearful_162.mp4,fearful,low_resolution,e54dc2a8d6af11511b9f1ad4670744cd.mp4,576,1024,576,1024,,low_resolution/fearful/fearful_162_1.jpg,low_resolution/fearful/fearful_162_2.jpg,DATASET_final_videos/low_resolution/fearful/fearful_162.mp4,1uQtkppnHbimmm5f1P8RrqNV2aAvjEFF7
fearful_163.mp4,fearful,low_resolution,f5d409e7123111ca72b40def7513428a.mp4,576,1024,576,1024,,low_resolution/fearful/fearful_163_1.jpg,low_resolution/fearful/fearful_163_2.jpg,DATASET_final_videos/low_resolution/fearful/fearful_163.mp4,144fJBflwZ-M0R-3zKEKiVbK_Hfxis0jt
fearful_164.mov,fearful,high_resolution,golden-brown-dog-relaxing-on-cushion-indoors-2026-09-17-07-28-05-utc.mov,1920,1080,1920,1080,,high_resolution/fearful/fearful_164_1.jpg,high_resolution/fearful/fearful_164_2.jpg,DATASET_final_videos/high_resolution/fearful/fearful_164.mov,1zABVaCgZ9vEqgLTU1AIJDG9kGXtDsAd-
fearful_165.mov,fearful,high_resolution,grey-dog-wearing-a-green-jacket-2026-09-17-02-07-19-utc.mov,1920,1080,1920,1080,,high_resolution/fearful/fearful_165_1.jpg,high_resolution/fearful/fearful_165_2.jpg,DATASET_final_videos/high_resolution/fearful/fearful_165.mov,1Gblgq0QUYE8MzJ8rmv654DmHJaKwtGpS
fearful_166.mp4,fearful,low_resolution,ipypJoKZ8yM_000367,406,720,406,720,,low_resolution/fearful/fearful_166_1.jpg,low_resolution/fearful/fearful_166_2.jpg,DATASET_final_videos/low_resolution/fearful/fearful_166.mp4,1ef_DPU6Lr2BJNJT29Rf3G-XYEG_jihIi
fearful_167.mp4,fearful,low_resolution,magnific-2866293,426,240,426,240,,low_resolution/fearful/fearful_167_1.jpg,low_resolution/fearful/fearful_167_2.jpg,DATASET_final_videos/low_resolution/fearful/fearful_167.mp4,1WlY_sni_cHYAOlgLkqL4efDLJJaDea_1
fearful_168.mp4,fearful,low_resolution,magnific-479097,454,240,454,240,,low_resolution/fearful/fearful_168_1.jpg,low_resolution/fearful/fearful_168_2.jpg,DATASET_final_videos/low_resolution/fearful/fearful_168.mp4,1y2qzJRnqPh8n7ZYgv6RV82ot98tC3r-L
fearful_169.mp4,fearful,high_resolution,mixkit-18198__stroking-a-dog-lying-on-the-grass,1920,1080,1920,1080,,high_resolution/fearful/fearful_169_1.jpg,high_resolution/fearful/fearful_169_2.jpg,DATASET_final_videos/high_resolution/fearful/fearful_169.mp4,1Hy3se5VO9JO0YR3Ie58Ibfo3DYQU-Kus
fearful_170.mp4,fearful,high_resolution,mixkit-21029__dalmatian-holding-a-stick,1280,720,1280,720,,high_resolution/fearful/fearful_170_1.jpg,high_resolution/fearful/fearful_170_2.jpg,DATASET_final_videos/high_resolution/fearful/fearful_170.mp4,1Vt4a1JKNtFP5JYhj6-Uk50HIFsylUppP
fearful_171.mp4,fearful,high_resolution,mixkit-25212__girl-with-pet-dog-in-the-playground,1280,720,1280,720,,high_resolution/fearful/fearful_171_1.jpg,high_resolution/fearful/fearful_171_2.jpg,DATASET_final_videos/high_resolution/fearful/fearful_171.mp4,1G0IZAOstsHP2OnsTobmOAlZjJyo-uXZU
fearful_172.mp4,fearful,high_resolution,mixkit-26029__small-dog-having-a-hair-cut,1280,720,1280,720,,high_resolution/fearful/fearful_172_1.jpg,high_resolution/fearful/fearful_172_2.jpg,DATASET_final_videos/high_resolution/fearful/fearful_172.mp4,1lTwcptsTRRnSwWbjuP_7Na2ylPYZ9XGK
fearful_173.mp4,fearful,high_resolution,mixkit-33100__person-bathing-his-dog-in-the-bathtub,1280,720,1280,720,,high_resolution/fearful/fearful_173_1.jpg,high_resolution/fearful/fearful_173_2.jpg,DATASET_final_videos/high_resolution/fearful/fearful_173.mp4,1FnFkxiYhveCsbDJ2rMSyVSLAI93pr4uP
fearful_174.mp4,fearful,high_resolution,mixkit-33101__dog-relaxing-after-a-bath,1280,720,1280,720,,high_resolution/fearful/fearful_174_1.jpg,high_resolution/fearful/fearful_174_2.jpg,DATASET_final_videos/high_resolution/fearful/fearful_174.mp4,1b9MGcscutxASiDSdAQg9bPa9oWIZshaR
fearful_175.mp4,fearful,high_resolution,mixkit-33103__cute-wet-dog-in-the-bathtub-after-a-bath,1280,720,1280,720,,high_resolution/fearful/fearful_175_1.jpg,high_resolution/fearful/fearful_175_2.jpg,DATASET_final_videos/high_resolution/fearful/fearful_175.mp4,1413byrUxX4dxaLp8wXZ_y9QO_WF6uP8X
fearful_176.mp4,fearful,high_resolution,mixkit-33153__dog-asking-for-petting-behind-a-cage,1280,720,1280,720,,high_resolution/fearful/fearful_176_1.jpg,high_resolution/fearful/fearful_176_2.jpg,DATASET_final_videos/high_resolution/fearful/fearful_176.mp4,1Mgbb5DAFcAkpu0RFNMgffngEGr-Td2-Q
fearful_177.mp4,fearful,high_resolution,mixkit-45886__small-pomeranian-being-washed-in-a-tub-by-a-groomer,1280,720,1280,720,,high_resolution/fearful/fearful_177_1.jpg,high_resolution/fearful/fearful_177_2.jpg,DATASET_final_videos/high_resolution/fearful/fearful_177.mp4,10SbgkEcObeofhOwH7lrTp6x7ThJr6sPX
fearful_178.mp4,fearful,high_resolution,mixkit-48739__group-of-puppies-sleeping-in-a-pile,1280,720,1280,720,,high_resolution/fearful/fearful_178_1.jpg,high_resolution/fearful/fearful_178_2.jpg,DATASET_final_videos/high_resolution/fearful/fearful_178.mp4,1LSpw5R6s1uASMAD_TSjqERYqIYBFX-1l
fearful_179.mp4,fearful,high_resolution,pixabay_25094,2560,1440,2560,1440,,high_resolution/fearful/fearful_179_1.jpg,high_resolution/fearful/fearful_179_2.jpg,DATASET_final_videos/high_resolution/fearful/fearful_179.mp4,18CIod3EHvtirmctvW0Rw-MAGogCGwyaX
fearful_180.mp4,fearful,low_resolution,qlNeLv6_EzU.mp4,640,360,380,360,sides,low_resolution/fearful/fearful_180_1.jpg,low_resolution/fearful/fearful_180_2.jpg,DATASET_final_videos/low_resolution/fearful/fearful_180.mp4,1BSoqUE_jSLyte5IwrnjJxEpnwWCXsEEQ
fearful_181.mp4,fearful,low_resolution,rT64-oHe0XI.mp4,360,640,360,640,,low_resolution/fearful/fearful_181_1.jpg,low_resolution/fearful/fearful_181_2.jpg,DATASET_final_videos/low_resolution/fearful/fearful_181.mp4,1FCF33X9rvzuD-cPSozuVvptkPGITeRnV
fearful_182.mp4,fearful,low_resolution,sIrRVAAWzVk.mp4,360,640,360,562,topbottom,low_resolution/fearful/fearful_182_1.jpg,low_resolution/fearful/fearful_182_2.jpg,DATASET_final_videos/low_resolution/fearful/fearful_182.mp4,1eTQcZ-aEIdhfZIw--Ny3jyMBEt1qt-F7
fearful_183.mp4,fearful,high_resolution,segment_long_16404188_18,1280,720,1280,720,,high_resolution/fearful/fearful_183_1.jpg,high_resolution/fearful/fearful_183_2.jpg,DATASET_final_videos/high_resolution/fearful/fearful_183.mp4,16zgpRSKV_9YwretXqZjIJ8F_gE1EYnfE
fearful_184.mp4,fearful,high_resolution,segment_long_37348445_53,1280,720,1280,720,,high_resolution/fearful/fearful_184_1.jpg,high_resolution/fearful/fearful_184_2.jpg,DATASET_final_videos/high_resolution/fearful/fearful_184.mp4,1QUqHmTJGWWWBMoEtdsgIQr3gifDCmgak
fearful_185.mov,fearful,high_resolution,small-cream-colored-dog-looking-upward-2026-09-15-01-05-14-utc.mov,4096,2160,4096,2160,,high_resolution/fearful/fearful_185_1.jpg,high_resolution/fearful/fearful_185_2.jpg,DATASET_final_videos/high_resolution/fearful/fearful_185.mov,1HjeG3eUZJqZvxRuFWsKr-WBnw913Xmg8
fearful_186.mov,fearful,high_resolution,small-dog-sitting-on-a-couch-with-blanket-2026-09-16-08-14-47-utc.mov,1920,1080,1920,1080,,high_resolution/fearful/fearful_186_1.jpg,high_resolution/fearful/fearful_186_2.jpg,DATASET_final_videos/high_resolution/fearful/fearful_186.mov,1mjNxp7vGstywy9dcd-yG4LT3tJNasASg
fearful_187.mov,fearful,high_resolution,spotted-dog-standing-alertly-in-field-2026-09-17-05-59-22-utc.mov,1920,1080,1920,1080,,high_resolution/fearful/fearful_187_1.jpg,high_resolution/fearful/fearful_187_2.jpg,DATASET_final_videos/high_resolution/fearful/fearful_187.mov,1zecti5IcEkBJ6HmXhVc8bDEGe_B6QF1k
fearful_188.mp4,fearful,low_resolution,u9fNxbxt__U_000499,360,640,360,640,,low_resolution/fearful/fearful_188_1.jpg,low_resolution/fearful/fearful_188_2.jpg,DATASET_final_videos/low_resolution/fearful/fearful_188.mp4,1HPl4A9IyaigYNRmWnFx7Jq1fC2NDqIlQ
fearful_189.mov,fearful,high_resolution,wet-dog-shakes-head-on-green-grass-2026-09-17-05-33-42-utc.mov,1920,1080,1920,1080,,high_resolution/fearful/fearful_189_1.jpg,high_resolution/fearful/fearful_189_2.jpg,DATASET_final_videos/high_resolution/fearful/fearful_189.mov,16aml0Dj9G9iiR2pAI7ZdyULnLnbDOAkh
fearful_190.mp4,fearful,high_resolution,youtube_angry dog growling_JW4LbPvUcbY,1920,1080,1920,1080,,high_resolution/fearful/fearful_190_1.jpg,high_resolution/fearful/fearful_190_2.jpg,DATASET_final_videos/high_resolution/fearful/fearful_190.mp4,1s--ON3IH284cROGOdvEOrZzqaQOFrmYZ
fearful_191.mp4,fearful,high_resolution,youtube_angry dog growling_Ygwicxd8IOM,1920,1080,1920,1080,,high_resolution/fearful/fearful_191_1.jpg,high_resolution/fearful/fearful_191_2.jpg,DATASET_final_videos/high_resolution/fearful/fearful_191.mp4,1_TGjzWQALFXsCUpypNRakss22SpMuXsR
fearful_192.mp4,fearful,high_resolution,youtube_dog reaction funny face_rgcmLSHYoZY,1920,1080,1920,1080,,high_resolution/fearful/fearful_192_1.jpg,high_resolution/fearful/fearful_192_2.jpg,DATASET_final_videos/high_resolution/fearful/fearful_192.mp4,1x-x_O3tzZoyRA1GcX1Ed40bBrqhEYd1L
fearful_193.mp4,fearful,high_resolution,собаки_7043040735473503490,720,1280,720,1280,,high_resolution/fearful/fearful_193_1.jpg,high_resolution/fearful/fearful_193_2.jpg,DATASET_final_videos/high_resolution/fearful/fearful_193.mp4,1AjJdJZDeVEy_ocuL92EOB-i-lJpP5Dw_
happy_001.mp4,happy,low_resolution,0624e56ea6b21e97f8add5e791faf2ed.mp4,576,1024,576,1024,,low_resolution/happy/happy_001_1.jpg,low_resolution/happy/happy_001_2.jpg,DATASET_final_videos/low_resolution/happy/happy_001.mp4,1oZuIFhuJ8VeHYwye12Jmc9nDZz5WB0GK
happy_002.mp4,happy,low_resolution,062b5463177ed0f313a18faacd6c28f5,576,1024,576,1024,,low_resolution/happy/happy_002_1.jpg,low_resolution/happy/happy_002_2.jpg,DATASET_final_videos/low_resolution/happy/happy_002.mp4,1C6tKPHKQgiiS2AKpEIxs2N-mr28aYzVa
happy_003.mp4,happy,low_resolution,062b5463177ed0f313a18faacd6c28f5.mp4,576,1024,576,1024,,low_resolution/happy/happy_003_1.jpg,low_resolution/happy/happy_003_2.jpg,DATASET_final_videos/low_resolution/happy/happy_003.mp4,1wgt42dU4yO7wGntlT-B_IiZ6xN3sGcb-
happy_004.mp4,happy,low_resolution,062cfe5246128b85e5e7720ca583ef0d.mp4,576,1024,576,1024,,low_resolution/happy/happy_004_1.jpg,low_resolution/happy/happy_004_2.jpg,DATASET_final_videos/low_resolution/happy/happy_004.mp4,1nPuFwnSpGLRYZhVlsYvknIigLMkga2HU
happy_005.mp4,happy,low_resolution,06d4b78acfe62e45cc395ed7612c143e.mp4,576,1024,576,1024,,low_resolution/happy/happy_005_1.jpg,low_resolution/happy/happy_005_2.jpg,DATASET_final_videos/low_resolution/happy/happy_005.mp4,1cLlBnHUg8kwH68ljZGqo_NcembgnxbCV
happy_006.mp4,happy,low_resolution,119057d4e978e7d4179e39e5b4ec783e.mp4,576,1024,576,1024,,low_resolution/happy/happy_006_1.jpg,low_resolution/happy/happy_006_2.jpg,DATASET_final_videos/low_resolution/happy/happy_006.mp4,107QSYrW-cgcX2l68ul2TexK1Z9JjC-R_
happy_007.mp4,happy,low_resolution,2000d2027672c191bd667b8e05f66ba8.mp4,576,1024,576,1024,,low_resolution/happy/happy_007_1.jpg,low_resolution/happy/happy_007_2.jpg,DATASET_final_videos/low_resolution/happy/happy_007.mp4,1mCP5ZqTAV60zsaa1y-NVSeffUeDvjd38
happy_008.mp4,happy,low_resolution,2156e5322b6fc467778d43fe6819d718.mp4,576,1024,576,1024,,low_resolution/happy/happy_008_1.jpg,low_resolution/happy/happy_008_2.jpg,DATASET_final_videos/low_resolution/happy/happy_008.mp4,1Rz0AAv8m8MlCMtiv8ZJ7oAhRoDypAcv3
happy_009.mp4,happy,low_resolution,26e56713feac4fa96a94073821f9d8b7.mp4,576,1024,576,1024,,low_resolution/happy/happy_009_1.jpg,low_resolution/happy/happy_009_2.jpg,DATASET_final_videos/low_resolution/happy/happy_009.mp4,1OuAMrtCnFcUmMX3J8mNnJ67FJWxmwOVn
happy_010.mp4,happy,low_resolution,27ed2230b7e96b0c0695844d555592e1.mp4,576,1024,576,1024,,low_resolution/happy/happy_010_1.jpg,low_resolution/happy/happy_010_2.jpg,DATASET_final_videos/low_resolution/happy/happy_010.mp4,1m0X38FfOyGIVGv9etlFhIhgYIMFjGMSt
happy_011.mp4,happy,low_resolution,360e2cf331b1b13210fc5cc8c3476011.mp4,576,1024,576,1024,,low_resolution/happy/happy_011_1.jpg,low_resolution/happy/happy_011_2.jpg,DATASET_final_videos/low_resolution/happy/happy_011.mp4,1z7x11JZU-8RQ2v1SU0HqfxBNiAeCd8eV
happy_012.mp4,happy,low_resolution,3d979479f13f9e55fc231f0e7aef7bdc.mp4,576,1024,576,1024,,low_resolution/happy/happy_012_1.jpg,low_resolution/happy/happy_012_2.jpg,DATASET_final_videos/low_resolution/happy/happy_012.mp4,1M8kuxwMpzj3rhjcm31YDaaKAuv-5VbBa
happy_013.mp4,happy,low_resolution,3e9101dc533a541bb3bae18a2a999d17.mp4,576,1024,576,1024,,low_resolution/happy/happy_013_1.jpg,low_resolution/happy/happy_013_2.jpg,DATASET_final_videos/low_resolution/happy/happy_013.mp4,18PGq_yNOnlKyawYcrEXiO4VqiVDiFm09
happy_014.mp4,happy,low_resolution,4a9f752c429dd086765efbb0354187bf,576,1024,576,1024,,low_resolution/happy/happy_014_1.jpg,low_resolution/happy/happy_014_2.jpg,DATASET_final_videos/low_resolution/happy/happy_014.mp4,1SEYOuSrJNZZ3ArnD0zQi_4Y1Uygu8a3P
happy_015.mp4,happy,low_resolution,4af1e8f295e043119d8d14a9b016d197.mp4,576,1024,576,1024,,low_resolution/happy/happy_015_1.jpg,low_resolution/happy/happy_015_2.jpg,DATASET_final_videos/low_resolution/happy/happy_015.mp4,1o3tq83yL3cV-2P9fZWF1BU2xnKMLcKoO
happy_016.mp4,happy,low_resolution,5cec1f5ddc4d9252e809308fc4719351,576,1024,576,1024,,low_resolution/happy/happy_016_1.jpg,low_resolution/happy/happy_016_2.jpg,DATASET_final_videos/low_resolution/happy/happy_016.mp4,1yxAYg4yErerIIOBUOGeh2-TCPPr9Ppgq
happy_017.mp4,happy,low_resolution,5zCvEu2S10E_000469,406,720,406,720,,low_resolution/happy/happy_017_1.jpg,low_resolution/happy/happy_017_2.jpg,DATASET_final_videos/low_resolution/happy/happy_017.mp4,1x9EguZg8Fg6TKUqcouO_lDn0co8rZwg_
happy_018.mp4,happy,low_resolution,601745faf63ebfe2e5ba6d92d00a7806.mp4,576,1024,576,1024,,low_resolution/happy/happy_018_1.jpg,low_resolution/happy/happy_018_2.jpg,DATASET_final_videos/low_resolution/happy/happy_018.mp4,1kGio-0eDSt0bV6S0tClCZybR-jF7DEa7
happy_019.mp4,happy,low_resolution,66d5955d905ddeef5d6e3a332ab1dc1f.mp4,576,1024,576,1024,,low_resolution/happy/happy_019_1.jpg,low_resolution/happy/happy_019_2.jpg,DATASET_final_videos/low_resolution/happy/happy_019.mp4,1dMXObmbs8HAOX0LK4ZJEpEeW6jMdr3Dj
happy_020.mp4,happy,low_resolution,68d228a94e658e2269a8794e850d7a22.mp4,576,1024,576,1024,,low_resolution/happy/happy_020_1.jpg,low_resolution/happy/happy_020_2.jpg,DATASET_final_videos/low_resolution/happy/happy_020.mp4,1yotReiWIjQTLbiDKsSV7xJT0HVIss3lJ
happy_021.mp4,happy,low_resolution,7602a2d013ef006558002656da7765a4.mp4,576,1024,576,1024,,low_resolution/happy/happy_021_1.jpg,low_resolution/happy/happy_021_2.jpg,DATASET_final_videos/low_resolution/happy/happy_021.mp4,1UMu_3G3Rw5lfXf4zgZsX4i7UFDc-uVWy
happy_022.mp4,happy,low_resolution,771b9e1d8ab8536be7c8575c9149479b.mp4,576,1024,576,1024,,low_resolution/happy/happy_022_1.jpg,low_resolution/happy/happy_022_2.jpg,DATASET_final_videos/low_resolution/happy/happy_022.mp4,1AgB3sVuGKLuuzpjeX5FAvkaLXTHlSd4z
happy_023.mp4,happy,low_resolution,7dc4b24006761b1079df95fb8a48317f.mp4,576,1024,576,1024,,low_resolution/happy/happy_023_1.jpg,low_resolution/happy/happy_023_2.jpg,DATASET_final_videos/low_resolution/happy/happy_023.mp4,1zc1MOtAqhUq5nYoiQb6tMEfPKs86jZ5H
happy_024.mp4,happy,low_resolution,7vMLhRtWJNs_000101,360,640,360,640,,low_resolution/happy/happy_024_1.jpg,low_resolution/happy/happy_024_2.jpg,DATASET_final_videos/low_resolution/happy/happy_024.mp4,1LrQNs5EDDz5m6EoujUWEG1nNnEIBVvAi
happy_025.mp4,happy,low_resolution,8a1adf34449df030100761186707bdcd.mp4,576,1024,576,1024,,low_resolution/happy/happy_025_1.jpg,low_resolution/happy/happy_025_2.jpg,DATASET_final_videos/low_resolution/happy/happy_025.mp4,15B0e23HfLntzdwYROEcIDbahsOam14xQ
happy_026.mp4,happy,low_resolution,DV7Hk3NU4To_000429,406,720,406,720,,low_resolution/happy/happy_026_1.jpg,low_resolution/happy/happy_026_2.jpg,DATASET_final_videos/low_resolution/happy/happy_026.mp4,18lPk7ZrRo93mBb7andRmzk0hLCb6TCB4
happy_027.mp4,happy,low_resolution,VID_20260914215210.mp4,576,1040,576,1040,,low_resolution/happy/happy_027_1.jpg,low_resolution/happy/happy_027_2.jpg,DATASET_final_videos/low_resolution/happy/happy_027.mp4,1Ab1cZxkXdNMpgzG1RBo_OmQA1dYeHaDL
happy_028.mp4,happy,low_resolution,VID_20260914215325.mp4,576,1040,576,1040,,low_resolution/happy/happy_028_1.jpg,low_resolution/happy/happy_028_2.jpg,DATASET_final_videos/low_resolution/happy/happy_028.mp4,1ryJX9Bz6FXH4YCNzbEls2D_mQjj-lGZX
happy_029.mp4,happy,low_resolution,VID_20260914215407.mp4,576,1040,576,1040,,low_resolution/happy/happy_029_1.jpg,low_resolution/happy/happy_029_2.jpg,DATASET_final_videos/low_resolution/happy/happy_029.mp4,1kqkP1KuaHhQi_j3nJ9LDNF1GR3pNKNvf
happy_030.mp4,happy,low_resolution,VID_20260914215507.mp4,576,1040,576,1040,,low_resolution/happy/happy_030_1.jpg,low_resolution/happy/happy_030_2.jpg,DATASET_final_videos/low_resolution/happy/happy_030.mp4,1vQt5URmNV1ndwOfA_MdZ4au5L9rwiXUy
happy_031.mp4,happy,low_resolution,VID_20260914215607.mp4,576,1040,576,1040,,low_resolution/happy/happy_031_1.jpg,low_resolution/happy/happy_031_2.jpg,DATASET_final_videos/low_resolution/happy/happy_031.mp4,1Lb_iF9ynva1TDwHmUURIsFrctGQDbXAZ
happy_032.mp4,happy,low_resolution,VID_20260914215653.mp4,576,1040,576,708,topbottom,low_resolution/happy/happy_032_1.jpg,low_resolution/happy/happy_032_2.jpg,DATASET_final_videos/low_resolution/happy/happy_032.mp4,1YbpAH4OK486Tx9FYKUI-_lfhB8MehnWF
happy_033.mp4,happy,low_resolution,a4f7473a241bce129212b82980c56703.mp4,576,1024,576,1024,,low_resolution/happy/happy_033_1.jpg,low_resolution/happy/happy_033_2.jpg,DATASET_final_videos/low_resolution/happy/happy_033.mp4,1qH5YzYqFmD9fqQC2frdkyxZaq75fbijY
happy_034.mp4,happy,low_resolution,ab74d118b8bcd0e6b944685e2d9865f4,576,576,576,576,,low_resolution/happy/happy_034_1.jpg,low_resolution/happy/happy_034_2.jpg,DATASET_final_videos/low_resolution/happy/happy_034.mp4,15mX-LCdt09e5L_djHF5pOjBIFw0fchvC
happy_035.mp4,happy,low_resolution,afe754ca7aa6bbd90ec441d6190f4d12.mp4,576,1024,576,1024,,low_resolution/happy/happy_035_1.jpg,low_resolution/happy/happy_035_2.jpg,DATASET_final_videos/low_resolution/happy/happy_035.mp4,1WjTBMh1FcHO-PlYwYGM92tR10G4u_9UP
happy_036.mp4,happy,low_resolution,c10f2881fd429c15977396778391f9d0.mp4,576,1006,576,1006,,low_resolution/happy/happy_036_1.jpg,low_resolution/happy/happy_036_2.jpg,DATASET_final_videos/low_resolution/happy/happy_036.mp4,1iNDNmN3tlCKvXRhA_oUNnBgZWV9Tk0gB
happy_037.mp4,happy,low_resolution,cLDrSXhhPO8_000366.mp4,1280,720,408,720,sides,low_resolution/happy/happy_037_1.jpg,low_resolution/happy/happy_037_2.jpg,DATASET_final_videos/low_resolution/happy/happy_037.mp4,1y6RkUpjMUuIvXoJwovgXsXdWDarGHz0M
happy_038.mp4,happy,low_resolution,ce94b07d8c84e34ea3b131ca3c5366c7.mp4,576,1024,576,1024,,low_resolution/happy/happy_038_1.jpg,low_resolution/happy/happy_038_2.jpg,DATASET_final_videos/low_resolution/happy/happy_038.mp4,1p8KljAvIKV_nhMiAZdQKvPP4VGgGZfv1
happy_039.mp4,happy,high_resolution,coverr-AUa1ztYMhd__girl-smiling-and-petting-dogs,1920,1080,1920,1080,,high_resolution/happy/happy_039_1.jpg,high_resolution/happy/happy_039_2.jpg,DATASET_final_videos/high_resolution/happy/happy_039.mp4,1jAv_uYFXt5lsoaA2DXimUVXj9Ik_QX_Y
happy_040.mp4,happy,high_resolution,coverr-Yiq8ac7zdL__dog-being-stroked,1920,1080,1920,1080,,high_resolution/happy/happy_040_1.jpg,high_resolution/happy/happy_040_2.jpg,DATASET_final_videos/high_resolution/happy/happy_040.mp4,1kYTu6agEY8oBNgaL_iYtCG1o8h_qN1Hw
happy_041.mp4,happy,high_resolution,coverr-gnHRh4j0F7__golden-retriever-on-a-mountain-top,1920,1080,1920,1080,,high_resolution/happy/happy_041_1.jpg,high_resolution/happy/happy_041_2.jpg,DATASET_final_videos/high_resolution/happy/happy_041.mp4,1OSDcQGCHM2monNoatRVo9MaCqR42rmOR
happy_042.mp4,happy,high_resolution,coverr-xVN2kcB8Mf__cuddling-a-black-dog,1920,1080,1920,1080,,high_resolution/happy/happy_042_1.jpg,high_resolution/happy/happy_042_2.jpg,DATASET_final_videos/high_resolution/happy/happy_042.mp4,1Upo9j8kjOoy9kzKRDEi63ta35uCc_9Z5
happy_043.mp4,happy,low_resolution,d0fb5f9d4ae4489c841f3f9e711f7fe5.mp4,576,1024,576,1024,,low_resolution/happy/happy_043_1.jpg,low_resolution/happy/happy_043_2.jpg,DATASET_final_videos/low_resolution/happy/happy_043.mp4,1zRUDYpv8gNwySzfeL1RV24H2-UJxXGvY
happy_044.mp4,happy,low_resolution,dae8392f2598e6cf8f38aa15ab868add.mp4,576,1030,576,1030,,low_resolution/happy/happy_044_1.jpg,low_resolution/happy/happy_044_2.jpg,DATASET_final_videos/low_resolution/happy/happy_044.mp4,1mclzWppBP0_ijQlpwQe_hA_nPKfTKyYP
happy_045.mp4,happy,low_resolution,dog_10841170,360,640,360,640,,low_resolution/happy/happy_045_1.jpg,low_resolution/happy/happy_045_2.jpg,DATASET_final_videos/low_resolution/happy/happy_045.mp4,1xZsMCWcwuAtxWaDktPJrjTs-KUdbheKA
happy_046.mp4,happy,high_resolution,dog_11958197,1280,720,1280,720,,high_resolution/happy/happy_046_1.jpg,high_resolution/happy/happy_046_2.jpg,DATASET_final_videos/high_resolution/happy/happy_046.mp4,1FTcOgx8bzP4YjR-na0U6IHRH4BTSnRZE
happy_047.mp4,happy,high_resolution,dog_16346905,1920,1080,1920,1080,,high_resolution/happy/happy_047_1.jpg,high_resolution/happy/happy_047_2.jpg,DATASET_final_videos/high_resolution/happy/happy_047.mp4,1t6klBH1m7pDBf2NxoVnm_fPjNN_fOhBw
happy_048.mp4,happy,high_resolution,dog_17966195,1280,720,1280,720,,high_resolution/happy/happy_048_1.jpg,high_resolution/happy/happy_048_2.jpg,DATASET_final_videos/high_resolution/happy/happy_048.mp4,19CUNTlnHd5Q1JQ0mPN-1wurlcDcXDiWR
happy_049.mp4,happy,high_resolution,dog_19201624,1280,720,1280,720,,high_resolution/happy/happy_049_1.jpg,high_resolution/happy/happy_049_2.jpg,DATASET_final_videos/high_resolution/happy/happy_049.mp4,1JCOjZR-m_twO_pNQuJTC_b2D51aPTv9p
happy_050.mp4,happy,low_resolution,dog_20698945,240,426,240,426,,low_resolution/happy/happy_050_1.jpg,low_resolution/happy/happy_050_2.jpg,DATASET_final_videos/low_resolution/happy/happy_050.mp4,129yu6Ot9_xY5g5__yu2YRWa5wCHQPUaq
happy_051.mp4,happy,high_resolution,dog_29541240,1280,720,1280,720,,high_resolution/happy/happy_051_1.jpg,high_resolution/happy/happy_051_2.jpg,DATASET_final_videos/high_resolution/happy/happy_051.mp4,1YiAqqUVNVIifwgZ08EuCmTXCoJP3XUrq
happy_052.mp4,happy,low_resolution,dog_31365634,360,640,360,640,,low_resolution/happy/happy_052_1.jpg,low_resolution/happy/happy_052_2.jpg,DATASET_final_videos/low_resolution/happy/happy_052.mp4,1wFcNb1sFFS0uB0uFOix-keybBYXhqsdB
happy_053.mp4,happy,high_resolution,dog_3189187,1280,720,1280,720,,high_resolution/happy/happy_053_1.jpg,high_resolution/happy/happy_053_2.jpg,DATASET_final_videos/high_resolution/happy/happy_053.mp4,1dA6-wrJ2p6I5OUAzUlcmc96mwywjR1k7
happy_054.mp4,happy,high_resolution,dog_33191813,1366,720,1366,720,,high_resolution/happy/happy_054_1.jpg,high_resolution/happy/happy_054_2.jpg,DATASET_final_videos/high_resolution/happy/happy_054.mp4,1JeHoIbXM1RUjYgU4RKzZZNdA8LIJgCq4
happy_055.mp4,happy,high_resolution,dog_4107673,1920,1080,1920,1080,,high_resolution/happy/happy_055_1.jpg,high_resolution/happy/happy_055_2.jpg,DATASET_final_videos/high_resolution/happy/happy_055.mp4,1Mn8PN1W9j_OwqraVXz2gJzJw3lkC1FZ2
happy_056.mp4,happy,high_resolution,dog_4772987,1440,2560,1440,2560,,high_resolution/happy/happy_056_1.jpg,high_resolution/happy/happy_056_2.jpg,DATASET_final_videos/high_resolution/happy/happy_056.mp4,1KeCp-1izFXGJZUfOUBYp7I9OtGrP612M
happy_057.mp4,happy,high_resolution,dog_5226985,1280,720,1280,720,,high_resolution/happy/happy_057_1.jpg,high_resolution/happy/happy_057_2.jpg,DATASET_final_videos/high_resolution/happy/happy_057.mp4,1uaYkkDjvRvHAqFpny0LDUdtQpYG9WH9_
happy_058.mp4,happy,high_resolution,dog_5226990,1280,720,1280,720,,high_resolution/happy/happy_058_1.jpg,high_resolution/happy/happy_058_2.jpg,DATASET_final_videos/high_resolution/happy/happy_058.mp4,1IdeiRJtXuOlqwyjiTB32Uy2IQ5l4mbLJ
happy_059.mp4,happy,high_resolution,dog_5229582,1920,1080,1920,1080,,high_resolution/happy/happy_059_1.jpg,high_resolution/happy/happy_059_2.jpg,DATASET_final_videos/high_resolution/happy/happy_059.mp4,16FmiJdIXnzAbrbP8wOVJXcTvlht6DF5b
happy_060.mp4,happy,high_resolution,dog_5229792,1280,720,1280,720,,high_resolution/happy/happy_060_1.jpg,high_resolution/happy/happy_060_2.jpg,DATASET_final_videos/high_resolution/happy/happy_060.mp4,1g0dmyHPXbP7j9B4JgdukgBeRA15lxPXR
happy_061.mp4,happy,high_resolution,dog_5384954,1920,1080,1920,1080,,high_resolution/happy/happy_061_1.jpg,high_resolution/happy/happy_061_2.jpg,DATASET_final_videos/high_resolution/happy/happy_061.mp4,1CHe91BYch8E45PHCl8VkBCVkDZD00PUE
happy_062.mp4,happy,high_resolution,dog_5794740,1366,720,1366,720,,high_resolution/happy/happy_062_1.jpg,high_resolution/happy/happy_062_2.jpg,DATASET_final_videos/high_resolution/happy/happy_062.mp4,1bNb-0j3EcWUsp0wQdYVxuJZJLIkZrUG7
happy_063.mp4,happy,high_resolution,dog_5962130,1366,720,1366,720,,high_resolution/happy/happy_063_1.jpg,high_resolution/happy/happy_063_2.jpg,DATASET_final_videos/high_resolution/happy/happy_063.mp4,1pI61-O2w1OahTWCdTwmh4PK6G86HUHbz
happy_064.mp4,happy,high_resolution,dog_6712079,1280,720,1280,720,,high_resolution/happy/happy_064_1.jpg,high_resolution/happy/happy_064_2.jpg,DATASET_final_videos/high_resolution/happy/happy_064.mp4,1KLuWXUOBEjZEDqgGFvHlm3zJdM0RTUc-
happy_065.mp4,happy,high_resolution,dog_7294968,1920,1080,1920,1080,,high_resolution/happy/happy_065_1.jpg,high_resolution/happy/happy_065_2.jpg,DATASET_final_videos/high_resolution/happy/happy_065.mp4,16zabGi2UqwyaGY2_nBokCUMLRpCCxMXw
happy_066.mp4,happy,high_resolution,dog_7516667,720,1280,720,1280,,high_resolution/happy/happy_066_1.jpg,high_resolution/happy/happy_066_2.jpg,DATASET_final_videos/high_resolution/happy/happy_066.mp4,17sLJvmvgeI23d47qylWKYsuypgB4g2-K
happy_067.mp4,happy,low_resolution,dog_7516712,360,640,360,406,topbottom,low_resolution/happy/happy_067_1.jpg,low_resolution/happy/happy_067_2.jpg,DATASET_final_videos/low_resolution/happy/happy_067.mp4,1yCKtIEQVJOUV7k6gbLcd98CsJJXvC7FN
happy_068.mp4,happy,high_resolution,dog_7684005,1920,1080,1920,1080,,high_resolution/happy/happy_068_1.jpg,high_resolution/happy/happy_068_2.jpg,DATASET_final_videos/high_resolution/happy/happy_068.mp4,1PyW5cUiRhzo0cO3LALEZKkkjhskJ2ha-
happy_069.mp4,happy,high_resolution,dog_8730840,1280,720,1280,720,,high_resolution/happy/happy_069_1.jpg,high_resolution/happy/happy_069_2.jpg,DATASET_final_videos/high_resolution/happy/happy_069.mp4,1yrH2pocJVgSBJYEpmbBh-ixRZDaIXI5p
happy_070.mp4,happy,low_resolution,dog_8746927,360,640,360,640,,low_resolution/happy/happy_070_1.jpg,low_resolution/happy/happy_070_2.jpg,DATASET_final_videos/low_resolution/happy/happy_070.mp4,1CXsjiLqQa38B38A-lhL9fBfZlWZyCrLh
happy_071.mp4,happy,high_resolution,dog_9085855,1280,720,1280,720,,high_resolution/happy/happy_071_1.jpg,high_resolution/happy/happy_071_2.jpg,DATASET_final_videos/high_resolution/happy/happy_071.mp4,12I3US_OCM9HX77w03j8w_oLM8adULdBG
happy_072.mp4,happy,high_resolution,dog_9141107,1280,720,1280,720,,high_resolution/happy/happy_072_1.jpg,high_resolution/happy/happy_072_2.jpg,DATASET_final_videos/high_resolution/happy/happy_072.mp4,1Tt-fQP1rZ4wsSg288En0k4olf4y-vM6N
happy_073.mp4,happy,high_resolution,dogfacecloseup_6866165413739285765,720,1280,720,1280,,high_resolution/happy/happy_073_1.jpg,high_resolution/happy/happy_073_2.jpg,DATASET_final_videos/high_resolution/happy/happy_073.mp4,1k8LMpMoI_MeZe7CxdrBBarUDqMt0NcPe
happy_074.mp4,happy,high_resolution,dogfacecloseup_7584826741009435935,1080,1920,1080,1920,,high_resolution/happy/happy_074_1.jpg,high_resolution/happy/happy_074_2.jpg,DATASET_final_videos/high_resolution/happy/happy_074.mp4,1p90MsuAexcv9pLkKmRNXOXaPV1WOcR2r
happy_075.mp4,happy,high_resolution,doglife_7567079740130250015,1080,1920,1080,1920,,high_resolution/happy/happy_075_1.jpg,high_resolution/happy/happy_075_2.jpg,DATASET_final_videos/high_resolution/happy/happy_075.mp4,1frJPi2dwd0GSuhffeV2lLvPq-WqMPI2V
happy_076.mp4,happy,low_resolution,e1322334d4fad2fbae3c47d311c38642.mp4,576,1024,576,1024,,low_resolution/happy/happy_076_1.jpg,low_resolution/happy/happy_076_2.jpg,DATASET_final_videos/low_resolution/happy/happy_076.mp4,1F4FqWHIKCOncv6f8cxC9Rcg1RuWTcyLE
happy_077.mp4,happy,low_resolution,ec8d9c6e785bae16569049c870390204.mp4,576,1024,576,842,topbottom,low_resolution/happy/happy_077_1.jpg,low_resolution/happy/happy_077_2.jpg,DATASET_final_videos/low_resolution/happy/happy_077.mp4,12IpjQ64B2vzYR0t6ybkRP-MujFO2SYRz
happy_078.mov,happy,high_resolution,envato_0f95f63c-8451-455a-b3da-779682e77fa7.mov,3840,2160,3840,2160,,high_resolution/happy/happy_078_1.jpg,high_resolution/happy/happy_078_2.jpg,DATASET_final_videos/high_resolution/happy/happy_078.mov,1rYBsidLCbP5wqhYuFrRo2WY9kcI-SKai
happy_079.mov,happy,high_resolution,envato_1122ff7d-1c31-4964-b1fb-882fd9fc0b68.mov,3840,2160,3840,2160,,high_resolution/happy/happy_079_1.jpg,high_resolution/happy/happy_079_2.jpg,DATASET_final_videos/high_resolution/happy/happy_079.mov,1yHlRYHKva_EB-79VAhcAWHf1ngJRhdo8
happy_080.mov,happy,high_resolution,envato_13586805-741f-409f-b9af-1f7ee0a711f3.mov,3840,2160,3840,2160,,high_resolution/happy/happy_080_1.jpg,high_resolution/happy/happy_080_2.jpg,DATASET_final_videos/high_resolution/happy/happy_080.mov,1ph7jlUc6YgHqqvXryK1e-wMF5Tmp-ZJo
happy_081.mov,happy,high_resolution,envato_14144bc0-237b-4edf-9f91-1884582c49a9.mov,1920,1080,1920,1080,,high_resolution/happy/happy_081_1.jpg,high_resolution/happy/happy_081_2.jpg,DATASET_final_videos/high_resolution/happy/happy_081.mov,12uOB2WoDQDlvM_gg5o8EX5VzaxpX3dIC
happy_082.mov,happy,high_resolution,envato_17ec85ff-0908-4104-93a2-c9c246e5df42.mov,3840,2160,3840,2160,,high_resolution/happy/happy_082_1.jpg,high_resolution/happy/happy_082_2.jpg,DATASET_final_videos/high_resolution/happy/happy_082.mov,1yiJUE3vEVDUiLvgso9uDa9liXf_spjZv
happy_083.mov,happy,high_resolution,envato_19bbd0ce-e22d-43d1-a5a2-58cfad6e8be9.mov,3840,2160,3840,2160,,high_resolution/happy/happy_083_1.jpg,high_resolution/happy/happy_083_2.jpg,DATASET_final_videos/high_resolution/happy/happy_083.mov,1k0fhVqA959xwfwSh7w-lbEE5dJV8wBec
happy_084.mov,happy,high_resolution,envato_22b85d9b-e489-4fb0-a0d7-bc294ff31e3f.mov,4096,2160,4096,2160,,high_resolution/happy/happy_084_1.jpg,high_resolution/happy/happy_084_2.jpg,DATASET_final_videos/high_resolution/happy/happy_084.mov,1QMPOsAwHLp1r-zjn8HFDAmlXMHvDi0K-
happy_085.mov,happy,high_resolution,envato_2378371b-d34d-4c05-9db7-8406b41d01c4.mov,1920,1080,1920,1080,,high_resolution/happy/happy_085_1.jpg,high_resolution/happy/happy_085_2.jpg,DATASET_final_videos/high_resolution/happy/happy_085.mov,1T3uDvSZ2PJNbIE1mMz_1VIfudeD92gPN
happy_086.mov,happy,high_resolution,envato_26448c4c-26b5-4148-90ac-18fd6759f61f.mov,3840,2160,3840,2160,,high_resolution/happy/happy_086_1.jpg,high_resolution/happy/happy_086_2.jpg,DATASET_final_videos/high_resolution/happy/happy_086.mov,1Q2MrrvwDT5zghat4ea3n_RWMlrk3QCup
happy_087.mov,happy,high_resolution,envato_271173e5-d74b-464a-ab3b-bf37b1c3e4f9.mov,3840,2160,3840,2160,,high_resolution/happy/happy_087_1.jpg,high_resolution/happy/happy_087_2.jpg,DATASET_final_videos/high_resolution/happy/happy_087.mov,1kUJeMzIkMLdKtQye1RrzAdgRIeuGQuqj
happy_088.mov,happy,high_resolution,envato_2b6a37b7-c507-45dd-82fa-9851b8791e8f.mov,3840,2160,3840,2160,,high_resolution/happy/happy_088_1.jpg,high_resolution/happy/happy_088_2.jpg,DATASET_final_videos/high_resolution/happy/happy_088.mov,1REWEJtiO6f4kfiZuqOv5NCEtszMmAAuA
happy_089.mov,happy,high_resolution,envato_326b318a-d144-4693-be6c-348972ef4fd3.mov,3840,2160,3840,2160,,high_resolution/happy/happy_089_1.jpg,high_resolution/happy/happy_089_2.jpg,DATASET_final_videos/high_resolution/happy/happy_089.mov,1G1q1lFKzMR9P2lNuoaVXV2Fjm3l0WvvW
happy_090.mov,happy,high_resolution,envato_3e277546-4ce0-4ec8-a6ef-8a81ed7b89b8.mov,3840,2160,3840,2160,,high_resolution/happy/happy_090_1.jpg,high_resolution/happy/happy_090_2.jpg,DATASET_final_videos/high_resolution/happy/happy_090.mov,14sTlNF6zhdTDFtYI6_U-ZFeONhbypzrL
happy_091.mov,happy,high_resolution,envato_3fcdbe91-dfde-4943-b17a-2c6ca63eb96f.mov,3840,2160,3840,2160,,high_resolution/happy/happy_091_1.jpg,high_resolution/happy/happy_091_2.jpg,DATASET_final_videos/high_resolution/happy/happy_091.mov,1smHvN7h6a5S8BfmPfYE1PCXLEGohbROA
happy_092.mov,happy,high_resolution,envato_4247346e-c0bd-4ff7-92cc-e50fa2fdc8df.mov,3840,2160,3840,2160,,high_resolution/happy/happy_092_1.jpg,high_resolution/happy/happy_092_2.jpg,DATASET_final_videos/high_resolution/happy/happy_092.mov,1ar13pf_bwmhF-F0hPY9KIt5GpCfJ-2tj
happy_093.mov,happy,high_resolution,envato_42c3ed26-088f-496c-9817-3b2d42a5957d.mov,4096,2160,4096,2160,,high_resolution/happy/happy_093_1.jpg,high_resolution/happy/happy_093_2.jpg,DATASET_final_videos/high_resolution/happy/happy_093.mov,1j3BxaTOmFSNDLVFkvatJGrPloyDV7ujm
happy_094.mov,happy,high_resolution,envato_4551d1d3-dc76-4a48-8466-364635036762.mov,4096,2160,4096,2160,,high_resolution/happy/happy_094_1.jpg,high_resolution/happy/happy_094_2.jpg,DATASET_final_videos/high_resolution/happy/happy_094.mov,1SF1bNvwlmqq-b-E57IyZ5q0zUbPAi7oF
happy_095.mov,happy,high_resolution,envato_4d0a4ba4-c92c-48d2-9887-ba104caea844.mov,1920,1080,1920,1080,,high_resolution/happy/happy_095_1.jpg,high_resolution/happy/happy_095_2.jpg,DATASET_final_videos/high_resolution/happy/happy_095.mov,1pBat79SvaKf2xYFRT0HRHHVDqiwLXZMf
happy_096.mov,happy,high_resolution,envato_4d21933f-88de-484a-9557-afe21887aba3.mov,3840,2160,3840,2160,,high_resolution/happy/happy_096_1.jpg,high_resolution/happy/happy_096_2.jpg,DATASET_final_videos/high_resolution/happy/happy_096.mov,1U3TlhMB-DMY5rUcWEb_LCgUv8k_VwZ4b
happy_097.mov,happy,high_resolution,envato_4e800269-4241-4b55-8b8d-f38984347e42.mov,1920,1080,1920,1080,,high_resolution/happy/happy_097_1.jpg,high_resolution/happy/happy_097_2.jpg,DATASET_final_videos/high_resolution/happy/happy_097.mov,17jsfY7hN73AdUCafOLk2R4Lz2OG6LG-R
happy_098.mov,happy,high_resolution,envato_4fd27b0f-3dde-413c-a6ca-73bcb7304d3a.mov,3840,2160,3840,2160,,high_resolution/happy/happy_098_1.jpg,high_resolution/happy/happy_098_2.jpg,DATASET_final_videos/high_resolution/happy/happy_098.mov,1jxpoqWoMSOo28GI9VjKVeBqqnr-qNBfg
happy_099.mov,happy,high_resolution,envato_56bfc164-f2fa-425a-9989-7356a5a0a01f.mov,1920,1080,1920,1080,,high_resolution/happy/happy_099_1.jpg,high_resolution/happy/happy_099_2.jpg,DATASET_final_videos/high_resolution/happy/happy_099.mov,1w-66uXtRMn6EgiEi5DD4EAkDvJuFhQkh
happy_100.mov,happy,high_resolution,envato_596aa4c6-56b0-45d0-b585-e6975f9daebb.mov,4096,2160,4096,2160,,high_resolution/happy/happy_100_1.jpg,high_resolution/happy/happy_100_2.jpg,DATASET_final_videos/high_resolution/happy/happy_100.mov,1pnWz3aJmImQnPAyj-y0atITO_lQAU8CU
happy_101.mov,happy,high_resolution,envato_61c63077-e73c-4c07-a3e6-004dc18ff6d2.mov,1920,1080,1920,1080,,high_resolution/happy/happy_101_1.jpg,high_resolution/happy/happy_101_2.jpg,DATASET_final_videos/high_resolution/happy/happy_101.mov,1sCBaKVco_uRkgyKlcFzAClXTCeJoHbE3
happy_102.mov,happy,high_resolution,envato_6926d647-f2a8-443e-ab3c-fe9d5abee5d1.mov,3840,2160,3840,2160,,high_resolution/happy/happy_102_1.jpg,high_resolution/happy/happy_102_2.jpg,DATASET_final_videos/high_resolution/happy/happy_102.mov,1A7pxNtxlLOE9RiEtUrKrhkq_4WEuMPi9
happy_103.mov,happy,high_resolution,envato_72ba0247-bbce-484e-88d7-0941d47ac426.mov,3840,2160,3840,2160,,high_resolution/happy/happy_103_1.jpg,high_resolution/happy/happy_103_2.jpg,DATASET_final_videos/high_resolution/happy/happy_103.mov,1FXcyLqBTiPet-YxObF19kjkaubi0t6a5
happy_104.mov,happy,high_resolution,envato_7429eb4d-053c-4ed8-a28f-95ee2ed33c3b.mov,1080,1920,1080,1920,,high_resolution/happy/happy_104_1.jpg,high_resolution/happy/happy_104_2.jpg,DATASET_final_videos/high_resolution/happy/happy_104.mov,1nw6rGRSTHenC4C59mRM_jKOVCrQUlfvh
happy_105.mov,happy,high_resolution,envato_7d1d3d08-2352-46c9-9468-47c6ebfbb631.mov,3840,2160,3840,2160,,high_resolution/happy/happy_105_1.jpg,high_resolution/happy/happy_105_2.jpg,DATASET_final_videos/high_resolution/happy/happy_105.mov,15XYwam-iXZ9jxQLN0MK4bkFAX8oEVKzx
happy_106.mov,happy,high_resolution,envato_83341692-5843-4cd5-b278-0347c7edbdc9.mov,3840,2160,3840,2160,,high_resolution/happy/happy_106_1.jpg,high_resolution/happy/happy_106_2.jpg,DATASET_final_videos/high_resolution/happy/happy_106.mov,133zLzsT-b31UE7DNTIM4abpP_B1GCBhU
happy_107.mov,happy,high_resolution,envato_84d233eb-b79a-4801-8d32-6d064f9d58cf.mov,3840,2160,3840,2160,,high_resolution/happy/happy_107_1.jpg,high_resolution/happy/happy_107_2.jpg,DATASET_final_videos/high_resolution/happy/happy_107.mov,1oEDHyPars8nyMGgDKjF42FBxmdRA3OS7
happy_108.mov,happy,high_resolution,envato_88556153-1ebc-400a-afc3-c45e40f0e95e.mov,1920,1080,1920,1080,,high_resolution/happy/happy_108_1.jpg,high_resolution/happy/happy_108_2.jpg,DATASET_final_videos/high_resolution/happy/happy_108.mov,1XUPm06QP1iP--QQG_sPD0C6MZVISSHIC
happy_109.mov,happy,high_resolution,envato_88afeb11-0cf4-4881-9135-0c4301d1ac79.mov,3840,2160,3840,2160,,high_resolution/happy/happy_109_1.jpg,high_resolution/happy/happy_109_2.jpg,DATASET_final_videos/high_resolution/happy/happy_109.mov,1xlxYtQQCXX6wyELOyDEz7itt2ePgIbjf
happy_110.mov,happy,high_resolution,envato_9074c997-1bc4-4830-b0c7-9ea9bda61941.mov,3840,2160,3840,2160,,high_resolution/happy/happy_110_1.jpg,high_resolution/happy/happy_110_2.jpg,DATASET_final_videos/high_resolution/happy/happy_110.mov,1ajry8y8AOfDc2QmeF6jbsTItqSVqcp-Q
happy_111.mov,happy,high_resolution,envato_91437015-44c5-4791-bad5-f08aaddcf5d6.mov,3840,2160,3840,2160,,high_resolution/happy/happy_111_1.jpg,high_resolution/happy/happy_111_2.jpg,DATASET_final_videos/high_resolution/happy/happy_111.mov,1_woJ7zeLLXf2BgK8PjBaTp_rFDm-Umdk
happy_112.mov,happy,high_resolution,envato_91b4663c-8be4-4d0c-8dad-de88d176f393.mov,4096,2160,4096,2160,,high_resolution/happy/happy_112_1.jpg,high_resolution/happy/happy_112_2.jpg,DATASET_final_videos/high_resolution/happy/happy_112.mov,1VCV4HS5NAmXW_kQKWwtJF67Hp8JYEGZI
happy_113.mov,happy,high_resolution,envato_9507be66-dbbd-4a7b-b972-e36558c22cf5.mov,3840,2160,3840,2160,,high_resolution/happy/happy_113_1.jpg,high_resolution/happy/happy_113_2.jpg,DATASET_final_videos/high_resolution/happy/happy_113.mov,1Vn13tMpVGf3aSCwsGMgRaW4nXtoOL45j
happy_114.mov,happy,high_resolution,envato_994a83ce-38a0-4ca3-a084-527e99bb662d.mov,1080,1920,1080,1920,,high_resolution/happy/happy_114_1.jpg,high_resolution/happy/happy_114_2.jpg,DATASET_final_videos/high_resolution/happy/happy_114.mov,1Ik1zbnywLaFbIE3OMq1LDx76hKqKyUQi
happy_115.mov,happy,high_resolution,envato_a197dee2-2702-4b68-b188-ee3fe097521a.mov,3840,2160,3840,2160,,high_resolution/happy/happy_115_1.jpg,high_resolution/happy/happy_115_2.jpg,DATASET_final_videos/high_resolution/happy/happy_115.mov,1v_u6vM-hJr_rakKV2xLEQ-hqctkruq9R
happy_116.mov,happy,high_resolution,envato_a4442b87-94a2-4296-a9ed-f1939ef1b714.mov,3840,2160,3840,2160,,high_resolution/happy/happy_116_1.jpg,high_resolution/happy/happy_116_2.jpg,DATASET_final_videos/high_resolution/happy/happy_116.mov,1hPjFP7f0k4UGMefipiH7KIoJaazU9dFi
happy_117.mov,happy,high_resolution,envato_a8ba18ac-4888-446f-af9e-e848b2929d66.mov,3840,2160,3840,2160,,high_resolution/happy/happy_117_1.jpg,high_resolution/happy/happy_117_2.jpg,DATASET_final_videos/high_resolution/happy/happy_117.mov,1uUyD8ttR531czD43B1YkAWVY-uCb7MZG
happy_118.mov,happy,high_resolution,envato_a8c3a692-f76a-4520-b0f1-4a93c3b275a8.mov,3840,2160,3840,2160,,high_resolution/happy/happy_118_1.jpg,high_resolution/happy/happy_118_2.jpg,DATASET_final_videos/high_resolution/happy/happy_118.mov,1887XYT8cT3ZjGx4d0K3m5PDr4j1mbnC6
happy_119.mov,happy,high_resolution,envato_a8ea6d87-f668-4574-a8e4-aafe1e2b3782.mov,4096,2160,4096,2160,,high_resolution/happy/happy_119_1.jpg,high_resolution/happy/happy_119_2.jpg,DATASET_final_videos/high_resolution/happy/happy_119.mov,1ow4uKP-VcKrnx1LwLqi34RkVdGhMACeT
happy_120.mov,happy,high_resolution,envato_aed765eb-1980-48a0-990f-033db7184249.mov,3840,2160,3840,2160,,high_resolution/happy/happy_120_1.jpg,high_resolution/happy/happy_120_2.jpg,DATASET_final_videos/high_resolution/happy/happy_120.mov,1ZIWVwBxdpcIPe15_bZ6rBgMhVqTW0s9x
happy_121.mov,happy,high_resolution,envato_b3a2e965-3c3a-4f24-8ed1-fc732dfebedb.mov,3840,2160,3840,2160,,high_resolution/happy/happy_121_1.jpg,high_resolution/happy/happy_121_2.jpg,DATASET_final_videos/high_resolution/happy/happy_121.mov,1raDt9PkOb_Nd5jmTMeSpXgm9KPV7w-R4
happy_122.mov,happy,high_resolution,envato_ba7217f3-93aa-4af1-80ec-60b190689ec5.mov,1920,1080,1920,1080,,high_resolution/happy/happy_122_1.jpg,high_resolution/happy/happy_122_2.jpg,DATASET_final_videos/high_resolution/happy/happy_122.mov,1Fa76htmtp1Kke7HiumdskfNbDj2udJZj
happy_123.mov,happy,high_resolution,envato_ba93b916-dade-4151-9c0a-1b6463efa203.mov,4096,2160,4096,2160,,high_resolution/happy/happy_123_1.jpg,high_resolution/happy/happy_123_2.jpg,DATASET_final_videos/high_resolution/happy/happy_123.mov,11MhnweWJONw36uAWOGNAos2qdhgSvuxe
happy_124.mov,happy,high_resolution,envato_bb4b2fdd-91d3-4b5f-a177-6cc1ebbf05e7.mov,3840,2160,3840,2160,,high_resolution/happy/happy_124_1.jpg,high_resolution/happy/happy_124_2.jpg,DATASET_final_videos/high_resolution/happy/happy_124.mov,1M6dqIP3ayBpn1d6KLwVqbjkvMiw0_eIk
happy_125.mov,happy,high_resolution,envato_bc5d5221-c9d5-418b-92b5-7bfeb238b6bd.mov,3840,2160,3840,2160,,high_resolution/happy/happy_125_1.jpg,high_resolution/happy/happy_125_2.jpg,DATASET_final_videos/high_resolution/happy/happy_125.mov,1OgMh64kqWPeC8LVpN6yhNvKlUnovH9pL
happy_126.mov,happy,high_resolution,envato_bedc843c-4729-452a-9b76-a154daea015c.mov,3840,2160,3840,2160,,high_resolution/happy/happy_126_1.jpg,high_resolution/happy/happy_126_2.jpg,DATASET_final_videos/high_resolution/happy/happy_126.mov,1Sl7WMbib6tD9QzZYrcBzLaUdOMbpnoxU
happy_127.mov,happy,high_resolution,envato_c2a483f7-ddb1-47db-b26b-4bc464d657f3.mov,1080,1920,1080,1920,,high_resolution/happy/happy_127_1.jpg,high_resolution/happy/happy_127_2.jpg,DATASET_final_videos/high_resolution/happy/happy_127.mov,1pPnF5NYqbDqwvQyh3vcZVgyt6CTYklz-
happy_128.mov,happy,high_resolution,envato_c84cae95-1989-42bb-9614-708e82fc10df.mov,3840,2160,3840,2160,,high_resolution/happy/happy_128_1.jpg,high_resolution/happy/happy_128_2.jpg,DATASET_final_videos/high_resolution/happy/happy_128.mov,1Rl31o-y94pE53xhO075plP6Ib8p7_pQm
happy_129.mov,happy,high_resolution,envato_cf85022d-a5ab-4a63-96e4-3e52abb853d8.mov,3840,2160,3840,2160,,high_resolution/happy/happy_129_1.jpg,high_resolution/happy/happy_129_2.jpg,DATASET_final_videos/high_resolution/happy/happy_129.mov,1wBxEN-FqyjC-6baBpNHKIn04q8q5ltA6
happy_130.mov,happy,high_resolution,envato_d0b1d4e2-1e19-4e94-b715-505999094332.mov,1920,1080,1920,1080,,high_resolution/happy/happy_130_1.jpg,high_resolution/happy/happy_130_2.jpg,DATASET_final_videos/high_resolution/happy/happy_130.mov,1XL13x0C2Ki0kFIwxoXummQuYZ52xViTl
happy_131.mov,happy,high_resolution,envato_d68c0a22-ae97-4c02-9141-68d57b1b02a5.mov,3840,2160,3840,2160,,high_resolution/happy/happy_131_1.jpg,high_resolution/happy/happy_131_2.jpg,DATASET_final_videos/high_resolution/happy/happy_131.mov,1cdzSarfRrrjA5GIXmhDxcfDLYgQi0v2n
happy_132.mov,happy,high_resolution,envato_dfd7475c-7a57-48ab-909c-3fdc4947746e.mov,3840,2160,3840,2160,,high_resolution/happy/happy_132_1.jpg,high_resolution/happy/happy_132_2.jpg,DATASET_final_videos/high_resolution/happy/happy_132.mov,1efg0fsNBVZbhgKkDYJDGZyz3sYd64oyZ
happy_133.mov,happy,high_resolution,envato_e65f434e-e68b-4339-8592-dabe9b769f73.mov,3840,2160,3840,2160,,high_resolution/happy/happy_133_1.jpg,high_resolution/happy/happy_133_2.jpg,DATASET_final_videos/high_resolution/happy/happy_133.mov,16buO_594nJB3uv01t6b71uSnGW0BHtth
happy_134.mov,happy,high_resolution,envato_f2e59a35-4f04-4fe4-b8a5-865ee9ba5099.mov,1920,1080,1920,1080,,high_resolution/happy/happy_134_1.jpg,high_resolution/happy/happy_134_2.jpg,DATASET_final_videos/high_resolution/happy/happy_134.mov,1uKn4UnDLw6LXTviy2QZqpDi5DRiOQ_hn
happy_135.mp4,happy,low_resolution,f11b1a1dd083030d930e9f06a449c48b.mp4,576,1024,576,1024,,low_resolution/happy/happy_135_1.jpg,low_resolution/happy/happy_135_2.jpg,DATASET_final_videos/low_resolution/happy/happy_135.mp4,1QE4MqgXYbF4GAIit6-CKUQWQ9agOWjvD
happy_136.mp4,happy,low_resolution,fa81db640db5d42a61314e3f88907ea2.mp4,576,1024,576,1024,,low_resolution/happy/happy_136_1.jpg,low_resolution/happy/happy_136_2.jpg,DATASET_final_videos/low_resolution/happy/happy_136.mp4,1aGUDsK-3Wney8B6g2UL73JRb20podWeQ
happy_137.mp4,happy,low_resolution,magnific-171814,426,240,426,240,,low_resolution/happy/happy_137_1.jpg,low_resolution/happy/happy_137_2.jpg,DATASET_final_videos/low_resolution/happy/happy_137.mp4,1aulCj3qYQkfd_jWCFpOSfUZ0xZUeYctt
happy_138.mp4,happy,low_resolution,magnific-2563041,454,240,454,240,,low_resolution/happy/happy_138_1.jpg,low_resolution/happy/happy_138_2.jpg,DATASET_final_videos/low_resolution/happy/happy_138.mp4,1lpWtEjEqpUCf9mFf1TXVGjh9wIvclkTe
happy_139.mp4,happy,low_resolution,magnific-2826668,426,240,426,240,,low_resolution/happy/happy_139_1.jpg,low_resolution/happy/happy_139_2.jpg,DATASET_final_videos/low_resolution/happy/happy_139.mp4,15tKMSpxPN2YwZOdlFPvZ3pF3qc-GApS4
happy_140.mp4,happy,low_resolution,magnific-2845760,426,240,426,240,,low_resolution/happy/happy_140_1.jpg,low_resolution/happy/happy_140_2.jpg,DATASET_final_videos/low_resolution/happy/happy_140.mp4,1vzmCOB7soJ3jUe2EYRb-PDlvQMsJ7pby
happy_141.mp4,happy,low_resolution,magnific-2870062,426,240,426,240,,low_resolution/happy/happy_141_1.jpg,low_resolution/happy/happy_141_2.jpg,DATASET_final_videos/low_resolution/happy/happy_141.mp4,1ByCjWAquwhGaNnlxzknuVHgZqw3S7cfF
happy_142.mp4,happy,high_resolution,mixkit-101226__girl-cuddling-dog-on-couch,1280,720,1280,720,,high_resolution/happy/happy_142_1.jpg,high_resolution/happy/happy_142_2.jpg,DATASET_final_videos/high_resolution/happy/happy_142.mp4,1DY6o4LEfUWVAE0MVQSPwS-4WOW27vD3I
happy_143.mp4,happy,high_resolution,mixkit-101229__close-up-of-dog,1280,720,1280,720,,high_resolution/happy/happy_143_1.jpg,high_resolution/happy/happy_143_2.jpg,DATASET_final_videos/high_resolution/happy/happy_143.mp4,197tvf-klDqQ_03XsrQtBMw26XGbsEB7q
happy_144.mp4,happy,high_resolution,mixkit-101230__girl-doing-tricks-with-dog,1280,720,1280,720,,high_resolution/happy/happy_144_1.jpg,high_resolution/happy/happy_144_2.jpg,DATASET_final_videos/high_resolution/happy/happy_144.mp4,1rJ9rSZ92ax_ofmA441Jv6wxGGMs1GH2n
happy_145.mp4,happy,high_resolution,mixkit-101238__dog-playing-with-little-owner,1280,720,1280,720,,high_resolution/happy/happy_145_1.jpg,high_resolution/happy/happy_145_2.jpg,DATASET_final_videos/high_resolution/happy/happy_145.mp4,1dCkXGRXrBJ7oYYs_5YMPK_qQLmIFZLvj
happy_146.mp4,happy,high_resolution,mixkit-101245__pov-shot-of-happy-dog-playing,1280,720,1280,720,,high_resolution/happy/happy_146_1.jpg,high_resolution/happy/happy_146_2.jpg,DATASET_final_videos/high_resolution/happy/happy_146.mp4,1Gn1cFyq4Am9f89rP0zLeUQWW91_fOiNB
happy_147.mp4,happy,high_resolution,mixkit-10350__couple-with-dogs-resting-on-park-bench,1280,720,1280,720,,high_resolution/happy/happy_147_1.jpg,high_resolution/happy/happy_147_2.jpg,DATASET_final_videos/high_resolution/happy/happy_147.mp4,1B8Dz40sDHKjfXxet_GkHzUsgliMBenFs
happy_148.mp4,happy,high_resolution,mixkit-10360__girl-in-a-park-carrying-and-petting-her-cocker-spaniel,1280,720,1280,720,,high_resolution/happy/happy_148_1.jpg,high_resolution/happy/happy_148_2.jpg,DATASET_final_videos/high_resolution/happy/happy_148.mp4,1AFAwo6aj8Fjx29xMdQprZIw0Mj4U7Cmx
happy_149.mp4,happy,high_resolution,mixkit-1481__a-man-petting-a-dog-in-the-grass,1280,720,1280,720,,high_resolution/happy/happy_149_1.jpg,high_resolution/happy/happy_149_2.jpg,DATASET_final_videos/high_resolution/happy/happy_149.mp4,1DBYNMzFKP8eVunhNxVY3ZX5FijQKKQFh
happy_150.mp4,happy,high_resolution,mixkit-1659__small-cute-dog-combed-by-its-owner,1280,720,1280,720,,high_resolution/happy/happy_150_1.jpg,high_resolution/happy/happy_150_2.jpg,DATASET_final_videos/high_resolution/happy/happy_150.mp4,1AiJ6vvQvJ4UlTUZGYh4inEL2vFXRz0jK
happy_151.mp4,happy,high_resolution,mixkit-25022__a-woman-and-her-dog-enjoying-the-park,1280,720,1280,720,,high_resolution/happy/happy_151_1.jpg,high_resolution/happy/happy_151_2.jpg,DATASET_final_videos/high_resolution/happy/happy_151.mp4,141dql8XyjU1y8h7IEN6vkCP8jQk6FW8A
happy_152.mp4,happy,high_resolution,mixkit-25174__corgi-dog-enjoying-the-beach,1280,720,1280,720,,high_resolution/happy/happy_152_1.jpg,high_resolution/happy/happy_152_2.jpg,DATASET_final_videos/high_resolution/happy/happy_152.mp4,1h_XlPYOb5qlP3JREtplw3nNxm7wnrkms
happy_153.mp4,happy,high_resolution,mixkit-33170__woman-caresses-her-dog-in-the-garden,1280,720,1280,720,,high_resolution/happy/happy_153_1.jpg,high_resolution/happy/happy_153_2.jpg,DATASET_final_videos/high_resolution/happy/happy_153.mp4,1bu0bVYLo5nxjo4aXVvFcVR0rG-gios94
happy_154.mp4,happy,high_resolution,mixkit-45834__husky-with-its-tongue-out-panting-at-the-camera,1280,720,1280,720,,high_resolution/happy/happy_154_1.jpg,high_resolution/happy/happy_154_2.jpg,DATASET_final_videos/high_resolution/happy/happy_154.mp4,13w7q93b4ftv5JPVQEZnU8cZclcmA9RyJ
happy_155.mp4,happy,high_resolution,mixkit-45869__corgi-running-next-to-its-owner-at-the-park,1280,720,1280,720,,high_resolution/happy/happy_155_1.jpg,high_resolution/happy/happy_155_2.jpg,DATASET_final_videos/high_resolution/happy/happy_155.mp4,1cjUp8M37LRTku5gN0sYGey1EPXQWZFRB
happy_156.mp4,happy,high_resolution,mixkit-45871__cute-corgi-running-through-the-grass,1280,720,1280,720,,high_resolution/happy/happy_156_1.jpg,high_resolution/happy/happy_156_2.jpg,DATASET_final_videos/high_resolution/happy/happy_156.mp4,1liiEzoQCIiaKwn-2qk3pkqt-fCeZXqM-
happy_157.mp4,happy,high_resolution,mixkit-45873__corgi-puppy-playing-with-a-toy-with-its-owner,1280,720,1280,720,,high_resolution/happy/happy_157_1.jpg,high_resolution/happy/happy_157_2.jpg,DATASET_final_videos/high_resolution/happy/happy_157.mp4,1Zd7ocgoQAQuSjNbirqGQTqaiGsO7Vc8L
happy_158.mp4,happy,high_resolution,mixkit-50652__a-cute-border-collie-dog-panting-patiently,1920,1080,1920,1080,,high_resolution/happy/happy_158_1.jpg,high_resolution/happy/happy_158_2.jpg,DATASET_final_videos/high_resolution/happy/happy_158.mp4,1OgPkD0zPoqd6R599gSdneWg_vAKa3c5p
happy_159.mp4,happy,high_resolution,mixkit-50655__an-intelligent-border-collie-gives-the-paw-to-a-hand,1920,1080,1920,1080,,high_resolution/happy/happy_159_1.jpg,high_resolution/happy/happy_159_2.jpg,DATASET_final_videos/high_resolution/happy/happy_159.mp4,1y4QLBkbtrSSIMvh_tyUJDiEpjq_XtzTa
happy_160.mp4,happy,high_resolution,mixkit-50656__a-canine-border-collie-hi-five-the-human-hand,1280,720,1280,720,,high_resolution/happy/happy_160_1.jpg,high_resolution/happy/happy_160_2.jpg,DATASET_final_videos/high_resolution/happy/happy_160.mp4,1vPa9x9RVV2auJWIRwzIN9AsUJ6fEesqD
happy_161.mp4,happy,high_resolution,mixkit-50660__a-cute-border-collie-dog-panting-patiently-on-the-ground,1280,720,1280,720,,high_resolution/happy/happy_161_1.jpg,high_resolution/happy/happy_161_2.jpg,DATASET_final_videos/high_resolution/happy/happy_161.mp4,1Z-h0-24ySBY5Ksoljm2ixNqvws7bm75b
happy_162.mp4,happy,high_resolution,mixkit-50678__a-black-and-white-border-collie-canine-patiently-panting,1280,720,1280,720,,high_resolution/happy/happy_162_1.jpg,high_resolution/happy/happy_162_2.jpg,DATASET_final_videos/high_resolution/happy/happy_162.mp4,1BUE3GZZjYjSoLyg95aUI5hw0WoONDIN9
happy_163.mp4,happy,high_resolution,mixkit-50680__black-and-white-border-collie-standing-on-its-hind-legs,1280,720,1280,720,,high_resolution/happy/happy_163_1.jpg,high_resolution/happy/happy_163_2.jpg,DATASET_final_videos/high_resolution/happy/happy_163.mp4,1gGm4Ucvhu3tx1LkdqqeW9J_tIc8_L2QF
happy_164.mp4,happy,high_resolution,mixkit-6355__woman-and-her-dog-taking-a-selfie,1280,720,1280,720,,high_resolution/happy/happy_164_1.jpg,high_resolution/happy/happy_164_2.jpg,DATASET_final_videos/high_resolution/happy/happy_164.mp4,1GjnGevw6NLIUdK57XSZiJo2SoArbQZD3
happy_165.mp4,happy,high_resolution,mixkit-6664__woman-with-her-pet-dog,1280,720,1280,720,,high_resolution/happy/happy_165_1.jpg,high_resolution/happy/happy_165_2.jpg,DATASET_final_videos/high_resolution/happy/happy_165.mp4,1EOuGEZPOpCp65n-p5xqnGiExCKI7vc5Z
happy_166.mp4,happy,high_resolution,o8zoo0FJkUY_82800_0059.mp4,1280,720,1280,720,,high_resolution/happy/happy_166_1.jpg,high_resolution/happy/happy_166_2.jpg,DATASET_final_videos/high_resolution/happy/happy_166.mp4,1XigEA-1LUmjRmbtt5eMUzFWtqjek2H3c
happy_167.mp4,happy,high_resolution,o8zoo0FJkUY_82800_0060.mp4,1280,720,1280,720,,high_resolution/happy/happy_167_1.jpg,high_resolution/happy/happy_167_2.jpg,DATASET_final_videos/high_resolution/happy/happy_167.mp4,1F6uSWDH579CeGy35lpOvX_OsbMeXduSs
happy_168.mp4,happy,high_resolution,o8zoo0FJkUY_84600_0001.mp4,1280,720,1280,720,,high_resolution/happy/happy_168_1.jpg,high_resolution/happy/happy_168_2.jpg,DATASET_final_videos/high_resolution/happy/happy_168.mp4,1wuYvKYsXqQK59ezftsHmF4ctQNsep0LS
happy_169.mp4,happy,high_resolution,o8zoo0FJkUY_84600_0002.mp4,1280,720,1280,720,,high_resolution/happy/happy_169_1.jpg,high_resolution/happy/happy_169_2.jpg,DATASET_final_videos/high_resolution/happy/happy_169.mp4,1E1WBUcTuKFDDQAxHJwDcETy7ozKXd12i
happy_170.mp4,happy,high_resolution,o8zoo0FJkUY_84600_0009.mp4,1280,720,1280,720,,high_resolution/happy/happy_170_1.jpg,high_resolution/happy/happy_170_2.jpg,DATASET_final_videos/high_resolution/happy/happy_170.mp4,121zrp2lcoxyhQA2YpjJwAKQxQqL1G8hk
happy_171.mp4,happy,high_resolution,o8zoo0FJkUY_84600_0011.mp4,1280,720,1280,720,,high_resolution/happy/happy_171_1.jpg,high_resolution/happy/happy_171_2.jpg,DATASET_final_videos/high_resolution/happy/happy_171.mp4,10t8OVofjGcRa9qd1bcvJSeTehNF83VK7
happy_172.mp4,happy,high_resolution,o8zoo0FJkUY_84600_0012.mp4,1280,720,1280,720,,high_resolution/happy/happy_172_1.jpg,high_resolution/happy/happy_172_2.jpg,DATASET_final_videos/high_resolution/happy/happy_172.mp4,1xLCEdIV9_RXTlkRym45mIUZv3OCyv3qk
happy_173.mp4,happy,high_resolution,o8zoo0FJkUY_84600_0015.mp4,1280,720,1280,720,,high_resolution/happy/happy_173_1.jpg,high_resolution/happy/happy_173_2.jpg,DATASET_final_videos/high_resolution/happy/happy_173.mp4,1a6B81nDU_7_wDdH4pO81Lxz8ssHNL9T4
happy_174.mp4,happy,high_resolution,o8zoo0FJkUY_84600_0017.mp4,1280,720,1280,720,,high_resolution/happy/happy_174_1.jpg,high_resolution/happy/happy_174_2.jpg,DATASET_final_videos/high_resolution/happy/happy_174.mp4,15YkbsRm2G-XJDvVQ2439oY4pY7uLMBo7
happy_175.mp4,happy,high_resolution,pexels_12130333.mp4,1280,720,1280,720,,high_resolution/happy/happy_175_1.jpg,high_resolution/happy/happy_175_2.jpg,DATASET_final_videos/high_resolution/happy/happy_175.mp4,1uUPa6_6SVoMdXEms01recekqwDkB-nf0
happy_176.mp4,happy,high_resolution,pexels_16404081.mp4,1280,720,1280,720,,high_resolution/happy/happy_176_1.jpg,high_resolution/happy/happy_176_2.jpg,DATASET_final_videos/high_resolution/happy/happy_176.mp4,1Zi_e6F7jo8VQIGlRmvdghcfUYDaFVmH4
happy_177.mp4,happy,high_resolution,pexels_17029773.mp4,720,1280,720,1280,,high_resolution/happy/happy_177_1.jpg,high_resolution/happy/happy_177_2.jpg,DATASET_final_videos/high_resolution/happy/happy_177.mp4,1mor30uwNElbXKtcbX1r7WIc6peTWHyXO
happy_178.mp4,happy,high_resolution,pexels_17224914.mp4,1280,720,1280,720,,high_resolution/happy/happy_178_1.jpg,high_resolution/happy/happy_178_2.jpg,DATASET_final_videos/high_resolution/happy/happy_178.mp4,1y8cYr6HBAsbWKqVzdPy-UTILkRo1DjvZ
happy_179.mp4,happy,high_resolution,pexels_17662319.mp4,1440,2560,1440,2560,,high_resolution/happy/happy_179_1.jpg,high_resolution/happy/happy_179_2.jpg,DATASET_final_videos/high_resolution/happy/happy_179.mp4,1jCFr7TktXufDIQCe_1hem31RD9_38HDw
happy_180.mp4,happy,high_resolution,pexels_19201621.mp4,1280,720,1280,720,,high_resolution/happy/happy_180_1.jpg,high_resolution/happy/happy_180_2.jpg,DATASET_final_videos/high_resolution/happy/happy_180.mp4,1LUPaPDzUXk9x4BuaoSbJDmkah27Yzbgb
happy_181.mp4,happy,high_resolution,pexels_19201624.mp4,1280,720,1280,720,,high_resolution/happy/happy_181_1.jpg,high_resolution/happy/happy_181_2.jpg,DATASET_final_videos/high_resolution/happy/happy_181.mp4,1Qo2lDWN9slEU4i1yixGzXlm0aU3L_3IG
happy_182.mp4,happy,high_resolution,pexels_19699718.mp4,1440,2560,1440,2560,,high_resolution/happy/happy_182_1.jpg,high_resolution/happy/happy_182_2.jpg,DATASET_final_videos/high_resolution/happy/happy_182.mp4,1KwEdkXveKrM8ubt0u9MyB9aU3x4Yv6f-
happy_183.mp4,happy,high_resolution,pexels_19923956.mp4,1280,720,1280,720,,high_resolution/happy/happy_183_1.jpg,high_resolution/happy/happy_183_2.jpg,DATASET_final_videos/high_resolution/happy/happy_183.mp4,1sEvB4EUOBft8sqSTKKrmvJXNBsYCJiqa
happy_184.mp4,happy,high_resolution,pexels_27375570.mp4,1280,720,1280,720,,high_resolution/happy/happy_184_1.jpg,high_resolution/happy/happy_184_2.jpg,DATASET_final_videos/high_resolution/happy/happy_184.mp4,1p9TF4Nge7SzNI7yFcA7NcJIel-33ifHC
happy_185.mp4,happy,high_resolution,pexels_28729840.mp4,1080,1920,1080,1920,,high_resolution/happy/happy_185_1.jpg,high_resolution/happy/happy_185_2.jpg,DATASET_final_videos/high_resolution/happy/happy_185.mp4,1cLZsRWvRdnJ_QrNuzbhGSexjGIt6ijcf
happy_186.mp4,happy,high_resolution,pexels_29477854.mp4,1080,1920,1080,1920,,high_resolution/happy/happy_186_1.jpg,high_resolution/happy/happy_186_2.jpg,DATASET_final_videos/high_resolution/happy/happy_186.mp4,1TPZwVtrTx7Xy0lN4-q5kUtw-Z0RSvX35
happy_187.mp4,happy,high_resolution,pexels_30189212.mp4,1280,720,1280,720,,high_resolution/happy/happy_187_1.jpg,high_resolution/happy/happy_187_2.jpg,DATASET_final_videos/high_resolution/happy/happy_187.mp4,1gNFNB27F49vY0g4yxsQCgGHYc-TIaWKd
happy_188.mp4,happy,high_resolution,pexels_30637739.mp4,1080,1920,1080,1920,,high_resolution/happy/happy_188_1.jpg,high_resolution/happy/happy_188_2.jpg,DATASET_final_videos/high_resolution/happy/happy_188.mp4,1b_tOLuUqYRrLNjJn8Cl2l3Vq0_YRvul8
happy_189.mp4,happy,high_resolution,pexels_31846902.mp4,1280,720,1280,720,,high_resolution/happy/happy_189_1.jpg,high_resolution/happy/happy_189_2.jpg,DATASET_final_videos/high_resolution/happy/happy_189.mp4,1GeLt-z6yfakNs4UFS2klEkg6HTSATBbc
happy_190.mp4,happy,high_resolution,pexels_31952416.mp4,1280,720,1280,720,,high_resolution/happy/happy_190_1.jpg,high_resolution/happy/happy_190_2.jpg,DATASET_final_videos/high_resolution/happy/happy_190.mp4,1tja3BsOrKe12AcQq0OKP9bJjrmO0Q-wZ
happy_191.mp4,happy,high_resolution,pexels_32488151.mp4,1080,1920,1080,1920,,high_resolution/happy/happy_191_1.jpg,high_resolution/happy/happy_191_2.jpg,DATASET_final_videos/high_resolution/happy/happy_191.mp4,1VR8RrrVTFMSjXmM861DLsqne9Wa3Hk2O
happy_192.mp4,happy,high_resolution,pexels_32720010.mp4,1280,720,1280,720,,high_resolution/happy/happy_192_1.jpg,high_resolution/happy/happy_192_2.jpg,DATASET_final_videos/high_resolution/happy/happy_192.mp4,1kMCsjpuVuWF6d1S1i1s1-s3XK0FAhCxp
happy_193.mp4,happy,high_resolution,pexels_33191813.mp4,1366,720,1366,720,,high_resolution/happy/happy_193_1.jpg,high_resolution/happy/happy_193_2.jpg,DATASET_final_videos/high_resolution/happy/happy_193.mp4,1YySShhTaLC711LqELvdTa2WL68KUP_Uy
happy_194.mp4,happy,high_resolution,pexels_33434337.mp4,1280,720,1280,720,,high_resolution/happy/happy_194_1.jpg,high_resolution/happy/happy_194_2.jpg,DATASET_final_videos/high_resolution/happy/happy_194.mp4,15NHS_lcu_sJ1w9NJ7ZVN44l1f3VL5GK3
happy_195.mp4,happy,high_resolution,pexels_34688820.mp4,1440,2560,1440,2560,,high_resolution/happy/happy_195_1.jpg,high_resolution/happy/happy_195_2.jpg,DATASET_final_videos/high_resolution/happy/happy_195.mp4,1BF3nbtRte7HoYAd6qG5Wc4xzFW15ADES
happy_196.mp4,happy,high_resolution,pexels_34689720.mp4,1080,1920,1080,1920,,high_resolution/happy/happy_196_1.jpg,high_resolution/happy/happy_196_2.jpg,DATASET_final_videos/high_resolution/happy/happy_196.mp4,1b8CWCgTdzgY8onMQzpwtuwECHn5ihxim
happy_197.mp4,happy,high_resolution,pexels_34759846.mp4,1440,2560,1440,2560,,high_resolution/happy/happy_197_1.jpg,high_resolution/happy/happy_197_2.jpg,DATASET_final_videos/high_resolution/happy/happy_197.mp4,10y-kOYzFyML65A5v2ztE1VeBKfuTCSsm
happy_198.mp4,happy,high_resolution,pexels_35199740.mp4,1280,720,1280,720,,high_resolution/happy/happy_198_1.jpg,high_resolution/happy/happy_198_2.jpg,DATASET_final_videos/high_resolution/happy/happy_198.mp4,1jN89h_r-q66om3IKgbXYzXGbJgHhUh18
happy_199.mp4,happy,high_resolution,pexels_35235643.mp4,1280,720,1280,720,,high_resolution/happy/happy_199_1.jpg,high_resolution/happy/happy_199_2.jpg,DATASET_final_videos/high_resolution/happy/happy_199.mp4,17wLauGR319ayG7lGf2g7JkhJdB4EMYbG
happy_200.mp4,happy,high_resolution,pexels_35290086.mp4,1440,2560,1440,2560,,high_resolution/happy/happy_200_1.jpg,high_resolution/happy/happy_200_2.jpg,DATASET_final_videos/high_resolution/happy/happy_200.mp4,1Hszr_qn040v8TpQuJWVxuAdv_w5BLtJi
happy_201.mp4,happy,high_resolution,pexels_35290088.mp4,1440,2560,1440,2560,,high_resolution/happy/happy_201_1.jpg,high_resolution/happy/happy_201_2.jpg,DATASET_final_videos/high_resolution/happy/happy_201.mp4,1XGbivs64zie2HlA39gBzxzqeYcMhnGkS
happy_202.mp4,happy,high_resolution,pexels_35290089.mp4,1440,2560,1440,2560,,high_resolution/happy/happy_202_1.jpg,high_resolution/happy/happy_202_2.jpg,DATASET_final_videos/high_resolution/happy/happy_202.mp4,1lrm1ET8DQwed30ov1TvDq63tBa59bVQZ
happy_203.mp4,happy,high_resolution,pexels_35346867.mp4,1280,720,1280,720,,high_resolution/happy/happy_203_1.jpg,high_resolution/happy/happy_203_2.jpg,DATASET_final_videos/high_resolution/happy/happy_203.mp4,1DjZufasl4aJHEquelj4epysCOsCIeoeR
happy_204.mp4,happy,high_resolution,pexels_35454572.mp4,1080,1920,1080,1920,,high_resolution/happy/happy_204_1.jpg,high_resolution/happy/happy_204_2.jpg,DATASET_final_videos/high_resolution/happy/happy_204.mp4,1mGTWsiavrUOCbZkzlErOxO5uj2r2RBHU
happy_205.mp4,happy,high_resolution,pexels_36121834.mp4,1080,1920,1080,1920,,high_resolution/happy/happy_205_1.jpg,high_resolution/happy/happy_205_2.jpg,DATASET_final_videos/high_resolution/happy/happy_205.mp4,1-Lys7wcqPtztFbi1bIsLZ3cdqdPPneIz
happy_206.mp4,happy,high_resolution,pexels_37328326.mp4,1440,2642,1440,2642,,high_resolution/happy/happy_206_1.jpg,high_resolution/happy/happy_206_2.jpg,DATASET_final_videos/high_resolution/happy/happy_206.mp4,11xVqPRDqSZZf96E3P8LYCqsM1Rvv0Ssn
happy_207.mp4,happy,high_resolution,pexels_37366631.mp4,1440,2560,1440,2560,,high_resolution/happy/happy_207_1.jpg,high_resolution/happy/happy_207_2.jpg,DATASET_final_videos/high_resolution/happy/happy_207.mp4,1IlkBq4ERUAF3bHxgiVGkAlZqgE4GRNC-
happy_208.mp4,happy,high_resolution,pexels_38395126.mp4,1440,2560,1440,2560,,high_resolution/happy/happy_208_1.jpg,high_resolution/happy/happy_208_2.jpg,DATASET_final_videos/high_resolution/happy/happy_208.mp4,14qmDyfabYAhLrMAv8GWHX5z94A8Dm2eU
happy_209.mp4,happy,high_resolution,pexels_38978557.mp4,1440,2560,1440,2560,,high_resolution/happy/happy_209_1.jpg,high_resolution/happy/happy_209_2.jpg,DATASET_final_videos/high_resolution/happy/happy_209.mp4,1ELSksiEcMncotUrRx7yayVbEmh-Wntvc
happy_210.mp4,happy,high_resolution,pexels_39086745.mp4,1280,720,1280,720,,high_resolution/happy/happy_210_1.jpg,high_resolution/happy/happy_210_2.jpg,DATASET_final_videos/high_resolution/happy/happy_210.mp4,1Hl_YGnwvOheLRVdBNcwyBZWgRCBj6p94
happy_211.mp4,happy,high_resolution,pexels_39465653.mp4,1080,1920,1080,1920,,high_resolution/happy/happy_211_1.jpg,high_resolution/happy/happy_211_2.jpg,DATASET_final_videos/high_resolution/happy/happy_211.mp4,1GQkAg-H2-ErRe12uu89smCd6D2ZMgZQ1
happy_212.mp4,happy,high_resolution,pexels_4267753.mp4,1280,720,1280,720,,high_resolution/happy/happy_212_1.jpg,high_resolution/happy/happy_212_2.jpg,DATASET_final_videos/high_resolution/happy/happy_212.mp4,1-MDJG6vfweLJcDKnI5o8IiIdgw7CGkEN
happy_213.mp4,happy,high_resolution,pexels_4503695.mp4,1366,720,1366,720,,high_resolution/happy/happy_213_1.jpg,high_resolution/happy/happy_213_2.jpg,DATASET_final_videos/high_resolution/happy/happy_213.mp4,1sKqSMLG9mssZGPDTQWeDPZNvH_XDOGnj
happy_214.mp4,happy,high_resolution,pexels_4503918.mp4,1366,720,1366,720,,high_resolution/happy/happy_214_1.jpg,high_resolution/happy/happy_214_2.jpg,DATASET_final_videos/high_resolution/happy/happy_214.mp4,1kkUKRM1lNOJweh1GEyuOBoTCWSOIIGHj
happy_215.mp4,happy,high_resolution,pexels_4685829.mp4,1366,720,1366,720,,high_resolution/happy/happy_215_1.jpg,high_resolution/happy/happy_215_2.jpg,DATASET_final_videos/high_resolution/happy/happy_215.mp4,1rdqY-EPCShoaBpqppXIy5BXZwMKi8y6T
happy_216.mp4,happy,high_resolution,pexels_4686284.mp4,1366,720,1366,720,,high_resolution/happy/happy_216_1.jpg,high_resolution/happy/happy_216_2.jpg,DATASET_final_videos/high_resolution/happy/happy_216.mp4,1Y7ZNqCF54iB9CMCnOCxYdnOuhlTIOQJb
happy_217.mp4,happy,high_resolution,pexels_5260138.mp4,1440,2732,1440,2732,,high_resolution/happy/happy_217_1.jpg,high_resolution/happy/happy_217_2.jpg,DATASET_final_videos/high_resolution/happy/happy_217.mp4,1HSgPtizeVmkGuf8h46nkabDzyCG_iY4G
happy_218.mp4,happy,high_resolution,pexels_5500759.mp4,1366,720,1366,720,,high_resolution/happy/happy_218_1.jpg,high_resolution/happy/happy_218_2.jpg,DATASET_final_videos/high_resolution/happy/happy_218.mp4,19raEyYPcZQW4Ayc4pPvzQFn0MzHlpC10
happy_219.mp4,happy,high_resolution,pexels_6568503.mp4,1366,720,1366,720,,high_resolution/happy/happy_219_1.jpg,high_resolution/happy/happy_219_2.jpg,DATASET_final_videos/high_resolution/happy/happy_219.mp4,1xw_dLN5g_fqwm0c18ELsOfcXIgWpabWo
happy_220.mp4,happy,high_resolution,pexels_6568513.mp4,1440,2732,1440,2732,,high_resolution/happy/happy_220_1.jpg,high_resolution/happy/happy_220_2.jpg,DATASET_final_videos/high_resolution/happy/happy_220.mp4,1tVkm8bz3Dp2NkhHkV06RVGE6Vy2mAEsB
happy_221.mp4,happy,high_resolution,pexels_6568960.mp4,1366,720,1366,720,,high_resolution/happy/happy_221_1.jpg,high_resolution/happy/happy_221_2.jpg,DATASET_final_videos/high_resolution/happy/happy_221.mp4,1vEWau90mBIra9F5WSPzInHiwbe8bqtSU
happy_222.mp4,happy,high_resolution,pexels_7197730.mp4,1440,2560,1440,2560,,high_resolution/happy/happy_222_1.jpg,high_resolution/happy/happy_222_2.jpg,DATASET_final_videos/high_resolution/happy/happy_222.mp4,1_3C-4yUmC0oW4ecl3mDCxqidOSmyKhfo
happy_223.mp4,happy,high_resolution,pexels_7294902.mp4,1280,720,1280,720,,high_resolution/happy/happy_223_1.jpg,high_resolution/happy/happy_223_2.jpg,DATASET_final_videos/high_resolution/happy/happy_223.mp4,1qKgrHcrvhTfIuJbWlurj-w0lpG4vys5I
happy_224.mp4,happy,high_resolution,pexels_7297314.mp4,1280,720,1280,720,,high_resolution/happy/happy_224_1.jpg,high_resolution/happy/happy_224_2.jpg,DATASET_final_videos/high_resolution/happy/happy_224.mp4,1suFJlzy37LIGhaQ0YFgt95Kyb5TgXBLR
happy_225.mp4,happy,high_resolution,pexels_7515920.mp4,1080,1920,1080,1920,,high_resolution/happy/happy_225_1.jpg,high_resolution/happy/happy_225_2.jpg,DATASET_final_videos/high_resolution/happy/happy_225.mp4,1PBHjbVoXfH6v5A35rCXIQQCUbezsHjrx
happy_226.mp4,happy,high_resolution,pexels_7678720.mp4,1280,720,1280,720,,high_resolution/happy/happy_226_1.jpg,high_resolution/happy/happy_226_2.jpg,DATASET_final_videos/high_resolution/happy/happy_226.mp4,1ZlhvBgbWMQ_zubvmUEZxQIwC3yeU9X83
happy_227.mp4,happy,high_resolution,pexels_7678721.mp4,1280,720,1280,720,,high_resolution/happy/happy_227_1.jpg,high_resolution/happy/happy_227_2.jpg,DATASET_final_videos/high_resolution/happy/happy_227.mp4,1RhQR-WaYhpOZIAMZ7ql8gXqHNpmoDL19
happy_228.mp4,happy,high_resolution,pexels_7683646.mp4,1280,720,1280,720,,high_resolution/happy/happy_228_1.jpg,high_resolution/happy/happy_228_2.jpg,DATASET_final_videos/high_resolution/happy/happy_228.mp4,14WYkDzX2eYc77NM5hWWM6i_y-DqzF9Yv
happy_229.mp4,happy,high_resolution,pexels_7684013.mp4,1280,720,1280,720,,high_resolution/happy/happy_229_1.jpg,high_resolution/happy/happy_229_2.jpg,DATASET_final_videos/high_resolution/happy/happy_229.mp4,1jnI2gOwbPvXC5k9HxOUtZ-jOzOsTgCv4
happy_230.mp4,happy,high_resolution,pexels_7684127.mp4,1280,720,1280,720,,high_resolution/happy/happy_230_1.jpg,high_resolution/happy/happy_230_2.jpg,DATASET_final_videos/high_resolution/happy/happy_230.mp4,1C46KSND_nU14n6lBCoxqFgCGywMRJGdk
happy_231.mp4,happy,high_resolution,pexels_8730830.mp4,1280,720,1280,720,,high_resolution/happy/happy_231_1.jpg,high_resolution/happy/happy_231_2.jpg,DATASET_final_videos/high_resolution/happy/happy_231.mp4,1SCX3fmEIWx3JpxJEaA8I-8BQaC0n40xl
happy_232.mp4,happy,high_resolution,pexels_8731189.mp4,1280,720,1280,720,,high_resolution/happy/happy_232_1.jpg,high_resolution/happy/happy_232_2.jpg,DATASET_final_videos/high_resolution/happy/happy_232.mp4,1UKiQiqmIt2WCKAQW2XFKstowTvJApVgZ
happy_233.mp4,happy,high_resolution,pexels_8746825.mp4,1366,720,1366,720,,high_resolution/happy/happy_233_1.jpg,high_resolution/happy/happy_233_2.jpg,DATASET_final_videos/high_resolution/happy/happy_233.mp4,1sJxJv2aTCl3Dkk3Vw1htWQtsbvrfeYZ9
happy_234.mp4,happy,high_resolution,pexels_9363082.mp4,1280,720,1280,720,,high_resolution/happy/happy_234_1.jpg,high_resolution/happy/happy_234_2.jpg,DATASET_final_videos/high_resolution/happy/happy_234.mp4,1mv3cbt0OMjgEiM_xb5xN3gZ8RIOm0wtd
happy_235.mp4,happy,high_resolution,pexels_9661817.mp4,1280,720,1280,720,,high_resolution/happy/happy_235_1.jpg,high_resolution/happy/happy_235_2.jpg,DATASET_final_videos/high_resolution/happy/happy_235.mp4,1dEUefyIPF983sLS5_vM-qP2LaPm8loEC
happy_236.mp4,happy,high_resolution,pexels_9986179.mp4,1366,720,1366,720,,high_resolution/happy/happy_236_1.jpg,high_resolution/happy/happy_236_2.jpg,DATASET_final_videos/high_resolution/happy/happy_236.mp4,1RCKGG_D8mW41E1lOOzMhWbUXeoLRBDpf
happy_237.mp4,happy,high_resolution,pixabay_109614,1280,720,1280,720,,high_resolution/happy/happy_237_1.jpg,high_resolution/happy/happy_237_2.jpg,DATASET_final_videos/high_resolution/happy/happy_237.mp4,1hX8GmE5-rsV11AjsTpIyz95Ejw6VXA97
happy_238.mp4,happy,high_resolution,pixabay_120522,2560,1440,2560,1440,,high_resolution/happy/happy_238_1.jpg,high_resolution/happy/happy_238_2.jpg,DATASET_final_videos/high_resolution/happy/happy_238.mp4,1j2q-LYjlwX5o1OHyvIOb4vfRJiLoARL4
happy_239.mp4,happy,high_resolution,pixabay_123246,2560,1440,2560,1440,,high_resolution/happy/happy_239_1.jpg,high_resolution/happy/happy_239_2.jpg,DATASET_final_videos/high_resolution/happy/happy_239.mp4,1_QsMdi5qVZ0XFo97arSGdoIa7qlvcJYt
happy_240.mp4,happy,high_resolution,pixabay_170811,720,1280,720,1280,,high_resolution/happy/happy_240_1.jpg,high_resolution/happy/happy_240_2.jpg,DATASET_final_videos/high_resolution/happy/happy_240.mp4,1Lt7xCykOeEZGSGKaCfbxjSaEO3-NgJDK
happy_241.mp4,happy,high_resolution,pixabay_37130,1280,720,1280,720,,high_resolution/happy/happy_241_1.jpg,high_resolution/happy/happy_241_2.jpg,DATASET_final_videos/high_resolution/happy/happy_241.mp4,1d9k9mSd6fZ0CKzMcs4_HQI3zFhqts-4r
happy_242.mp4,happy,high_resolution,pixabay_77509,1280,720,1280,720,,high_resolution/happy/happy_242_1.jpg,high_resolution/happy/happy_242_2.jpg,DATASET_final_videos/high_resolution/happy/happy_242.mp4,1qNDvbv5iEl87g2EPFYatKa0cLKqgVFTT
happy_243.mp4,happy,high_resolution,pixabay_77511,1280,720,1280,720,,high_resolution/happy/happy_243_1.jpg,high_resolution/happy/happy_243_2.jpg,DATASET_final_videos/high_resolution/happy/happy_243.mp4,1V9x9q2oqVXyC6ts_lhDmcQv3oeEG1G2T
happy_244.mp4,happy,high_resolution,segment_long_27611809_28,1280,720,1280,720,,high_resolution/happy/happy_244_1.jpg,high_resolution/happy/happy_244_2.jpg,DATASET_final_videos/high_resolution/happy/happy_244.mp4,1IOaS8JOV6CcgqR7j1rSTabNOyR_ufVV1
happy_245.mp4,happy,high_resolution,segment_long_6498485_102,1280,720,1280,720,,high_resolution/happy/happy_245_1.jpg,high_resolution/happy/happy_245_2.jpg,DATASET_final_videos/high_resolution/happy/happy_245.mp4,1S4OsxanKzw11IPylkzBnICI0i8QwqaoR
happy_246.mp4,happy,high_resolution,segment_long_6561423_111,1920,1080,1920,1080,,high_resolution/happy/happy_246_1.jpg,high_resolution/happy/happy_246_2.jpg,DATASET_final_videos/high_resolution/happy/happy_246.mp4,1A99t5wXD6Ydk16Tjt-0-o8P3w0lxHcHe
happy_247.mp4,happy,high_resolution,segment_long_6561423_113,1920,1080,1920,1080,,high_resolution/happy/happy_247_1.jpg,high_resolution/happy/happy_247_2.jpg,DATASET_final_videos/high_resolution/happy/happy_247.mp4,1nGcN4tETTH61-vAyVFwOizjxx-Os-6yS
happy_248.mp4,happy,high_resolution,segment_long_7093612_127,1280,720,1280,720,,high_resolution/happy/happy_248_1.jpg,high_resolution/happy/happy_248_2.jpg,DATASET_final_videos/high_resolution/happy/happy_248.mp4,1u11lraahYq78Y3MZm7iQvAWBPYW9XNRk
happy_249.mp4,happy,high_resolution,segment_long_7683651_154,1280,720,1280,720,,high_resolution/happy/happy_249_1.jpg,high_resolution/happy/happy_249_2.jpg,DATASET_final_videos/high_resolution/happy/happy_249.mp4,1rn_WNehyX4eS2aR1dDFqoxMVn8i6zsgZ
happy_250.mp4,happy,high_resolution,собачки_7654741412855942430,720,1280,720,1280,,high_resolution/happy/happy_250_1.jpg,high_resolution/happy/happy_250_2.jpg,DATASET_final_videos/high_resolution/happy/happy_250.mp4,1Z16gcsPuO4ypXWvZOc7W7tGPQxkK3lqH
neutral_001.mp4,neutral,low_resolution,5nsFcoiOc3Y_000533,406,720,406,720,,low_resolution/neutral/neutral_001_1.jpg,low_resolution/neutral/neutral_001_2.jpg,DATASET_final_videos/low_resolution/neutral/neutral_001.mp4,1bPN80YW2QI7tjSySzaqzMVcVnaXsB0nI
neutral_002.mp4,neutral,low_resolution,D0ZJr8cAUHg_000324,406,720,406,720,,low_resolution/neutral/neutral_002_1.jpg,low_resolution/neutral/neutral_002_2.jpg,DATASET_final_videos/low_resolution/neutral/neutral_002.mp4,1EwVHQdCnxdZ3PnWIW6Gd0oufhHuWOSHY
neutral_003.mp4,neutral,low_resolution,IMG_8293.MP4,464,848,464,848,,low_resolution/neutral/neutral_003_1.jpg,low_resolution/neutral/neutral_003_2.jpg,DATASET_final_videos/low_resolution/neutral/neutral_003.mp4,19Zd8GpNvxjnMB1KSLikAlN87P-hjDCb0
neutral_004.mp4,neutral,low_resolution,IMG_8294.MP4,464,848,464,848,,low_resolution/neutral/neutral_004_1.jpg,low_resolution/neutral/neutral_004_2.jpg,DATASET_final_videos/low_resolution/neutral/neutral_004.mp4,1o5tyl_w_Pe1muENTq-GWpswamAqEWu_L
neutral_005.mp4,neutral,low_resolution,IMG_8295.MP4,464,848,464,848,,low_resolution/neutral/neutral_005_1.jpg,low_resolution/neutral/neutral_005_2.jpg,DATASET_final_videos/low_resolution/neutral/neutral_005.mp4,1IaJf2EYfj2tFWR1-KrFllrvfn9TquC8V
neutral_006.mp4,neutral,low_resolution,IMG_8296.MP4,464,848,464,848,,low_resolution/neutral/neutral_006_1.jpg,low_resolution/neutral/neutral_006_2.jpg,DATASET_final_videos/low_resolution/neutral/neutral_006.mp4,1PG7puxe7vJoNQckR02LvAMwD3DW-QJuA
neutral_007.mp4,neutral,low_resolution,IMG_8297.MP4,464,848,464,848,,low_resolution/neutral/neutral_007_1.jpg,low_resolution/neutral/neutral_007_2.jpg,DATASET_final_videos/low_resolution/neutral/neutral_007.mp4,1uhtbz_sxgK7bdhZn3K1kVX0yllnTYdKt
neutral_008.mp4,neutral,low_resolution,IMG_8298.MP4,464,848,464,848,,low_resolution/neutral/neutral_008_1.jpg,low_resolution/neutral/neutral_008_2.jpg,DATASET_final_videos/low_resolution/neutral/neutral_008.mp4,1WNKTDBq5PzqAzgqZInUjfLwjChwnL3tG
neutral_009.mp4,neutral,low_resolution,IMG_8304.MP4,464,848,464,848,,low_resolution/neutral/neutral_009_1.jpg,low_resolution/neutral/neutral_009_2.jpg,DATASET_final_videos/low_resolution/neutral/neutral_009.mp4,1SvMET0H0z8z86hnJSn2cnFvI14h1HfJJ
neutral_010.mp4,neutral,low_resolution,IMG_8305.MP4,464,848,464,848,,low_resolution/neutral/neutral_010_1.jpg,low_resolution/neutral/neutral_010_2.jpg,DATASET_final_videos/low_resolution/neutral/neutral_010.mp4,1B47uLqt9AlNqKKYnj2wKnvHxs_6itDT-
neutral_011.mp4,neutral,low_resolution,IMG_8306.MP4,464,848,464,848,,low_resolution/neutral/neutral_011_1.jpg,low_resolution/neutral/neutral_011_2.jpg,DATASET_final_videos/low_resolution/neutral/neutral_011.mp4,1z5OK-A4YFqih8uXIEvVt_YCTyhKAejIq
neutral_012.mp4,neutral,low_resolution,IMG_8307.MP4,464,848,464,848,,low_resolution/neutral/neutral_012_1.jpg,low_resolution/neutral/neutral_012_2.jpg,DATASET_final_videos/low_resolution/neutral/neutral_012.mp4,1xLuy_FMLhChC2EG7CN_ufphcTniQNflX
neutral_013.mp4,neutral,low_resolution,IMG_8324.MP4,464,848,464,848,,low_resolution/neutral/neutral_013_1.jpg,low_resolution/neutral/neutral_013_2.jpg,DATASET_final_videos/low_resolution/neutral/neutral_013.mp4,105h2ws70ktHUirtOkPribGmQsoCzA9Ek
neutral_014.mp4,neutral,low_resolution,IMG_8325.MP4,464,848,464,848,,low_resolution/neutral/neutral_014_1.jpg,low_resolution/neutral/neutral_014_2.jpg,DATASET_final_videos/low_resolution/neutral/neutral_014.mp4,1SZDNiLa2M6H-ex3V-GkPI0hrkINgvvFn
neutral_015.mp4,neutral,low_resolution,IMG_8326.MP4,464,848,464,848,,low_resolution/neutral/neutral_015_1.jpg,low_resolution/neutral/neutral_015_2.jpg,DATASET_final_videos/low_resolution/neutral/neutral_015.mp4,1WkolqUmiHrsBLkKhAp3qLhRcdws77pFd
neutral_016.mp4,neutral,low_resolution,IMG_8327.MP4,464,848,464,848,,low_resolution/neutral/neutral_016_1.jpg,low_resolution/neutral/neutral_016_2.jpg,DATASET_final_videos/low_resolution/neutral/neutral_016.mp4,1CwQi56p1cKJr0zqcWoc79urVpiFuONbi
neutral_017.mp4,neutral,low_resolution,IMG_8328.MP4,464,848,464,848,,low_resolution/neutral/neutral_017_1.jpg,low_resolution/neutral/neutral_017_2.jpg,DATASET_final_videos/low_resolution/neutral/neutral_017.mp4,1CwHIQs_NIO2VAkAdDCJpOgEfGV_FkvEs
neutral_018.mp4,neutral,low_resolution,IMG_8329.MP4,464,848,464,848,,low_resolution/neutral/neutral_018_1.jpg,low_resolution/neutral/neutral_018_2.jpg,DATASET_final_videos/low_resolution/neutral/neutral_018.mp4,1fonUkeyV9UcWbKIuVN0CMU_iM3iYyRfj
neutral_019.mp4,neutral,low_resolution,IMG_8330.MP4,464,848,464,848,,low_resolution/neutral/neutral_019_1.jpg,low_resolution/neutral/neutral_019_2.jpg,DATASET_final_videos/low_resolution/neutral/neutral_019.mp4,1HKNr3Y8aO6mG0y4Eqou_VmtO6NxMGlet
neutral_020.mp4,neutral,low_resolution,IMG_8331.MP4,464,848,464,848,,low_resolution/neutral/neutral_020_1.jpg,low_resolution/neutral/neutral_020_2.jpg,DATASET_final_videos/low_resolution/neutral/neutral_020.mp4,15TOeE1vfu7pArL4rYgMM-P2WCrJa04Kn
neutral_021.mp4,neutral,low_resolution,IMG_8332.MP4,464,848,464,848,,low_resolution/neutral/neutral_021_1.jpg,low_resolution/neutral/neutral_021_2.jpg,DATASET_final_videos/low_resolution/neutral/neutral_021.mp4,1KbCNx8eTe0fwnQP6oUvzL3mnHHH3zAZs
neutral_022.mp4,neutral,low_resolution,IMG_8333.MP4,464,848,464,848,,low_resolution/neutral/neutral_022_1.jpg,low_resolution/neutral/neutral_022_2.jpg,DATASET_final_videos/low_resolution/neutral/neutral_022.mp4,1ecp821KCBrQN65ohEAINP8gdyg2NC1OW
neutral_023.mp4,neutral,low_resolution,IMG_8334.MP4,464,848,464,848,,low_resolution/neutral/neutral_023_1.jpg,low_resolution/neutral/neutral_023_2.jpg,DATASET_final_videos/low_resolution/neutral/neutral_023.mp4,1Nvemiki0k647maIXyKtXc4CROj_2Fk4m
neutral_024.mp4,neutral,low_resolution,IMG_8335.MP4,464,848,464,848,,low_resolution/neutral/neutral_024_1.jpg,low_resolution/neutral/neutral_024_2.jpg,DATASET_final_videos/low_resolution/neutral/neutral_024.mp4,1MTGnr8PpierhXhcvVGSAQyjn2SZxX7eL
neutral_025.mp4,neutral,low_resolution,IMG_8336.MP4,464,848,464,848,,low_resolution/neutral/neutral_025_1.jpg,low_resolution/neutral/neutral_025_2.jpg,DATASET_final_videos/low_resolution/neutral/neutral_025.mp4,1igwTmlB5jg0WZOtxEBjYGpJN5GEubnan
neutral_026.mp4,neutral,low_resolution,IMG_8337.MP4,464,848,464,848,,,low_resolution/neutral/neutral_026_2.jpg,DATASET_final_videos/low_resolution/neutral/neutral_026.mp4,1DOHdjwV2FOe2gxcoJMqbWZd9_81xjMWj
neutral_027.mp4,neutral,low_resolution,IMG_8338.MP4,464,848,464,848,,low_resolution/neutral/neutral_027_1.jpg,low_resolution/neutral/neutral_027_2.jpg,DATASET_final_videos/low_resolution/neutral/neutral_027.mp4,1gdKaAXJSP3ALLlgGy2wY1TpISvmIvStT
neutral_028.mp4,neutral,low_resolution,IMG_8339.MP4,464,848,464,848,,low_resolution/neutral/neutral_028_1.jpg,low_resolution/neutral/neutral_028_2.jpg,DATASET_final_videos/low_resolution/neutral/neutral_028.mp4,14RqXmEN4Hi88q7CtkAZupUErbTUN5kXt
neutral_029.mp4,neutral,low_resolution,IMG_8340.MP4,464,848,464,848,,low_resolution/neutral/neutral_029_1.jpg,low_resolution/neutral/neutral_029_2.jpg,DATASET_final_videos/low_resolution/neutral/neutral_029.mp4,1aXQe4DOm7_Us1J7_Cpvl5uziOH1YHw64
neutral_030.mp4,neutral,low_resolution,IMG_8342.MP4,464,848,464,848,,low_resolution/neutral/neutral_030_1.jpg,low_resolution/neutral/neutral_030_2.jpg,DATASET_final_videos/low_resolution/neutral/neutral_030.mp4,1Z46Rc1UmjL-s9Lqb--9cm14JsFw-7HlW
neutral_031.mp4,neutral,low_resolution,IMG_8343.MP4,464,848,464,848,,low_resolution/neutral/neutral_031_1.jpg,low_resolution/neutral/neutral_031_2.jpg,DATASET_final_videos/low_resolution/neutral/neutral_031.mp4,18HEWT_ObhnE7F3tJgH_-K04msZgzxMF-
neutral_032.mp4,neutral,low_resolution,IMG_8344.MP4,464,848,464,848,,low_resolution/neutral/neutral_032_1.jpg,low_resolution/neutral/neutral_032_2.jpg,DATASET_final_videos/low_resolution/neutral/neutral_032.mp4,1mZ1GWMjafvOr-medZz-y5CJ6CW7Gr1Jg
neutral_033.mp4,neutral,low_resolution,IMG_8345.MP4,464,848,464,848,,low_resolution/neutral/neutral_033_1.jpg,low_resolution/neutral/neutral_033_2.jpg,DATASET_final_videos/low_resolution/neutral/neutral_033.mp4,1JVutl1TLBiO39ENe-sMoZ1WjbyL1sk_h
neutral_034.mp4,neutral,low_resolution,IMG_8346.MP4,464,848,464,848,,low_resolution/neutral/neutral_034_1.jpg,low_resolution/neutral/neutral_034_2.jpg,DATASET_final_videos/low_resolution/neutral/neutral_034.mp4,1UUpUsmRwsQLPLDj5XzLWoFvBZxWrT8sz
neutral_035.mp4,neutral,low_resolution,IMG_8347.MP4,464,848,464,848,,low_resolution/neutral/neutral_035_1.jpg,low_resolution/neutral/neutral_035_2.jpg,DATASET_final_videos/low_resolution/neutral/neutral_035.mp4,1fkLjw58zb9ImPZtapTmiuCnyu_Olz71Y
neutral_036.mp4,neutral,low_resolution,IMG_8348.MP4,464,848,464,848,,low_resolution/neutral/neutral_036_1.jpg,low_resolution/neutral/neutral_036_2.jpg,DATASET_final_videos/low_resolution/neutral/neutral_036.mp4,1OKavz3nTXaMd6O24BlM47RX4ZkmCDLok
neutral_037.mp4,neutral,low_resolution,IMG_8349.MP4,464,848,464,848,,low_resolution/neutral/neutral_037_1.jpg,low_resolution/neutral/neutral_037_2.jpg,DATASET_final_videos/low_resolution/neutral/neutral_037.mp4,1tNd3VJMpJSEG-w3gUWZv_lJcT6kaHIJk
neutral_038.mp4,neutral,low_resolution,IMG_8350.MP4,464,848,464,848,,low_resolution/neutral/neutral_038_1.jpg,low_resolution/neutral/neutral_038_2.jpg,DATASET_final_videos/low_resolution/neutral/neutral_038.mp4,1myDvYejv5lJ3JistGx0VQ0xGxQDkgUPu
neutral_039.mp4,neutral,low_resolution,IMG_8351.MP4,464,848,464,848,,low_resolution/neutral/neutral_039_1.jpg,low_resolution/neutral/neutral_039_2.jpg,DATASET_final_videos/low_resolution/neutral/neutral_039.mp4,1VdObnbDk9aEcsfkVP7O21XvLPZHfqDyl
neutral_040.mp4,neutral,low_resolution,IMG_8352.MP4,464,848,464,848,,low_resolution/neutral/neutral_040_1.jpg,low_resolution/neutral/neutral_040_2.jpg,DATASET_final_videos/low_resolution/neutral/neutral_040.mp4,12VweDP4NfoxbgyRcpc2liuytmCnIcIhb
neutral_041.mp4,neutral,low_resolution,IMG_8353.MP4,464,848,464,848,,low_resolution/neutral/neutral_041_1.jpg,low_resolution/neutral/neutral_041_2.jpg,DATASET_final_videos/low_resolution/neutral/neutral_041.mp4,1WD93bJcCNcyL7fmx7ELrqMiHJBWRSVzy
neutral_042.mp4,neutral,low_resolution,IMG_8354.MP4,464,848,464,848,,low_resolution/neutral/neutral_042_1.jpg,low_resolution/neutral/neutral_042_2.jpg,DATASET_final_videos/low_resolution/neutral/neutral_042.mp4,1MMMr17ovtKiV1tM-eiEgtpjcb1kmRa3k
neutral_043.mp4,neutral,low_resolution,IMG_8355.MP4,464,848,464,848,,low_resolution/neutral/neutral_043_1.jpg,low_resolution/neutral/neutral_043_2.jpg,DATASET_final_videos/low_resolution/neutral/neutral_043.mp4,1g01b3Surh60BY9BNM-tpXwCKfbKM_x-n
neutral_044.mp4,neutral,low_resolution,IMG_8356.MP4,464,848,464,848,,low_resolution/neutral/neutral_044_1.jpg,low_resolution/neutral/neutral_044_2.jpg,DATASET_final_videos/low_resolution/neutral/neutral_044.mp4,1G26sgwUqZhs41LchFT9G08QVSEoDaGQ-
neutral_045.mp4,neutral,low_resolution,IMG_8357.MP4,464,848,464,848,,low_resolution/neutral/neutral_045_1.jpg,low_resolution/neutral/neutral_045_2.jpg,DATASET_final_videos/low_resolution/neutral/neutral_045.mp4,1WD3vGxpoUMt5wvFcH0ICahRqFlvTe56X
neutral_046.mp4,neutral,low_resolution,IMG_8358.MP4,464,848,464,848,,low_resolution/neutral/neutral_046_1.jpg,low_resolution/neutral/neutral_046_2.jpg,DATASET_final_videos/low_resolution/neutral/neutral_046.mp4,1HJ16K_cobXFlyfVQlV8t9PldpZqyTvzS
neutral_047.mp4,neutral,low_resolution,IMG_8359.MP4,464,848,464,848,,low_resolution/neutral/neutral_047_1.jpg,low_resolution/neutral/neutral_047_2.jpg,DATASET_final_videos/low_resolution/neutral/neutral_047.mp4,1hGMzP_bXSrw7vJacjXS4i8rfHGwOvnwK
neutral_048.mp4,neutral,low_resolution,IMG_8360.MP4,464,848,464,848,,low_resolution/neutral/neutral_048_1.jpg,low_resolution/neutral/neutral_048_2.jpg,DATASET_final_videos/low_resolution/neutral/neutral_048.mp4,1H9nE9AknKZPkis0cwwFy7BmmmiLPrH3z
neutral_049.mp4,neutral,low_resolution,IMG_8361.MP4,464,848,464,848,,low_resolution/neutral/neutral_049_1.jpg,low_resolution/neutral/neutral_049_2.jpg,DATASET_final_videos/low_resolution/neutral/neutral_049.mp4,1b-sDzyPYrRqF0J12NtwOtFVRRKmZ85Ey
neutral_050.mp4,neutral,low_resolution,IMG_8362.MP4,464,848,464,848,,low_resolution/neutral/neutral_050_1.jpg,low_resolution/neutral/neutral_050_2.jpg,DATASET_final_videos/low_resolution/neutral/neutral_050.mp4,1YJVhlBFp2ieF8LRJiLi-sv6tSEX4onXd
neutral_051.mp4,neutral,low_resolution,IMG_8363.MP4,464,848,464,848,,low_resolution/neutral/neutral_051_1.jpg,low_resolution/neutral/neutral_051_2.jpg,DATASET_final_videos/low_resolution/neutral/neutral_051.mp4,1Ule4zKO5Yry-MwMn7y5-ObSqKAHIJfZB
neutral_052.mp4,neutral,low_resolution,IMG_8364.MP4,464,848,464,848,,low_resolution/neutral/neutral_052_1.jpg,low_resolution/neutral/neutral_052_2.jpg,DATASET_final_videos/low_resolution/neutral/neutral_052.mp4,1bZynJec-b3nZ3JeKpcKpYT6Ed6JkkBv5
neutral_053.mp4,neutral,low_resolution,IMG_8365.MP4,464,848,464,848,,low_resolution/neutral/neutral_053_1.jpg,low_resolution/neutral/neutral_053_2.jpg,DATASET_final_videos/low_resolution/neutral/neutral_053.mp4,1GnYbR7wgUIlj7CfKAFFb4eI0bDzN5CTZ
neutral_054.mp4,neutral,low_resolution,IMG_8366.MP4,464,848,464,848,,low_resolution/neutral/neutral_054_1.jpg,low_resolution/neutral/neutral_054_2.jpg,DATASET_final_videos/low_resolution/neutral/neutral_054.mp4,1mEKZI6CO-_103LIiHk4aWwGbdpYcq0ef
neutral_055.mp4,neutral,low_resolution,IMG_8367.MP4,464,848,464,848,,low_resolution/neutral/neutral_055_1.jpg,low_resolution/neutral/neutral_055_2.jpg,DATASET_final_videos/low_resolution/neutral/neutral_055.mp4,1H3gvGtCpr-LnGj14x-y5LgKF5bH2PCvk
neutral_056.mp4,neutral,low_resolution,IMG_8368.MP4,464,848,464,848,,low_resolution/neutral/neutral_056_1.jpg,low_resolution/neutral/neutral_056_2.jpg,DATASET_final_videos/low_resolution/neutral/neutral_056.mp4,11hy5D8XgwAdCV6qWvlUxsB4iDJ3_s6oR
neutral_057.mp4,neutral,low_resolution,IMG_8369.MP4,464,848,464,848,,low_resolution/neutral/neutral_057_1.jpg,low_resolution/neutral/neutral_057_2.jpg,DATASET_final_videos/low_resolution/neutral/neutral_057.mp4,1XBPnz_NDUKp8_RKsiuTDJtbYlL7QN0aQ
neutral_058.mp4,neutral,low_resolution,IMG_8370.MP4,464,848,464,848,,low_resolution/neutral/neutral_058_1.jpg,low_resolution/neutral/neutral_058_2.jpg,DATASET_final_videos/low_resolution/neutral/neutral_058.mp4,1L3D9gewEtPMFcPxdBhg3i5Z7MVFa_jTM
neutral_059.mp4,neutral,low_resolution,IMG_8371.MP4,464,848,464,848,,low_resolution/neutral/neutral_059_1.jpg,low_resolution/neutral/neutral_059_2.jpg,DATASET_final_videos/low_resolution/neutral/neutral_059.mp4,1zVC230lFHoEFHCz1Z8vAF9Nq--NhZOFA
neutral_060.mp4,neutral,low_resolution,IMG_8372.MP4,464,848,464,848,,low_resolution/neutral/neutral_060_1.jpg,low_resolution/neutral/neutral_060_2.jpg,DATASET_final_videos/low_resolution/neutral/neutral_060.mp4,1Db3M9jHXPSZMNrCydptbduQh9Z2-2dJu
neutral_061.mp4,neutral,low_resolution,IMG_8373.MP4,464,848,464,848,,low_resolution/neutral/neutral_061_1.jpg,low_resolution/neutral/neutral_061_2.jpg,DATASET_final_videos/low_resolution/neutral/neutral_061.mp4,16NJMqT9BdV3zb6alQ8oOtCXwJNvQ0FmR
neutral_062.mp4,neutral,low_resolution,IMG_8374.MP4,464,848,464,848,,low_resolution/neutral/neutral_062_1.jpg,low_resolution/neutral/neutral_062_2.jpg,DATASET_final_videos/low_resolution/neutral/neutral_062.mp4,1SfcQ0XxYtTnjZXK3A8OJb7rU-L4k4i_x
neutral_063.mp4,neutral,low_resolution,IMG_8375.MP4,464,848,464,848,,low_resolution/neutral/neutral_063_1.jpg,low_resolution/neutral/neutral_063_2.jpg,DATASET_final_videos/low_resolution/neutral/neutral_063.mp4,1pdCx9g0QqKY74R7hUBjraLZHvpJGpEWT
neutral_064.mp4,neutral,low_resolution,IMG_8376.MP4,464,848,464,848,,low_resolution/neutral/neutral_064_1.jpg,low_resolution/neutral/neutral_064_2.jpg,DATASET_final_videos/low_resolution/neutral/neutral_064.mp4,1KENjKteWDd5II8GzpVITXOZIsfmYuqfZ
neutral_065.mp4,neutral,low_resolution,IMG_8377.MP4,464,848,464,848,,low_resolution/neutral/neutral_065_1.jpg,low_resolution/neutral/neutral_065_2.jpg,DATASET_final_videos/low_resolution/neutral/neutral_065.mp4,1U4AW32oPYF1ocv3i1txuEj19rUBIqjNu
neutral_066.mp4,neutral,low_resolution,IMG_8378.MP4,464,848,464,848,,low_resolution/neutral/neutral_066_1.jpg,low_resolution/neutral/neutral_066_2.jpg,DATASET_final_videos/low_resolution/neutral/neutral_066.mp4,1fUD2Y1ibdIf5WAUl-O2zLLGzEY9sIYJy
neutral_067.mp4,neutral,low_resolution,IMG_8379.MP4,464,848,464,848,,low_resolution/neutral/neutral_067_1.jpg,low_resolution/neutral/neutral_067_2.jpg,DATASET_final_videos/low_resolution/neutral/neutral_067.mp4,1WhoE4fneDIFUsAAq7qebHEURL2RZI23d
neutral_068.mp4,neutral,low_resolution,IMG_8380.MP4,464,848,464,848,,low_resolution/neutral/neutral_068_1.jpg,low_resolution/neutral/neutral_068_2.jpg,DATASET_final_videos/low_resolution/neutral/neutral_068.mp4,11KTlxpRaio_MVx9bjmtBsiNl11a41IZL
neutral_069.mp4,neutral,low_resolution,IMG_8381.MP4,464,848,464,848,,low_resolution/neutral/neutral_069_1.jpg,low_resolution/neutral/neutral_069_2.jpg,DATASET_final_videos/low_resolution/neutral/neutral_069.mp4,15FStCNlzSBeIcu9nDuHWRsifEN0coqmI
neutral_070.mp4,neutral,high_resolution,YiLxeDx1ZjU_003444.mp4,1280,720,1280,720,,high_resolution/neutral/neutral_070_1.jpg,high_resolution/neutral/neutral_070_2.jpg,DATASET_final_videos/high_resolution/neutral/neutral_070.mp4,1ExK9WfC0DLLUs88y6_umm8c61V0di6aY
neutral_071.mp4,neutral,high_resolution,YiLxeDx1ZjU_003509.mp4,1280,720,1280,720,,high_resolution/neutral/neutral_071_1.jpg,high_resolution/neutral/neutral_071_2.jpg,DATASET_final_videos/high_resolution/neutral/neutral_071.mp4,1Dz9NABzRWv918SQHUNiaHB0_bNou4W0z
neutral_072.mp4,neutral,low_resolution,cLDrSXhhPO8_000075.mp4,1280,720,408,720,sides,low_resolution/neutral/neutral_072_1.jpg,low_resolution/neutral/neutral_072_2.jpg,DATASET_final_videos/low_resolution/neutral/neutral_072.mp4,1be8o5K-hRiC7b3HP-zaxbB4JTDiLrcll
neutral_073.mp4,neutral,high_resolution,cLDrSXhhPO8_000169.mp4,1280,720,1280,720,,high_resolution/neutral/neutral_073_1.jpg,high_resolution/neutral/neutral_073_2.jpg,DATASET_final_videos/high_resolution/neutral/neutral_073.mp4,1kwqW3u1Pvb2hOwViKMkVC95ufDUWWGlR
neutral_074.mp4,neutral,low_resolution,cLDrSXhhPO8_000399.mp4,1280,720,366,720,sides,low_resolution/neutral/neutral_074_1.jpg,low_resolution/neutral/neutral_074_2.jpg,DATASET_final_videos/low_resolution/neutral/neutral_074.mp4,1-37bRNzuVxb3wNoULECjtyAwPc8J5Wmg
neutral_075.mp4,neutral,high_resolution,cLDrSXhhPO8_000438.mp4,1280,720,1280,720,,high_resolution/neutral/neutral_075_1.jpg,high_resolution/neutral/neutral_075_2.jpg,DATASET_final_videos/high_resolution/neutral/neutral_075.mp4,15OCwJLyPKLLtlZuFueSXs6EqR6xizR4L
neutral_076.mp4,neutral,high_resolution,cLDrSXhhPO8_000587.mp4,1280,720,1280,720,,high_resolution/neutral/neutral_076_1.jpg,high_resolution/neutral/neutral_076_2.jpg,DATASET_final_videos/high_resolution/neutral/neutral_076.mp4,1Hiq5axMqF5HbEpLKczldHtHW07wt8uiU
neutral_077.mp4,neutral,high_resolution,cLDrSXhhPO8_000607.mp4,1280,720,1280,720,,high_resolution/neutral/neutral_077_1.jpg,high_resolution/neutral/neutral_077_2.jpg,DATASET_final_videos/high_resolution/neutral/neutral_077.mp4,1izbht8Lfwgcz_fotYmsLhDk7KcC2jLrX
neutral_078.mp4,neutral,low_resolution,cLDrSXhhPO8_000705.mp4,1280,720,408,720,sides,low_resolution/neutral/neutral_078_1.jpg,low_resolution/neutral/neutral_078_2.jpg,DATASET_final_videos/low_resolution/neutral/neutral_078.mp4,12CuoXKaELbqXGQQ-2BQGq-bbh91CixvE
neutral_079.mp4,neutral,high_resolution,cLDrSXhhPO8_000914.mp4,1280,720,1280,720,,high_resolution/neutral/neutral_079_1.jpg,high_resolution/neutral/neutral_079_2.jpg,DATASET_final_videos/high_resolution/neutral/neutral_079.mp4,1I5JQzD9_UQQDqo1fnoJLYwx6taTGjOzd
neutral_080.mp4,neutral,low_resolution,cLDrSXhhPO8_001027.mp4,1280,720,408,720,sides,low_resolution/neutral/neutral_080_1.jpg,low_resolution/neutral/neutral_080_2.jpg,DATASET_final_videos/low_resolution/neutral/neutral_080.mp4,1f7Fjpi14cS5gzbBnFDW8ruSx3wzGgA4Y
neutral_081.mp4,neutral,high_resolution,cLDrSXhhPO8_001331.mp4,1280,720,1280,720,,high_resolution/neutral/neutral_081_1.jpg,high_resolution/neutral/neutral_081_2.jpg,DATASET_final_videos/high_resolution/neutral/neutral_081.mp4,1K2fo8s9VDRD5nBmFZ-3AObGMm8WAWiOm
neutral_082.mp4,neutral,high_resolution,cLDrSXhhPO8_001824.mp4,1280,720,1280,720,,high_resolution/neutral/neutral_082_1.jpg,high_resolution/neutral/neutral_082_2.jpg,DATASET_final_videos/high_resolution/neutral/neutral_082.mp4,1myZAdO0deKZMQRAW9sEcg6PEobOCZe8k
neutral_083.mp4,neutral,low_resolution,cLDrSXhhPO8_002544.mp4,1280,720,408,720,sides,low_resolution/neutral/neutral_083_1.jpg,low_resolution/neutral/neutral_083_2.jpg,DATASET_final_videos/low_resolution/neutral/neutral_083.mp4,1O_ktj0ANgsMqo7DIJqaBjqHLuaTAravR
neutral_084.mp4,neutral,low_resolution,cLDrSXhhPO8_002580.mp4,1280,720,408,720,sides,low_resolution/neutral/neutral_084_1.jpg,low_resolution/neutral/neutral_084_2.jpg,DATASET_final_videos/low_resolution/neutral/neutral_084.mp4,1R-hlW83doakzEQgRZYQGCjoV4zsAX46X
neutral_085.mp4,neutral,low_resolution,cLDrSXhhPO8_002586.mp4,1280,720,408,720,sides,low_resolution/neutral/neutral_085_1.jpg,low_resolution/neutral/neutral_085_2.jpg,DATASET_final_videos/low_resolution/neutral/neutral_085.mp4,1FF-K5GoB-Hw_0Ugm0XFe0xApv5xDP-3g
neutral_086.mp4,neutral,high_resolution,cLDrSXhhPO8_002619.mp4,1280,720,1280,720,,high_resolution/neutral/neutral_086_1.jpg,high_resolution/neutral/neutral_086_2.jpg,DATASET_final_videos/high_resolution/neutral/neutral_086.mp4,1seYqt8qODVie_IL1NAvsuT_KERuo00sL
neutral_087.mp4,neutral,low_resolution,cLDrSXhhPO8_002635.mp4,1280,720,408,720,sides,low_resolution/neutral/neutral_087_1.jpg,low_resolution/neutral/neutral_087_2.jpg,DATASET_final_videos/low_resolution/neutral/neutral_087.mp4,1zW9gxZbYvZU1Snam550XPPPJ5bdzEKna
neutral_088.mp4,neutral,high_resolution,coverr-DcRZ6rUr0I__black-dog-playing-in-a-garden,1920,1080,1920,1080,,high_resolution/neutral/neutral_088_1.jpg,high_resolution/neutral/neutral_088_2.jpg,DATASET_final_videos/high_resolution/neutral/neutral_088.mp4,1ZpUAYCDDK9XWL_o1WFiP5UuII29iTClP
neutral_089.mp4,neutral,high_resolution,coverr-PZFNP8rBgr__man-petting-his-dog,1920,900,1920,900,,high_resolution/neutral/neutral_089_1.jpg,high_resolution/neutral/neutral_089_2.jpg,DATASET_final_videos/high_resolution/neutral/neutral_089.mp4,1ObOJ0dO_VHaEJQfeseABYuyDXSTLomqw
neutral_090.mp4,neutral,high_resolution,coverr-i8bODoUJ03__dog-with-a-red-leash,1920,1080,1920,1080,,high_resolution/neutral/neutral_090_1.jpg,high_resolution/neutral/neutral_090_2.jpg,DATASET_final_videos/high_resolution/neutral/neutral_090.mp4,1nLtH8sYhAlI9pKx1FpyEgcYklIP3L33F
neutral_091.mp4,neutral,high_resolution,coverr-lGcj9ahMDK__a-dog-snifiing-and-scratching-its-back-on-the-grass,1920,1080,1920,1080,,high_resolution/neutral/neutral_091_1.jpg,high_resolution/neutral/neutral_091_2.jpg,DATASET_final_videos/high_resolution/neutral/neutral_091.mp4,124OSwiCgblsWVqoOadwqzUo82Nr4aXvt
neutral_092.mp4,neutral,low_resolution,d1XIJB-GGl4_000257,406,720,406,720,,low_resolution/neutral/neutral_092_1.jpg,low_resolution/neutral/neutral_092_2.jpg,DATASET_final_videos/low_resolution/neutral/neutral_092.mp4,1rHPteS2US2zvE6dLau3Kb5PTcNxwjaJK
neutral_093.mp4,neutral,low_resolution,dog_11490012,1366,578,1366,578,,,low_resolution/neutral/neutral_093_2.jpg,DATASET_final_videos/low_resolution/neutral/neutral_093.mp4,1TvuN5soseRrELJt2wruMdr1R-oUdqycr
neutral_094.mp4,neutral,high_resolution,dog_12363004,1280,720,1280,720,,high_resolution/neutral/neutral_094_1.jpg,high_resolution/neutral/neutral_094_2.jpg,DATASET_final_videos/high_resolution/neutral/neutral_094.mp4,1Di2AIU83n007M3CDkIMQxfqNWDN4-wA3
neutral_095.mp4,neutral,high_resolution,dog_12541423,1280,720,1280,720,,high_resolution/neutral/neutral_095_1.jpg,high_resolution/neutral/neutral_095_2.jpg,DATASET_final_videos/high_resolution/neutral/neutral_095.mp4,1s_inSYk2fTDoTeXxTVzWiPQKfGQc3yi_
neutral_096.mp4,neutral,high_resolution,dog_15295109,1920,1080,1920,1080,,high_resolution/neutral/neutral_096_1.jpg,high_resolution/neutral/neutral_096_2.jpg,DATASET_final_videos/high_resolution/neutral/neutral_096.mp4,1Rb1-90z0YXS_QeRAw4Dwqw5rOrZ9wvsu
neutral_097.mp4,neutral,high_resolution,dog_19201621,1280,720,1280,720,,high_resolution/neutral/neutral_097_1.jpg,high_resolution/neutral/neutral_097_2.jpg,DATASET_final_videos/high_resolution/neutral/neutral_097.mp4,1aOPX8n9Qk7qZ7V083zizj19APTOiqHzf
neutral_098.mp4,neutral,low_resolution,dog_19892886,360,640,360,640,,low_resolution/neutral/neutral_098_1.jpg,low_resolution/neutral/neutral_098_2.jpg,DATASET_final_videos/low_resolution/neutral/neutral_098.mp4,15nuXEIkWTNDptonHLN78PbiMVNRuWjvW
neutral_099.mp4,neutral,high_resolution,dog_20173475,1280,720,1280,720,,high_resolution/neutral/neutral_099_1.jpg,high_resolution/neutral/neutral_099_2.jpg,DATASET_final_videos/high_resolution/neutral/neutral_099.mp4,1pVPTgWRm3X8D9YXVw4AFiZmjLDk2GsmQ
neutral_100.mp4,neutral,high_resolution,dog_28829624,1280,720,1280,720,,high_resolution/neutral/neutral_100_1.jpg,high_resolution/neutral/neutral_100_2.jpg,DATASET_final_videos/high_resolution/neutral/neutral_100.mp4,1OboNEsoDBoKfKRmuLhprECi4qa7u4NpZ
neutral_101.mp4,neutral,high_resolution,dog_28850338,1280,720,1280,720,,high_resolution/neutral/neutral_101_1.jpg,high_resolution/neutral/neutral_101_2.jpg,DATASET_final_videos/high_resolution/neutral/neutral_101.mp4,1DFvZvid4vV7-tjs9uzzP-YhqAaDwhumm
neutral_102.mp4,neutral,high_resolution,dog_29604479,1280,720,1280,720,,high_resolution/neutral/neutral_102_1.jpg,high_resolution/neutral/neutral_102_2.jpg,DATASET_final_videos/high_resolution/neutral/neutral_102.mp4,1BqZNJpYzTCFw7yhRXXFbag3IQnLTKdrG
neutral_103.mp4,neutral,high_resolution,dog_30339655,1280,720,1280,720,,high_resolution/neutral/neutral_103_1.jpg,high_resolution/neutral/neutral_103_2.jpg,DATASET_final_videos/high_resolution/neutral/neutral_103.mp4,1s1J1EMIv8UeBAYW5HvaZXu8ds4sGqClx
neutral_104.mp4,neutral,high_resolution,dog_30593056,1280,720,1280,720,,high_resolution/neutral/neutral_104_1.jpg,high_resolution/neutral/neutral_104_2.jpg,DATASET_final_videos/high_resolution/neutral/neutral_104.mp4,1S4BBVyGkVUq7QRGFQZr2Yh0iWP6xPi0z
neutral_105.mp4,neutral,high_resolution,dog_31572931,1280,720,1280,720,,high_resolution/neutral/neutral_105_1.jpg,high_resolution/neutral/neutral_105_2.jpg,DATASET_final_videos/high_resolution/neutral/neutral_105.mp4,1BjpK5Ed3FP1ww4A_U42aIT_JnyrYMY-6
neutral_106.mp4,neutral,high_resolution,dog_34829819,1280,720,1280,720,,high_resolution/neutral/neutral_106_1.jpg,high_resolution/neutral/neutral_106_2.jpg,DATASET_final_videos/high_resolution/neutral/neutral_106.mp4,1dt29CwbGQAtuPa263wlb3HO0yHOz4tnT
neutral_107.mp4,neutral,high_resolution,dog_35170846,1440,2560,1440,2560,,high_resolution/neutral/neutral_107_1.jpg,high_resolution/neutral/neutral_107_2.jpg,DATASET_final_videos/high_resolution/neutral/neutral_107.mp4,1_OOSHgGdb3GtmLrpPfXjwfWCbmlnWC0N
neutral_108.mp4,neutral,high_resolution,dog_35235643,1280,720,1280,720,,high_resolution/neutral/neutral_108_1.jpg,high_resolution/neutral/neutral_108_2.jpg,DATASET_final_videos/high_resolution/neutral/neutral_108.mp4,1dL-Sdfro6HdotvU_NNO4ezXaajUGrYnq
neutral_109.mp4,neutral,high_resolution,dog_35605522,1440,2560,1440,2560,,high_resolution/neutral/neutral_109_1.jpg,high_resolution/neutral/neutral_109_2.jpg,DATASET_final_videos/high_resolution/neutral/neutral_109.mp4,1EYbem4jUbguimZayEqQikgpyQDqUap5d
neutral_110.mp4,neutral,high_resolution,dog_35912440,1280,720,1280,720,,high_resolution/neutral/neutral_110_1.jpg,high_resolution/neutral/neutral_110_2.jpg,DATASET_final_videos/high_resolution/neutral/neutral_110.mp4,1MNhfEpK3a9_zzMRYYnyUMuG_X-pf2e76
neutral_111.mp4,neutral,high_resolution,dog_4013326,1280,720,1280,720,,high_resolution/neutral/neutral_111_1.jpg,high_resolution/neutral/neutral_111_2.jpg,DATASET_final_videos/high_resolution/neutral/neutral_111.mp4,1Ij54kFUWWMFOiZS5vvWdfSj9oocf7EqO
neutral_112.mp4,neutral,high_resolution,dog_5495992,1280,720,1280,720,,high_resolution/neutral/neutral_112_1.jpg,high_resolution/neutral/neutral_112_2.jpg,DATASET_final_videos/high_resolution/neutral/neutral_112.mp4,1BSaWcCZmQndiAW2u9zUH_l_v9mOt54PL
neutral_113.mp4,neutral,high_resolution,dog_5514509,1280,720,1280,720,,high_resolution/neutral/neutral_113_1.jpg,high_resolution/neutral/neutral_113_2.jpg,DATASET_final_videos/high_resolution/neutral/neutral_113.mp4,19KUTS0CuEZei4x0vx5N_hQ8FNLByS4GZ
neutral_114.mp4,neutral,high_resolution,dog_5730233,1920,1080,1920,1080,,high_resolution/neutral/neutral_114_1.jpg,high_resolution/neutral/neutral_114_2.jpg,DATASET_final_videos/high_resolution/neutral/neutral_114.mp4,17nwEf4K-lyOc3FhboXEIh5UNRMn8MIx5
neutral_115.mp4,neutral,high_resolution,dog_5968481,1280,720,1280,720,,high_resolution/neutral/neutral_115_1.jpg,high_resolution/neutral/neutral_115_2.jpg,DATASET_final_videos/high_resolution/neutral/neutral_115.mp4,1mqkgWtPn0Tc_tvqq5b7q_MQ9AvekP89J
neutral_116.mp4,neutral,high_resolution,dog_5970478,1366,720,1366,720,,high_resolution/neutral/neutral_116_1.jpg,high_resolution/neutral/neutral_116_2.jpg,DATASET_final_videos/high_resolution/neutral/neutral_116.mp4,1lnQAK_ekTp02KhQqpI4DLlSrYtAEtkR1
neutral_117.mp4,neutral,high_resolution,dog_7165757,1280,720,1280,720,,high_resolution/neutral/neutral_117_1.jpg,high_resolution/neutral/neutral_117_2.jpg,DATASET_final_videos/high_resolution/neutral/neutral_117.mp4,1pMpftY6Bsqm8UPO22DbawHPnOq56yjZR
neutral_118.mp4,neutral,high_resolution,dog_7267561,1440,2560,1440,2560,,high_resolution/neutral/neutral_118_1.jpg,high_resolution/neutral/neutral_118_2.jpg,DATASET_final_videos/high_resolution/neutral/neutral_118.mp4,1XYCU9sNTI_rmyO4H0NGJUNmpgSws8C2h
neutral_119.mp4,neutral,high_resolution,dog_7469861,1280,720,776,720,sides,high_resolution/neutral/neutral_119_1.jpg,high_resolution/neutral/neutral_119_2.jpg,DATASET_final_videos/high_resolution/neutral/neutral_119.mp4,1UtXQ9PRO0KdFz4OGwMWhrbVQyuNvsCto
neutral_120.mp4,neutral,high_resolution,dog_8473423,1280,720,1280,720,,high_resolution/neutral/neutral_120_1.jpg,high_resolution/neutral/neutral_120_2.jpg,DATASET_final_videos/high_resolution/neutral/neutral_120.mp4,1wdlEV0LM9IXPrDZB8tvl1e1Mk4mZMBLZ
neutral_121.mp4,neutral,high_resolution,dog_8498674,1440,2560,1440,2560,,high_resolution/neutral/neutral_121_1.jpg,high_resolution/neutral/neutral_121_2.jpg,DATASET_final_videos/high_resolution/neutral/neutral_121.mp4,1qdeXRJg6oQ4Wyye_DNjYnjSEduTfAF-N
neutral_122.mp4,neutral,high_resolution,dog_8499351,1440,2560,1440,2560,,high_resolution/neutral/neutral_122_1.jpg,high_resolution/neutral/neutral_122_2.jpg,DATASET_final_videos/high_resolution/neutral/neutral_122.mp4,1dcGTzxTcErPnlPX-RGQ3xv9S-ruW_OtM
neutral_123.mp4,neutral,high_resolution,dog_8499656,1280,720,1280,720,,high_resolution/neutral/neutral_123_1.jpg,high_resolution/neutral/neutral_123_2.jpg,DATASET_final_videos/high_resolution/neutral/neutral_123.mp4,15pbNBoOK-wzNNMofi3PGIh9jiVdpksu4
neutral_124.mp4,neutral,high_resolution,dogfacecloseup_7668488913031302431,1080,1920,1080,1920,,high_resolution/neutral/neutral_124_1.jpg,high_resolution/neutral/neutral_124_2.jpg,DATASET_final_videos/high_resolution/neutral/neutral_124.mp4,1LuQwemid1G9xoOLvm2N6IqA-R1MFP7Jh
neutral_125.mp4,neutral,high_resolution,dogsoftiktok_7495091754136407342,720,1280,720,1280,,high_resolution/neutral/neutral_125_1.jpg,high_resolution/neutral/neutral_125_2.jpg,DATASET_final_videos/high_resolution/neutral/neutral_125.mp4,1UCVnytW144WqUSFROXoLeVtdtgskjhHw
neutral_126.mp4,neutral,high_resolution,dogsoftiktok_7541148236162043158,1080,1920,1080,1920,,high_resolution/neutral/neutral_126_1.jpg,high_resolution/neutral/neutral_126_2.jpg,DATASET_final_videos/high_resolution/neutral/neutral_126.mp4,1Pnz41OA85eU_2V5kSj0uRwT9fC45a2V5
neutral_127.mp4,neutral,low_resolution,magnific-1196771,426,240,426,240,,low_resolution/neutral/neutral_127_1.jpg,low_resolution/neutral/neutral_127_2.jpg,DATASET_final_videos/low_resolution/neutral/neutral_127.mp4,1DDU4GQnxIFc61Gv6mePLJJ27j1UQ1L3R
neutral_128.mp4,neutral,low_resolution,magnific-2780655,426,240,426,240,,low_resolution/neutral/neutral_128_1.jpg,low_resolution/neutral/neutral_128_2.jpg,DATASET_final_videos/low_resolution/neutral/neutral_128.mp4,1Cm5zZbUAQ7cPPf2GUmQAr6e1NK0jluuy
neutral_129.mp4,neutral,low_resolution,magnific-2784975,454,240,454,240,,low_resolution/neutral/neutral_129_1.jpg,low_resolution/neutral/neutral_129_2.jpg,DATASET_final_videos/low_resolution/neutral/neutral_129.mp4,1Jpd5HDVvdGBXnMKQ-14QwaK3bNSEfLtC
neutral_130.mp4,neutral,low_resolution,magnific-2786507,454,240,454,240,,low_resolution/neutral/neutral_130_1.jpg,low_resolution/neutral/neutral_130_2.jpg,DATASET_final_videos/low_resolution/neutral/neutral_130.mp4,1E06vp-Lp-EYfI81ycUH65AYZLOHSbWYf
neutral_131.mp4,neutral,low_resolution,magnific-2792319,454,240,454,240,,low_resolution/neutral/neutral_131_1.jpg,low_resolution/neutral/neutral_131_2.jpg,DATASET_final_videos/low_resolution/neutral/neutral_131.mp4,1_b5s6w8BZuNwd0VGM1lCEAeksSUnrCK0
neutral_132.mp4,neutral,low_resolution,magnific-2822662,454,240,454,240,,low_resolution/neutral/neutral_132_1.jpg,low_resolution/neutral/neutral_132_2.jpg,DATASET_final_videos/low_resolution/neutral/neutral_132.mp4,1JWDYwj8Yq2ClzOIQR_yQ8mfmJlOxQBEQ
neutral_133.mp4,neutral,low_resolution,magnific-2832602,454,240,454,240,,low_resolution/neutral/neutral_133_1.jpg,low_resolution/neutral/neutral_133_2.jpg,DATASET_final_videos/low_resolution/neutral/neutral_133.mp4,1rjIV4kHaVDkCJP-w57NFaq63pulENQik
neutral_134.mp4,neutral,low_resolution,magnific-479059,454,240,454,240,,low_resolution/neutral/neutral_134_1.jpg,low_resolution/neutral/neutral_134_2.jpg,DATASET_final_videos/low_resolution/neutral/neutral_134.mp4,1V6aX7txN77H0QEhPz91zUwV_AAOk1xCI
neutral_135.mp4,neutral,low_resolution,magnific-479075,454,240,454,240,,low_resolution/neutral/neutral_135_1.jpg,low_resolution/neutral/neutral_135_2.jpg,DATASET_final_videos/low_resolution/neutral/neutral_135.mp4,1zZQvcNy3fNeMi-UWml6UpLMKSnNUQURk
neutral_136.mp4,neutral,low_resolution,magnific-479076,454,240,454,240,,low_resolution/neutral/neutral_136_1.jpg,low_resolution/neutral/neutral_136_2.jpg,DATASET_final_videos/low_resolution/neutral/neutral_136.mp4,1rKJcPNA9Slt4ecyKKoAXKx_YkpczFVHk
neutral_137.mp4,neutral,high_resolution,mixkit-10359__two-dogs-resting-with-their-owners-on-a-park-bench,1280,720,1280,720,,high_resolution/neutral/neutral_137_1.jpg,high_resolution/neutral/neutral_137_2.jpg,DATASET_final_videos/high_resolution/neutral/neutral_137.mp4,1HFgBz1l0v6Smo5vZk2uir8zwJ77la7vK
neutral_138.mp4,neutral,high_resolution,mixkit-10364__taking-care-of-your-dog-in-the-park,1280,720,1280,720,,high_resolution/neutral/neutral_138_1.jpg,high_resolution/neutral/neutral_138_2.jpg,DATASET_final_videos/high_resolution/neutral/neutral_138.mp4,1wA9tjAl9hVzMCbmkyLYx-Ib2EQgdsulI
neutral_139.mp4,neutral,high_resolution,mixkit-1495__dog-and-owner-playing-with-a-ball-in-a-creek,1280,720,1280,720,,high_resolution/neutral/neutral_139_1.jpg,high_resolution/neutral/neutral_139_2.jpg,DATASET_final_videos/high_resolution/neutral/neutral_139.mp4,1nFBoOw7mqsijyjYAfQHBp7VLYEJROhim
neutral_140.mp4,neutral,high_resolution,mixkit-1499__person-and-dog-walk-in-a-creek,1280,720,1280,720,,high_resolution/neutral/neutral_140_1.jpg,high_resolution/neutral/neutral_140_2.jpg,DATASET_final_videos/high_resolution/neutral/neutral_140.mp4,1U-DHREz0eWYPhGzTaWL2bO7h8UH6rVXS
neutral_141.mp4,neutral,high_resolution,mixkit-1662__dog-groomer-working-with-a-little-dog,1280,720,1280,720,,high_resolution/neutral/neutral_141_1.jpg,high_resolution/neutral/neutral_141_2.jpg,DATASET_final_videos/high_resolution/neutral/neutral_141.mp4,1Bn97q-M3Q0ktlfdDpgD2G7F0Glrg1UB5
neutral_142.mp4,neutral,high_resolution,mixkit-19666__dog-lying-on-the-floor-breathing-in-the-sun,1280,720,1280,720,,high_resolution/neutral/neutral_142_1.jpg,high_resolution/neutral/neutral_142_2.jpg,DATASET_final_videos/high_resolution/neutral/neutral_142.mp4,1VsZ1cM0ta180MjbxItuw3gi4toLz3k37
neutral_143.mp4,neutral,high_resolution,mixkit-27021__man-gives-his-dogs-water-to-drink-from-a-bottle,1280,720,1280,720,,high_resolution/neutral/neutral_143_1.jpg,high_resolution/neutral/neutral_143_2.jpg,DATASET_final_videos/high_resolution/neutral/neutral_143.mp4,1JgDgzlP432h5aWCUEXSp-ksEV0QnJSFS
neutral_144.mp4,neutral,high_resolution,mixkit-32335__sad-dog-in-the-city-park,1280,720,1280,720,,high_resolution/neutral/neutral_144_1.jpg,high_resolution/neutral/neutral_144_2.jpg,DATASET_final_videos/high_resolution/neutral/neutral_144.mp4,1uLqSemoC4YQ6q6M1y6gBddvYJ99rP8dz
neutral_145.mp4,neutral,high_resolution,mixkit-33012__sad-hungry-dog-getting-wet-in-the-rain,1280,720,1280,720,,high_resolution/neutral/neutral_145_1.jpg,high_resolution/neutral/neutral_145_2.jpg,DATASET_final_videos/high_resolution/neutral/neutral_145.mp4,1frYGBbburQ2siawkoosr4TaGjcAKvcmT
neutral_146.mp4,neutral,high_resolution,mixkit-34639__toy-terrier-taking-a-sunbath-in-the-floor,1280,720,1280,720,,high_resolution/neutral/neutral_146_1.jpg,high_resolution/neutral/neutral_146_2.jpg,DATASET_final_videos/high_resolution/neutral/neutral_146.mp4,1m4ibXo7gfJI2yyiRIjMgbOoDG1VpBN1l
neutral_147.mp4,neutral,high_resolution,mixkit-45826__loving-owner-giving-her-white-dog-pats-in-the-snow,1280,720,1280,720,,high_resolution/neutral/neutral_147_1.jpg,high_resolution/neutral/neutral_147_2.jpg,DATASET_final_videos/high_resolution/neutral/neutral_147.mp4,1ZDmEvceD5RuuXEm6YzTe-4dP4rrp-0vh
neutral_148.mp4,neutral,high_resolution,mixkit-50663__a-cute-border-collie-on-the-lying-ground-stands-and,1280,720,1280,720,,high_resolution/neutral/neutral_148_1.jpg,high_resolution/neutral/neutral_148_2.jpg,DATASET_final_videos/high_resolution/neutral/neutral_148.mp4,1zuevHuqPoydQhyjojSnOmtxd2yvig09q
neutral_149.mp4,neutral,high_resolution,mixkit-50664__a-cute-border-collie-canine-drinking-water-from-a-bowl,1920,1080,1920,1080,,high_resolution/neutral/neutral_149_1.jpg,high_resolution/neutral/neutral_149_2.jpg,DATASET_final_videos/high_resolution/neutral/neutral_149.mp4,190FHzmXCAFhvDi9-Z_9tl_SZG-SqF5rZ
neutral_150.mp4,neutral,high_resolution,mixkit-50688__playfull-border-collie-dog-playing-with-a-toy-ball,1280,720,1280,720,,high_resolution/neutral/neutral_150_1.jpg,high_resolution/neutral/neutral_150_2.jpg,DATASET_final_videos/high_resolution/neutral/neutral_150.mp4,1TrO2bjgOzxHK1HnzaEF8qEnpz2Mibe2D
neutral_151.mp4,neutral,high_resolution,mixkit-7355__team-of-husky-sled-dogs-running-in-the-snow,1280,720,1280,720,,high_resolution/neutral/neutral_151_1.jpg,high_resolution/neutral/neutral_151_2.jpg,DATASET_final_videos/high_resolution/neutral/neutral_151.mp4,1hFI79sNz5BTLrpR733NU9FDHkHNo3WrZ
neutral_152.mp4,neutral,high_resolution,o8zoo0FJkUY_82800_0040.mp4,1280,720,1280,720,,high_resolution/neutral/neutral_152_1.jpg,high_resolution/neutral/neutral_152_2.jpg,DATASET_final_videos/high_resolution/neutral/neutral_152.mp4,1xKryCJx1lPtC7a4CIYHaBw99mWbxZ-Tu
neutral_153.mp4,neutral,high_resolution,o8zoo0FJkUY_82800_0041.mp4,1280,720,1280,720,,high_resolution/neutral/neutral_153_1.jpg,high_resolution/neutral/neutral_153_2.jpg,DATASET_final_videos/high_resolution/neutral/neutral_153.mp4,1ANO3M9vxHdHRCkyyCKpD397U4CDFQwAc
neutral_154.mp4,neutral,high_resolution,o8zoo0FJkUY_82800_0042.mp4,1280,720,1280,720,,high_resolution/neutral/neutral_154_1.jpg,high_resolution/neutral/neutral_154_2.jpg,DATASET_final_videos/high_resolution/neutral/neutral_154.mp4,1ewkEnej1L39_9E2IfPMXndyE9uOoEAwL
neutral_155.mp4,neutral,high_resolution,o8zoo0FJkUY_82800_0043.mp4,1280,720,1280,720,,high_resolution/neutral/neutral_155_1.jpg,high_resolution/neutral/neutral_155_2.jpg,DATASET_final_videos/high_resolution/neutral/neutral_155.mp4,194awC-o7UJ7LZ-qqctjT15mAiDFcv7sV
neutral_156.mp4,neutral,high_resolution,o8zoo0FJkUY_82800_0044.mp4,1280,720,1280,720,,high_resolution/neutral/neutral_156_1.jpg,high_resolution/neutral/neutral_156_2.jpg,DATASET_final_videos/high_resolution/neutral/neutral_156.mp4,1pUUQnHliTmYR-9V6x7K0rpKMxiDK2t5G
neutral_157.mp4,neutral,high_resolution,o8zoo0FJkUY_82800_0046.mp4,1280,720,1280,720,,high_resolution/neutral/neutral_157_1.jpg,high_resolution/neutral/neutral_157_2.jpg,DATASET_final_videos/high_resolution/neutral/neutral_157.mp4,1X4NEf0rrOmDtI_vp2QoVJ7At2zxq6r5W
neutral_158.mp4,neutral,high_resolution,o8zoo0FJkUY_82800_0058.mp4,1280,720,1280,720,,high_resolution/neutral/neutral_158_1.jpg,high_resolution/neutral/neutral_158_2.jpg,DATASET_final_videos/high_resolution/neutral/neutral_158.mp4,1WyZusR1ZhdimErUPmoxp4VxtcTbfJMhl
neutral_159.mp4,neutral,high_resolution,o8zoo0FJkUY_84600_0000.mp4,1280,720,1280,720,,high_resolution/neutral/neutral_159_1.jpg,high_resolution/neutral/neutral_159_2.jpg,DATASET_final_videos/high_resolution/neutral/neutral_159.mp4,1zyi4d1xV_t5C9YelYVCGgoBWrnTmrsFw
neutral_160.mp4,neutral,high_resolution,o8zoo0FJkUY_84600_0010.mp4,1280,720,1280,720,,high_resolution/neutral/neutral_160_1.jpg,high_resolution/neutral/neutral_160_2.jpg,DATASET_final_videos/high_resolution/neutral/neutral_160.mp4,1stj4VmpzD8q6tOLSGFvULWyQKp8t1xu_
neutral_161.mp4,neutral,high_resolution,o8zoo0FJkUY_84600_0018.mp4,1280,720,1280,720,,high_resolution/neutral/neutral_161_1.jpg,high_resolution/neutral/neutral_161_2.jpg,DATASET_final_videos/high_resolution/neutral/neutral_161.mp4,16yyULQ2Y2LspZIyygprYhLgLswKf4qIo
neutral_162.mp4,neutral,high_resolution,o8zoo0FJkUY_84600_0027.mp4,1280,720,1280,720,,high_resolution/neutral/neutral_162_1.jpg,high_resolution/neutral/neutral_162_2.jpg,DATASET_final_videos/high_resolution/neutral/neutral_162.mp4,1yqyucfYTRFfYSbfpHhufmgJF705bkGUj
neutral_163.mp4,neutral,high_resolution,o8zoo0FJkUY_84600_0035.mp4,1280,720,1280,720,,high_resolution/neutral/neutral_163_1.jpg,high_resolution/neutral/neutral_163_2.jpg,DATASET_final_videos/high_resolution/neutral/neutral_163.mp4,1XdTburrwGqwRPVbPwtzD_8yep2UmDXki
neutral_164.mp4,neutral,high_resolution,o8zoo0FJkUY_84600_0037.mp4,1280,720,1280,720,,high_resolution/neutral/neutral_164_1.jpg,high_resolution/neutral/neutral_164_2.jpg,DATASET_final_videos/high_resolution/neutral/neutral_164.mp4,1PG6IoOo3v-20f_wOWSGG1TDzOrXkIes3
neutral_165.mp4,neutral,high_resolution,o8zoo0FJkUY_84600_0040.mp4,1280,720,1280,720,,high_resolution/neutral/neutral_165_1.jpg,high_resolution/neutral/neutral_165_2.jpg,DATASET_final_videos/high_resolution/neutral/neutral_165.mp4,1uZpV1fCgIUO4zYwz1ePOa_cQH6sdHUxE
neutral_166.mp4,neutral,low_resolution,pexels_11490018.mp4,1366,578,1366,578,,low_resolution/neutral/neutral_166_1.jpg,low_resolution/neutral/neutral_166_2.jpg,DATASET_final_videos/low_resolution/neutral/neutral_166.mp4,1EnUGNurNxkSv_InQdltpCGzsu1XOpX9F
neutral_167.mp4,neutral,high_resolution,pexels_12319846.mp4,1080,1920,1080,1920,,high_resolution/neutral/neutral_167_1.jpg,high_resolution/neutral/neutral_167_2.jpg,DATASET_final_videos/high_resolution/neutral/neutral_167.mp4,1zDd6pa2sMMrW8F9Mj5VT8FJz-gpOtAex
neutral_168.mp4,neutral,high_resolution,pexels_16233109.mp4,1440,2560,1440,2560,,high_resolution/neutral/neutral_168_1.jpg,high_resolution/neutral/neutral_168_2.jpg,DATASET_final_videos/high_resolution/neutral/neutral_168.mp4,1ARdj407ffXSlSPN8DnpnM4BDIQHGzGCE
neutral_169.mp4,neutral,high_resolution,pexels_16534371.mp4,1440,2560,1440,2560,,high_resolution/neutral/neutral_169_1.jpg,high_resolution/neutral/neutral_169_2.jpg,DATASET_final_videos/high_resolution/neutral/neutral_169.mp4,1czenw1hfrMXC3-5mLBf9ElQo6D50nhpx
neutral_170.mp4,neutral,high_resolution,pexels_1851001.mp4,1280,720,1280,720,,high_resolution/neutral/neutral_170_1.jpg,high_resolution/neutral/neutral_170_2.jpg,DATASET_final_videos/high_resolution/neutral/neutral_170.mp4,1yaCG7kWqybospDW5a5gJQ4iw4L0FnBba
neutral_171.mp4,neutral,high_resolution,pexels_18787341.mp4,1440,2560,1440,2560,,high_resolution/neutral/neutral_171_1.jpg,high_resolution/neutral/neutral_171_2.jpg,DATASET_final_videos/high_resolution/neutral/neutral_171.mp4,1vvtXQq0cLW-qFW_-M8f3Bfovm7VYcJB-
neutral_172.mp4,neutral,high_resolution,pexels_19710679.mp4,1440,2560,1440,2560,,high_resolution/neutral/neutral_172_1.jpg,high_resolution/neutral/neutral_172_2.jpg,DATASET_final_videos/high_resolution/neutral/neutral_172.mp4,1mI-Uk9iHSDL30bIvvL1IfUXLG7OPrIrm
neutral_173.mp4,neutral,high_resolution,pexels_20322276.mp4,1280,720,1280,720,,high_resolution/neutral/neutral_173_1.jpg,high_resolution/neutral/neutral_173_2.jpg,DATASET_final_videos/high_resolution/neutral/neutral_173.mp4,1vvVSuS0XVimvhZAIKbpmllaxQaEvQl1l
neutral_174.mp4,neutral,high_resolution,pexels_20660963.mp4,1280,720,1280,720,,high_resolution/neutral/neutral_174_1.jpg,high_resolution/neutral/neutral_174_2.jpg,DATASET_final_videos/high_resolution/neutral/neutral_174.mp4,1ba7VTfnrFsGPKY_u9Wdwv3ZpcJE36r-K
neutral_175.mp4,neutral,high_resolution,pexels_2431398.mp4,1280,720,1280,720,,high_resolution/neutral/neutral_175_1.jpg,high_resolution/neutral/neutral_175_2.jpg,DATASET_final_videos/high_resolution/neutral/neutral_175.mp4,14yacVdweCgPFDP8CM1hf9cxPqVxj66Wd
neutral_176.mp4,neutral,high_resolution,pexels_27134309.mp4,1280,720,1280,720,,high_resolution/neutral/neutral_176_1.jpg,high_resolution/neutral/neutral_176_2.jpg,DATASET_final_videos/high_resolution/neutral/neutral_176.mp4,1GQTesDLLqDjZGQjx3GaqKSJXjv3zBwNP
neutral_177.mp4,neutral,high_resolution,pexels_27271087.mp4,1440,2560,1440,2560,,high_resolution/neutral/neutral_177_1.jpg,high_resolution/neutral/neutral_177_2.jpg,DATASET_final_videos/high_resolution/neutral/neutral_177.mp4,1KCCjxiDDenApUMCu1hwjW79oMH2gdO_q
neutral_178.mp4,neutral,high_resolution,pexels_28499868.mp4,1280,720,1280,720,,high_resolution/neutral/neutral_178_1.jpg,high_resolution/neutral/neutral_178_2.jpg,DATASET_final_videos/high_resolution/neutral/neutral_178.mp4,1gwk9q4Tc9tdv7T30yROMF1MWvj1a2uWC
neutral_179.mp4,neutral,high_resolution,pexels_28587406.mp4,1280,720,1280,720,,high_resolution/neutral/neutral_179_1.jpg,high_resolution/neutral/neutral_179_2.jpg,DATASET_final_videos/high_resolution/neutral/neutral_179.mp4,1XtFJ1eI551SpxzaiZ40D95On0fQZzxEM
neutral_180.mp4,neutral,high_resolution,pexels_28638777.mp4,1280,720,1280,720,,high_resolution/neutral/neutral_180_1.jpg,high_resolution/neutral/neutral_180_2.jpg,DATASET_final_videos/high_resolution/neutral/neutral_180.mp4,1yWNzygl5E91aezf5z-2gN70dDOob0aus
neutral_181.mp4,neutral,high_resolution,pexels_30797055.mp4,1280,720,1280,720,,high_resolution/neutral/neutral_181_1.jpg,high_resolution/neutral/neutral_181_2.jpg,DATASET_final_videos/high_resolution/neutral/neutral_181.mp4,1VrC9z0SwOOSy6hJEtZWWVJV0-rWI9dwX
neutral_182.mp4,neutral,high_resolution,pexels_31983543.mp4,1440,2560,1440,2560,,high_resolution/neutral/neutral_182_1.jpg,high_resolution/neutral/neutral_182_2.jpg,DATASET_final_videos/high_resolution/neutral/neutral_182.mp4,1Bi1E4-1CvP51wyQvXpbvlij5w-0yLojl
neutral_183.mp4,neutral,high_resolution,pexels_34346766.mp4,1440,2560,1440,2560,,high_resolution/neutral/neutral_183_1.jpg,high_resolution/neutral/neutral_183_2.jpg,DATASET_final_videos/high_resolution/neutral/neutral_183.mp4,1MqfMfO_KAogybv0nTK8zd2_vl20To5D0
neutral_184.mp4,neutral,high_resolution,pexels_34576401.mp4,1280,720,1280,720,,high_resolution/neutral/neutral_184_1.jpg,high_resolution/neutral/neutral_184_2.jpg,DATASET_final_videos/high_resolution/neutral/neutral_184.mp4,1NhhH0NBTRfBkpRYPWQSehwzW9XfPLaz8
neutral_185.mp4,neutral,high_resolution,pexels_34576405.mp4,1280,720,1280,720,,high_resolution/neutral/neutral_185_1.jpg,high_resolution/neutral/neutral_185_2.jpg,DATASET_final_videos/high_resolution/neutral/neutral_185.mp4,1i3RP0aP0RbZV2Mn-5EP3xgc-3UT0Hjjr
neutral_186.mp4,neutral,high_resolution,pexels_34710283.mp4,1440,2560,1440,2560,,high_resolution/neutral/neutral_186_1.jpg,high_resolution/neutral/neutral_186_2.jpg,DATASET_final_videos/high_resolution/neutral/neutral_186.mp4,1kZd37JK3XEjWRjFD5fF_dOMzu0Blpozp
neutral_187.mp4,neutral,high_resolution,pexels_35246436.mp4,1280,720,1280,720,,high_resolution/neutral/neutral_187_1.jpg,high_resolution/neutral/neutral_187_2.jpg,DATASET_final_videos/high_resolution/neutral/neutral_187.mp4,1MJ2XsKBabf_sqBA934lULA5fiiAKLriq
neutral_188.mp4,neutral,high_resolution,pexels_35289404.mp4,1280,720,1280,720,,high_resolution/neutral/neutral_188_1.jpg,high_resolution/neutral/neutral_188_2.jpg,DATASET_final_videos/high_resolution/neutral/neutral_188.mp4,1lKk1NRlgjAlo62w8MdJ6ry7lJWqthEjj
neutral_189.mp4,neutral,high_resolution,pexels_35309768.mp4,1440,2560,1440,2560,,high_resolution/neutral/neutral_189_1.jpg,high_resolution/neutral/neutral_189_2.jpg,DATASET_final_videos/high_resolution/neutral/neutral_189.mp4,1WboVoC5kwbPd5V5AvhyVss3GC1XfCnLi
neutral_190.mp4,neutral,high_resolution,pexels_35374264.mp4,1440,2560,1440,2560,,high_resolution/neutral/neutral_190_1.jpg,high_resolution/neutral/neutral_190_2.jpg,DATASET_final_videos/high_resolution/neutral/neutral_190.mp4,1syXsON5-YdMg5dpJj9EY-fK6dIHBoase
neutral_191.mp4,neutral,high_resolution,pexels_35790390.mp4,1080,1920,1080,1920,,high_resolution/neutral/neutral_191_1.jpg,high_resolution/neutral/neutral_191_2.jpg,DATASET_final_videos/high_resolution/neutral/neutral_191.mp4,1tu_saGllFELzFB9gofHThsE-jTJikkEa
neutral_192.mp4,neutral,high_resolution,pexels_36040955.mp4,1440,2560,1440,2560,,high_resolution/neutral/neutral_192_1.jpg,high_resolution/neutral/neutral_192_2.jpg,DATASET_final_videos/high_resolution/neutral/neutral_192.mp4,1FwqvkUTpkVB0Nv4Gu0cmyl99heoskZ-s
neutral_193.mp4,neutral,high_resolution,pexels_36266506.mp4,1440,2560,1440,2560,,high_resolution/neutral/neutral_193_1.jpg,high_resolution/neutral/neutral_193_2.jpg,DATASET_final_videos/high_resolution/neutral/neutral_193.mp4,1cyPY4JZJUFhvzLNZFMZ_GX6spvkbFBs_
neutral_194.mp4,neutral,high_resolution,pexels_36304736.mp4,1280,720,1280,720,,high_resolution/neutral/neutral_194_1.jpg,high_resolution/neutral/neutral_194_2.jpg,DATASET_final_videos/high_resolution/neutral/neutral_194.mp4,16s2gzQfayAB1duwmug-3qn2TC0HB448v
neutral_195.mp4,neutral,high_resolution,pexels_36609983.mp4,1440,2560,1440,2560,,high_resolution/neutral/neutral_195_1.jpg,high_resolution/neutral/neutral_195_2.jpg,DATASET_final_videos/high_resolution/neutral/neutral_195.mp4,1_NKyln2Coqw3za_RKL3HIV7z04Plv3b9
neutral_196.mp4,neutral,high_resolution,pexels_37205946.mp4,1280,720,1280,720,,high_resolution/neutral/neutral_196_1.jpg,high_resolution/neutral/neutral_196_2.jpg,DATASET_final_videos/high_resolution/neutral/neutral_196.mp4,14rtm56V71qGIFxfvr2zfkIZpUElnFCCh
neutral_197.mp4,neutral,high_resolution,pexels_37215875.mp4,1280,720,1280,720,,high_resolution/neutral/neutral_197_1.jpg,high_resolution/neutral/neutral_197_2.jpg,DATASET_final_videos/high_resolution/neutral/neutral_197.mp4,1NrCa7PstZ6bXX4Ciq64gIHD_QNUanroK
neutral_198.mp4,neutral,high_resolution,pexels_37563828.mp4,1440,2560,1440,2560,,high_resolution/neutral/neutral_198_1.jpg,high_resolution/neutral/neutral_198_2.jpg,DATASET_final_videos/high_resolution/neutral/neutral_198.mp4,13VCU39unuUlV-tBgVryAkjf4AITvex_C
neutral_199.mp4,neutral,high_resolution,pexels_37644120.mp4,1280,720,1280,720,,high_resolution/neutral/neutral_199_1.jpg,high_resolution/neutral/neutral_199_2.jpg,DATASET_final_videos/high_resolution/neutral/neutral_199.mp4,1c29MCXP2vXxxn2gSTB-a-ZbMf_q-suzw
neutral_200.mp4,neutral,high_resolution,pexels_37644121.mp4,1280,720,1280,720,,high_resolution/neutral/neutral_200_1.jpg,high_resolution/neutral/neutral_200_2.jpg,DATASET_final_videos/high_resolution/neutral/neutral_200.mp4,1OIOkrRhUGkBUPHfATkiHQUSRDMWneBEN
neutral_201.mp4,neutral,high_resolution,pexels_38118752.mp4,1280,720,1280,720,,high_resolution/neutral/neutral_201_1.jpg,high_resolution/neutral/neutral_201_2.jpg,DATASET_final_videos/high_resolution/neutral/neutral_201.mp4,1l4BTsaqq4nAfWmoLbePdRS9U7nw8m-x3
neutral_202.mp4,neutral,high_resolution,pexels_38235687.mp4,1440,2560,1440,2560,,high_resolution/neutral/neutral_202_1.jpg,high_resolution/neutral/neutral_202_2.jpg,DATASET_final_videos/high_resolution/neutral/neutral_202.mp4,1rmjGegTRPISPPqwYHR5cyNk-B0FFg3Kx
neutral_203.mp4,neutral,high_resolution,pexels_38837938.mp4,1280,720,1280,720,,high_resolution/neutral/neutral_203_1.jpg,high_resolution/neutral/neutral_203_2.jpg,DATASET_final_videos/high_resolution/neutral/neutral_203.mp4,1jUcrClk3qIi43GAwPnNkzT7Ov85SKwYS
neutral_204.mp4,neutral,high_resolution,pexels_4057153.mp4,1440,2732,1440,2732,,high_resolution/neutral/neutral_204_1.jpg,high_resolution/neutral/neutral_204_2.jpg,DATASET_final_videos/high_resolution/neutral/neutral_204.mp4,1B299Ze-KFoEdUUetxGHy6uF2Eqn5ktIk
neutral_205.mp4,neutral,high_resolution,pexels_4057316.mp4,1440,2732,1440,2732,,high_resolution/neutral/neutral_205_1.jpg,high_resolution/neutral/neutral_205_2.jpg,DATASET_final_videos/high_resolution/neutral/neutral_205.mp4,1M01biAExSmOWyj9t6vrRdWBWMmIDTprT
neutral_206.mp4,neutral,high_resolution,pexels_4126218.mp4,1280,720,1280,720,,high_resolution/neutral/neutral_206_1.jpg,high_resolution/neutral/neutral_206_2.jpg,DATASET_final_videos/high_resolution/neutral/neutral_206.mp4,1snIQwQZBZgmdMu9uZP_QFuBy6rFQPJvR
neutral_207.mp4,neutral,high_resolution,pexels_4210977.mp4,1280,720,1280,720,,high_resolution/neutral/neutral_207_1.jpg,high_resolution/neutral/neutral_207_2.jpg,DATASET_final_videos/high_resolution/neutral/neutral_207.mp4,1mmdYXX_jOifkOCPBak5duw0duKESDmbz
neutral_208.mp4,neutral,high_resolution,pexels_4725808.mp4,1280,720,1280,720,,high_resolution/neutral/neutral_208_1.jpg,high_resolution/neutral/neutral_208_2.jpg,DATASET_final_videos/high_resolution/neutral/neutral_208.mp4,19KCTEwymdT1eV-RV0LnaONIc72dgQ1lx
neutral_209.mp4,neutral,high_resolution,pexels_4836402.mp4,1280,720,1280,720,,high_resolution/neutral/neutral_209_1.jpg,high_resolution/neutral/neutral_209_2.jpg,DATASET_final_videos/high_resolution/neutral/neutral_209.mp4,1l8fGr1LJARwxuA1A8ZBtzQENpvYdYZ6q
neutral_210.mp4,neutral,high_resolution,pexels_5001192.mp4,1280,720,1280,720,,high_resolution/neutral/neutral_210_1.jpg,high_resolution/neutral/neutral_210_2.jpg,DATASET_final_videos/high_resolution/neutral/neutral_210.mp4,1GkP7yVpwue_hM6LlViJmsgtHSk7Bk7vI
neutral_211.mp4,neutral,high_resolution,pexels_5190115.mp4,1080,1920,1080,1920,,high_resolution/neutral/neutral_211_1.jpg,high_resolution/neutral/neutral_211_2.jpg,DATASET_final_videos/high_resolution/neutral/neutral_211.mp4,1t3gXLzbwVpNZTW3vX_7fKLYto4zrPIQ3
neutral_212.mp4,neutral,high_resolution,pexels_5279818.mp4,1280,720,1280,720,,high_resolution/neutral/neutral_212_1.jpg,high_resolution/neutral/neutral_212_2.jpg,DATASET_final_videos/high_resolution/neutral/neutral_212.mp4,1jkhcwInzUP8mXihYfo_3UI3SjDZDYefl
neutral_213.mp4,neutral,high_resolution,pexels_5384947.mp4,1440,2560,1440,2560,,high_resolution/neutral/neutral_213_1.jpg,high_resolution/neutral/neutral_213_2.jpg,DATASET_final_videos/high_resolution/neutral/neutral_213.mp4,1x5dcNoI3ztKV2t0OamIzE07tzH-CZ-1_
neutral_214.mp4,neutral,high_resolution,pexels_5473834.mp4,1280,720,1280,720,,high_resolution/neutral/neutral_214_1.jpg,high_resolution/neutral/neutral_214_2.jpg,DATASET_final_videos/high_resolution/neutral/neutral_214.mp4,13yPsz9ffTatc1uU2gvlhQycfXbudSD0I
neutral_215.mp4,neutral,high_resolution,pexels_5481925.mp4,1366,720,1366,720,,high_resolution/neutral/neutral_215_1.jpg,high_resolution/neutral/neutral_215_2.jpg,DATASET_final_videos/high_resolution/neutral/neutral_215.mp4,1W2URWDEOWQCdS7rfwVaKyB3olh9ALUwJ
neutral_216.mp4,neutral,high_resolution,pexels_5495995.mp4,1280,720,1280,720,,high_resolution/neutral/neutral_216_1.jpg,high_resolution/neutral/neutral_216_2.jpg,DATASET_final_videos/high_resolution/neutral/neutral_216.mp4,1_qS82GpWyzOPbVL4bXqSMqjQeKtJZ5ki
neutral_217.mp4,neutral,high_resolution,pexels_5740699.mp4,1440,2560,1440,2560,,high_resolution/neutral/neutral_217_1.jpg,high_resolution/neutral/neutral_217_2.jpg,DATASET_final_videos/high_resolution/neutral/neutral_217.mp4,14fEUWgHdaUSJ0MYqxXFu4XZyuWbtiVXs
neutral_218.mp4,neutral,high_resolution,pexels_6157245.mp4,1080,1920,1080,1920,,high_resolution/neutral/neutral_218_1.jpg,high_resolution/neutral/neutral_218_2.jpg,DATASET_final_videos/high_resolution/neutral/neutral_218.mp4,1Dy34Jo2JsmI0PHyCYaW_w1opv4Ek1YjB
neutral_219.mp4,neutral,high_resolution,pexels_6271455.mp4,1366,720,1366,720,,high_resolution/neutral/neutral_219_1.jpg,high_resolution/neutral/neutral_219_2.jpg,DATASET_final_videos/high_resolution/neutral/neutral_219.mp4,1EAmd3I-PbFCj8EcRLn-f7TccywiBSiQz
neutral_220.mp4,neutral,high_resolution,pexels_6271559.mp4,1366,720,1366,720,,high_resolution/neutral/neutral_220_1.jpg,high_resolution/neutral/neutral_220_2.jpg,DATASET_final_videos/high_resolution/neutral/neutral_220.mp4,1FtmFmcpoibrc7852jM6uJoX_iQqiowzZ
neutral_221.mp4,neutral,high_resolution,pexels_6825843.mp4,1440,2560,1440,2560,,high_resolution/neutral/neutral_221_1.jpg,high_resolution/neutral/neutral_221_2.jpg,DATASET_final_videos/high_resolution/neutral/neutral_221.mp4,1D1bVUN98gBJbnXbDQP5OyxuWMCIe9AeR
neutral_222.mp4,neutral,high_resolution,pexels_8402603.mp4,1280,720,1280,720,,high_resolution/neutral/neutral_222_1.jpg,high_resolution/neutral/neutral_222_2.jpg,DATASET_final_videos/high_resolution/neutral/neutral_222.mp4,18euJBE8VvrEl46u83RFH-kSCyK9f-Kj-
neutral_223.mp4,neutral,high_resolution,pexels_8473398.mp4,1280,720,1280,720,,high_resolution/neutral/neutral_223_1.jpg,high_resolution/neutral/neutral_223_2.jpg,DATASET_final_videos/high_resolution/neutral/neutral_223.mp4,1-0d3NtktVGcnkGnYGcE_pSIMf9krzzkE
neutral_224.mp4,neutral,high_resolution,pexels_8731194.mp4,1280,720,1280,720,,high_resolution/neutral/neutral_224_1.jpg,high_resolution/neutral/neutral_224_2.jpg,DATASET_final_videos/high_resolution/neutral/neutral_224.mp4,16G9McuUuWJkQz5lZY-KZnVXOjJaVSK1A
neutral_225.mp4,neutral,high_resolution,pexels_8746681.mp4,1366,720,1366,720,,high_resolution/neutral/neutral_225_1.jpg,high_resolution/neutral/neutral_225_2.jpg,DATASET_final_videos/high_resolution/neutral/neutral_225.mp4,1rTI-z7SgfYG_IreNfj6jEmTGiA8XwvuV
neutral_226.mp4,neutral,high_resolution,pexels_9314166.mp4,1280,720,1280,720,,high_resolution/neutral/neutral_226_1.jpg,high_resolution/neutral/neutral_226_2.jpg,DATASET_final_videos/high_resolution/neutral/neutral_226.mp4,1BVTsSWjUadDMiVa0Q9Eq49KxyPtBvbBP
neutral_227.mp4,neutral,high_resolution,pixabay_23686,1280,720,1280,720,,high_resolution/neutral/neutral_227_1.jpg,high_resolution/neutral/neutral_227_2.jpg,DATASET_final_videos/high_resolution/neutral/neutral_227.mp4,1U1wzkHzV7ZAg0_2unJzv3VILC4FzL4HS
neutral_228.mp4,neutral,high_resolution,pixabay_57181,2560,1440,2560,1440,,high_resolution/neutral/neutral_228_1.jpg,high_resolution/neutral/neutral_228_2.jpg,DATASET_final_videos/high_resolution/neutral/neutral_228.mp4,1fZwUYZyw-2LaVZo3PlBqlPU6x-ovsoBL
neutral_229.mp4,neutral,high_resolution,pixabay_63205,1280,720,1280,720,,high_resolution/neutral/neutral_229_1.jpg,high_resolution/neutral/neutral_229_2.jpg,DATASET_final_videos/high_resolution/neutral/neutral_229.mp4,1OR0ympJ_0HDvRBpC4xfDCIRfsUO2oXmi
neutral_230.mp4,neutral,high_resolution,pixabay_65299,1280,720,1280,720,,high_resolution/neutral/neutral_230_1.jpg,high_resolution/neutral/neutral_230_2.jpg,DATASET_final_videos/high_resolution/neutral/neutral_230.mp4,1msN5s1N4RtznBndimXgnZ18H9xBpqS09
neutral_231.mp4,neutral,low_resolution,pzpCfz5p7HE_000388,360,640,360,640,,low_resolution/neutral/neutral_231_1.jpg,low_resolution/neutral/neutral_231_2.jpg,DATASET_final_videos/low_resolution/neutral/neutral_231.mp4,1DxzQiFZd8-i3QNirrHDX6XZo3jnd_v-6
neutral_232.mp4,neutral,low_resolution,pzpCfz5p7HE_000624,360,640,360,640,,low_resolution/neutral/neutral_232_1.jpg,low_resolution/neutral/neutral_232_2.jpg,DATASET_final_videos/low_resolution/neutral/neutral_232.mp4,1_KSq6u01_1XaGybMxBO_iqd8VSIj4TQz
neutral_233.mp4,neutral,high_resolution,segment_long_16496654_20,1280,720,1280,720,,high_resolution/neutral/neutral_233_1.jpg,high_resolution/neutral/neutral_233_2.jpg,DATASET_final_videos/high_resolution/neutral/neutral_233.mp4,1yuggYeOUk1ytLPcA24lTkzPSNWEABvEq
neutral_234.mp4,neutral,high_resolution,segment_long_19887568_21,1280,720,1280,720,,high_resolution/neutral/neutral_234_1.jpg,high_resolution/neutral/neutral_234_2.jpg,DATASET_final_videos/high_resolution/neutral/neutral_234.mp4,1DCuRoGtwpNv8pWUC4tP3XfDd4zYiU34y
neutral_235.mp4,neutral,high_resolution,segment_long_31290563_32,1280,720,1280,720,,high_resolution/neutral/neutral_235_1.jpg,high_resolution/neutral/neutral_235_2.jpg,DATASET_final_videos/high_resolution/neutral/neutral_235.mp4,16gDxVACEa6eSF8EP-hEN4yy5a28WK7I7
neutral_236.mp4,neutral,high_resolution,segment_long_33131112_35,1280,720,1280,720,,high_resolution/neutral/neutral_236_1.jpg,high_resolution/neutral/neutral_236_2.jpg,DATASET_final_videos/high_resolution/neutral/neutral_236.mp4,1OBOfjANfUk9eLYjlIHJ88ppRbiRNRaEi
neutral_237.mp4,neutral,high_resolution,segment_long_35174438_42,1280,720,1280,720,,high_resolution/neutral/neutral_237_1.jpg,high_resolution/neutral/neutral_237_2.jpg,DATASET_final_videos/high_resolution/neutral/neutral_237.mp4,1zpq1vOihPe2x5QY6Td31Ldke0UoxtKcf
neutral_238.mp4,neutral,high_resolution,segment_long_35176722_43,1280,720,1280,720,,high_resolution/neutral/neutral_238_1.jpg,high_resolution/neutral/neutral_238_2.jpg,DATASET_final_videos/high_resolution/neutral/neutral_238.mp4,1hjYEaZCIjguNmyYS05N1wt173u3kCrbF
neutral_239.mp4,neutral,high_resolution,segment_long_35176722_44,1280,720,1280,720,,high_resolution/neutral/neutral_239_1.jpg,high_resolution/neutral/neutral_239_2.jpg,DATASET_final_videos/high_resolution/neutral/neutral_239.mp4,1V2wKl2C2yEzZFLk6xGbmYmyUiCcYRJ7R
neutral_240.mp4,neutral,high_resolution,segment_long_36221724_49,1280,720,1280,720,,high_resolution/neutral/neutral_240_1.jpg,high_resolution/neutral/neutral_240_2.jpg,DATASET_final_videos/high_resolution/neutral/neutral_240.mp4,1cvWO2FpLesH7hYtOPTIWcXtAhdnHcBQm
neutral_241.mp4,neutral,high_resolution,segment_long_36221724_50,1280,720,1280,720,,high_resolution/neutral/neutral_241_1.jpg,high_resolution/neutral/neutral_241_2.jpg,DATASET_final_videos/high_resolution/neutral/neutral_241.mp4,1OdJg7LvsNweV0tmzZxPE9khVwZRCi_aB
neutral_242.mp4,neutral,high_resolution,segment_long_6496580_100,1920,1080,1920,1080,,high_resolution/neutral/neutral_242_1.jpg,high_resolution/neutral/neutral_242_2.jpg,DATASET_final_videos/high_resolution/neutral/neutral_242.mp4,1vTw_luXPJfep3bAYN4_Nh7JwTObiVTmi
neutral_243.mp4,neutral,high_resolution,segment_long_6496580_98,1920,1080,1920,1080,,high_resolution/neutral/neutral_243_1.jpg,high_resolution/neutral/neutral_243_2.jpg,DATASET_final_videos/high_resolution/neutral/neutral_243.mp4,1n9Lr6_T3u8wHF_3hKs6dc6di35iqk5nq
neutral_244.mp4,neutral,high_resolution,segment_long_6496580_99,1920,1080,1920,1080,,high_resolution/neutral/neutral_244_1.jpg,high_resolution/neutral/neutral_244_2.jpg,DATASET_final_videos/high_resolution/neutral/neutral_244.mp4,10c3DD9DWI6rvGV2oxhQmnM52xUG9cO77
neutral_245.mp4,neutral,high_resolution,segment_long_9507458_169,1366,720,1366,720,,high_resolution/neutral/neutral_245_1.jpg,high_resolution/neutral/neutral_245_2.jpg,DATASET_final_videos/high_resolution/neutral/neutral_245.mp4,16LKSJtO9rlnzUShbWjyjVYChL7M01vpg
neutral_246.mp4,neutral,low_resolution,u892CkbvwKQ_000448,406,720,406,720,,low_resolution/neutral/neutral_246_1.jpg,low_resolution/neutral/neutral_246_2.jpg,DATASET_final_videos/low_resolution/neutral/neutral_246.mp4,1f1YUT5_mdTTfdpANrSIzdEE4WKkCtry4
neutral_247.mp4,neutral,low_resolution,u9fNxbxt__U_000190,360,640,360,448,topbottom,low_resolution/neutral/neutral_247_1.jpg,low_resolution/neutral/neutral_247_2.jpg,DATASET_final_videos/low_resolution/neutral/neutral_247.mp4,1PwZzitQTpVcDayVkpCNFJe5PQBsUEnW8
neutral_248.mp4,neutral,high_resolution,youtube_cute dog face closeup_dDkdAGbyOwU,1080,1920,1080,1920,,high_resolution/neutral/neutral_248_1.jpg,high_resolution/neutral/neutral_248_2.jpg,DATASET_final_videos/high_resolution/neutral/neutral_248.mp4,1t87smgCNPuPQE0gKbzF8GFkLvA2UOKOY
neutral_249.mp4,neutral,high_resolution,youtube_dog facial expression closeup_E7O3Kmvrg9U,720,1280,720,1280,,high_resolution/neutral/neutral_249_1.jpg,high_resolution/neutral/neutral_249_2.jpg,DATASET_final_videos/high_resolution/neutral/neutral_249.mp4,14mTPSWdhwQI8HLJoy_LqRn0gzprJ_hH1
neutral_250.mp4,neutral,high_resolution,youtube_dog wagging tail happy_Jf5O51-HZj0,1920,1080,1920,1080,,high_resolution/neutral/neutral_250_1.jpg,high_resolution/neutral/neutral_250_2.jpg,DATASET_final_videos/high_resolution/neutral/neutral_250.mp4,1J29xfz8rYfRkQVlU_lRRSd-7vPSTSJKd
sad_001.mp4,sad,low_resolution,ACcWtXhq3Z4_000025,360,640,360,640,,low_resolution/sad/sad_001_1.jpg,low_resolution/sad/sad_001_2.jpg,DATASET_final_videos/low_resolution/sad/sad_001.mp4,18ri32E6uvgzVNK24aIKi8GTZUh5jcNrY
sad_002.mp4,sad,low_resolution,ACcWtXhq3Z4_000062,360,640,360,640,,low_resolution/sad/sad_002_1.jpg,low_resolution/sad/sad_002_2.jpg,DATASET_final_videos/low_resolution/sad/sad_002.mp4,1PWa_GkVyJ64r2bvOCLBSCRTR_tT64UEE
sad_003.mp4,sad,low_resolution,D0ZJr8cAUHg_000050,406,720,406,720,,low_resolution/sad/sad_003_1.jpg,low_resolution/sad/sad_003_2.jpg,DATASET_final_videos/low_resolution/sad/sad_003.mp4,1rUyHWcGsnO30jPWHa56ZcXge3QK8WU9f
sad_004.mp4,sad,low_resolution,D0ZJr8cAUHg_000232,406,720,406,720,,low_resolution/sad/sad_004_1.jpg,low_resolution/sad/sad_004_2.jpg,DATASET_final_videos/low_resolution/sad/sad_004.mp4,1WvYLK2Xh0up6S6sa46RKbz3Zuwq0AQ5s
sad_005.mp4,sad,low_resolution,a145a19233d4f70d0953b09ca6bdca9b,576,1024,576,1024,,low_resolution/sad/sad_005_1.jpg,low_resolution/sad/sad_005_2.jpg,DATASET_final_videos/low_resolution/sad/sad_005.mp4,129hPoJ85trAeUxifB8zkSjaxvGcd-rPZ
sad_006.mp4,sad,low_resolution,cLDrSXhhPO8_001265.mp4,1280,720,408,720,sides,low_resolution/sad/sad_006_1.jpg,low_resolution/sad/sad_006_2.jpg,DATASET_final_videos/low_resolution/sad/sad_006.mp4,14tnTZK0W1z2uQcOt2cObt6-OkBkaKpve
sad_007.mp4,sad,low_resolution,cLDrSXhhPO8_002594.mp4,1280,720,408,720,sides,low_resolution/sad/sad_007_1.jpg,low_resolution/sad/sad_007_2.jpg,DATASET_final_videos/low_resolution/sad/sad_007.mp4,1PrgYQNzW5PpyyR5r77UyhSjHBqGzT5q0
sad_008.mp4,sad,low_resolution,cLDrSXhhPO8_002641.mp4,1280,720,408,720,sides,low_resolution/sad/sad_008_1.jpg,low_resolution/sad/sad_008_2.jpg,DATASET_final_videos/low_resolution/sad/sad_008.mp4,1eqawJeMw8GywhtUjAuP1UiZs9iucN8bc
sad_009.mp4,sad,low_resolution,cLDrSXhhPO8_003024.mp4,1280,720,408,720,sides,low_resolution/sad/sad_009_1.jpg,low_resolution/sad/sad_009_2.jpg,DATASET_final_videos/low_resolution/sad/sad_009.mp4,1uT3qUDsnLhj_r_8G2s4FxUqqdtV4OcEt
sad_010.mp4,sad,high_resolution,coverr-cymU5AKro0__girl-touches-a-dog-s-nose,1920,1080,1920,1080,,high_resolution/sad/sad_010_1.jpg,high_resolution/sad/sad_010_2.jpg,DATASET_final_videos/high_resolution/sad/sad_010.mp4,1_skUUpdX2N0Vgxy9aibpkG2sd6HaCMo7
sad_011.mp4,sad,high_resolution,coverr-rXDihJwr9V__dog-trying-to-catch-a-fly,1920,1080,1920,1080,,high_resolution/sad/sad_011_1.jpg,high_resolution/sad/sad_011_2.jpg,DATASET_final_videos/high_resolution/sad/sad_011.mp4,1zSy6Z4Wa-oQ9Fwcq6uZA8Q97gRn_lBhv
sad_012.mov,sad,high_resolution,dog-resting-its-head-on-white-surface-2025-12-17-16-49-12-utc (1).mov,1920,1080,1920,1080,,high_resolution/sad/sad_012_1.jpg,high_resolution/sad/sad_012_2.jpg,DATASET_final_videos/high_resolution/sad/sad_012.mov,1CZVQw4kwnJnmeUAXMxAfMSbg4L6cwiBx
sad_013.mp4,sad,high_resolution,dog_10659283,1920,1080,1920,1080,,high_resolution/sad/sad_013_1.jpg,high_resolution/sad/sad_013_2.jpg,DATASET_final_videos/high_resolution/sad/sad_013.mp4,1nWh4gTAyRpl2OGKkL149rnEonPjsb4P2
sad_014.mp4,sad,high_resolution,dog_11487567,1280,720,1280,720,,high_resolution/sad/sad_014_1.jpg,high_resolution/sad/sad_014_2.jpg,DATASET_final_videos/high_resolution/sad/sad_014.mp4,1DZKqhnjqiVmIF5V19HHG1v7B4w0AloD0
sad_015.mp4,sad,high_resolution,dog_11534028,1920,1080,1920,1080,,high_resolution/sad/sad_015_1.jpg,,DATASET_final_videos/high_resolution/sad/sad_015.mp4,1p2hGp-5tsnj_ShPxrgANW9FzaT-ySS5c
sad_016.mp4,sad,low_resolution,dog_12768750,540,960,540,960,,low_resolution/sad/sad_016_1.jpg,low_resolution/sad/sad_016_2.jpg,DATASET_final_videos/low_resolution/sad/sad_016.mp4,1lR_6tn7uf3JCU-bFdX0JQF3C795YfPyq
sad_017.mp4,sad,high_resolution,dog_13260897,1440,2560,1440,2560,,high_resolution/sad/sad_017_1.jpg,high_resolution/sad/sad_017_2.jpg,DATASET_final_videos/high_resolution/sad/sad_017.mp4,16CPJ5qF4cLR1EA4G5AVZhjjOM7t79lHu
sad_018.mp4,sad,high_resolution,dog_16622159,720,1280,720,1280,,high_resolution/sad/sad_018_1.jpg,high_resolution/sad/sad_018_2.jpg,DATASET_final_videos/high_resolution/sad/sad_018.mp4,1qeaA5gi-tcgCsTXsSBE7Vex1CzbuQCHX
sad_019.mp4,sad,low_resolution,dog_16622183,240,426,240,426,,low_resolution/sad/sad_019_1.jpg,low_resolution/sad/sad_019_2.jpg,DATASET_final_videos/low_resolution/sad/sad_019.mp4,1k7CgkFr5jRuePMrgJHBKMRRnEjiG96PK
sad_020.mp4,sad,high_resolution,dog_19887574,1280,720,1280,720,,high_resolution/sad/sad_020_1.jpg,high_resolution/sad/sad_020_2.jpg,DATASET_final_videos/high_resolution/sad/sad_020.mp4,1f9fe5mdQ7MWZvK6_-6igkGrgu1-7PFAE
sad_021.mp4,sad,high_resolution,dog_20485426,1080,1920,1080,1920,,high_resolution/sad/sad_021_1.jpg,high_resolution/sad/sad_021_2.jpg,DATASET_final_videos/high_resolution/sad/sad_021.mp4,1V6jmtx2g2Am9NuhcthxuoDhnn4Nvnp-7
sad_022.mp4,sad,high_resolution,dog_2795682,1280,720,1280,720,,high_resolution/sad/sad_022_1.jpg,high_resolution/sad/sad_022_2.jpg,DATASET_final_videos/high_resolution/sad/sad_022.mp4,1pB-Ztr3hwAElhj0GzkVyU8M0Igjqjry4
sad_023.mp4,sad,low_resolution,dog_28949969,360,640,360,640,,low_resolution/sad/sad_023_1.jpg,low_resolution/sad/sad_023_2.jpg,DATASET_final_videos/low_resolution/sad/sad_023.mp4,1FmujEi6qBjgEb7Xjj1cwcr0bs5QgtJX8
sad_024.mp4,sad,high_resolution,dog_29576542,1280,720,1280,720,,high_resolution/sad/sad_024_1.jpg,high_resolution/sad/sad_024_2.jpg,DATASET_final_videos/high_resolution/sad/sad_024.mp4,1KhnxNdMybuTg1PMbvAS-pe5RvsVNKUia
sad_025.mp4,sad,high_resolution,dog_31983537,1280,720,1280,720,,high_resolution/sad/sad_025_1.jpg,high_resolution/sad/sad_025_2.jpg,DATASET_final_videos/high_resolution/sad/sad_025.mp4,1LvM3m0FF5noz-OfaEVkira-D5NZyNE8C
sad_026.mp4,sad,high_resolution,dog_32107781,1280,720,1280,720,,high_resolution/sad/sad_026_1.jpg,high_resolution/sad/sad_026_2.jpg,DATASET_final_videos/high_resolution/sad/sad_026.mp4,1FjrMwrpSvWZir5M6Bdl-d9e2EZa0Neco
sad_027.mp4,sad,high_resolution,dog_35419111,1440,2560,1440,2560,,high_resolution/sad/sad_027_1.jpg,high_resolution/sad/sad_027_2.jpg,DATASET_final_videos/high_resolution/sad/sad_027.mp4,10XcsKqjFTfUBgQiRgEY77oxjTYV_bSvf
sad_028.mp4,sad,high_resolution,dog_35605516,1440,2560,1440,2560,,high_resolution/sad/sad_028_1.jpg,high_resolution/sad/sad_028_2.jpg,DATASET_final_videos/high_resolution/sad/sad_028.mp4,1xVxlBxtzCSLw1H77upu5Rqk3QemHilfv
sad_029.mp4,sad,high_resolution,dog_35605530,1440,2560,1440,2560,,high_resolution/sad/sad_029_1.jpg,high_resolution/sad/sad_029_2.jpg,DATASET_final_videos/high_resolution/sad/sad_029.mp4,1-tkJSzpOd7DDOgBrmQzNnA-D0WN-GqNx
sad_030.mp4,sad,high_resolution,dog_36014853,1280,720,1280,720,,high_resolution/sad/sad_030_1.jpg,high_resolution/sad/sad_030_2.jpg,DATASET_final_videos/high_resolution/sad/sad_030.mp4,1D0tg3fB67g-U_hZtBJLSDo4UpKci6ICB
sad_031.mp4,sad,high_resolution,dog_36413850,1440,2560,1440,2560,,high_resolution/sad/sad_031_1.jpg,high_resolution/sad/sad_031_2.jpg,DATASET_final_videos/high_resolution/sad/sad_031.mp4,1EH0PICRDTIOhahCP7FnyUQYvlVcwbYzl
sad_032.mp4,sad,high_resolution,dog_5479940,1920,1080,1920,1080,,high_resolution/sad/sad_032_1.jpg,high_resolution/sad/sad_032_2.jpg,DATASET_final_videos/high_resolution/sad/sad_032.mp4,1ppoJBeihj8IKEwpyIFEnlGYpajJfSDx3
sad_033.mp4,sad,high_resolution,dog_5751625,1366,720,1366,720,,high_resolution/sad/sad_033_1.jpg,high_resolution/sad/sad_033_2.jpg,DATASET_final_videos/high_resolution/sad/sad_033.mp4,1GBCSMS1RxA7fVciP9JAa9ojcoXVQjtB2
sad_034.mp4,sad,high_resolution,dog_7677288,1920,1080,1920,1080,,high_resolution/sad/sad_034_1.jpg,high_resolution/sad/sad_034_2.jpg,DATASET_final_videos/high_resolution/sad/sad_034.mp4,1H5WSX83q_VgFtxJvp8XBuY2MfWiLpGAx
sad_035.mp4,sad,high_resolution,dog_7678713,1280,720,1280,720,,high_resolution/sad/sad_035_1.jpg,high_resolution/sad/sad_035_2.jpg,DATASET_final_videos/high_resolution/sad/sad_035.mp4,1VdiVRigDGxNfDB2fxZqeUJx80W8CT_M4
sad_036.mp4,sad,high_resolution,dog_7678725,1920,1080,1920,1080,,high_resolution/sad/sad_036_1.jpg,high_resolution/sad/sad_036_2.jpg,DATASET_final_videos/high_resolution/sad/sad_036.mp4,1kxsMk1DegP7RP_5-ikZKRDa5nZepcBIP
sad_037.mp4,sad,low_resolution,dogfacecloseup_7011875889168370949,576,1024,576,1024,,low_resolution/sad/sad_037_1.jpg,low_resolution/sad/sad_037_2.jpg,DATASET_final_videos/low_resolution/sad/sad_037.mp4,1CafEvFBqf7UTgwW-aF9DHzCF1Ttk-_ED
sad_038.mp4,sad,high_resolution,dogfaces_7513760661390839070,720,1280,720,1280,,high_resolution/sad/sad_038_1.jpg,high_resolution/sad/sad_038_2.jpg,DATASET_final_videos/high_resolution/sad/sad_038.mp4,1x1PGx2mHhPZPhdgYEy1dEFYgp2Fj239B
sad_039.mp4,sad,low_resolution,dogsadeyes_7120377381059087662,576,1024,576,1024,,low_resolution/sad/sad_039_1.jpg,low_resolution/sad/sad_039_2.jpg,DATASET_final_videos/low_resolution/sad/sad_039.mp4,1femxd-i3yma4sRC_w8J6mpztKYIWjunC
sad_040.mp4,sad,high_resolution,dogsadeyes_7467278279003606302,1080,1920,1080,1920,,high_resolution/sad/sad_040_1.jpg,high_resolution/sad/sad_040_2.jpg,DATASET_final_videos/high_resolution/sad/sad_040.mp4,1ushu6iOawTJiuvm93pIXsEdupgiYOffZ
sad_041.mov,sad,high_resolution,envato_01c1c457-5a50-4150-afca-cb3e8e94f6af.mov,3840,2160,3840,2160,,high_resolution/sad/sad_041_1.jpg,high_resolution/sad/sad_041_2.jpg,DATASET_final_videos/high_resolution/sad/sad_041.mov,1JV8DL9zE1Fks_aSoKk9vs9I1uzpQ8tI-
sad_042.mov,sad,high_resolution,envato_01c2d4d9-8aca-4437-a0e2-4d722104ace7.mov,3840,2160,3840,2160,,high_resolution/sad/sad_042_1.jpg,high_resolution/sad/sad_042_2.jpg,DATASET_final_videos/high_resolution/sad/sad_042.mov,11dzxJR4TAOwWJr7mPIt6DVQIx30g5O7S
sad_043.mov,sad,high_resolution,envato_0752129b-3a90-4bba-a3df-2de72db3cfd9.mov,3840,2160,3840,2160,,high_resolution/sad/sad_043_1.jpg,high_resolution/sad/sad_043_2.jpg,DATASET_final_videos/high_resolution/sad/sad_043.mov,1KH6OMOoosb3n7zu_dmTFAPnx2U2VvUqG
sad_044.mov,sad,high_resolution,envato_0cc64f97-5ce8-4350-8c14-4bdb2878bccb.mov,3840,2160,3840,2160,,high_resolution/sad/sad_044_1.jpg,high_resolution/sad/sad_044_2.jpg,DATASET_final_videos/high_resolution/sad/sad_044.mov,1PVumYrgPvYtjbKLhjTrGH0NAgtCjqeus
sad_045.mov,sad,high_resolution,envato_0fb1b254-55d9-48d2-86c8-81c7e9cc9e8e.mov,3840,2160,3840,2160,,high_resolution/sad/sad_045_1.jpg,high_resolution/sad/sad_045_2.jpg,DATASET_final_videos/high_resolution/sad/sad_045.mov,1WBIWhrz4XNWRcpfHeo44GYDuwb5kU7BY
sad_046.mov,sad,high_resolution,envato_0fcb9b74-ceee-4dd2-a56c-5879c512efbb.mov,2160,3840,2160,3840,,high_resolution/sad/sad_046_1.jpg,high_resolution/sad/sad_046_2.jpg,DATASET_final_videos/high_resolution/sad/sad_046.mov,1HCaDQxWj8aYTC7ugihncqlOfzhckYsEJ
sad_047.mov,sad,high_resolution,envato_10b73747-a2a2-485c-a475-e31f05c79166.mov,1920,1080,1920,1080,,high_resolution/sad/sad_047_1.jpg,high_resolution/sad/sad_047_2.jpg,DATASET_final_videos/high_resolution/sad/sad_047.mov,1XozHHc3chy5ZZQ4PlPiCQvsTc9u74Z9o
sad_048.mov,sad,high_resolution,envato_12607569-d6c7-49e6-920d-5ab5ebb4f775.mov,1920,1080,1920,1080,,high_resolution/sad/sad_048_1.jpg,high_resolution/sad/sad_048_2.jpg,DATASET_final_videos/high_resolution/sad/sad_048.mov,1hj5ZEIcw69_4j51iDN_YI746UkadKMrD
sad_049.mov,sad,high_resolution,envato_1280307e-7b3b-4515-85d4-157e7f397db0.mov,3840,2160,3840,2160,,high_resolution/sad/sad_049_1.jpg,high_resolution/sad/sad_049_2.jpg,DATASET_final_videos/high_resolution/sad/sad_049.mov,12J-2Khz0fV5DOCk02sWk0iNfSC4mvqUy
sad_050.mov,sad,high_resolution,envato_13bbbd4c-d90d-43db-b530-a6ec97ad87bc.mov,3840,2160,3840,2160,,high_resolution/sad/sad_050_1.jpg,high_resolution/sad/sad_050_2.jpg,DATASET_final_videos/high_resolution/sad/sad_050.mov,1BZ-7YzVt-_7-fy9JkiVgKkmGyhY5DO2F
sad_051.mov,sad,high_resolution,envato_14c7c696-563c-47ef-b6fe-7eb24884b648.mov,4096,2160,4096,2160,,high_resolution/sad/sad_051_1.jpg,high_resolution/sad/sad_051_2.jpg,DATASET_final_videos/high_resolution/sad/sad_051.mov,1jfBH53B8BFBazuXqYoxqdHsPRV-VUFSz
sad_052.mov,sad,high_resolution,envato_16427310-f4c3-48fe-927e-916a00c00a1d.mov,1920,1080,1920,1080,,high_resolution/sad/sad_052_1.jpg,high_resolution/sad/sad_052_2.jpg,DATASET_final_videos/high_resolution/sad/sad_052.mov,1fSm5xR7LNHYnr0BwRPaYbLKCXFgn96SA
sad_053.mov,sad,high_resolution,envato_18d90258-fd28-46df-b347-ffa7b1a7597f.mov,1920,1080,1920,1080,,high_resolution/sad/sad_053_1.jpg,high_resolution/sad/sad_053_2.jpg,DATASET_final_videos/high_resolution/sad/sad_053.mov,1TMe2UeiWXJzUFrhxr8iTsWW3gbk5e1GO
sad_054.mov,sad,high_resolution,envato_1abc3d25-2d61-4aeb-9018-db91981c47ce.mov,1920,1080,1920,1080,,high_resolution/sad/sad_054_1.jpg,high_resolution/sad/sad_054_2.jpg,DATASET_final_videos/high_resolution/sad/sad_054.mov,14g9mtoXHpSGue9g2DGLEPuIWC5wI87MW
sad_055.mov,sad,high_resolution,envato_1b9ba49b-b5fc-4afc-a4f4-02425d1a53cf.mov,1920,1080,1920,1080,,high_resolution/sad/sad_055_1.jpg,high_resolution/sad/sad_055_2.jpg,DATASET_final_videos/high_resolution/sad/sad_055.mov,1bSFxKQQnfyLhG07mwTnNmK3sbRVlHv_9
sad_056.mov,sad,high_resolution,envato_1ce0da72-050d-4ec7-8cc6-c1ea1b996b18.mov,3840,2160,3840,2160,,high_resolution/sad/sad_056_1.jpg,high_resolution/sad/sad_056_2.jpg,DATASET_final_videos/high_resolution/sad/sad_056.mov,1rG02iJvc7lG-A51UChgYE8DlhAFLCT8S
sad_057.mov,sad,high_resolution,envato_1f4e1739-1062-4550-be40-221b09897606.mov,3840,2160,3840,2160,,high_resolution/sad/sad_057_1.jpg,high_resolution/sad/sad_057_2.jpg,DATASET_final_videos/high_resolution/sad/sad_057.mov,1KKE7QP2HS6_tyNWBZDx1PHIoQNYiVLQk
sad_058.mov,sad,high_resolution,envato_20e33d45-064a-408c-b8f3-c939e2a99d97.mov,4096,1740,4096,1740,,high_resolution/sad/sad_058_1.jpg,high_resolution/sad/sad_058_2.jpg,DATASET_final_videos/high_resolution/sad/sad_058.mov,1oW6RHcFCVh-negNsNzvbaB_f3-_V9Fcf
sad_059.mov,sad,high_resolution,envato_2160b580-2a09-49bd-992c-6ee37882efca.mov,1920,1080,1920,1080,,high_resolution/sad/sad_059_1.jpg,high_resolution/sad/sad_059_2.jpg,DATASET_final_videos/high_resolution/sad/sad_059.mov,1wH13ZiDDvnz-LSHNYZfi4OQ1hJdrHIKF
sad_060.mov,sad,high_resolution,envato_25faa05f-202f-47f3-b6f8-2cffec83fa78.mov,3840,2160,3840,2160,,high_resolution/sad/sad_060_1.jpg,high_resolution/sad/sad_060_2.jpg,DATASET_final_videos/high_resolution/sad/sad_060.mov,1bWZDzaJrlPikxEPEBKbfv0hHeQW8AVR_
sad_061.mov,sad,high_resolution,envato_391b8794-116b-4974-8842-e5b33f54753e.mov,1920,1080,1920,1080,,high_resolution/sad/sad_061_1.jpg,high_resolution/sad/sad_061_2.jpg,DATASET_final_videos/high_resolution/sad/sad_061.mov,1Fbqgp3IwmVs2BN4AtR8dxkGj0xeK19LS
sad_062.mov,sad,high_resolution,envato_3a0bd452-02f0-4dc0-9015-ecf4621bc38d.mov,3840,2160,3840,2160,,high_resolution/sad/sad_062_1.jpg,high_resolution/sad/sad_062_2.jpg,DATASET_final_videos/high_resolution/sad/sad_062.mov,1x9cpK_ClC7WehQnjnKj5UpZGheMFwxPd
sad_063.mov,sad,high_resolution,envato_44f64210-e348-40ad-a519-b87521c445fd.mov,4096,2304,4096,2304,,high_resolution/sad/sad_063_1.jpg,high_resolution/sad/sad_063_2.jpg,DATASET_final_videos/high_resolution/sad/sad_063.mov,1jqrKJHnO9f9usS98vJRG1Vp1RTxXs5mJ
sad_064.mov,sad,high_resolution,envato_452f49a6-e169-4c8a-8117-72602bb41147.mov,3840,2160,3840,2160,,high_resolution/sad/sad_064_1.jpg,high_resolution/sad/sad_064_2.jpg,DATASET_final_videos/high_resolution/sad/sad_064.mov,1hGZbpLfV9idxhGxxyGb4YC-C2B0AWXUj
sad_065.mov,sad,high_resolution,envato_49533fbc-463a-42cc-b246-12230fecf002.mov,3840,2160,3840,2160,,high_resolution/sad/sad_065_1.jpg,high_resolution/sad/sad_065_2.jpg,DATASET_final_videos/high_resolution/sad/sad_065.mov,1jQkCvOVwgPBdTY77HsBAtnDlJ2OVrmr3
sad_066.mov,sad,high_resolution,envato_4ccc32e9-79e4-404d-8fc7-f9bf9aaab709.mov,3840,2160,3840,2160,,high_resolution/sad/sad_066_1.jpg,high_resolution/sad/sad_066_2.jpg,DATASET_final_videos/high_resolution/sad/sad_066.mov,1iokMECs1HnEEH8GaQotHkeJEBs3smdzA
sad_067.mov,sad,high_resolution,envato_4fd229fd-edab-487a-a305-61341df0759a.mov,3840,2160,3840,2160,,high_resolution/sad/sad_067_1.jpg,high_resolution/sad/sad_067_2.jpg,DATASET_final_videos/high_resolution/sad/sad_067.mov,1tSPDN7lHRhunHUBTzUT3w1EH8wOir7m8
sad_068.mov,sad,high_resolution,envato_51c27d5f-9c5c-4af8-a161-c52810f7d76c.mov,3840,2160,3840,2160,,high_resolution/sad/sad_068_1.jpg,high_resolution/sad/sad_068_2.jpg,DATASET_final_videos/high_resolution/sad/sad_068.mov,1YUHhHph5-moJiEHTLwR8dmLUYHLJQUmu
sad_069.mov,sad,high_resolution,envato_5dac70c9-bacc-4848-8ea3-33db9862b8de.mov,1920,1080,1920,1080,,high_resolution/sad/sad_069_1.jpg,high_resolution/sad/sad_069_2.jpg,DATASET_final_videos/high_resolution/sad/sad_069.mov,1uqd7F9Khh4nNAQyxFXx1BqYYAa7lCasu
sad_070.mov,sad,high_resolution,envato_5f3b0002-140e-4840-8ad9-c0ce11d971b2.mov,3840,2160,3840,2160,,high_resolution/sad/sad_070_1.jpg,high_resolution/sad/sad_070_2.jpg,DATASET_final_videos/high_resolution/sad/sad_070.mov,1zIBsv7naf5MHsLV6N0h0Jz6HqqPrWxKa
sad_071.mov,sad,high_resolution,envato_6225805e-7d21-4f03-913d-9bd252faa297.mov,1920,1080,1920,1080,,high_resolution/sad/sad_071_1.jpg,high_resolution/sad/sad_071_2.jpg,DATASET_final_videos/high_resolution/sad/sad_071.mov,1W9RdYWy_fFOPzThRoVJdu7LCjV_QqCZs
sad_072.mov,sad,high_resolution,envato_65b10528-295a-4e92-8bdc-b35f0835b36a.mov,3840,2160,3840,2160,,high_resolution/sad/sad_072_1.jpg,high_resolution/sad/sad_072_2.jpg,DATASET_final_videos/high_resolution/sad/sad_072.mov,1P9Paz2IgKhWHbqoShaHictK23J1gRGcg
sad_073.mov,sad,high_resolution,envato_6baa5350-363e-4d82-b75e-03921ca33273.mov,3840,2160,3840,2160,,high_resolution/sad/sad_073_1.jpg,high_resolution/sad/sad_073_2.jpg,DATASET_final_videos/high_resolution/sad/sad_073.mov,1VO0CJebljKVkd8Fg6LrunmD62JReQAB5
sad_074.mov,sad,high_resolution,envato_6fa6320e-c8b5-43d0-988b-16396ce9eb7f.mov,1920,1080,1920,1080,,high_resolution/sad/sad_074_1.jpg,,DATASET_final_videos/high_resolution/sad/sad_074.mov,1R94JDgU__I6u-rf-LNIVxF7qlQkCWeXD
sad_075.mov,sad,high_resolution,envato_730aef1e-8b01-4f6e-b0d0-ab07347509f5.mov,3840,2160,3840,2160,,high_resolution/sad/sad_075_1.jpg,high_resolution/sad/sad_075_2.jpg,DATASET_final_videos/high_resolution/sad/sad_075.mov,1CVQGeKwUxLO-JCP22zK2A0fUdiBgMjF5
sad_076.mov,sad,high_resolution,envato_75f93573-2390-4633-84a7-6f42455f4001.mov,3840,2160,3840,2160,,high_resolution/sad/sad_076_1.jpg,high_resolution/sad/sad_076_2.jpg,DATASET_final_videos/high_resolution/sad/sad_076.mov,1xYX2e6xTmAYNEotI1nrnPm9d_t_4KS0F
sad_077.mov,sad,high_resolution,envato_7902b3cd-ba84-4930-91be-207a6e827bb4.mov,3840,2160,3840,2160,,high_resolution/sad/sad_077_1.jpg,high_resolution/sad/sad_077_2.jpg,DATASET_final_videos/high_resolution/sad/sad_077.mov,1-pilBB2EvvHd5JPupaTzVJnPSEAyiv7w
sad_078.mov,sad,high_resolution,envato_7be3aa37-24b0-4ef4-9635-0abb7e914474.mov,1920,1080,1920,1080,,high_resolution/sad/sad_078_1.jpg,high_resolution/sad/sad_078_2.jpg,DATASET_final_videos/high_resolution/sad/sad_078.mov,1SxwllFzIEwORh483bBm3XHDkgol6jVFn
sad_079.mov,sad,high_resolution,envato_809f683c-2020-465b-a506-ee4837aa20f8.mov,3840,2160,3840,2160,,high_resolution/sad/sad_079_1.jpg,high_resolution/sad/sad_079_2.jpg,DATASET_final_videos/high_resolution/sad/sad_079.mov,19rsVofBAAX4B9I-jgZKOhKFmyVW6QfiX
sad_080.mov,sad,high_resolution,envato_83ed6478-05d5-4fb7-806b-b8cfb7b54e10.mov,3840,2160,3840,2160,,high_resolution/sad/sad_080_1.jpg,high_resolution/sad/sad_080_2.jpg,DATASET_final_videos/high_resolution/sad/sad_080.mov,1qvzvIEEWjJGMJSE2g3SSAWeCpywzYHUk
sad_081.mov,sad,high_resolution,envato_8645e180-10ec-42f9-9ecf-1071965ce887.mov,3840,2160,3840,2160,,high_resolution/sad/sad_081_1.jpg,high_resolution/sad/sad_081_2.jpg,DATASET_final_videos/high_resolution/sad/sad_081.mov,1wSzjVO8lv7FvivLwUm0FGthHAZUOrJx_
sad_082.mov,sad,high_resolution,envato_8a953586-f74c-4cae-8f25-eb827ab7ade5.mov,3840,2160,3840,2160,,high_resolution/sad/sad_082_1.jpg,high_resolution/sad/sad_082_2.jpg,DATASET_final_videos/high_resolution/sad/sad_082.mov,1bMr6ofcXS5LLEyBbcb8Q7VeiqM1kF2tI
sad_083.mov,sad,high_resolution,envato_996f0a3a-a5d8-43d5-a494-11bd2d6b159b.mov,1920,1080,1920,1080,,high_resolution/sad/sad_083_1.jpg,high_resolution/sad/sad_083_2.jpg,DATASET_final_videos/high_resolution/sad/sad_083.mov,1uGZlabkWVYVXjzMqeXIjD5O3Io346Fo4
sad_084.mov,sad,high_resolution,envato_9aea3dda-9209-4b76-b14f-81cc81e05239.mov,3840,2160,3840,2160,,high_resolution/sad/sad_084_1.jpg,high_resolution/sad/sad_084_2.jpg,DATASET_final_videos/high_resolution/sad/sad_084.mov,1I5W3KhGiHuo-VdqnvEMBsNJ58dGizIal
sad_085.mov,sad,high_resolution,envato_9c58ada9-de63-4b9f-abdc-9333a44ba85f.mov,1920,1080,1920,1080,,high_resolution/sad/sad_085_1.jpg,high_resolution/sad/sad_085_2.jpg,DATASET_final_videos/high_resolution/sad/sad_085.mov,1vMcpeXwY9kmeoNjPB6XoKYg2VjIruzvL
sad_086.mov,sad,high_resolution,envato_9e231b98-67b0-4d55-8ca0-d29ab4475318.mov,4096,2160,4096,2160,,high_resolution/sad/sad_086_1.jpg,high_resolution/sad/sad_086_2.jpg,DATASET_final_videos/high_resolution/sad/sad_086.mov,1fBd0QZjCb8WagI7vQ2NJo2G2UTVqhsRK
sad_087.mov,sad,high_resolution,envato_a3dfee01-32ce-4297-a991-ff36093f9c6b.mov,2160,3840,2160,3840,,high_resolution/sad/sad_087_1.jpg,high_resolution/sad/sad_087_2.jpg,DATASET_final_videos/high_resolution/sad/sad_087.mov,1pEYGeshazMQWysMpw5OPAYQGFIHTwwh8
sad_088.mov,sad,high_resolution,envato_a679c67f-f620-4f2d-b125-31723b90ba49.mov,1920,1080,1920,1080,,high_resolution/sad/sad_088_1.jpg,high_resolution/sad/sad_088_2.jpg,DATASET_final_videos/high_resolution/sad/sad_088.mov,10ANwpUdxuPhGX5DrIqK7Sz9F99HS4fEW
sad_089.mov,sad,high_resolution,envato_a6aec701-de37-4653-bc7c-073304b472d1.mov,1920,1080,1920,1080,,high_resolution/sad/sad_089_1.jpg,high_resolution/sad/sad_089_2.jpg,DATASET_final_videos/high_resolution/sad/sad_089.mov,1e8QXbRMCuOyIp0gKoYtrTxt6W7hmxo5I
sad_090.mov,sad,high_resolution,envato_a72ed03e-ac40-4d42-af59-b2f0003627ef.mov,1920,1080,1920,1080,,high_resolution/sad/sad_090_1.jpg,high_resolution/sad/sad_090_2.jpg,DATASET_final_videos/high_resolution/sad/sad_090.mov,1j5tjom2XIiWW6l62OfFcSJyAZKhatRju
sad_091.mov,sad,high_resolution,envato_a9a6cc51-e00e-46b7-8148-e0213267ca1d.mov,3840,2160,3840,2160,,high_resolution/sad/sad_091_1.jpg,high_resolution/sad/sad_091_2.jpg,DATASET_final_videos/high_resolution/sad/sad_091.mov,1FuVcU6ZRaTEsI9Xmj7nmgX8vxDYYIG72
sad_092.mov,sad,high_resolution,envato_ab556e92-d85e-4baa-9685-ce0bb6465a25.mov,3840,2160,3840,2160,,high_resolution/sad/sad_092_1.jpg,high_resolution/sad/sad_092_2.jpg,DATASET_final_videos/high_resolution/sad/sad_092.mov,1IfRn3HJRgZBCW3Alyifmmd2K8iDN6Mgm
sad_093.mov,sad,high_resolution,envato_abf55486-c8cf-4c48-bb5e-7cefa4afa2dd.mov,3840,2160,3840,2160,,high_resolution/sad/sad_093_1.jpg,high_resolution/sad/sad_093_2.jpg,DATASET_final_videos/high_resolution/sad/sad_093.mov,1KZEKbYbVBQ6pg1KROxbtfKEj4P2M2tZo
sad_094.mov,sad,high_resolution,envato_ac853fe5-bfed-4c00-9fe5-618c8d9c6ccb.mov,3840,2160,3840,2160,,high_resolution/sad/sad_094_1.jpg,high_resolution/sad/sad_094_2.jpg,DATASET_final_videos/high_resolution/sad/sad_094.mov,1qZDmvKDMJQ5cCgiuiPVTZQmqhik1Hldx
sad_095.mov,sad,high_resolution,envato_ad82e109-a35b-4346-bd2c-4a22fcaedf00.mov,3840,2160,3840,2160,,high_resolution/sad/sad_095_1.jpg,high_resolution/sad/sad_095_2.jpg,DATASET_final_videos/high_resolution/sad/sad_095.mov,181Rr9DbPQ_Dv8OPlSuJofG4-rL_6kP6a
sad_096.mov,sad,high_resolution,envato_adb0f51c-2879-4069-9a9a-179d41d28e32.mov,1920,1080,1920,1080,,high_resolution/sad/sad_096_1.jpg,high_resolution/sad/sad_096_2.jpg,DATASET_final_videos/high_resolution/sad/sad_096.mov,1i0i0tA-gP5kTw3hs88LmhMsUn18u59EJ
sad_097.mov,sad,high_resolution,envato_adb8fcf5-5871-477a-a6ac-8dd4a46fcd1e.mov,3840,2160,3840,2160,,high_resolution/sad/sad_097_1.jpg,high_resolution/sad/sad_097_2.jpg,DATASET_final_videos/high_resolution/sad/sad_097.mov,1XiYoN5BvBwYrepO2vM9t362DmEv_KxUd
sad_098.mov,sad,high_resolution,envato_b3116463-bebb-406e-ac05-827f3df07426.mov,3840,2160,3840,2160,,high_resolution/sad/sad_098_1.jpg,high_resolution/sad/sad_098_2.jpg,DATASET_final_videos/high_resolution/sad/sad_098.mov,1-NgPYbQVUnGJw5v2irtcW67JHlfKMzdi
sad_099.mov,sad,high_resolution,envato_b852d1e9-20f7-4be3-8732-8f2e32ff490e.mov,1920,1080,1920,1080,,high_resolution/sad/sad_099_1.jpg,high_resolution/sad/sad_099_2.jpg,DATASET_final_videos/high_resolution/sad/sad_099.mov,1Yxe0N5ty6ktEpkkRsFhvcfXk4Uym6jvv
sad_100.mov,sad,high_resolution,envato_b88dc948-96e7-492b-a8ef-862879492824.mov,1920,1080,1920,1080,,high_resolution/sad/sad_100_1.jpg,high_resolution/sad/sad_100_2.jpg,DATASET_final_videos/high_resolution/sad/sad_100.mov,1kXncFggni8chxwcPUp8RKJ0I503EprIL
sad_101.mov,sad,high_resolution,envato_bffd0190-f724-47b3-97c1-271a25bd043b.mov,1920,1080,1920,1080,,high_resolution/sad/sad_101_1.jpg,high_resolution/sad/sad_101_2.jpg,DATASET_final_videos/high_resolution/sad/sad_101.mov,1qc3ZNeMngMQEQWzDW1aTqJDH5G0pt009
sad_102.mov,sad,high_resolution,envato_c0d51d1d-7f77-4c62-b19a-0b59b130275b.mov,3840,2160,3840,2160,,high_resolution/sad/sad_102_1.jpg,high_resolution/sad/sad_102_2.jpg,DATASET_final_videos/high_resolution/sad/sad_102.mov,1hWCGD10uxcR4mwYxtoc-p4GZ-xkddEog
sad_103.mov,sad,high_resolution,envato_c0f168ac-c508-4b15-9dba-a7f1b3873fd0.mov,1920,1080,1920,1080,,high_resolution/sad/sad_103_1.jpg,high_resolution/sad/sad_103_2.jpg,DATASET_final_videos/high_resolution/sad/sad_103.mov,1y6TOVh4tJOm2k4EwVjrn2KxK5Bk2uzxo
sad_104.mov,sad,high_resolution,envato_c3350d98-e608-449b-be93-5ce2d8e0c64b.mov,3840,2160,3840,2160,,high_resolution/sad/sad_104_1.jpg,high_resolution/sad/sad_104_2.jpg,DATASET_final_videos/high_resolution/sad/sad_104.mov,1S-2p2nbb1JNgG6dUtihdQAwJoWxB8-5k
sad_105.mov,sad,high_resolution,envato_c50a39c9-3934-425e-8ea3-92347a9704af.mov,3840,2160,3840,2160,,high_resolution/sad/sad_105_1.jpg,high_resolution/sad/sad_105_2.jpg,DATASET_final_videos/high_resolution/sad/sad_105.mov,1ZE-M9q9jVcjhdefT50UQKUgmQJEyNF-A
sad_106.mov,sad,high_resolution,envato_cbb4266d-aea1-4807-acce-ffd63b67051b.mov,3840,2160,3840,2160,,high_resolution/sad/sad_106_1.jpg,high_resolution/sad/sad_106_2.jpg,DATASET_final_videos/high_resolution/sad/sad_106.mov,1zoGYiDULYjROE4JPe_IXXxigH5PRcjIi
sad_107.mov,sad,high_resolution,envato_cce379e8-b88f-4601-a3f2-6656b28dad50.mov,1920,1080,1920,1080,,high_resolution/sad/sad_107_1.jpg,high_resolution/sad/sad_107_2.jpg,DATASET_final_videos/high_resolution/sad/sad_107.mov,1difY55ftD60SHl1P12pIc0gYVwNwGzsb
sad_108.mov,sad,high_resolution,envato_d0e3bc44-50de-446a-8985-9dac74b441d3.mov,3840,2160,3840,2160,,high_resolution/sad/sad_108_1.jpg,high_resolution/sad/sad_108_2.jpg,DATASET_final_videos/high_resolution/sad/sad_108.mov,1Znctf2GdNn06FDEZ7S1eIk4lEQfhW6q0
sad_109.mov,sad,high_resolution,envato_d61779e7-d4a4-40b8-8c2d-778b139dc6c1.mov,1920,1080,1920,1080,,high_resolution/sad/sad_109_1.jpg,high_resolution/sad/sad_109_2.jpg,DATASET_final_videos/high_resolution/sad/sad_109.mov,1hNkZBmh5xwL8kklIE1ELezD8zQC5SgGN
sad_110.mov,sad,high_resolution,envato_d6c137c7-42d0-45cb-9777-44a108e4eab4.mov,3840,2160,3840,2160,,high_resolution/sad/sad_110_1.jpg,,DATASET_final_videos/high_resolution/sad/sad_110.mov,1qTSLW5AJh5DGvwGvf43dj9zEr-cEeh8M
sad_111.mov,sad,high_resolution,envato_de27e6e1-8ae3-4afd-a47a-47124d7cde80.mov,3840,2160,3840,2160,,high_resolution/sad/sad_111_1.jpg,high_resolution/sad/sad_111_2.jpg,DATASET_final_videos/high_resolution/sad/sad_111.mov,1t27H69k5LGV2h6Q7h5ZMuYFwJYmbUisI
sad_112.mov,sad,high_resolution,envato_e0869fd5-b1ac-4c05-8f52-2c157d77eea2.mov,3840,2160,3840,2160,,high_resolution/sad/sad_112_1.jpg,high_resolution/sad/sad_112_2.jpg,DATASET_final_videos/high_resolution/sad/sad_112.mov,1B31a89jpNM6tePEThCfR0J0L1k2DnBXQ
sad_113.mov,sad,high_resolution,envato_e4098066-4ed3-4f37-95b6-f67617132c3d.mov,1920,1080,1920,1080,,high_resolution/sad/sad_113_1.jpg,high_resolution/sad/sad_113_2.jpg,DATASET_final_videos/high_resolution/sad/sad_113.mov,1ZMX-SU-za9bB_5VSrHknyLvKNF8UiN4f
sad_114.mov,sad,high_resolution,envato_e43089b3-4e15-400f-b30a-43449f6cca5d.mov,3840,2160,3840,2160,,high_resolution/sad/sad_114_1.jpg,high_resolution/sad/sad_114_2.jpg,DATASET_final_videos/high_resolution/sad/sad_114.mov,1YIGZ21U93_RY4bUKQx1TMwqMwOZdr8L9
sad_115.mov,sad,high_resolution,envato_e6978676-d6ba-4150-a88c-bc5b8e4f26ab.mov,2160,3840,2160,3840,,high_resolution/sad/sad_115_1.jpg,high_resolution/sad/sad_115_2.jpg,DATASET_final_videos/high_resolution/sad/sad_115.mov,1e5VOATVyTrXoFwIEFLXgb2ahZCbBanQf
sad_116.mov,sad,high_resolution,envato_ea33cf93-9fdb-47aa-8b90-adfa3e303c27.mov,1920,1080,1920,1080,,high_resolution/sad/sad_116_1.jpg,high_resolution/sad/sad_116_2.jpg,DATASET_final_videos/high_resolution/sad/sad_116.mov,13gHZROqT9_B4btPYh-9CufrF-TdPgvhR
sad_117.mov,sad,high_resolution,envato_ee93d174-0b4a-49c9-8604-2248d09f3e23.mov,3840,2160,3840,2160,,high_resolution/sad/sad_117_1.jpg,high_resolution/sad/sad_117_2.jpg,DATASET_final_videos/high_resolution/sad/sad_117.mov,1__H4Bp9fiPDfkkzrCiCflZffWUXhOw3d
sad_118.mov,sad,high_resolution,envato_f426bb96-9229-404a-a6f6-63e4cd869b7f.mov,1920,1080,1920,1080,,high_resolution/sad/sad_118_1.jpg,high_resolution/sad/sad_118_2.jpg,DATASET_final_videos/high_resolution/sad/sad_118.mov,10LXZjBXGPbeXgKnByuwFMQKmaP-rL7hD
sad_119.mov,sad,high_resolution,envato_f4886689-4710-459a-998e-0286445df2a1.mov,3840,2160,3840,2160,,high_resolution/sad/sad_119_1.jpg,high_resolution/sad/sad_119_2.jpg,DATASET_final_videos/high_resolution/sad/sad_119.mov,1hCOAMNZenXDIu_EEm5Kz-VKAB36-qvK5
sad_120.mov,sad,high_resolution,envato_f919f36c-9c18-4598-82dd-18140be4b539.mov,3840,2160,3840,2160,,high_resolution/sad/sad_120_1.jpg,high_resolution/sad/sad_120_2.jpg,DATASET_final_videos/high_resolution/sad/sad_120.mov,1RMinFTuwF1GutD4XfrARk8r9lweimkgy
sad_121.mov,sad,high_resolution,envato_f9381599-4512-47d4-b18e-38f065d8a62f.mov,1920,1080,1920,1080,,high_resolution/sad/sad_121_1.jpg,high_resolution/sad/sad_121_2.jpg,DATASET_final_videos/high_resolution/sad/sad_121.mov,1awBY28ozn994hwop_1V5YrNprKHl-SM4
sad_122.mov,sad,high_resolution,envato_f9d80545-99b8-4af5-adb3-c3150470b0be.mov,1920,1080,1920,1080,,high_resolution/sad/sad_122_1.jpg,high_resolution/sad/sad_122_2.jpg,DATASET_final_videos/high_resolution/sad/sad_122.mov,16nesomRsx7n9RR_-kGMqUj2WoA6-FiPx
sad_123.mov,sad,high_resolution,envato_fab7f185-0a0c-4829-a037-8b256dd3a449.mov,1920,1080,1920,1080,,high_resolution/sad/sad_123_1.jpg,high_resolution/sad/sad_123_2.jpg,DATASET_final_videos/high_resolution/sad/sad_123.mov,1xCleolOUV7LoFzsnTNJ2yhQpY75mrUk4
sad_124.mov,sad,high_resolution,envato_fc2bf9c5-bc37-41b0-b75d-2b0e93e32c20.mov,3840,2160,3840,2160,,high_resolution/sad/sad_124_1.jpg,high_resolution/sad/sad_124_2.jpg,DATASET_final_videos/high_resolution/sad/sad_124.mov,1zn-gpONf-aX8hwhQYgvhiJ0yPNj60TQ7
sad_125.mov,sad,high_resolution,envato_fd0a51d6-0d46-4377-b8d2-17aec0fa8555.mov,1920,1080,1920,1080,,high_resolution/sad/sad_125_1.jpg,high_resolution/sad/sad_125_2.jpg,DATASET_final_videos/high_resolution/sad/sad_125.mov,1dO4TWggvzx-3KYhIdf4ZfWVFTmOLeuN5
sad_126.mov,sad,high_resolution,envato_fd9192da-cd81-4323-887e-a2a1fe678f02.mov,1080,1920,1080,1920,,high_resolution/sad/sad_126_1.jpg,high_resolution/sad/sad_126_2.jpg,DATASET_final_videos/high_resolution/sad/sad_126.mov,1iXa__2k2dq-8JNA7eoxTdiOzXY1IHgZP
sad_127.mp4,sad,low_resolution,f22d385593fdebaffeee13dd4295f901,576,1024,576,1024,,low_resolution/sad/sad_127_1.jpg,low_resolution/sad/sad_127_2.jpg,DATASET_final_videos/low_resolution/sad/sad_127.mp4,18y7KFBmhLdJ2mMuXgQaRiAMkMLPc1Vxy
sad_128.mp4,sad,low_resolution,magnific-2866211,426,240,426,240,,low_resolution/sad/sad_128_1.jpg,low_resolution/sad/sad_128_2.jpg,DATASET_final_videos/low_resolution/sad/sad_128.mp4,1jTDc9ayQlvuDg1nZeOO79cMEd62InTv-
sad_129.mp4,sad,low_resolution,magnific-2866402,426,240,426,172,topbottom,low_resolution/sad/sad_129_1.jpg,low_resolution/sad/sad_129_2.jpg,DATASET_final_videos/low_resolution/sad/sad_129.mp4,1hLHfSqnVJTs1Eolj37gXyYzaHKjc6LSR
sad_130.mp4,sad,low_resolution,magnific-479083,454,240,454,240,,low_resolution/sad/sad_130_1.jpg,low_resolution/sad/sad_130_2.jpg,DATASET_final_videos/low_resolution/sad/sad_130.mp4,1D5Z-xO_rViUWVHc9-LMn0KB3AodRF9oT
sad_131.mp4,sad,high_resolution,mixkit-24978__petting-a-labrador,1280,720,1280,720,,high_resolution/sad/sad_131_1.jpg,high_resolution/sad/sad_131_2.jpg,DATASET_final_videos/high_resolution/sad/sad_131.mp4,1elM_0EyZ078YHG_tHK9Z3xQ7b46QSTSQ
sad_132.mp4,sad,high_resolution,mixkit-33018__sad-and-hungry-dog-lost-under-rain,1280,720,1280,720,,high_resolution/sad/sad_132_1.jpg,high_resolution/sad/sad_132_2.jpg,DATASET_final_videos/high_resolution/sad/sad_132.mp4,17C84ekyKDewnXEJ7dspRl6lq0ILJMlIi
sad_133.mp4,sad,high_resolution,mixkit-33163__little-white-puppy-bull-terrier,1280,720,1280,720,,high_resolution/sad/sad_133_1.jpg,high_resolution/sad/sad_133_2.jpg,DATASET_final_videos/high_resolution/sad/sad_133.mp4,1nFSUhZJSqU_FN0o5ESUK6rSFuymKWtAR
sad_134.mp4,sad,high_resolution,mixkit-47444__dog-behind-bar-gate-howling,1280,720,1280,720,,high_resolution/sad/sad_134_1.jpg,high_resolution/sad/sad_134_2.jpg,DATASET_final_videos/high_resolution/sad/sad_134.mp4,1n-37j5EoFOzbreEORVjz-b-BDlcczaQS
sad_135.mp4,sad,high_resolution,mixkit-50657__a-blue-eyed-border-collie-licks-his-muzzle,1280,720,1280,720,,high_resolution/sad/sad_135_1.jpg,high_resolution/sad/sad_135_2.jpg,DATASET_final_videos/high_resolution/sad/sad_135.mp4,1LATZ6omIpTDa1P3VbeP1fWL_YT76a_-z
sad_136.mp4,sad,high_resolution,mixkit-50665__a-young-pitbull-canine-sitting-on-the-ground-patiently-listens,1280,720,1280,720,,high_resolution/sad/sad_136_1.jpg,high_resolution/sad/sad_136_2.jpg,DATASET_final_videos/high_resolution/sad/sad_136.mp4,1blZ5XrjkMDak7erffYR5ppnG9vpNmDee
sad_137.mp4,sad,high_resolution,mixkit-50666__a-brown-pitbull-canine-panting,1280,720,1280,720,,high_resolution/sad/sad_137_1.jpg,high_resolution/sad/sad_137_2.jpg,DATASET_final_videos/high_resolution/sad/sad_137.mp4,1zVeOOhFiB8PPJK_d9mPtZXTo83B8eGOj
sad_138.mp4,sad,high_resolution,mixkit-6400__woman-taking-a-selfie-with-her-dog,1280,720,1280,720,,high_resolution/sad/sad_138_1.jpg,high_resolution/sad/sad_138_2.jpg,DATASET_final_videos/high_resolution/sad/sad_138.mp4,1XaVQ4FF514U7PyGnlt85rdVolJwFlmoE
sad_139.mp4,sad,high_resolution,o8zoo0FJkUY_82800_0051.mp4,1280,720,1280,720,,high_resolution/sad/sad_139_1.jpg,high_resolution/sad/sad_139_2.jpg,DATASET_final_videos/high_resolution/sad/sad_139.mp4,1lWI58olIAfUQLJrEfWJVa-se1SF-u-GJ
sad_140.mp4,sad,high_resolution,o8zoo0FJkUY_82800_0057.mp4,1280,720,1280,720,,high_resolution/sad/sad_140_1.jpg,high_resolution/sad/sad_140_2.jpg,DATASET_final_videos/high_resolution/sad/sad_140.mp4,1FoWRdSdh5Ti9GnkRCd_YLbv_Q5_hGG6o
sad_141.mp4,sad,high_resolution,o8zoo0FJkUY_82800_0067.mp4,1280,720,1280,720,,high_resolution/sad/sad_141_1.jpg,high_resolution/sad/sad_141_2.jpg,DATASET_final_videos/high_resolution/sad/sad_141.mp4,1e-twXUjZmt1XesSxfUBLdx6CbUzOfveb
sad_142.mp4,sad,high_resolution,o8zoo0FJkUY_84600_0005.mp4,1280,720,1280,720,,high_resolution/sad/sad_142_1.jpg,high_resolution/sad/sad_142_2.jpg,DATASET_final_videos/high_resolution/sad/sad_142.mp4,1Et7wI2MfHKpG1miG7KYK8K-A1cQeUpK_
sad_143.mp4,sad,high_resolution,o8zoo0FJkUY_84600_0024.mp4,1280,720,1280,720,,high_resolution/sad/sad_143_1.jpg,high_resolution/sad/sad_143_2.jpg,DATASET_final_videos/high_resolution/sad/sad_143.mp4,1CO4nMej2TGLOucts0Q-fTiW2RfUnWXj2
sad_144.mp4,sad,high_resolution,pexels_11487568.mp4,1280,720,1280,720,,high_resolution/sad/sad_144_1.jpg,high_resolution/sad/sad_144_2.jpg,DATASET_final_videos/high_resolution/sad/sad_144.mp4,1Q9zayjXik_Wv_7u1g5Aq3c2gSC54fzZi
sad_145.mp4,sad,high_resolution,pexels_12269635.mp4,1280,720,1280,720,,high_resolution/sad/sad_145_1.jpg,,DATASET_final_videos/high_resolution/sad/sad_145.mp4,14YEkFsX9ZZi5bL16FFZy8tSKL_law2yh
sad_146.mp4,sad,high_resolution,pexels_14045303.mp4,1280,720,1280,720,,high_resolution/sad/sad_146_1.jpg,high_resolution/sad/sad_146_2.jpg,DATASET_final_videos/high_resolution/sad/sad_146.mp4,1a5AAKitWdFJAFF16s_Gb4SLZ6sKJTYRA
sad_147.mp4,sad,high_resolution,pexels_15387173.mp4,1280,720,1280,720,,high_resolution/sad/sad_147_1.jpg,high_resolution/sad/sad_147_2.jpg,DATASET_final_videos/high_resolution/sad/sad_147.mp4,1la8puGncZIY62fG5eo2u7jEuUCaNSpHi
sad_148.mp4,sad,high_resolution,pexels_16967292.mp4,1280,720,1280,720,,high_resolution/sad/sad_148_1.jpg,high_resolution/sad/sad_148_2.jpg,DATASET_final_videos/high_resolution/sad/sad_148.mp4,1FgJTgnzEcIBNgtNNb4bvHWOq-YVub8Jh
sad_149.mp4,sad,high_resolution,pexels_17120604.mp4,1280,720,1280,720,,high_resolution/sad/sad_149_1.jpg,high_resolution/sad/sad_149_2.jpg,DATASET_final_videos/high_resolution/sad/sad_149.mp4,1s3UtkBPWqOp8z9DAu4PKRivaJ1_n0rv2
sad_150.mp4,sad,high_resolution,pexels_17898552.mp4,1280,720,1280,720,,high_resolution/sad/sad_150_1.jpg,high_resolution/sad/sad_150_2.jpg,DATASET_final_videos/high_resolution/sad/sad_150.mp4,1f374hf-KJ7qZG1MvRtUxItTgS92SQ6Pj
sad_151.mp4,sad,high_resolution,pexels_17992189.mp4,1440,2560,1440,2560,,high_resolution/sad/sad_151_1.jpg,high_resolution/sad/sad_151_2.jpg,DATASET_final_videos/high_resolution/sad/sad_151.mp4,1YIOSxkGh4mPenwCcY2TNKreq-z2u0_hN
sad_152.mp4,sad,high_resolution,pexels_18238489.mp4,1080,1920,1080,1920,,high_resolution/sad/sad_152_1.jpg,high_resolution/sad/sad_152_2.jpg,DATASET_final_videos/high_resolution/sad/sad_152.mp4,1Ve3r9SXS8ytkRQQ6IauVqEEbkbvZmGuZ
sad_153.mp4,sad,high_resolution,pexels_18492963.mp4,1280,720,1280,720,,high_resolution/sad/sad_153_1.jpg,high_resolution/sad/sad_153_2.jpg,DATASET_final_videos/high_resolution/sad/sad_153.mp4,1iOrGyl70lj-T-fVR9_G8qCCvgGy270bF
sad_154.mp4,sad,high_resolution,pexels_1851002.mp4,1280,720,1280,720,,high_resolution/sad/sad_154_1.jpg,high_resolution/sad/sad_154_2.jpg,DATASET_final_videos/high_resolution/sad/sad_154.mp4,1bi3jSqH-ocm-kheggWsYoCwU_Yrx9RBe
sad_155.mp4,sad,high_resolution,pexels_19782939.mp4,1280,720,1280,720,,high_resolution/sad/sad_155_1.jpg,high_resolution/sad/sad_155_2.jpg,DATASET_final_videos/high_resolution/sad/sad_155.mp4,18_oSXZz3Ml9_VeumKFMLpkSRFSav3iZP
sad_156.mp4,sad,high_resolution,pexels_26871287.mp4,1080,1920,1080,1920,,high_resolution/sad/sad_156_1.jpg,high_resolution/sad/sad_156_2.jpg,DATASET_final_videos/high_resolution/sad/sad_156.mp4,1wkXv6xe4oEiTb_VQ3kV2NwMIaboHQHF5
sad_157.mp4,sad,high_resolution,pexels_27730129.mp4,1440,2560,1440,2560,,high_resolution/sad/sad_157_1.jpg,high_resolution/sad/sad_157_2.jpg,DATASET_final_videos/high_resolution/sad/sad_157.mp4,1HVSefWwneKlC3BU4INeZan7ShGT8AasH
sad_158.mp4,sad,high_resolution,pexels_27948696.mp4,1280,720,1280,720,,high_resolution/sad/sad_158_1.jpg,high_resolution/sad/sad_158_2.jpg,DATASET_final_videos/high_resolution/sad/sad_158.mp4,1x92qPifhF3ZMVHo2t7vrd43TOMx8-wGk
sad_159.mp4,sad,high_resolution,pexels_28283812.mp4,1440,2560,1440,2560,,high_resolution/sad/sad_159_1.jpg,high_resolution/sad/sad_159_2.jpg,DATASET_final_videos/high_resolution/sad/sad_159.mp4,1jWMvTpHlYRKIEJrw83yMENqnNomgf-Yb
sad_160.mp4,sad,high_resolution,pexels_28638676.mp4,1280,720,1280,720,,high_resolution/sad/sad_160_1.jpg,high_resolution/sad/sad_160_2.jpg,DATASET_final_videos/high_resolution/sad/sad_160.mp4,1azmgXbtpq7iJXPiW3TpjiPS1U7O_PU6b
sad_161.mp4,sad,high_resolution,pexels_28913553.mp4,1280,720,1280,720,,high_resolution/sad/sad_161_1.jpg,high_resolution/sad/sad_161_2.jpg,DATASET_final_videos/high_resolution/sad/sad_161.mp4,1Ard2l3iOzkARN6vqK7ggTZjopDGiB61h
sad_162.mp4,sad,high_resolution,pexels_29085785.mp4,1280,720,1280,720,,high_resolution/sad/sad_162_1.jpg,high_resolution/sad/sad_162_2.jpg,DATASET_final_videos/high_resolution/sad/sad_162.mp4,1K5YadHwVxKtNqKlTcXtFhDi5HtBr4fhY
sad_163.mp4,sad,high_resolution,pexels_30797057.mp4,1280,720,1280,720,,high_resolution/sad/sad_163_1.jpg,high_resolution/sad/sad_163_2.jpg,DATASET_final_videos/high_resolution/sad/sad_163.mp4,1k_3dNUQ6QCfx1UJwcASBflyaMTOwuFuI
sad_164.mp4,sad,high_resolution,pexels_30797059.mp4,1280,720,1280,720,,high_resolution/sad/sad_164_1.jpg,high_resolution/sad/sad_164_2.jpg,DATASET_final_videos/high_resolution/sad/sad_164.mp4,1K-VExxBQEFrH8YoldGi6v3F1rLNDhKhB
sad_165.mp4,sad,high_resolution,pexels_31440792.mp4,1280,720,1280,720,,high_resolution/sad/sad_165_1.jpg,high_resolution/sad/sad_165_2.jpg,DATASET_final_videos/high_resolution/sad/sad_165.mp4,1V2EsDeENRwt8f4YJ3EGSIvJZ0wYhYwNC
sad_166.mp4,sad,high_resolution,pexels_31916188.mp4,1440,2560,1440,2560,,high_resolution/sad/sad_166_1.jpg,high_resolution/sad/sad_166_2.jpg,DATASET_final_videos/high_resolution/sad/sad_166.mp4,1ynVZ1df-6A0_BG8wtZ7kz7Nj7_krl8xL
sad_167.mp4,sad,high_resolution,pexels_31916200.mp4,1280,720,1280,720,,high_resolution/sad/sad_167_1.jpg,high_resolution/sad/sad_167_2.jpg,DATASET_final_videos/high_resolution/sad/sad_167.mp4,1HI-YBVfDCVUKJbZR8DoZVrap5UEJJAAj
sad_168.mp4,sad,high_resolution,pexels_32072820.mp4,1280,720,1280,720,,high_resolution/sad/sad_168_1.jpg,high_resolution/sad/sad_168_2.jpg,DATASET_final_videos/high_resolution/sad/sad_168.mp4,186N0a4FZy4H236gn9TfiSRZr7I4yWI32
sad_169.mp4,sad,high_resolution,pexels_32908860.mp4,1280,720,1280,720,,high_resolution/sad/sad_169_1.jpg,high_resolution/sad/sad_169_2.jpg,DATASET_final_videos/high_resolution/sad/sad_169.mp4,1zLEa9iZRx4y_-5347abzKpOzDRgbnR0_
sad_170.mp4,sad,high_resolution,pexels_33070924.mp4,1280,720,1280,720,,high_resolution/sad/sad_170_1.jpg,high_resolution/sad/sad_170_2.jpg,DATASET_final_videos/high_resolution/sad/sad_170.mp4,1z7Q_v_LUewM7fE29BYWykO0yKWJsdsr6
sad_171.mp4,sad,high_resolution,pexels_33131112.mp4,1280,720,1280,720,,high_resolution/sad/sad_171_1.jpg,high_resolution/sad/sad_171_2.jpg,DATASET_final_videos/high_resolution/sad/sad_171.mp4,1Jr9j5xmq764-XRFPUxCxXi76Kh0kr5L5
sad_172.mp4,sad,high_resolution,pexels_34310223.mp4,1280,720,1280,720,,high_resolution/sad/sad_172_1.jpg,high_resolution/sad/sad_172_2.jpg,DATASET_final_videos/high_resolution/sad/sad_172.mp4,1Tew9E36_yotCjOTOk7XmWgjAwY1f-U50
sad_173.mp4,sad,high_resolution,pexels_34478393.mp4,1440,2560,1440,2560,,high_resolution/sad/sad_173_1.jpg,high_resolution/sad/sad_173_2.jpg,DATASET_final_videos/high_resolution/sad/sad_173.mp4,1m7p-hDmrJi_knVmNxJoPmG9ls-4wzNuz
sad_174.mp4,sad,high_resolution,pexels_34576579.mp4,1280,720,1280,720,,high_resolution/sad/sad_174_1.jpg,high_resolution/sad/sad_174_2.jpg,DATASET_final_videos/high_resolution/sad/sad_174.mp4,1voGzWIbhQDKavqKRjnXhqhFm7xr35xgw
sad_175.mp4,sad,high_resolution,pexels_34610920.mp4,1280,720,1280,720,,high_resolution/sad/sad_175_1.jpg,high_resolution/sad/sad_175_2.jpg,DATASET_final_videos/high_resolution/sad/sad_175.mp4,1mKN8xRNDdDg-AuwXDo0arzNdYmO2GYT6
sad_176.mp4,sad,high_resolution,pexels_34958838.mp4,1280,720,1280,720,,high_resolution/sad/sad_176_1.jpg,high_resolution/sad/sad_176_2.jpg,DATASET_final_videos/high_resolution/sad/sad_176.mp4,11FqenfN9FYX9HeRM4i1uWhiq3ClXy9ED
sad_177.mp4,sad,high_resolution,pexels_34989180.mp4,1440,2560,1440,2560,,high_resolution/sad/sad_177_1.jpg,high_resolution/sad/sad_177_2.jpg,DATASET_final_videos/high_resolution/sad/sad_177.mp4,1mUCvH0IDgX53cUR0vlV4cRedy9o_yu5l
sad_178.mp4,sad,high_resolution,pexels_35170845.mp4,1440,2560,1440,2560,,high_resolution/sad/sad_178_1.jpg,high_resolution/sad/sad_178_2.jpg,DATASET_final_videos/high_resolution/sad/sad_178.mp4,11hl3hAYeraI3G1Qvgw4cbRKKbQUuQWes
sad_179.mp4,sad,high_resolution,pexels_35289394.mp4,1440,2560,1440,2560,,high_resolution/sad/sad_179_1.jpg,high_resolution/sad/sad_179_2.jpg,DATASET_final_videos/high_resolution/sad/sad_179.mp4,1POm-q0nsRyW6TrWTFaGunHR6v2Bl74gh
sad_180.mp4,sad,high_resolution,pexels_35309122.mp4,1440,2560,1440,2560,,high_resolution/sad/sad_180_1.jpg,high_resolution/sad/sad_180_2.jpg,DATASET_final_videos/high_resolution/sad/sad_180.mp4,1-BWCkB_3xOjzxwgVJvQuc9_0WvvkmzPz
sad_181.mp4,sad,high_resolution,pexels_35374347.mp4,1440,2560,1440,2560,,high_resolution/sad/sad_181_1.jpg,high_resolution/sad/sad_181_2.jpg,DATASET_final_videos/high_resolution/sad/sad_181.mp4,1Om5MvxYthmIgh9x5lLd2CYYcziGcOoTx
sad_182.mp4,sad,high_resolution,pexels_35605512.mp4,1440,2560,1440,2560,,high_resolution/sad/sad_182_1.jpg,high_resolution/sad/sad_182_2.jpg,DATASET_final_videos/high_resolution/sad/sad_182.mp4,101L7G4qs3RBTGUbUqR8qMd9QebZH4AoA
sad_183.mp4,sad,high_resolution,pexels_35605517.mp4,1440,2560,1440,2560,,high_resolution/sad/sad_183_1.jpg,high_resolution/sad/sad_183_2.jpg,DATASET_final_videos/high_resolution/sad/sad_183.mp4,1FwGZpYcg49jwhKidIdLw6XwHg_u5SJHr
sad_184.mp4,sad,high_resolution,pexels_35605521.mp4,1440,2560,1440,2560,,high_resolution/sad/sad_184_1.jpg,high_resolution/sad/sad_184_2.jpg,DATASET_final_videos/high_resolution/sad/sad_184.mp4,1qlNcZSL8lx_D-aTRC97Tf1DaZaHzRTmk
sad_185.mp4,sad,high_resolution,pexels_35605523.mp4,1440,2560,1440,2560,,high_resolution/sad/sad_185_1.jpg,high_resolution/sad/sad_185_2.jpg,DATASET_final_videos/high_resolution/sad/sad_185.mp4,16HuKEvwMH-2FyrSDTLIE4umkUc9hDSMM
sad_186.mp4,sad,high_resolution,pexels_35605524.mp4,1280,720,1280,720,,high_resolution/sad/sad_186_1.jpg,high_resolution/sad/sad_186_2.jpg,DATASET_final_videos/high_resolution/sad/sad_186.mp4,1PKlO0b8lVqpUaIs45DcdwxUgb_pg_xdM
sad_187.mp4,sad,high_resolution,pexels_35605527.mp4,1440,2560,1440,2560,,high_resolution/sad/sad_187_1.jpg,high_resolution/sad/sad_187_2.jpg,DATASET_final_videos/high_resolution/sad/sad_187.mp4,1XxICp_fFMFR9tpm3Mex8v33cf6fWoPlG
sad_188.mp4,sad,high_resolution,pexels_35605536.mp4,1440,2560,1440,2560,,high_resolution/sad/sad_188_1.jpg,high_resolution/sad/sad_188_2.jpg,DATASET_final_videos/high_resolution/sad/sad_188.mp4,1-NroYPIyuOcSHJm1AGKgVhge-X48ukWV
sad_189.mp4,sad,high_resolution,pexels_35672639.mp4,1080,1920,1080,1920,,high_resolution/sad/sad_189_1.jpg,high_resolution/sad/sad_189_2.jpg,DATASET_final_videos/high_resolution/sad/sad_189.mp4,1E3VTMGmQIxy7tHzkcRSVxYCeTG-HGjyB
sad_190.mp4,sad,high_resolution,pexels_35721740.mp4,1280,720,1280,720,,high_resolution/sad/sad_190_1.jpg,high_resolution/sad/sad_190_2.jpg,DATASET_final_videos/high_resolution/sad/sad_190.mp4,1jkxjWB7k2uY34tKHvl6VzvlG_afQU65G
sad_191.mp4,sad,high_resolution,pexels_36040924.mp4,1440,2560,1440,2560,,high_resolution/sad/sad_191_1.jpg,high_resolution/sad/sad_191_2.jpg,DATASET_final_videos/high_resolution/sad/sad_191.mp4,1WiDT7lFZoYU9QiBxlNtpCBqao01DdQNY
sad_192.mp4,sad,high_resolution,pexels_36040927.mp4,1440,2560,1440,2560,,high_resolution/sad/sad_192_1.jpg,high_resolution/sad/sad_192_2.jpg,DATASET_final_videos/high_resolution/sad/sad_192.mp4,1eQ32_6KmJBRnZ8YwDAebBmUa1jIXTfJA
sad_193.mp4,sad,high_resolution,pexels_36040937.mp4,1440,2560,1440,2560,,high_resolution/sad/sad_193_1.jpg,high_resolution/sad/sad_193_2.jpg,DATASET_final_videos/high_resolution/sad/sad_193.mp4,1oLVm8Yy436FY5XgnU6ffBNiGPZYOPrnU
sad_194.mp4,sad,high_resolution,pexels_36040947.mp4,1440,2560,1440,2560,,high_resolution/sad/sad_194_1.jpg,high_resolution/sad/sad_194_2.jpg,DATASET_final_videos/high_resolution/sad/sad_194.mp4,1Wr7SS9pPsWhOUxPGTpA3OskwgGpXSXiP
sad_195.mp4,sad,high_resolution,pexels_36040948.mp4,1440,2560,1440,2560,,high_resolution/sad/sad_195_1.jpg,high_resolution/sad/sad_195_2.jpg,DATASET_final_videos/high_resolution/sad/sad_195.mp4,1d-fviU0KmZd5Ifx7enIwFlfD_rU_XtT_
sad_196.mp4,sad,high_resolution,pexels_36040949.mp4,1440,2560,1440,2560,,high_resolution/sad/sad_196_1.jpg,high_resolution/sad/sad_196_2.jpg,DATASET_final_videos/high_resolution/sad/sad_196.mp4,17vbCG18nUCX2S-u8ezwNHqmGxGy9ULod
sad_197.mp4,sad,high_resolution,pexels_36040956.mp4,1440,2560,1440,2560,,high_resolution/sad/sad_197_1.jpg,high_resolution/sad/sad_197_2.jpg,DATASET_final_videos/high_resolution/sad/sad_197.mp4,1adTGWRleJXQJHrI8pjO9CqPYTmTamAaM
sad_198.mp4,sad,high_resolution,pexels_36330646.mp4,1280,720,1280,720,,high_resolution/sad/sad_198_1.jpg,high_resolution/sad/sad_198_2.jpg,DATASET_final_videos/high_resolution/sad/sad_198.mp4,1bgoJvtkqbeoErAkMYfaJazqsrkfhWKlB
sad_199.mp4,sad,high_resolution,pexels_36330649.mp4,1280,720,1280,720,,high_resolution/sad/sad_199_1.jpg,high_resolution/sad/sad_199_2.jpg,DATASET_final_videos/high_resolution/sad/sad_199.mp4,1Sl67StDjm3e61NfV581IY4hOangIWx9F
sad_200.mp4,sad,high_resolution,pexels_37166342.mp4,1280,720,1280,720,,high_resolution/sad/sad_200_1.jpg,high_resolution/sad/sad_200_2.jpg,DATASET_final_videos/high_resolution/sad/sad_200.mp4,12optKiQ40hmH9vA3O1_jgZW_0aQ5IVHs
sad_201.mp4,sad,high_resolution,pexels_37215876.mp4,1280,720,1280,720,,high_resolution/sad/sad_201_1.jpg,high_resolution/sad/sad_201_2.jpg,DATASET_final_videos/high_resolution/sad/sad_201.mp4,1-7yWbmSSTs3kVIutoGV_8Vj5oqIvdCFN
sad_202.mp4,sad,high_resolution,pexels_37225670.mp4,1440,2616,1440,2616,,high_resolution/sad/sad_202_1.jpg,high_resolution/sad/sad_202_2.jpg,DATASET_final_videos/high_resolution/sad/sad_202.mp4,13ANSlGx1ppNGptpRYwBHe8N0Tu1iccps
sad_203.mp4,sad,high_resolution,pexels_38501314.mp4,1280,720,1280,720,,high_resolution/sad/sad_203_1.jpg,high_resolution/sad/sad_203_2.jpg,DATASET_final_videos/high_resolution/sad/sad_203.mp4,1qSg4BdCmBtZwzxg1h4OXKPiekpKn7LuA
sad_204.mp4,sad,high_resolution,pexels_38610367.mp4,1080,1920,1080,1920,,high_resolution/sad/sad_204_1.jpg,high_resolution/sad/sad_204_2.jpg,DATASET_final_videos/high_resolution/sad/sad_204.mp4,1VVAmufpNjMhg6VOgfKcY_stnTkW3abML
sad_205.mp4,sad,high_resolution,pexels_39021968.mp4,1440,2560,1440,2560,,high_resolution/sad/sad_205_1.jpg,high_resolution/sad/sad_205_2.jpg,DATASET_final_videos/high_resolution/sad/sad_205.mp4,1x9Wcyvxy3WbkYOCREDytQWy4EO8M1Crl
sad_206.mp4,sad,high_resolution,pexels_4083065.mp4,1280,720,1280,720,,high_resolution/sad/sad_206_1.jpg,high_resolution/sad/sad_206_2.jpg,DATASET_final_videos/high_resolution/sad/sad_206.mp4,1TGblokTGz2Snh5CB5BAmnV-8nfWw86QR
sad_207.mp4,sad,high_resolution,pexels_4114412.mp4,1280,720,1280,720,,high_resolution/sad/sad_207_1.jpg,high_resolution/sad/sad_207_2.jpg,DATASET_final_videos/high_resolution/sad/sad_207.mp4,1OXziCfn6e_DV5TQzQs89sSg7kdZhnbfq
sad_208.mp4,sad,high_resolution,pexels_4582453.mp4,1280,720,1280,720,,high_resolution/sad/sad_208_1.jpg,high_resolution/sad/sad_208_2.jpg,DATASET_final_videos/high_resolution/sad/sad_208.mp4,1vQcd7e7WzEBaASEx6CrQdoAyPWbInS0l
sad_209.mp4,sad,high_resolution,pexels_4870186.mp4,1280,720,1280,720,,high_resolution/sad/sad_209_1.jpg,high_resolution/sad/sad_209_2.jpg,DATASET_final_videos/high_resolution/sad/sad_209.mp4,1NIlJyFQykw5umzoz7UC408Y7S4BqIWS9
sad_210.mp4,sad,high_resolution,pexels_4979849.mp4,1280,720,1280,720,,high_resolution/sad/sad_210_1.jpg,high_resolution/sad/sad_210_2.jpg,DATASET_final_videos/high_resolution/sad/sad_210.mp4,1wRHIx_50s62w4Ec6TiVMd_bFQW_BxdNO
sad_211.mp4,sad,high_resolution,pexels_5109700.mp4,1280,720,1280,720,,high_resolution/sad/sad_211_1.jpg,high_resolution/sad/sad_211_2.jpg,DATASET_final_videos/high_resolution/sad/sad_211.mp4,1uOfGkAmCYT64sCVAqw5MQMLPslzpxshn
sad_212.mp4,sad,low_resolution,pexels_5359586.mp4,1366,576,1366,576,,low_resolution/sad/sad_212_1.jpg,low_resolution/sad/sad_212_2.jpg,DATASET_final_videos/low_resolution/sad/sad_212.mp4,1BkzGhLHOKv-DoQpULzgibww9J6d50vED
sad_213.mp4,sad,high_resolution,pexels_5720952.mp4,1366,720,1366,720,,high_resolution/sad/sad_213_1.jpg,high_resolution/sad/sad_213_2.jpg,DATASET_final_videos/high_resolution/sad/sad_213.mp4,1FqxwXIegt4dHb0I6l4Krykh22Tj5f4uI
sad_214.mp4,sad,high_resolution,pexels_5751503.mp4,1366,720,1366,720,,high_resolution/sad/sad_214_1.jpg,high_resolution/sad/sad_214_2.jpg,DATASET_final_videos/high_resolution/sad/sad_214.mp4,1CqRwzpYnNlyJ7GSKMJ5OHpIhj5gVo9wz
sad_215.mp4,sad,high_resolution,pexels_6399899.mp4,1280,720,1280,720,,high_resolution/sad/sad_215_1.jpg,high_resolution/sad/sad_215_2.jpg,DATASET_final_videos/high_resolution/sad/sad_215.mp4,1n0XhStuGZmFI91ZlQJjLVXdFNRvOsr8j
sad_216.mp4,sad,high_resolution,pexels_6498485.mp4,1280,720,1280,720,,high_resolution/sad/sad_216_1.jpg,high_resolution/sad/sad_216_2.jpg,DATASET_final_videos/high_resolution/sad/sad_216.mp4,1g4dbUFexOqGIJC-9UTmdC1FYdwfJf8_c
sad_217.mp4,sad,high_resolution,pexels_6568506.mp4,1366,720,1366,720,,high_resolution/sad/sad_217_1.jpg,high_resolution/sad/sad_217_2.jpg,DATASET_final_videos/high_resolution/sad/sad_217.mp4,1nz-c1cn9orYeQsTFAq56njYEJNi3kXFL
sad_218.mp4,sad,high_resolution,pexels_6568968.mp4,1440,2732,1440,2732,,high_resolution/sad/sad_218_1.jpg,high_resolution/sad/sad_218_2.jpg,DATASET_final_videos/high_resolution/sad/sad_218.mp4,1dBU7VzQcHAexwEv4nzQdFIWkMGk3Kitm
sad_219.mp4,sad,high_resolution,pexels_6651491.mp4,1280,720,1280,720,,high_resolution/sad/sad_219_1.jpg,high_resolution/sad/sad_219_2.jpg,DATASET_final_videos/high_resolution/sad/sad_219.mp4,1ccYhpCJ6NqLWyWLv7X-BAk7XGD6W_OmE
sad_220.mp4,sad,high_resolution,pexels_6651497.mp4,1280,720,1280,720,,high_resolution/sad/sad_220_1.jpg,high_resolution/sad/sad_220_2.jpg,DATASET_final_videos/high_resolution/sad/sad_220.mp4,13s0r5NjCCKMP6y4MIaCeZmjUR-aFcAtM
sad_221.mp4,sad,high_resolution,pexels_6651618.mp4,1440,2560,1440,2560,,high_resolution/sad/sad_221_1.jpg,high_resolution/sad/sad_221_2.jpg,DATASET_final_videos/high_resolution/sad/sad_221.mp4,1ISowzQhDehRi-bPWL6AMw89XZnx719TM
sad_222.mp4,sad,high_resolution,pexels_7189586.mp4,1440,2560,1440,2560,,high_resolution/sad/sad_222_1.jpg,high_resolution/sad/sad_222_2.jpg,DATASET_final_videos/high_resolution/sad/sad_222.mp4,1-hVh8vGtcke5wXGK_DaGkyoMyVQLxhF_
sad_223.mp4,sad,high_resolution,pexels_7279139.mp4,1440,2560,1440,2560,,high_resolution/sad/sad_223_1.jpg,high_resolution/sad/sad_223_2.jpg,DATASET_final_videos/high_resolution/sad/sad_223.mp4,1BgMcIRcZdtymLa1ZQU4-SBgVIwRivCwl
sad_224.mp4,sad,low_resolution,pexels_7437718.mp4,1366,658,1366,658,,low_resolution/sad/sad_224_1.jpg,low_resolution/sad/sad_224_2.jpg,DATASET_final_videos/low_resolution/sad/sad_224.mp4,1Zr5MDaXRzMhXt3vtlGdMAsLx-bWtuIx8
sad_225.mp4,sad,high_resolution,pexels_7682538.mp4,1280,720,1280,720,,high_resolution/sad/sad_225_1.jpg,high_resolution/sad/sad_225_2.jpg,DATASET_final_videos/high_resolution/sad/sad_225.mp4,1XDwSDWuCGeZwEnOYuM8UJx9MKhUZJqOV
sad_226.mp4,sad,high_resolution,pexels_7682691.mp4,1280,720,1280,720,,high_resolution/sad/sad_226_1.jpg,high_resolution/sad/sad_226_2.jpg,DATASET_final_videos/high_resolution/sad/sad_226.mp4,1q8o2Hh0bttzcAv_RB93txe8HN6Gm412j
sad_227.mp4,sad,high_resolution,pexels_7682692.mp4,1280,720,1280,720,,high_resolution/sad/sad_227_1.jpg,high_resolution/sad/sad_227_2.jpg,DATASET_final_videos/high_resolution/sad/sad_227.mp4,1aMGvq2l73oJIgMXw41j42hPUwOR1gdsv
sad_228.mp4,sad,high_resolution,pexels_7682694.mp4,1280,720,1280,720,,high_resolution/sad/sad_228_1.jpg,high_resolution/sad/sad_228_2.jpg,DATASET_final_videos/high_resolution/sad/sad_228.mp4,1TYGZHxI8-yjac070K5vprIrHtnI_dNuq
sad_229.mp4,sad,high_resolution,pexels_7682698.mp4,1280,720,1280,720,,high_resolution/sad/sad_229_1.jpg,high_resolution/sad/sad_229_2.jpg,DATASET_final_videos/high_resolution/sad/sad_229.mp4,1caJJtZr-Boy3FHwv_G7dwh__TzZcZld6
sad_230.mp4,sad,high_resolution,pexels_8499344.mp4,1280,720,1280,720,,high_resolution/sad/sad_230_1.jpg,high_resolution/sad/sad_230_2.jpg,DATASET_final_videos/high_resolution/sad/sad_230.mp4,1FB-e4PpOCsygiucQCFfEOPKMHVEKOIwK
sad_231.mp4,sad,high_resolution,pexels_8731064.mp4,1280,720,1280,720,,high_resolution/sad/sad_231_1.jpg,high_resolution/sad/sad_231_2.jpg,DATASET_final_videos/high_resolution/sad/sad_231.mp4,1mAndfWYAHKSzT2-B_9kqfr8Fv0w6mv71
sad_232.mp4,sad,high_resolution,pexels_9421549.mp4,1280,720,1280,720,,high_resolution/sad/sad_232_1.jpg,high_resolution/sad/sad_232_2.jpg,DATASET_final_videos/high_resolution/sad/sad_232.mp4,1ADDdqtIMidpHdZgQEE8ppAD3eEq7pEdD
sad_233.mp4,sad,high_resolution,pixabay_109613,1280,720,1280,720,,high_resolution/sad/sad_233_1.jpg,high_resolution/sad/sad_233_2.jpg,DATASET_final_videos/high_resolution/sad/sad_233.mp4,1cYrl-TIF3TKr_HtkaIETl0PHWd2IbgYL
sad_234.mp4,sad,high_resolution,pixabay_251873,1280,720,1280,720,,high_resolution/sad/sad_234_1.jpg,high_resolution/sad/sad_234_2.jpg,DATASET_final_videos/high_resolution/sad/sad_234.mp4,1zjsoMJu8T0FaF5-Y4aR3AiFHYpSRU0yo
sad_235.mp4,sad,high_resolution,pixabay_351277,2528,1440,2528,1440,,high_resolution/sad/sad_235_1.jpg,high_resolution/sad/sad_235_2.jpg,DATASET_final_videos/high_resolution/sad/sad_235.mp4,1HgZtZy2SeRqFBZPC740YBhc4bip1kOZo
sad_236.mp4,sad,high_resolution,pixabay_87875,1920,1080,1920,1080,,high_resolution/sad/sad_236_1.jpg,high_resolution/sad/sad_236_2.jpg,DATASET_final_videos/high_resolution/sad/sad_236.mp4,12Aly79ejX2cbc61Brdngn8E9jPuK9wEv
sad_237.mp4,sad,high_resolution,pixabay_98824,1280,720,1280,720,,high_resolution/sad/sad_237_1.jpg,high_resolution/sad/sad_237_2.jpg,DATASET_final_videos/high_resolution/sad/sad_237.mp4,15_HQhQhRGlPNnQ2sPXfLKuvwcdhVjPC_
sad_238.mp4,sad,low_resolution,pzpCfz5p7HE_000567,360,640,360,640,,low_resolution/sad/sad_238_1.jpg,low_resolution/sad/sad_238_2.jpg,DATASET_final_videos/low_resolution/sad/sad_238.mp4,1jykP_9SPKGJIVZ_sF-iRs0lK6sdsck8o
sad_239.mp4,sad,low_resolution,rgLZxdHaOcE_000504,1280,720,410,720,sides,low_resolution/sad/sad_239_1.jpg,low_resolution/sad/sad_239_2.jpg,DATASET_final_videos/low_resolution/sad/sad_239.mp4,1SPlaPZJJB0VCHqvffNoxozgpmn5CpgIc
sad_240.mp4,sad,low_resolution,segment_long_34689720_38,360,640,360,640,,low_resolution/sad/sad_240_1.jpg,low_resolution/sad/sad_240_2.jpg,DATASET_final_videos/low_resolution/sad/sad_240.mp4,1OFxiTbz4yCBLaFtYz5ynzUgvtfqG_TPy
sad_241.mp4,sad,high_resolution,segment_long_35174438_41,1280,720,1280,720,,high_resolution/sad/sad_241_1.jpg,high_resolution/sad/sad_241_2.jpg,DATASET_final_videos/high_resolution/sad/sad_241.mp4,1HgknU-aiIpJ_sJjv18xbV-3BMEWwMr_L
sad_242.mp4,sad,high_resolution,segment_long_37348445_55,1280,720,1280,720,,high_resolution/sad/sad_242_1.jpg,high_resolution/sad/sad_242_2.jpg,DATASET_final_videos/high_resolution/sad/sad_242.mp4,1Bh60p0l1B4toMBRTmK035m2M1Jj8F-6i
sad_243.mp4,sad,high_resolution,segment_long_5596932_77,1920,1080,1920,1080,,high_resolution/sad/sad_243_1.jpg,high_resolution/sad/sad_243_2.jpg,DATASET_final_videos/high_resolution/sad/sad_243.mp4,1wJAPMMfabxGUXGGv686aAG4RQsUpS9ik
sad_244.mov,sad,high_resolution,small-tan-dog-sitting-outside-on-dirt-2025-12-17-23-44-51-utc.mov,3840,2160,3840,2160,,high_resolution/sad/sad_244_1.jpg,high_resolution/sad/sad_244_2.jpg,DATASET_final_videos/high_resolution/sad/sad_244.mov,1PMppJSOFhhPEuofvdr6n9WoRMl1c2Rec
sad_245.mp4,sad,low_resolution,uTOFdVDXrsU_000127,406,720,406,720,,low_resolution/sad/sad_245_1.jpg,low_resolution/sad/sad_245_2.jpg,DATASET_final_videos/low_resolution/sad/sad_245.mp4,18q2klUfIUqm0e8yINEgwr1sY4vDSvedP
sad_246.mp4,sad,high_resolution,youtube_dog emotions compilation_sls3BBxtLQI,960,720,960,720,,high_resolution/sad/sad_246_1.jpg,high_resolution/sad/sad_246_2.jpg,DATASET_final_videos/high_resolution/sad/sad_246.mp4,18KfLpQyD9vmfHCW_1UuX8O8saU6j7-QV
sad_247.mp4,sad,high_resolution,youtube_dog wagging tail happy_xWFwrV-qOo8,1920,1080,1920,1080,,high_resolution/sad/sad_247_1.jpg,high_resolution/sad/sad_247_2.jpg,DATASET_final_videos/high_resolution/sad/sad_247.mp4,1xEOVAsT8-mSYfH-Hr8v4YS2U4hmWezcU
sad_248.mp4,sad,low_resolution,youtube_sad dog face_OiUnRpUmjnM,640,360,640,360,,low_resolution/sad/sad_248_1.jpg,low_resolution/sad/sad_248_2.jpg,DATASET_final_videos/low_resolution/sad/sad_248.mp4,1156K_rkhENVCSygYzV0qodwTk7HQzHXr
surprise_001.mp4,surprise,high_resolution,11607681-uhd_3840_2160_24fps.mp4,2560,1440,2560,1440,,high_resolution/surprise/surprise_001_1.jpg,high_resolution/surprise/surprise_001_2.jpg,DATASET_final_videos/high_resolution/surprise/surprise_001.mp4,1ijJ0LkxuGkkLNnd20ZIl4eEC_2SfE0Yg
surprise_002.mp4,surprise,high_resolution,13308604_2160_3840_24fps.mp4,2160,3840,2160,3840,,high_resolution/surprise/surprise_002_1.jpg,high_resolution/surprise/surprise_002_2.jpg,DATASET_final_videos/high_resolution/surprise/surprise_002.mp4,1FxrhF1MnkmvEdjkLJM1npfqxcdffXca4
surprise_003.mp4,surprise,high_resolution,13372728-hd_1920_1080_60fps.mp4,1920,1080,1920,1080,,high_resolution/surprise/surprise_003_1.jpg,high_resolution/surprise/surprise_003_2.jpg,DATASET_final_videos/high_resolution/surprise/surprise_003.mp4,13q_6_TeZ6qdxLtXkbU4NuyytiyfLYcpd
surprise_004.mp4,surprise,high_resolution,13948804_3840_2160_30fps.mp4,3840,2160,3840,2160,,high_resolution/surprise/surprise_004_1.jpg,high_resolution/surprise/surprise_004_2.jpg,DATASET_final_videos/high_resolution/surprise/surprise_004.mp4,1LXL7qRm3iHZPpGBVSTstXqdXEIZSyT-t
surprise_005.mp4,surprise,low_resolution,13F3FFpKs5s_000386,360,640,360,640,,low_resolution/surprise/surprise_005_1.jpg,low_resolution/surprise/surprise_005_2.jpg,DATASET_final_videos/low_resolution/surprise/surprise_005.mp4,1u2Kh8_SzKZ7yHtHINivjLysnnAwcCgTB
surprise_006.mp4,surprise,high_resolution,14173028_1920_1080_24fps.mp4,1920,1080,1920,1080,,high_resolution/surprise/surprise_006_1.jpg,high_resolution/surprise/surprise_006_2.jpg,DATASET_final_videos/high_resolution/surprise/surprise_006.mp4,1zBUzOr_NWqAZ7oPxck-NGzlKXZuR3Lo6
surprise_007.mp4,surprise,high_resolution,15826375_2160_3840_30fps.mp4,2160,3840,2160,3840,,high_resolution/surprise/surprise_007_1.jpg,high_resolution/surprise/surprise_007_2.jpg,DATASET_final_videos/high_resolution/surprise/surprise_007.mp4,1KIQRRwu6dMRmYCXXow6ibpFi7onmiPay
surprise_008.mp4,surprise,high_resolution,16622185-hd_1080_1920_24fps.mp4,720,1280,720,1280,,high_resolution/surprise/surprise_008_1.jpg,high_resolution/surprise/surprise_008_2.jpg,DATASET_final_videos/high_resolution/surprise/surprise_008.mp4,1Zhhb_z6n_WZibVZn1YOeDN6ZjZn0Nf6f
surprise_009.mp4,surprise,high_resolution,20006116-hd_1080_1920_30fps.mp4,1080,1920,1080,1920,,high_resolution/surprise/surprise_009_1.jpg,high_resolution/surprise/surprise_009_2.jpg,DATASET_final_videos/high_resolution/surprise/surprise_009.mp4,1Bcbesg-fOEvxH_lddFMe5BaOvYxXEIYH
surprise_010.mp4,surprise,high_resolution,20336151-hd_1920_1080_30fps.mp4,1280,720,1280,720,,high_resolution/surprise/surprise_010_1.jpg,high_resolution/surprise/surprise_010_2.jpg,DATASET_final_videos/high_resolution/surprise/surprise_010.mp4,1j8LM8X0UkTuIw8zpJBD8jXMJ1TbmeAdW
surprise_011.mp4,surprise,low_resolution,20fba7ac4f60698970d4a043282f8c3c,576,1024,576,1024,,low_resolution/surprise/surprise_011_1.jpg,low_resolution/surprise/surprise_011_2.jpg,DATASET_final_videos/low_resolution/surprise/surprise_011.mp4,1olWV83X2POgUxYcmQFXEtgJsOZovDUAs
surprise_012.mp4,surprise,low_resolution,2eb8da604080aa0ae0b46eecf23dc5be,576,1024,576,1024,,low_resolution/surprise/surprise_012_1.jpg,low_resolution/surprise/surprise_012_2.jpg,DATASET_final_videos/low_resolution/surprise/surprise_012.mp4,1_5YLPMSw8fzlTLzS4mdlrh4y0_H8IM24
surprise_013.mp4,surprise,high_resolution,5728460-uhd_2160_3840_24fps.mp4,2160,3840,2160,3840,,high_resolution/surprise/surprise_013_1.jpg,high_resolution/surprise/surprise_013_2.jpg,DATASET_final_videos/high_resolution/surprise/surprise_013.mp4,1c4YqLnGPLfIbi2wVuUfx9M14pEw64rkV
surprise_014.mp4,surprise,low_resolution,6L2wvfZL1X8_000291,406,720,406,720,,low_resolution/surprise/surprise_014_1.jpg,low_resolution/surprise/surprise_014_2.jpg,DATASET_final_videos/low_resolution/surprise/surprise_014.mp4,1AbWnRchdYIBx4FRstruzeQlpnXtlmY8_
surprise_015.mp4,surprise,high_resolution,7199277-uhd_2160_3840_25fps.mp4,2160,3840,2160,3840,,high_resolution/surprise/surprise_015_1.jpg,high_resolution/surprise/surprise_015_2.jpg,DATASET_final_videos/high_resolution/surprise/surprise_015.mp4,19wHaiai4FncW0gFMOPDKO650K_EX30I7
surprise_016.mp4,surprise,low_resolution,7a583f514eebeea0986c76ce103f0553,576,1024,576,1024,,low_resolution/surprise/surprise_016_1.jpg,low_resolution/surprise/surprise_016_2.jpg,DATASET_final_videos/low_resolution/surprise/surprise_016.mp4,1r_5PKEAKozEwwQmhSMY9yCJ714LIfCqK
surprise_017.mp4,surprise,high_resolution,8730838-uhd_3840_2160_25fps.mp4,3840,2160,3840,2160,,high_resolution/surprise/surprise_017_1.jpg,high_resolution/surprise/surprise_017_2.jpg,DATASET_final_videos/high_resolution/surprise/surprise_017.mp4,1oqkY8_5ZYnW98zzvQRmwTxupuURsTNad
surprise_018.mp4,surprise,low_resolution,87eb250e509b7e3cb9139ea61ecedd5e,576,1024,576,1024,,low_resolution/surprise/surprise_018_1.jpg,low_resolution/surprise/surprise_018_2.jpg,DATASET_final_videos/low_resolution/surprise/surprise_018.mp4,1rBhZ7FVtNcnpbJZkFyXuj6PM9jz70N-u
surprise_019.mp4,surprise,low_resolution,Anu7grUAFiQ_000328,406,720,406,720,,low_resolution/surprise/surprise_019_1.jpg,low_resolution/surprise/surprise_019_2.jpg,DATASET_final_videos/low_resolution/surprise/surprise_019.mp4,1lWmzZjKxOEiLocOQKtmwra0dcr_ZJoz6
surprise_020.mp4,surprise,low_resolution,C8OINrp8DMU_000083,406,720,406,720,,low_resolution/surprise/surprise_020_1.jpg,low_resolution/surprise/surprise_020_2.jpg,DATASET_final_videos/low_resolution/surprise/surprise_020.mp4,1zs5BJKXhGlyXbd2qbv5kY6vx0C3m6F5u
surprise_021.mp4,surprise,high_resolution,IMG_8162.MP4,768,1280,768,1280,,high_resolution/surprise/surprise_021_1.jpg,high_resolution/surprise/surprise_021_2.jpg,DATASET_final_videos/high_resolution/surprise/surprise_021.mp4,1QB2v2ADv9h6TOiVnHU5_aDgS9XElzehU
surprise_022.mp4,surprise,low_resolution,IMG_8163.MP4,464,848,464,848,,low_resolution/surprise/surprise_022_1.jpg,low_resolution/surprise/surprise_022_2.jpg,DATASET_final_videos/low_resolution/surprise/surprise_022.mp4,1OEe8FgV_TxGitXxgaGwMTX1wQRYK7KGs
surprise_023.mp4,surprise,low_resolution,IMG_8164.MP4,464,848,464,848,,low_resolution/surprise/surprise_023_1.jpg,low_resolution/surprise/surprise_023_2.jpg,DATASET_final_videos/low_resolution/surprise/surprise_023.mp4,1p21_pA0FDG49rvgk492oNJ9_hFG-AnpS
surprise_024.mp4,surprise,low_resolution,IMG_8165.MP4,464,848,464,848,,low_resolution/surprise/surprise_024_1.jpg,low_resolution/surprise/surprise_024_2.jpg,DATASET_final_videos/low_resolution/surprise/surprise_024.mp4,1xSOtcz0lkP7S_eEQkikqmfh5JX4xntlL
surprise_025.mp4,surprise,high_resolution,IMG_8166.MP4,752,1280,752,1280,,high_resolution/surprise/surprise_025_1.jpg,high_resolution/surprise/surprise_025_2.jpg,DATASET_final_videos/high_resolution/surprise/surprise_025.mp4,10-nBcm0DAQI0GvLv6MNNTU5g5bqLOc1I
surprise_026.mp4,surprise,high_resolution,IMG_8169.MP4,720,1280,720,1280,,high_resolution/surprise/surprise_026_1.jpg,high_resolution/surprise/surprise_026_2.jpg,DATASET_final_videos/high_resolution/surprise/surprise_026.mp4,1Cp1egOJWBDUgo_rjStUzaeQgt9VDR7Rl
surprise_027.mp4,surprise,high_resolution,IMG_8173.MP4,720,1280,720,1280,,high_resolution/surprise/surprise_027_1.jpg,high_resolution/surprise/surprise_027_2.jpg,DATASET_final_videos/high_resolution/surprise/surprise_027.mp4,1AaLYnr_oFGWqq0xQzRYbM_HORWq9gYki
surprise_028.mp4,surprise,low_resolution,IMG_8174.MP4,464,848,464,848,,low_resolution/surprise/surprise_028_1.jpg,low_resolution/surprise/surprise_028_2.jpg,DATASET_final_videos/low_resolution/surprise/surprise_028.mp4,1vaThCj8UC2vSV2pqGK0B0vAHc1gKk_oU
surprise_029.mp4,surprise,low_resolution,IMG_8175.MP4,480,848,480,848,,low_resolution/surprise/surprise_029_1.jpg,low_resolution/surprise/surprise_029_2.jpg,DATASET_final_videos/low_resolution/surprise/surprise_029.mp4,1lXOHNCFZPbZn7vEZvdzGMzpM5uaaob1P
surprise_030.mp4,surprise,low_resolution,IMG_8176.MP4,464,848,464,848,,,low_resolution/surprise/surprise_030_2.jpg,DATASET_final_videos/low_resolution/surprise/surprise_030.mp4,1i2CGxxMOmDDpcD90HVfgWwxyzLVm0k8V
surprise_031.mp4,surprise,high_resolution,IMG_8178.MP4,752,1280,752,1280,,high_resolution/surprise/surprise_031_1.jpg,high_resolution/surprise/surprise_031_2.jpg,DATASET_final_videos/high_resolution/surprise/surprise_031.mp4,16kLP2I9dsTz0WGBETE-Ak4PEyd0Cgw71
surprise_032.mp4,surprise,high_resolution,IMG_8179.MP4,880,1280,880,1280,,high_resolution/surprise/surprise_032_1.jpg,high_resolution/surprise/surprise_032_2.jpg,DATASET_final_videos/high_resolution/surprise/surprise_032.mp4,1r3w_TwALjoSo72ad2KcLcn-i8a7DlpWm
surprise_033.mp4,surprise,high_resolution,IMG_8180.MP4,928,1280,928,1280,,high_resolution/surprise/surprise_033_1.jpg,high_resolution/surprise/surprise_033_2.jpg,DATASET_final_videos/high_resolution/surprise/surprise_033.mp4,1_Ylp5c8NH2RPnr9YcC9RpmM7G5uH5WNC
surprise_034.mp4,surprise,high_resolution,IMG_8181.MP4,960,1280,960,1280,,high_resolution/surprise/surprise_034_1.jpg,high_resolution/surprise/surprise_034_2.jpg,DATASET_final_videos/high_resolution/surprise/surprise_034.mp4,1579piAzDCHSRRzGlh-xItGYAEP5_y3O8
surprise_035.mp4,surprise,high_resolution,IMG_8182.MP4,1280,720,1280,720,,high_resolution/surprise/surprise_035_1.jpg,high_resolution/surprise/surprise_035_2.jpg,DATASET_final_videos/high_resolution/surprise/surprise_035.mp4,1r8euori8gGFrGmTntqRDOiD2nRvKNttm
surprise_036.mp4,surprise,high_resolution,IMG_8183.MP4,752,1280,752,1280,,high_resolution/surprise/surprise_036_1.jpg,high_resolution/surprise/surprise_036_2.jpg,DATASET_final_videos/high_resolution/surprise/surprise_036.mp4,1djMbUsUoBvScQERzzJg4uLO125aPEouQ
surprise_037.mp4,surprise,low_resolution,IMG_8184.MP4,464,848,464,848,,low_resolution/surprise/surprise_037_1.jpg,low_resolution/surprise/surprise_037_2.jpg,DATASET_final_videos/low_resolution/surprise/surprise_037.mp4,1rzoQwDhBa41w3mwgU-i3b6EBeZyFirXP
surprise_038.mp4,surprise,high_resolution,IMG_8185.MP4,720,1280,720,1280,,high_resolution/surprise/surprise_038_1.jpg,high_resolution/surprise/surprise_038_2.jpg,DATASET_final_videos/high_resolution/surprise/surprise_038.mp4,1q1Hr_zanSYVcC-oSd2PeyXoXwAmcxqT-
surprise_039.mp4,surprise,low_resolution,LkK37dcb04o_000103,406,720,406,720,,low_resolution/surprise/surprise_039_1.jpg,low_resolution/surprise/surprise_039_2.jpg,DATASET_final_videos/low_resolution/surprise/surprise_039.mp4,1AXfP-cyZPOAR9N9eV111qTFWp23cx-jy
surprise_040.mp4,surprise,low_resolution,Q70PLBcX74E_000346,360,640,360,454,topbottom,low_resolution/surprise/surprise_040_1.jpg,low_resolution/surprise/surprise_040_2.jpg,DATASET_final_videos/low_resolution/surprise/surprise_040.mp4,1g0UoLfQP_WV6-dY36CmCQ0Pl-R81SbcY
surprise_041.mp4,surprise,low_resolution,abbf4cc21e69071715d63eeecf986fe4,540,960,540,960,,low_resolution/surprise/surprise_041_1.jpg,low_resolution/surprise/surprise_041_2.jpg,DATASET_final_videos/low_resolution/surprise/surprise_041.mp4,16qLFOnN7eeSX6g6EUvrceHpAnxurY0m9
surprise_042.mp4,surprise,high_resolution,b18aca6059731f7f7858d021f3103290,720,1280,720,1280,,high_resolution/surprise/surprise_042_1.jpg,high_resolution/surprise/surprise_042_2.jpg,DATASET_final_videos/high_resolution/surprise/surprise_042.mp4,1jfYbo37-drS0ybORl8FpN3gu4tivCjC5
surprise_043.mp4,surprise,low_resolution,cLDrSXhhPO8_000169,1280,720,410,720,sides,low_resolution/surprise/surprise_043_1.jpg,low_resolution/surprise/surprise_043_2.jpg,DATASET_final_videos/low_resolution/surprise/surprise_043.mp4,1Ct_0gk9n7eCXrUCI9iN8a9WtZ8zWB4Xw
surprise_044.mp4,surprise,low_resolution,cLDrSXhhPO8_000450,1280,720,396,720,sides,low_resolution/surprise/surprise_044_1.jpg,low_resolution/surprise/surprise_044_2.jpg,DATASET_final_videos/low_resolution/surprise/surprise_044.mp4,1x2tgz5WSWWa1MvvbPeL10WuN0-RrmShS
surprise_045.mp4,surprise,low_resolution,cLDrSXhhPO8_000975,1280,720,408,720,sides,low_resolution/surprise/surprise_045_1.jpg,low_resolution/surprise/surprise_045_2.jpg,DATASET_final_videos/low_resolution/surprise/surprise_045.mp4,1pB7KfiXIUbsL9zo8qosqKCK5mva9nuft
surprise_046.mp4,surprise,low_resolution,cLDrSXhhPO8_000975.mp4,1280,720,408,720,sides,low_resolution/surprise/surprise_046_1.jpg,low_resolution/surprise/surprise_046_2.jpg,DATASET_final_videos/low_resolution/surprise/surprise_046.mp4,1PpH90vwkhAsjV5uMy-ot98yj_jT8OEWv
surprise_047.mp4,surprise,high_resolution,cLDrSXhhPO8_001265,1280,720,1280,720,,high_resolution/surprise/surprise_047_1.jpg,high_resolution/surprise/surprise_047_2.jpg,DATASET_final_videos/high_resolution/surprise/surprise_047.mp4,17ktJHU3TjP7kNsR7M88_YsfusorxeIdL
surprise_048.mp4,surprise,low_resolution,cLDrSXhhPO8_001431,1280,720,408,720,sides,low_resolution/surprise/surprise_048_1.jpg,low_resolution/surprise/surprise_048_2.jpg,DATASET_final_videos/low_resolution/surprise/surprise_048.mp4,19T3Y-nHKuPzbT9tft6zZMvvUtnDPdbT-
surprise_049.mp4,surprise,low_resolution,cLDrSXhhPO8_002068.mp4,1280,720,408,720,sides,low_resolution/surprise/surprise_049_1.jpg,low_resolution/surprise/surprise_049_2.jpg,DATASET_final_videos/low_resolution/surprise/surprise_049.mp4,1rqPgcQwectdIBgvpLZx_8kDbXi-fjRP6
surprise_050.mp4,surprise,high_resolution,cLDrSXhhPO8_002537.mp4,1280,720,1280,720,,high_resolution/surprise/surprise_050_1.jpg,high_resolution/surprise/surprise_050_2.jpg,DATASET_final_videos/high_resolution/surprise/surprise_050.mp4,1VKBuQ-w2Cijt-Efqj3i14FgB32MBog0v
surprise_051.mp4,surprise,low_resolution,cLDrSXhhPO8_002783,1280,720,370,720,sides,low_resolution/surprise/surprise_051_1.jpg,low_resolution/surprise/surprise_051_2.jpg,DATASET_final_videos/low_resolution/surprise/surprise_051.mp4,13YtDSPUNhPx4T_Ax34oRR0JAlGJJzoV0
surprise_052.mp4,surprise,low_resolution,cLDrSXhhPO8_002783.mp4,1280,720,372,720,sides,low_resolution/surprise/surprise_052_1.jpg,low_resolution/surprise/surprise_052_2.jpg,DATASET_final_videos/low_resolution/surprise/surprise_052.mp4,1pkQVr36cZGeE6CeKPQBc__1J-5iojtfL
surprise_053.mp4,surprise,low_resolution,cLDrSXhhPO8_002789.mp4,1280,720,370,720,sides,low_resolution/surprise/surprise_053_1.jpg,low_resolution/surprise/surprise_053_2.jpg,DATASET_final_videos/low_resolution/surprise/surprise_053.mp4,1KhSe3FIU4-SGJ0wEmfHBwq1p7GoTya5c
surprise_054.mp4,surprise,low_resolution,cLDrSXhhPO8_002997.mp4,1280,720,408,720,sides,low_resolution/surprise/surprise_054_1.jpg,low_resolution/surprise/surprise_054_2.jpg,DATASET_final_videos/low_resolution/surprise/surprise_054.mp4,1VoP6BxYykcN3nFM7oPAvickKfcOwM6up
surprise_055.mp4,surprise,high_resolution,coverr-PHHyGtc7L7__woman-with-her-dog,1920,900,1920,900,,high_resolution/surprise/surprise_055_1.jpg,high_resolution/surprise/surprise_055_2.jpg,DATASET_final_videos/high_resolution/surprise/surprise_055.mp4,10chMRvpof-_a6VCnMlRUvqoTQeYKfqu1
surprise_056.mp4,surprise,high_resolution,dog_10914656,1080,1920,1080,1920,,high_resolution/surprise/surprise_056_1.jpg,high_resolution/surprise/surprise_056_2.jpg,DATASET_final_videos/high_resolution/surprise/surprise_056.mp4,1BOLsoUMsFpv8fjhCqHmhlahAsF3o4_6A
surprise_057.mp4,surprise,high_resolution,dog_12170754,720,1280,720,1280,,high_resolution/surprise/surprise_057_1.jpg,high_resolution/surprise/surprise_057_2.jpg,DATASET_final_videos/high_resolution/surprise/surprise_057.mp4,1AaQpEoJfvz1jAzRQHTaeSjmZ01_MuCmQ
surprise_058.mp4,surprise,high_resolution,dog_15324323,1920,1080,1920,1080,,high_resolution/surprise/surprise_058_1.jpg,high_resolution/surprise/surprise_058_2.jpg,DATASET_final_videos/high_resolution/surprise/surprise_058.mp4,1GJXdoXRas7i_y52IF_tedonsN72R2i6E
surprise_059.mp4,surprise,high_resolution,dog_19162668,1280,720,1280,720,,high_resolution/surprise/surprise_059_1.jpg,high_resolution/surprise/surprise_059_2.jpg,DATASET_final_videos/high_resolution/surprise/surprise_059.mp4,10fhfoTYfIvdQsk6t5yfts7CkuoaCLyDw
surprise_060.mp4,surprise,high_resolution,dog_29576555,1280,720,1280,720,,high_resolution/surprise/surprise_060_1.jpg,high_resolution/surprise/surprise_060_2.jpg,DATASET_final_videos/high_resolution/surprise/surprise_060.mp4,1fj8VvOgwfUiY6vexAZxUkaf6QDtDtGBD
surprise_061.mp4,surprise,high_resolution,dog_32075610,1280,720,1280,720,,high_resolution/surprise/surprise_061_1.jpg,high_resolution/surprise/surprise_061_2.jpg,DATASET_final_videos/high_resolution/surprise/surprise_061.mp4,1kYinaBsiJUReYKqdZzYsGqZrtWpCSEhq
surprise_062.mp4,surprise,high_resolution,dog_35290089,1440,2560,1440,2560,,high_resolution/surprise/surprise_062_1.jpg,high_resolution/surprise/surprise_062_2.jpg,DATASET_final_videos/high_resolution/surprise/surprise_062.mp4,1FqtGvcxmALy7Swt_dHtqyTEfBgCPaiTi
surprise_063.mp4,surprise,high_resolution,dog_37130597,1280,720,1280,720,,high_resolution/surprise/surprise_063_1.jpg,high_resolution/surprise/surprise_063_2.jpg,DATASET_final_videos/high_resolution/surprise/surprise_063.mp4,1X6oUBA-BZTs_OEbykXVubz8Jr2OYvhNQ
surprise_064.mp4,surprise,high_resolution,dog_37207535,1280,720,1280,720,,high_resolution/surprise/surprise_064_1.jpg,high_resolution/surprise/surprise_064_2.jpg,DATASET_final_videos/high_resolution/surprise/surprise_064.mp4,1wHvW2_7TM5bZqRuBMV9nNSbQ2ZSRu-WD
surprise_065.mp4,surprise,high_resolution,dog_37207536,1280,720,1280,720,,high_resolution/surprise/surprise_065_1.jpg,high_resolution/surprise/surprise_065_2.jpg,DATASET_final_videos/high_resolution/surprise/surprise_065.mp4,1ny5gXtJk_unhFvF21zDd_7uSr1b4CsfL
surprise_066.mp4,surprise,high_resolution,dog_4107564,1280,720,1280,720,,high_resolution/surprise/surprise_066_1.jpg,high_resolution/surprise/surprise_066_2.jpg,DATASET_final_videos/high_resolution/surprise/surprise_066.mp4,1CWzDLFt0W2BsMDgnNVt0u8oRGTid22PD
surprise_067.mp4,surprise,high_resolution,dog_4210977,1280,720,1280,720,,high_resolution/surprise/surprise_067_1.jpg,high_resolution/surprise/surprise_067_2.jpg,DATASET_final_videos/high_resolution/surprise/surprise_067.mp4,162M8sl4jlpz2UCNxFXuiysqt-7oDOPIf
surprise_068.mp4,surprise,high_resolution,dog_5478926,1920,1080,1920,1080,,high_resolution/surprise/surprise_068_1.jpg,high_resolution/surprise/surprise_068_2.jpg,DATASET_final_videos/high_resolution/surprise/surprise_068.mp4,1_l-kH7g2Q2HxTBOxEgsYYMs0Si2KYllu
surprise_069.mp4,surprise,high_resolution,dog_5881609,1366,720,1366,720,,high_resolution/surprise/surprise_069_1.jpg,high_resolution/surprise/surprise_069_2.jpg,DATASET_final_videos/high_resolution/surprise/surprise_069.mp4,1COGq-tWWSQPUsBPAB07GLZ_nYK9L-nWg
surprise_070.mp4,surprise,high_resolution,dog_5921464,1920,1080,1920,1080,,high_resolution/surprise/surprise_070_1.jpg,high_resolution/surprise/surprise_070_2.jpg,DATASET_final_videos/high_resolution/surprise/surprise_070.mp4,1Z1FlXdSq_AJw9jWrGtNGkfA8qaQELzJw
surprise_071.mp4,surprise,high_resolution,dog_5968168,1280,720,1280,720,,high_resolution/surprise/surprise_071_1.jpg,high_resolution/surprise/surprise_071_2.jpg,DATASET_final_videos/high_resolution/surprise/surprise_071.mp4,1J4vkeiQvQrJaKmhwqaLMWQVvP_Tgw1hl
surprise_072.mp4,surprise,high_resolution,dog_6131492,1920,1080,1920,1080,,high_resolution/surprise/surprise_072_1.jpg,high_resolution/surprise/surprise_072_2.jpg,DATASET_final_videos/high_resolution/surprise/surprise_072.mp4,1WAlhI4W8fG_8FtpMD7vRliHGYlPTLOEP
surprise_073.mp4,surprise,high_resolution,dog_6498486,1280,720,1280,720,,high_resolution/surprise/surprise_073_1.jpg,high_resolution/surprise/surprise_073_2.jpg,DATASET_final_videos/high_resolution/surprise/surprise_073.mp4,1ZAv3jGXw10ecYDAk7X86dg79HDjEG-nL
surprise_074.mp4,surprise,high_resolution,dog_7682708,1280,720,1280,720,,high_resolution/surprise/surprise_074_1.jpg,high_resolution/surprise/surprise_074_2.jpg,DATASET_final_videos/high_resolution/surprise/surprise_074.mp4,18cX4Al_vmnIykxtHaXm2M20aQBBA95El
surprise_075.mp4,surprise,high_resolution,dog_7683150,1280,720,1280,720,,high_resolution/surprise/surprise_075_1.jpg,high_resolution/surprise/surprise_075_2.jpg,DATASET_final_videos/high_resolution/surprise/surprise_075.mp4,1NlNuvfJVMl0sDx3RPD5LXLPfuluYEWD5
surprise_076.mp4,surprise,high_resolution,dog_8264881,1280,720,1280,720,,high_resolution/surprise/surprise_076_1.jpg,high_resolution/surprise/surprise_076_2.jpg,DATASET_final_videos/high_resolution/surprise/surprise_076.mp4,15yIJa4sn8JtUIA4f-x4EBAXo9_2IVKLW
surprise_077.mp4,surprise,high_resolution,dog_8498885,1440,2560,1440,2560,,high_resolution/surprise/surprise_077_1.jpg,high_resolution/surprise/surprise_077_2.jpg,DATASET_final_videos/high_resolution/surprise/surprise_077.mp4,1zDg4KVV9pZW3edF61QEuIw1WHAQotJZU
surprise_078.mp4,surprise,high_resolution,dog_854383,1280,720,1280,720,,high_resolution/surprise/surprise_078_1.jpg,high_resolution/surprise/surprise_078_2.jpg,DATASET_final_videos/high_resolution/surprise/surprise_078.mp4,1quX04xiCjynSz3_meFqDlwpGTlCiD6nD
surprise_079.mp4,surprise,high_resolution,doglife_7625798973307276574,1080,1920,1080,1920,,high_resolution/surprise/surprise_079_1.jpg,high_resolution/surprise/surprise_079_2.jpg,DATASET_final_videos/high_resolution/surprise/surprise_079.mp4,11mO9XJmO4UPgEiSSpHTc1H_1Vk16WuCz
surprise_080.mp4,surprise,high_resolution,dogsoftiktok_7639304895287266567,1080,1920,1080,1920,,high_resolution/surprise/surprise_080_1.jpg,high_resolution/surprise/surprise_080_2.jpg,DATASET_final_videos/high_resolution/surprise/surprise_080.mp4,1ZcNVkwdPBgPNifY22VCdX9kOgvN-hZhY
surprise_081.mp4,surprise,high_resolution,dogsoftiktok_7672829713122970911,720,1280,720,1280,,high_resolution/surprise/surprise_081_1.jpg,high_resolution/surprise/surprise_081_2.jpg,DATASET_final_videos/high_resolution/surprise/surprise_081.mp4,19XNMALZKWwJs6PuyjdLEzOr-d05Pj7fh
surprise_082.mp4,surprise,high_resolution,dogsoftiktok_7675821301998554390,1080,1920,1080,1920,,high_resolution/surprise/surprise_082_1.jpg,high_resolution/surprise/surprise_082_2.jpg,DATASET_final_videos/high_resolution/surprise/surprise_082.mp4,11sEb6YJFbxWpdLHJumKAlfSnpw_RSd_k
surprise_083.mp4,surprise,low_resolution,du1L5um2mJ0_000072,360,640,360,640,,low_resolution/surprise/surprise_083_1.jpg,low_resolution/surprise/surprise_083_2.jpg,DATASET_final_videos/low_resolution/surprise/surprise_083.mp4,1s41h2v2ABSAF71PEiX1JBXPID-k1qbWy
surprise_084.mp4,surprise,low_resolution,eTMkaiRM1hM_000495,406,720,406,720,,low_resolution/surprise/surprise_084_1.jpg,low_resolution/surprise/surprise_084_2.jpg,DATASET_final_videos/low_resolution/surprise/surprise_084.mp4,1dDQxCxYkAvFBaVRVxft7gAl_QipGyLrn
surprise_085.mov,surprise,high_resolution,envato_0133ead1-ff64-4e42-bb1a-1b30de293bcf.mov,3840,2160,3840,2160,,high_resolution/surprise/surprise_085_1.jpg,high_resolution/surprise/surprise_085_2.jpg,DATASET_final_videos/high_resolution/surprise/surprise_085.mov,1JCTSO66N4twloTCFNZozNC3dT1TRh53P
surprise_086.mov,surprise,high_resolution,envato_0272e140-eaef-46b1-8c98-edea9a8bb0dc.mov,1920,1080,1920,1080,,high_resolution/surprise/surprise_086_1.jpg,high_resolution/surprise/surprise_086_2.jpg,DATASET_final_videos/high_resolution/surprise/surprise_086.mov,17EJcXDfDPyv-bsxK9PzmbRa4EjnlgcWd
surprise_087.mov,surprise,high_resolution,envato_036aaf7f-0ee1-4c57-8185-8d8a1b2bae29.mov,4096,2160,4096,2160,,high_resolution/surprise/surprise_087_1.jpg,high_resolution/surprise/surprise_087_2.jpg,DATASET_final_videos/high_resolution/surprise/surprise_087.mov,1Gxosa4Vjxsrsb8ptyvadWQQGHR5kxn65
surprise_088.mov,surprise,high_resolution,envato_05feccd9-4b8b-405b-b03a-0b6ee5af701e.mov,1080,1920,1080,1920,,high_resolution/surprise/surprise_088_1.jpg,high_resolution/surprise/surprise_088_2.jpg,DATASET_final_videos/high_resolution/surprise/surprise_088.mov,13Ndgiznp1xqKg8squOQFJje4ZY0tIiaS
surprise_089.mov,surprise,high_resolution,envato_09903ccd-dc74-4b80-8986-866c4a09ad26.mov,3840,2160,3840,2160,,high_resolution/surprise/surprise_089_1.jpg,high_resolution/surprise/surprise_089_2.jpg,DATASET_final_videos/high_resolution/surprise/surprise_089.mov,1n9U9jgEP-0HBUzBQdY6UKRD9MFi41I_a
surprise_090.mov,surprise,high_resolution,envato_0bb04d30-d890-42e6-b194-0c4b27a53574.mov,4096,2160,4096,2160,,high_resolution/surprise/surprise_090_1.jpg,high_resolution/surprise/surprise_090_2.jpg,DATASET_final_videos/high_resolution/surprise/surprise_090.mov,18qTdqtblK-soVukXzoH1S5AWIVOPEHVb
surprise_091.mov,surprise,high_resolution,envato_0e622f0b-2cf7-492a-b34d-fd546c256c80.mov,3840,2160,3840,2160,,high_resolution/surprise/surprise_091_1.jpg,high_resolution/surprise/surprise_091_2.jpg,DATASET_final_videos/high_resolution/surprise/surprise_091.mov,1HbIHAoK3cgyYSYrBp1Xd9lWyh9WhyEpx
surprise_092.mov,surprise,high_resolution,envato_1f9bf9fd-588d-4b1d-b836-5dca6f68e2a2.mov,3840,2160,3840,2160,,high_resolution/surprise/surprise_092_1.jpg,high_resolution/surprise/surprise_092_2.jpg,DATASET_final_videos/high_resolution/surprise/surprise_092.mov,1Q80XMepICsZx0CZq0x4Wnf-lVCuzLQOy
surprise_093.mov,surprise,high_resolution,envato_3188d7b5-09c4-4efe-838a-8fa87adb0a36.mov,3840,2160,3840,2160,,high_resolution/surprise/surprise_093_1.jpg,high_resolution/surprise/surprise_093_2.jpg,DATASET_final_videos/high_resolution/surprise/surprise_093.mov,1nBLa6F_P0aZK1lR2rF6GKtOp-Yl_gtK7
surprise_094.mov,surprise,high_resolution,envato_339ec075-820e-4e36-b72a-6ccd58adead6.mov,1920,1080,1920,1080,,high_resolution/surprise/surprise_094_1.jpg,high_resolution/surprise/surprise_094_2.jpg,DATASET_final_videos/high_resolution/surprise/surprise_094.mov,1-3Lelu2OZUkNrmIm_pm6sgCWL5Zha0oI
surprise_095.mov,surprise,high_resolution,envato_388dc480-cd81-4527-a980-7611d40835a3.mov,3840,2160,3840,2160,,high_resolution/surprise/surprise_095_1.jpg,high_resolution/surprise/surprise_095_2.jpg,DATASET_final_videos/high_resolution/surprise/surprise_095.mov,1u6Fsf4-DY06YHV4eRTzp04kdH12xdxGk
surprise_096.mov,surprise,high_resolution,envato_4b8f56ef-c86b-4b7d-8674-012e546afecb.mov,3840,2160,3840,2160,,high_resolution/surprise/surprise_096_1.jpg,high_resolution/surprise/surprise_096_2.jpg,DATASET_final_videos/high_resolution/surprise/surprise_096.mov,1VU5ZP2HKFv_1lwOPnWKHWeW0uvwwD1gN
surprise_097.mov,surprise,high_resolution,envato_55667d44-ad52-4bfe-adbd-0ab94a03b4da.mov,3840,2160,3840,2160,,high_resolution/surprise/surprise_097_1.jpg,high_resolution/surprise/surprise_097_2.jpg,DATASET_final_videos/high_resolution/surprise/surprise_097.mov,18jODw6WR9-V2A_E-qxXdaC-J2y3ibrcd
surprise_098.mov,surprise,high_resolution,envato_6e00ea66-dce7-49e9-8f46-3e1b5c341760.mov,3840,2160,3840,2160,,high_resolution/surprise/surprise_098_1.jpg,high_resolution/surprise/surprise_098_2.jpg,DATASET_final_videos/high_resolution/surprise/surprise_098.mov,1qpH1sTHXTmM9eMOm5q32PZMTiyqsEoda
surprise_099.mov,surprise,high_resolution,envato_718bb7d4-8a8d-4cab-8f8d-17d6424ae386.mov,1920,1080,1920,1080,,high_resolution/surprise/surprise_099_1.jpg,high_resolution/surprise/surprise_099_2.jpg,DATASET_final_videos/high_resolution/surprise/surprise_099.mov,154bBp-0HUn8nThbAmEPxriwXbsnVmtN0
surprise_100.mov,surprise,high_resolution,envato_74fdf482-a1c3-417b-8784-89a8d6fca4c7.mov,3840,2160,3840,2160,,high_resolution/surprise/surprise_100_1.jpg,high_resolution/surprise/surprise_100_2.jpg,DATASET_final_videos/high_resolution/surprise/surprise_100.mov,12jVnzaHNF1Xv35fHtI7FvlYeOS12EhXa
surprise_101.mov,surprise,high_resolution,envato_77851635-e7fa-4156-9746-ba74816fd81d.mov,3840,2160,3840,2160,,high_resolution/surprise/surprise_101_1.jpg,high_resolution/surprise/surprise_101_2.jpg,DATASET_final_videos/high_resolution/surprise/surprise_101.mov,1HhBY8iyDB5_DICUCx_HQalyH-fPsy3sY
surprise_102.mov,surprise,high_resolution,envato_79a07d43-3c1a-4a78-b871-e2c537e08579.mov,3840,2160,3840,2160,,high_resolution/surprise/surprise_102_1.jpg,high_resolution/surprise/surprise_102_2.jpg,DATASET_final_videos/high_resolution/surprise/surprise_102.mov,1fXDDfT0s5AyzCFGYequIAoEBoS21SXa3
surprise_103.mov,surprise,high_resolution,envato_7c59f5be-3bf7-4407-a425-8cb756ef8690.mov,3840,2160,3840,2160,,high_resolution/surprise/surprise_103_1.jpg,high_resolution/surprise/surprise_103_2.jpg,DATASET_final_videos/high_resolution/surprise/surprise_103.mov,1OwYaaQNW0RogZVHgR5vf2xijnXYGolJ4
surprise_104.mov,surprise,high_resolution,envato_7c92d257-1ce6-4df9-9abe-f8697e87e8b7.mov,3840,2160,3840,2160,,high_resolution/surprise/surprise_104_1.jpg,high_resolution/surprise/surprise_104_2.jpg,DATASET_final_videos/high_resolution/surprise/surprise_104.mov,1l5p_P7Nc_9UNbLUeqwCgl96hQELm-rWe
surprise_105.mov,surprise,high_resolution,envato_7d200502-71e9-4290-9313-8c2bf1c02d43.mov,3840,2160,3840,2160,,high_resolution/surprise/surprise_105_1.jpg,high_resolution/surprise/surprise_105_2.jpg,DATASET_final_videos/high_resolution/surprise/surprise_105.mov,1NWMqQzVPNCSsB54AfffVl44f2vQnzgf7
surprise_106.mov,surprise,high_resolution,envato_94d77a93-3c5a-4c19-ad5e-7003e8d82ae0.mov,2160,3840,2160,3840,,high_resolution/surprise/surprise_106_1.jpg,high_resolution/surprise/surprise_106_2.jpg,DATASET_final_videos/high_resolution/surprise/surprise_106.mov,1sC_yr6VoeggskeS1V9f8sQZObjn0NKns
surprise_107.mov,surprise,high_resolution,envato_95a75086-7a9a-458e-9766-aef33aa53bad.mov,3840,2160,3840,2160,,high_resolution/surprise/surprise_107_1.jpg,high_resolution/surprise/surprise_107_2.jpg,DATASET_final_videos/high_resolution/surprise/surprise_107.mov,1QEB3HsT5dIcCQoLuHtqP90HSensvxlva
surprise_108.mov,surprise,high_resolution,envato_9e3ba511-e803-424a-abde-dff2f2d59fc9.mov,2160,3840,2160,3840,,high_resolution/surprise/surprise_108_1.jpg,high_resolution/surprise/surprise_108_2.jpg,DATASET_final_videos/high_resolution/surprise/surprise_108.mov,15vmpat8Z57g4wOyz5qYQHCgFiCbFDzfL
surprise_109.mov,surprise,high_resolution,envato_bdb87192-1368-4266-9dc8-7deaf077c838.mov,1920,1080,1920,1080,,high_resolution/surprise/surprise_109_1.jpg,high_resolution/surprise/surprise_109_2.jpg,DATASET_final_videos/high_resolution/surprise/surprise_109.mov,1fd8Q3qTqGe14XxSDtj-xdGosfaOEgaQ0
surprise_110.mov,surprise,high_resolution,envato_c07b06e8-4063-4aaa-9d2f-ba75e5cf933c.mov,1920,1080,1920,1080,,high_resolution/surprise/surprise_110_1.jpg,high_resolution/surprise/surprise_110_2.jpg,DATASET_final_videos/high_resolution/surprise/surprise_110.mov,1v3_df92RcpiIfg4u3MCDkLFZmpX8OR4y
surprise_111.mov,surprise,high_resolution,envato_c3e63ffd-e0da-4c35-8337-ebbe04af6449.mov,2160,3840,2160,3840,,high_resolution/surprise/surprise_111_1.jpg,high_resolution/surprise/surprise_111_2.jpg,DATASET_final_videos/high_resolution/surprise/surprise_111.mov,15-nW7ZmoIJfmx2pStJDsSP5cjKSFB4uj
surprise_112.mov,surprise,high_resolution,envato_c7afa80f-ddaf-4d38-aefd-05f8420f3a09.mov,4096,2160,4096,2160,,high_resolution/surprise/surprise_112_1.jpg,high_resolution/surprise/surprise_112_2.jpg,DATASET_final_videos/high_resolution/surprise/surprise_112.mov,1RNDLy6oKQuDYl12hTzAO8hv1ufFV16Xg
surprise_113.mov,surprise,high_resolution,envato_cd8ede2c-55cb-4741-91da-1210e9a7a032.mov,1920,1080,1920,1080,,high_resolution/surprise/surprise_113_1.jpg,high_resolution/surprise/surprise_113_2.jpg,DATASET_final_videos/high_resolution/surprise/surprise_113.mov,17RsywpHKDO-RA5ALp5YkXS7zwCFhaW1z
surprise_114.mov,surprise,high_resolution,envato_d7f708f3-b83c-4640-b553-3071f1ed1bc2.mov,3840,2160,3840,2160,,high_resolution/surprise/surprise_114_1.jpg,high_resolution/surprise/surprise_114_2.jpg,DATASET_final_videos/high_resolution/surprise/surprise_114.mov,1jsBxrPFI6wEFh2i-MAgnC8Rjt4WGNdC1
surprise_115.mov,surprise,high_resolution,envato_dfdc99de-5d1a-4142-8764-1137c98c33d2.mov,1920,1080,1920,1080,,high_resolution/surprise/surprise_115_1.jpg,high_resolution/surprise/surprise_115_2.jpg,DATASET_final_videos/high_resolution/surprise/surprise_115.mov,1MsU6sFgfwVtBAOE2kenQlw1VJfVW_Fd_
surprise_116.mov,surprise,high_resolution,envato_f6523aa1-32a4-4e30-8d73-f2a4215e4f77.mov,3840,2160,3840,2160,,high_resolution/surprise/surprise_116_1.jpg,high_resolution/surprise/surprise_116_2.jpg,DATASET_final_videos/high_resolution/surprise/surprise_116.mov,1bch3mbIkCMUwW3ngvWr6APCsiJG0W0s9
surprise_117.mov,surprise,high_resolution,envato_f6c3f6ce-d455-4b59-8634-15322fda0056.mov,3840,2160,3840,2160,,high_resolution/surprise/surprise_117_1.jpg,high_resolution/surprise/surprise_117_2.jpg,DATASET_final_videos/high_resolution/surprise/surprise_117.mov,16JF6oB6E35tL_1xMrdmb0XPkHR_JjY6f
surprise_118.mov,surprise,high_resolution,envato_f8dec2c1-5309-4122-9d85-659f22dcdb9c.mov,3840,2160,3840,2160,,high_resolution/surprise/surprise_118_1.jpg,high_resolution/surprise/surprise_118_2.jpg,DATASET_final_videos/high_resolution/surprise/surprise_118.mov,1EMA-3YkHW0hRqEP5chQf01JbgJwA30qy
surprise_119.mp4,surprise,low_resolution,iawKNAvM0VM_001168,1280,720,410,720,sides,low_resolution/surprise/surprise_119_1.jpg,low_resolution/surprise/surprise_119_2.jpg,DATASET_final_videos/low_resolution/surprise/surprise_119.mp4,1z9TZOwJkeObdxrjsgCqnyFYcMqR1O6eg
surprise_120.mp4,surprise,high_resolution,iawKNAvM0VM_002047,1280,720,1280,720,,high_resolution/surprise/surprise_120_1.jpg,high_resolution/surprise/surprise_120_2.jpg,DATASET_final_videos/high_resolution/surprise/surprise_120.mp4,1X3cjv1p80tawP3MQvg7WnXJuTmupbfco
surprise_121.mp4,surprise,high_resolution,mixkit-100641__border-collie-resting-on-grass-next-to-a-chair,1280,720,1280,720,,high_resolution/surprise/surprise_121_1.jpg,high_resolution/surprise/surprise_121_2.jpg,DATASET_final_videos/high_resolution/surprise/surprise_121.mp4,1BF6vp4jM700RGJUrw36Wa2K2xB8PPPKV
surprise_122.mp4,surprise,high_resolution,mixkit-101218__dog-playing-with-toy-on-floor,1280,720,1280,720,,high_resolution/surprise/surprise_122_1.jpg,high_resolution/surprise/surprise_122_2.jpg,DATASET_final_videos/high_resolution/surprise/surprise_122.mp4,1eMVQt_ZfPyzGBmjikTwSmh4BaTWfD_Us
surprise_123.mp4,surprise,high_resolution,mixkit-25093__corgi-dog-in-the-grassfield,1280,720,1280,720,,high_resolution/surprise/surprise_123_1.jpg,high_resolution/surprise/surprise_123_2.jpg,DATASET_final_videos/high_resolution/surprise/surprise_123.mp4,1s2jmr_ujp3wLhuTWmdS4r5l9Q99EZXEl
surprise_124.mp4,surprise,high_resolution,mixkit-45870__corgi-panting-happily-after-a-run-in-the-park,1280,720,1280,720,,high_resolution/surprise/surprise_124_1.jpg,high_resolution/surprise/surprise_124_2.jpg,DATASET_final_videos/high_resolution/surprise/surprise_124.mp4,1czV3zQ8uO6HTbD76AK32swbtGGsgKseR
surprise_125.mp4,surprise,high_resolution,mixkit-48887__team-of-husky-dogs-pulling-a-sled-through-the-snow,1280,720,1280,720,,high_resolution/surprise/surprise_125_1.jpg,high_resolution/surprise/surprise_125_2.jpg,DATASET_final_videos/high_resolution/surprise/surprise_125.mp4,1RNWhjDbhKmDb-VhA7VUs3DccfWPq8-pC
surprise_126.mp4,surprise,high_resolution,mixkit-50661__a-cute-border-collie-dog-panting-patiently-on-the-ground,1280,720,1280,720,,high_resolution/surprise/surprise_126_1.jpg,high_resolution/surprise/surprise_126_2.jpg,DATASET_final_videos/high_resolution/surprise/surprise_126.mp4,1l8BlXkKYlVf4TCCicOOKdjmlU3uX0HOp
surprise_127.mp4,surprise,high_resolution,mixkit-50670__an-innocent-looking-pitbull-canine-bitting-and-playing-with-a,1280,720,1280,720,,high_resolution/surprise/surprise_127_1.jpg,high_resolution/surprise/surprise_127_2.jpg,DATASET_final_videos/high_resolution/surprise/surprise_127.mp4,18x8p5tlUKh8GVrsKsDCDuMysgtEwMt9C
surprise_128.mp4,surprise,high_resolution,o8zoo0FJkUY_82800_0069.mp4,1280,720,1280,720,,high_resolution/surprise/surprise_128_1.jpg,high_resolution/surprise/surprise_128_2.jpg,DATASET_final_videos/high_resolution/surprise/surprise_128.mp4,1RhCEFU8J9dG1EuZuFxJdoCZ2uJXrfr8K
surprise_129.mp4,surprise,high_resolution,o8zoo0FJkUY_84600_0007.mp4,1280,720,1280,720,,high_resolution/surprise/surprise_129_1.jpg,high_resolution/surprise/surprise_129_2.jpg,DATASET_final_videos/high_resolution/surprise/surprise_129.mp4,15lWAa0YrOKuR1u5SvkRrkdjVphrqRlzx
surprise_130.mp4,surprise,high_resolution,o8zoo0FJkUY_84600_0041.mp4,1280,720,1280,720,,high_resolution/surprise/surprise_130_1.jpg,high_resolution/surprise/surprise_130_2.jpg,DATASET_final_videos/high_resolution/surprise/surprise_130.mp4,1ECOauGy7gDx9oxLlUWmzWzWRZjUTQNFm
surprise_131.mp4,surprise,high_resolution,pexels_8730838_person-feeding-a-dog.mp4,2560,1440,2560,1440,,high_resolution/surprise/surprise_131_1.jpg,high_resolution/surprise/surprise_131_2.jpg,DATASET_final_videos/high_resolution/surprise/surprise_131.mp4,1CSbnkHvDJdZyGjQvWARavfYgQmQlsWui
surprise_132.mp4,surprise,high_resolution,pixabay_109613_dog-puppy.mp4,1920,1080,1920,1080,,high_resolution/surprise/surprise_132_1.jpg,high_resolution/surprise/surprise_132_2.jpg,DATASET_final_videos/high_resolution/surprise/surprise_132.mp4,1xL1lOPWoufnW9ULti4iizit4fc56ObEj
surprise_133.mp4,surprise,high_resolution,pixabay_109617_dog-puppy2.mp4,1920,1080,1920,1080,,high_resolution/surprise/surprise_133_1.jpg,high_resolution/surprise/surprise_133_2.jpg,DATASET_final_videos/high_resolution/surprise/surprise_133.mp4,1kZlehkbVY6_OUv499Ad50hVWi4C11-YT
surprise_134.mp4,surprise,high_resolution,pixabay_109817_dog-animal-pet.mp4,1920,1080,1920,1080,,high_resolution/surprise/surprise_134_1.jpg,high_resolution/surprise/surprise_134_2.jpg,DATASET_final_videos/high_resolution/surprise/surprise_134.mp4,1-5Af9QfKfpSZeu9m975Gt054lyYTatxX
surprise_135.mp4,surprise,high_resolution,pixabay_132660_dog-canine-field.mp4,1920,1080,1920,1080,,high_resolution/surprise/surprise_135_1.jpg,high_resolution/surprise/surprise_135_2.jpg,DATASET_final_videos/high_resolution/surprise/surprise_135.mp4,1umorbJ00ybNqnvH8Z_rNCpBdxCB4NziH
surprise_136.mp4,surprise,high_resolution,pixabay_156318_dog-playful.mp4,3840,2160,3840,2160,,high_resolution/surprise/surprise_136_1.jpg,high_resolution/surprise/surprise_136_2.jpg,DATASET_final_videos/high_resolution/surprise/surprise_136.mp4,16W5xmbeA206NJPZtqdBqxxDO1CO8sdW3
surprise_137.mp4,surprise,high_resolution,pixabay_180682_dog-pug2.mp4,1920,1080,1920,1080,,high_resolution/surprise/surprise_137_1.jpg,high_resolution/surprise/surprise_137_2.jpg,DATASET_final_videos/high_resolution/surprise/surprise_137.mp4,1XeAPI06qssCNRvTl1nKmZDLfip5b0oQG
surprise_138.mp4,surprise,high_resolution,pixabay_233673_dog-german-shepherd.mp4,3840,2160,3840,2160,,high_resolution/surprise/surprise_138_1.jpg,high_resolution/surprise/surprise_138_2.jpg,DATASET_final_videos/high_resolution/surprise/surprise_138.mp4,1j8o7R8ZVx0HvMZ_x13huAOUWl7y5AJKS
surprise_139.mp4,surprise,high_resolution,pixabay_25094_animal-dog.mp4,3840,2160,3840,2160,,high_resolution/surprise/surprise_139_1.jpg,high_resolution/surprise/surprise_139_2.jpg,DATASET_final_videos/high_resolution/surprise/surprise_139.mp4,1Kn6dzV3AhEskQ32jD0RlxW2FLjdSO1T3
surprise_140.mp4,surprise,high_resolution,pixabay_304308,1280,720,1280,720,,high_resolution/surprise/surprise_140_1.jpg,high_resolution/surprise/surprise_140_2.jpg,DATASET_final_videos/high_resolution/surprise/surprise_140.mp4,1H3YF1AveiqhLQA9wtfpNeFyUGKC1FC0l
surprise_141.mp4,surprise,high_resolution,pixabay_45588_dog-pug.mp4,1920,1080,1920,1080,,high_resolution/surprise/surprise_141_1.jpg,high_resolution/surprise/surprise_141_2.jpg,DATASET_final_videos/high_resolution/surprise/surprise_141.mp4,1VWHzwXUqnFHO-jhwv6pyvBK3kZQaSEKz
surprise_142.mp4,surprise,high_resolution,pixabay_47312_dog-sleepy.mp4,1920,1080,1920,1080,,high_resolution/surprise/surprise_142_1.jpg,high_resolution/surprise/surprise_142_2.jpg,DATASET_final_videos/high_resolution/surprise/surprise_142.mp4,1etZ5-GzR31eeHzPXnAbXR9bY2lmtWrF0
surprise_143.mp4,surprise,high_resolution,pixabay_598,1280,720,1280,720,,high_resolution/surprise/surprise_143_1.jpg,high_resolution/surprise/surprise_143_2.jpg,DATASET_final_videos/high_resolution/surprise/surprise_143.mp4,178C5oBcDph99y1D2awbVWCShmHEtKdPn
surprise_144.mp4,surprise,high_resolution,pixabay_77624,1280,720,1280,720,,high_resolution/surprise/surprise_144_1.jpg,high_resolution/surprise/surprise_144_2.jpg,DATASET_final_videos/high_resolution/surprise/surprise_144.mp4,1prrCy2wm4lezrsgZSLa1rrD_g5sUDFto
surprise_145.mp4,surprise,high_resolution,pixabay_77624_dog-puppy-friend.mp4,1920,1080,1920,1080,,high_resolution/surprise/surprise_145_1.jpg,high_resolution/surprise/surprise_145_2.jpg,DATASET_final_videos/high_resolution/surprise/surprise_145.mp4,16-LGkXb1j0iFzwoKZHpKnxUZJl7w_43A
surprise_146.mp4,surprise,high_resolution,pixabay_77832_dog-snow.mp4,1920,1080,1920,1080,,high_resolution/surprise/surprise_146_1.jpg,high_resolution/surprise/surprise_146_2.jpg,DATASET_final_videos/high_resolution/surprise/surprise_146.mp4,1o0fzFBbLyeycI65JLlE5avN4UmE5ikbX
surprise_147.mp4,surprise,high_resolution,segment_long_19887614_26,1280,720,1280,720,,high_resolution/surprise/surprise_147_1.jpg,high_resolution/surprise/surprise_147_2.jpg,DATASET_final_videos/high_resolution/surprise/surprise_147.mp4,1mUFWre5nMSOrmuCrF8hhHQxdcUbWZ_D4
surprise_148.mp4,surprise,low_resolution,tiktok_6686378668727471365.mp4,576,1024,576,1024,,low_resolution/surprise/surprise_148_1.jpg,low_resolution/surprise/surprise_148_2.jpg,DATASET_final_videos/low_resolution/surprise/surprise_148.mp4,1ysvJupBIKwNzAVY3w-QG-rx2GtnOuTvy
surprise_149.mp4,surprise,high_resolution,tiktok_6759610535098060038.mp4,720,1280,720,1280,,high_resolution/surprise/surprise_149_1.jpg,high_resolution/surprise/surprise_149_2.jpg,DATASET_final_videos/high_resolution/surprise/surprise_149.mp4,1Zuh1-d8wZj1YTMx4UoEdBz5pOwP9T_yB
surprise_150.mp4,surprise,low_resolution,tiktok_6783706826371337477.mp4,404,720,404,720,,low_resolution/surprise/surprise_150_1.jpg,low_resolution/surprise/surprise_150_2.jpg,DATASET_final_videos/low_resolution/surprise/surprise_150.mp4,1I0L5bg-IyF4tuWILyZOOSlW00ugXs3kn
surprise_151.mp4,surprise,low_resolution,tiktok_6834824770094255365.mp4,540,960,540,960,,low_resolution/surprise/surprise_151_1.jpg,low_resolution/surprise/surprise_151_2.jpg,DATASET_final_videos/low_resolution/surprise/surprise_151.mp4,1XnwhRxtq38G5SuU7nh5FbuqQiZeowgX2
surprise_152.mp4,surprise,high_resolution,tiktok_6841924685303647493.mp4,720,1280,720,1280,,high_resolution/surprise/surprise_152_1.jpg,high_resolution/surprise/surprise_152_2.jpg,DATASET_final_videos/high_resolution/surprise/surprise_152.mp4,1fVb3ykhMWKmQcxXVzJ6VCEnUUnIyaUUb
surprise_153.mp4,surprise,high_resolution,tiktok_6937830157822610694.mp4,720,1280,720,1280,,high_resolution/surprise/surprise_153_1.jpg,high_resolution/surprise/surprise_153_2.jpg,DATASET_final_videos/high_resolution/surprise/surprise_153.mp4,1nk-I3TviOLW-0rtfls-Lp_NPEIL0-co1
surprise_154.mp4,surprise,high_resolution,tiktok_7028775404173413678.mp4,720,1280,720,1280,,,high_resolution/surprise/surprise_154_2.jpg,DATASET_final_videos/high_resolution/surprise/surprise_154.mp4,13_MRNPgG-crBSqHhwcOcOI8fXtytyxu5
surprise_155.mp4,surprise,high_resolution,tiktok_7133304987907755310.mp4,720,1280,720,1280,,high_resolution/surprise/surprise_155_1.jpg,high_resolution/surprise/surprise_155_2.jpg,DATASET_final_videos/high_resolution/surprise/surprise_155.mp4,1uRzR1SfcHKSIdUf9g-32un9M7SrLVjAC
surprise_156.mp4,surprise,low_resolution,tiktok_7184042245035674886.mp4,320,640,320,640,,low_resolution/surprise/surprise_156_1.jpg,low_resolution/surprise/surprise_156_2.jpg,DATASET_final_videos/low_resolution/surprise/surprise_156.mp4,1YHpnLOH-Pl8fU_0ursXBgwQkEFm_vVJ1
surprise_157.mp4,surprise,high_resolution,tiktok_7215637585421421829.mp4,720,1280,720,1280,,high_resolution/surprise/surprise_157_1.jpg,high_resolution/surprise/surprise_157_2.jpg,DATASET_final_videos/high_resolution/surprise/surprise_157.mp4,1slfYnT3OFYucbN2N8zmgDm9E3FEWLWbW
surprise_158.mp4,surprise,high_resolution,tiktok_7219451135017471274.mp4,1080,1920,1080,1920,,high_resolution/surprise/surprise_158_1.jpg,high_resolution/surprise/surprise_158_2.jpg,DATASET_final_videos/high_resolution/surprise/surprise_158.mp4,1Fqy_z-rGo6r89-F42wfCo8GGC7LKdBJ_
surprise_159.mp4,surprise,high_resolution,tiktok_7222955173394599214.mp4,1080,1920,1080,1920,,high_resolution/surprise/surprise_159_1.jpg,high_resolution/surprise/surprise_159_2.jpg,DATASET_final_videos/high_resolution/surprise/surprise_159.mp4,1E8NCwFQdzCa57pzTqrjNmVsRDrvXhBU_
surprise_160.mp4,surprise,high_resolution,tiktok_7235645660547157294.mp4,720,1280,720,1280,,high_resolution/surprise/surprise_160_1.jpg,high_resolution/surprise/surprise_160_2.jpg,DATASET_final_videos/high_resolution/surprise/surprise_160.mp4,1xYDlAx5kRd2h-rHYr3utBtmok5cMAg05
surprise_161.mp4,surprise,high_resolution,tiktok_7236117888870911274.mp4,1080,1920,1080,1920,,high_resolution/surprise/surprise_161_1.jpg,high_resolution/surprise/surprise_161_2.jpg,DATASET_final_videos/high_resolution/surprise/surprise_161.mp4,1s4NdhqGmdHgA03rLy7RF4IuwIxITUtMc
surprise_162.mp4,surprise,high_resolution,tiktok_7273535611703708960.mp4,1080,1920,1080,1920,,high_resolution/surprise/surprise_162_1.jpg,high_resolution/surprise/surprise_162_2.jpg,DATASET_final_videos/high_resolution/surprise/surprise_162.mp4,1OQYwRP311PhI314GVAxjXcy1pvKo2kL0
surprise_163.mp4,surprise,high_resolution,tiktok_7274971761416867114.mp4,1080,1920,1080,1920,,high_resolution/surprise/surprise_163_1.jpg,high_resolution/surprise/surprise_163_2.jpg,DATASET_final_videos/high_resolution/surprise/surprise_163.mp4,1xuYWC6QpSWlihy7LCI2V6p4uv8ZTWfHE
surprise_164.mp4,surprise,high_resolution,tiktok_7361463181438373153.mp4,1080,1920,1080,1920,,high_resolution/surprise/surprise_164_1.jpg,high_resolution/surprise/surprise_164_2.jpg,DATASET_final_videos/high_resolution/surprise/surprise_164.mp4,1YsQs40Kh62FOpa1_4yidcyst1EpkXLEo
surprise_165.mp4,surprise,high_resolution,tiktok_7412535761871834411.mp4,720,1280,720,1280,,high_resolution/surprise/surprise_165_1.jpg,high_resolution/surprise/surprise_165_2.jpg,DATASET_final_videos/high_resolution/surprise/surprise_165.mp4,1veZFcwoKTxEBs-Ynt-ZuNqVVouI6Xyql
surprise_166.mp4,surprise,high_resolution,tiktok_7435309178622709022.mp4,720,1284,720,1284,,high_resolution/surprise/surprise_166_1.jpg,high_resolution/surprise/surprise_166_2.jpg,DATASET_final_videos/high_resolution/surprise/surprise_166.mp4,1yGOU5pEuhzLZYgLnJ86dPcmcmPnL5jB5
surprise_167.mp4,surprise,high_resolution,tiktok_7446074280938310945.mp4,1080,1920,1080,1920,,high_resolution/surprise/surprise_167_1.jpg,high_resolution/surprise/surprise_167_2.jpg,DATASET_final_videos/high_resolution/surprise/surprise_167.mp4,14FTSPkH_WvgPHLDfkBwk6aKRZl6e-bAA
surprise_168.mp4,surprise,high_resolution,tiktok_7453878525679013166.mp4,1080,1920,1080,1920,,high_resolution/surprise/surprise_168_1.jpg,high_resolution/surprise/surprise_168_2.jpg,DATASET_final_videos/high_resolution/surprise/surprise_168.mp4,1PjtC2az906gLSFpLB5-AfibZlvuzW33a
surprise_169.mp4,surprise,high_resolution,tiktok_7505439759372799278.mp4,720,1280,720,1280,,high_resolution/surprise/surprise_169_1.jpg,high_resolution/surprise/surprise_169_2.jpg,DATASET_final_videos/high_resolution/surprise/surprise_169.mp4,1tmdlam1JAz1S3NCwtMaEXZRMiWQvBQqu
surprise_170.mp4,surprise,high_resolution,tiktok_7514379041260965142.mp4,1080,1920,1080,1920,,high_resolution/surprise/surprise_170_1.jpg,high_resolution/surprise/surprise_170_2.jpg,DATASET_final_videos/high_resolution/surprise/surprise_170.mp4,14wq7TnPeNCp8oVH7ms2kMNIJ7DWqeAFm
surprise_171.mp4,surprise,high_resolution,tiktok_7515127245292326166.mp4,1080,1920,1080,1920,,high_resolution/surprise/surprise_171_1.jpg,high_resolution/surprise/surprise_171_2.jpg,DATASET_final_videos/high_resolution/surprise/surprise_171.mp4,1bCT0lvYd6yaQ27OJv7_3Qo14dlMYIMhJ
surprise_172.mp4,surprise,high_resolution,tiktok_7519057574419762454.mp4,1080,1920,1080,1920,,high_resolution/surprise/surprise_172_1.jpg,high_resolution/surprise/surprise_172_2.jpg,DATASET_final_videos/high_resolution/surprise/surprise_172.mp4,15Y9Hihgjge9S_QOJbbYLSAZUnO5fxo2T
surprise_173.mp4,surprise,high_resolution,tiktok_7520570750151953686.mp4,720,1280,720,1280,,high_resolution/surprise/surprise_173_1.jpg,high_resolution/surprise/surprise_173_2.jpg,DATASET_final_videos/high_resolution/surprise/surprise_173.mp4,1ankaPbMbHULp2w6hB-uyWDRW5g2hSPwi
surprise_174.mp4,surprise,high_resolution,tiktok_7520654309076372758.mp4,1080,1920,1080,1920,,high_resolution/surprise/surprise_174_1.jpg,high_resolution/surprise/surprise_174_2.jpg,DATASET_final_videos/high_resolution/surprise/surprise_174.mp4,107-Y5rAF8zS9IShmQou8oXZ9BCe7k_R3
surprise_175.mp4,surprise,high_resolution,tiktok_7524287270455708950.mp4,720,1280,720,1280,,high_resolution/surprise/surprise_175_1.jpg,high_resolution/surprise/surprise_175_2.jpg,DATASET_final_videos/high_resolution/surprise/surprise_175.mp4,1RwkFVHXx6h9bgE0VuwA0MTrmyghH9fTf
surprise_176.mp4,surprise,low_resolution,tiktok_7528479657549729046.mp4,576,1024,576,1024,,low_resolution/surprise/surprise_176_1.jpg,low_resolution/surprise/surprise_176_2.jpg,DATASET_final_videos/low_resolution/surprise/surprise_176.mp4,1ocgQgXeYHkhkScQ6DTDX-mBSszgffAZb
surprise_177.mp4,surprise,high_resolution,tiktok_7529551822948715793.mp4,1080,1920,1080,1920,,high_resolution/surprise/surprise_177_1.jpg,high_resolution/surprise/surprise_177_2.jpg,DATASET_final_videos/high_resolution/surprise/surprise_177.mp4,1HRUjDQUC7RDHVG83wqhoC7bo6Tm0I5Bw
surprise_178.mp4,surprise,high_resolution,tiktok_7538300392069795102.mp4,1080,1920,1080,1920,,high_resolution/surprise/surprise_178_1.jpg,high_resolution/surprise/surprise_178_2.jpg,DATASET_final_videos/high_resolution/surprise/surprise_178.mp4,1-qovRt7XunnSacqyVCV-xQGwltazTLTD
surprise_179.mp4,surprise,low_resolution,tiktok_7547019331608136982.mp4,576,1024,576,1024,,low_resolution/surprise/surprise_179_1.jpg,low_resolution/surprise/surprise_179_2.jpg,DATASET_final_videos/low_resolution/surprise/surprise_179.mp4,1bRrGYRQVJ6AWFuJsKui6s-kG8lmS7iyf
surprise_180.mp4,surprise,low_resolution,tiktok_7548049759248911638.mp4,576,1024,576,1024,,low_resolution/surprise/surprise_180_1.jpg,low_resolution/surprise/surprise_180_2.jpg,DATASET_final_videos/low_resolution/surprise/surprise_180.mp4,1Ct5KjtjtZKX3Y5zb0CUyCDWFCJ-eCZim
surprise_181.mp4,surprise,high_resolution,tiktok_7551407238288559415.mp4,720,1280,720,1280,,high_resolution/surprise/surprise_181_1.jpg,high_resolution/surprise/surprise_181_2.jpg,DATASET_final_videos/high_resolution/surprise/surprise_181.mp4,1TQw5-_EHvsfmcbHXDtaipRF3j4PucCf9
surprise_182.mp4,surprise,high_resolution,tiktok_7562850340584852758.mp4,1080,1920,1080,1920,,high_resolution/surprise/surprise_182_1.jpg,high_resolution/surprise/surprise_182_2.jpg,DATASET_final_videos/high_resolution/surprise/surprise_182.mp4,1zKxmE-ZZCzBV6MJGW_rjAK1GJdydTtfT
surprise_183.mp4,surprise,high_resolution,tiktok_7567148168270351647.mp4,720,1280,720,1280,,high_resolution/surprise/surprise_183_1.jpg,high_resolution/surprise/surprise_183_2.jpg,DATASET_final_videos/high_resolution/surprise/surprise_183.mp4,1OWQL-ucwCp1ZxM4bTiTzLkuL3GyTh38r
surprise_184.mp4,surprise,low_resolution,tiktok_7571548733888810262.mp4,576,1024,576,1024,,low_resolution/surprise/surprise_184_1.jpg,low_resolution/surprise/surprise_184_2.jpg,DATASET_final_videos/low_resolution/surprise/surprise_184.mp4,1xiLm0f2ljlaFYIN7Q3aa6mhQsoJnjfNe
surprise_185.mp4,surprise,high_resolution,tiktok_7574848607078124823.mp4,720,1280,720,1280,,high_resolution/surprise/surprise_185_1.jpg,high_resolution/surprise/surprise_185_2.jpg,DATASET_final_videos/high_resolution/surprise/surprise_185.mp4,19jG-1reCCrY0EpaFGfDpkTC14rftO3Sy
surprise_186.mp4,surprise,high_resolution,tiktok_7577885470630104333.mp4,720,1280,720,1280,,high_resolution/surprise/surprise_186_1.jpg,high_resolution/surprise/surprise_186_2.jpg,DATASET_final_videos/high_resolution/surprise/surprise_186.mp4,1lB_B1MTTkEIaEVJWyV9EvxBXPlXKHEHP
surprise_187.mp4,surprise,low_resolution,tiktok_7580694785980337441.mp4,576,1024,576,1024,,low_resolution/surprise/surprise_187_1.jpg,low_resolution/surprise/surprise_187_2.jpg,DATASET_final_videos/low_resolution/surprise/surprise_187.mp4,1iPIgeEpj31HCs65IAIJ8o6xYEHnFEmRD
surprise_188.mp4,surprise,high_resolution,tiktok_7581844396585307406.mp4,1080,1920,1080,1920,,high_resolution/surprise/surprise_188_1.jpg,high_resolution/surprise/surprise_188_2.jpg,DATASET_final_videos/high_resolution/surprise/surprise_188.mp4,1KXKndg8m9qzzb54eyU_kq5amMW7ZX5t7
surprise_189.mp4,surprise,high_resolution,tiktok_7591502291451071775.mp4,1080,1920,1080,1920,,high_resolution/surprise/surprise_189_1.jpg,high_resolution/surprise/surprise_189_2.jpg,DATASET_final_videos/high_resolution/surprise/surprise_189.mp4,1-Jh3D6lZ8olXrmA8giu4_8qPZOJx_Vdu
surprise_190.mp4,surprise,high_resolution,tiktok_7595338603669097736.mp4,720,720,720,720,,high_resolution/surprise/surprise_190_1.jpg,high_resolution/surprise/surprise_190_2.jpg,DATASET_final_videos/high_resolution/surprise/surprise_190.mp4,1t5Vlpva1v7VQTb_Som2KJWgx3M_qSnaT
surprise_191.mp4,surprise,high_resolution,tiktok_7599853174089895198.mp4,720,1280,720,1280,,high_resolution/surprise/surprise_191_1.jpg,high_resolution/surprise/surprise_191_2.jpg,DATASET_final_videos/high_resolution/surprise/surprise_191.mp4,1cOBPKvKqgR1eJplPPoREQfkyxYNvj6Wn
surprise_192.mp4,surprise,low_resolution,tiktok_7601950979755363606.mp4,576,1024,576,1024,,low_resolution/surprise/surprise_192_1.jpg,low_resolution/surprise/surprise_192_2.jpg,DATASET_final_videos/low_resolution/surprise/surprise_192.mp4,19oTc_cOK7szEEtNi4ev-FXQKhPaJp3Qy
surprise_193.mp4,surprise,high_resolution,tiktok_7603152795356630286.mp4,1080,1920,1080,1920,,high_resolution/surprise/surprise_193_1.jpg,high_resolution/surprise/surprise_193_2.jpg,DATASET_final_videos/high_resolution/surprise/surprise_193.mp4,1zrxP9_BXz1hxWBHhuK7sCSrST1vZTVqJ
surprise_194.mp4,surprise,low_resolution,tiktok_7607049345321405719.mp4,576,1024,576,1024,,low_resolution/surprise/surprise_194_1.jpg,low_resolution/surprise/surprise_194_2.jpg,DATASET_final_videos/low_resolution/surprise/surprise_194.mp4,1U7WKX4thYyvkpyOkAKFpWn660ovM6xJN
surprise_195.mp4,surprise,high_resolution,tiktok_7608760249863916814.mp4,1080,1920,1080,1920,,high_resolution/surprise/surprise_195_1.jpg,high_resolution/surprise/surprise_195_2.jpg,DATASET_final_videos/high_resolution/surprise/surprise_195.mp4,1R9d20cVEK0iW4lGPtOnPoICj4LxQ2WIF
surprise_196.mp4,surprise,high_resolution,tiktok_7610872232436403478.mp4,1080,1920,1080,1920,,high_resolution/surprise/surprise_196_1.jpg,high_resolution/surprise/surprise_196_2.jpg,DATASET_final_videos/high_resolution/surprise/surprise_196.mp4,19xODKBPSpIw3e7L6rr7gGkffK1SZ7Aom
surprise_197.mp4,surprise,low_resolution,tiktok_7629779357019557140.mp4,576,1024,576,1024,,low_resolution/surprise/surprise_197_1.jpg,low_resolution/surprise/surprise_197_2.jpg,DATASET_final_videos/low_resolution/surprise/surprise_197.mp4,1YIux9CJEq8XAIvIlGPKKwTgcoW2YNXCt
surprise_198.mp4,surprise,high_resolution,tiktok_7631249161765031190.mp4,1080,1920,1080,1920,,high_resolution/surprise/surprise_198_1.jpg,high_resolution/surprise/surprise_198_2.jpg,DATASET_final_videos/high_resolution/surprise/surprise_198.mp4,1oBVUFVfejW2pkPfOnu8yV_kwGm1Ze0eq
surprise_199.mp4,surprise,high_resolution,tiktok_7633813396655246622.mp4,1080,1920,1080,1920,,high_resolution/surprise/surprise_199_1.jpg,high_resolution/surprise/surprise_199_2.jpg,DATASET_final_videos/high_resolution/surprise/surprise_199.mp4,1TvbQUG2mNcqBrsVxUJhSw0J3wUiu45KK
surprise_200.mp4,surprise,high_resolution,tiktok_7649054005489929494.mp4,1080,1920,1080,1920,,high_resolution/surprise/surprise_200_1.jpg,high_resolution/surprise/surprise_200_2.jpg,DATASET_final_videos/high_resolution/surprise/surprise_200.mp4,1zALpV08JrRhoZ1UQ8YxHuAKnblcdSjj1
surprise_201.mp4,surprise,high_resolution,tiktok_7650466265689001238.mp4,1080,1920,1080,1920,,high_resolution/surprise/surprise_201_1.jpg,high_resolution/surprise/surprise_201_2.jpg,DATASET_final_videos/high_resolution/surprise/surprise_201.mp4,1wS6UJlzGFB4Z-q1pAC6yvvbmKGieVILb
surprise_202.mp4,surprise,high_resolution,tiktok_7659711558590729486.mp4,1080,1920,1080,1920,,high_resolution/surprise/surprise_202_1.jpg,high_resolution/surprise/surprise_202_2.jpg,DATASET_final_videos/high_resolution/surprise/surprise_202.mp4,1zziVtXoh12XLIiOOCtNdExY1DesjHADM
surprise_203.mp4,surprise,high_resolution,tiktok_7661857780734758175.mp4,720,1280,720,1280,,high_resolution/surprise/surprise_203_1.jpg,high_resolution/surprise/surprise_203_2.jpg,DATASET_final_videos/high_resolution/surprise/surprise_203.mp4,1KpHxtl8RGS-iJnpRj5Ox2UADObrkO_LF
surprise_204.mp4,surprise,high_resolution,tiktok_7663161343561829665.mp4,1080,1920,1080,1920,,high_resolution/surprise/surprise_204_1.jpg,high_resolution/surprise/surprise_204_2.jpg,DATASET_final_videos/high_resolution/surprise/surprise_204.mp4,1lOf2Es8fAiCL0TR3osNzmygPE1XjFNcV
surprise_205.mp4,surprise,high_resolution,tiktok_7665059319519431958.mp4,720,1280,720,1280,,high_resolution/surprise/surprise_205_1.jpg,high_resolution/surprise/surprise_205_2.jpg,DATASET_final_videos/high_resolution/surprise/surprise_205.mp4,166q0bh0Yjkl-E3QHyCfqx5T-M_mypv6f
surprise_206.mp4,surprise,high_resolution,tiktok_7665320886446214414.mp4,720,1280,720,1280,,high_resolution/surprise/surprise_206_1.jpg,high_resolution/surprise/surprise_206_2.jpg,DATASET_final_videos/high_resolution/surprise/surprise_206.mp4,1_rcspKxGq1Z6qbHJT6qG9k-fbOFAKYVP
surprise_207.mp4,surprise,low_resolution,tiktok_7666057141823917332.mp4,576,1024,576,1024,,low_resolution/surprise/surprise_207_1.jpg,low_resolution/surprise/surprise_207_2.jpg,DATASET_final_videos/low_resolution/surprise/surprise_207.mp4,16aUt7hzuL7rDNBJs2p90BG0x6L2MALHQ
surprise_208.mp4,surprise,high_resolution,tiktok_7666632444812021023.mp4,1080,1920,1080,1920,,high_resolution/surprise/surprise_208_1.jpg,high_resolution/surprise/surprise_208_2.jpg,DATASET_final_videos/high_resolution/surprise/surprise_208.mp4,10Jf3lyI3YLwHnz8Ws00SOoEdkUZgAzgp
surprise_209.mp4,surprise,high_resolution,tiktok_7670231845228907798.mp4,1080,1920,1080,1920,,high_resolution/surprise/surprise_209_1.jpg,high_resolution/surprise/surprise_209_2.jpg,DATASET_final_videos/high_resolution/surprise/surprise_209.mp4,1EdInWGAqTlUpkn1ymPsP8A-EVz_u0HTT
surprise_210.mp4,surprise,high_resolution,tiktok_7672114050863762721.mp4,1080,1920,1080,1920,,high_resolution/surprise/surprise_210_1.jpg,high_resolution/surprise/surprise_210_2.jpg,DATASET_final_videos/high_resolution/surprise/surprise_210.mp4,1NAlYOWmCo9kqSuj9Ioj23XMmcmZw5-us
surprise_211.mp4,surprise,high_resolution,tiktok_7672693848434363661.mp4,720,1280,720,1280,,high_resolution/surprise/surprise_211_1.jpg,high_resolution/surprise/surprise_211_2.jpg,DATASET_final_videos/high_resolution/surprise/surprise_211.mp4,1sHbE3y4F3v44szhCtqRvNDmXkKofmO4q
surprise_212.mp4,surprise,high_resolution,tiktok_7673476307149245727.mp4,720,1280,720,1280,,high_resolution/surprise/surprise_212_1.jpg,high_resolution/surprise/surprise_212_2.jpg,DATASET_final_videos/high_resolution/surprise/surprise_212.mp4,1LklbCbpbq_P4Lk-D6PDsbMq4I9SpD3Fm
surprise_213.mp4,surprise,high_resolution,tiktok_7677412373396786445.mp4,1080,1906,1080,1906,,high_resolution/surprise/surprise_213_1.jpg,high_resolution/surprise/surprise_213_2.jpg,DATASET_final_videos/high_resolution/surprise/surprise_213.mp4,1sc8comO0j43WiXzEPcK8Z_ZogSlqHWl4
surprise_214.mp4,surprise,high_resolution,tiktok_7678455383886744854.mp4,1080,1920,1080,1920,,high_resolution/surprise/surprise_214_1.jpg,high_resolution/surprise/surprise_214_2.jpg,DATASET_final_videos/high_resolution/surprise/surprise_214.mp4,1S-4H9C9MC26y7IG1-rTUCG_0Py6kRILh
surprise_215.mp4,surprise,high_resolution,tiktok_7678756454894931222.mp4,1080,1920,1080,1920,,high_resolution/surprise/surprise_215_1.jpg,high_resolution/surprise/surprise_215_2.jpg,DATASET_final_videos/high_resolution/surprise/surprise_215.mp4,1GdOad-IqRzYMWbSRuMwGqoaZ9I78lb2T
surprise_216.mp4,surprise,high_resolution,tiktok_7678761498801442071.mp4,1080,1920,1080,1920,,high_resolution/surprise/surprise_216_1.jpg,high_resolution/surprise/surprise_216_2.jpg,DATASET_final_videos/high_resolution/surprise/surprise_216.mp4,1LjbgpIBpwHKNWZWQf3lWV2_0HXOsUsr7
surprise_217.mp4,surprise,high_resolution,tiktok_7680569405763374358.mp4,1080,1920,1080,1920,,high_resolution/surprise/surprise_217_1.jpg,high_resolution/surprise/surprise_217_2.jpg,DATASET_final_videos/high_resolution/surprise/surprise_217.mp4,1pYJQnBNqkQdfQ23tcyhYhvg1yQqRVtn7
surprise_218.mp4,surprise,low_resolution,tiktok_7681700821813169440.mp4,576,1024,576,1024,,low_resolution/surprise/surprise_218_1.jpg,low_resolution/surprise/surprise_218_2.jpg,DATASET_final_videos/low_resolution/surprise/surprise_218.mp4,1I-xU4_MFDTS-qMyH_nRgpjBYjMo-1E1N
surprise_219.mp4,surprise,high_resolution,tiktok_7682135569073212694.mp4,720,1280,720,1280,,high_resolution/surprise/surprise_219_1.jpg,high_resolution/surprise/surprise_219_2.jpg,DATASET_final_videos/high_resolution/surprise/surprise_219.mp4,1xx5NRHyLYJ2ohbBanheeCtvakDN4sIIP
surprise_220.mp4,surprise,high_resolution,tiktok_7682326567854378262.mp4,1080,1920,1080,1920,,high_resolution/surprise/surprise_220_1.jpg,high_resolution/surprise/surprise_220_2.jpg,DATASET_final_videos/high_resolution/surprise/surprise_220.mp4,1TcOcO8zT5Jy8yxzNrM8gDStib8AdBe-s
surprise_221.mp4,surprise,high_resolution,tiktok_7683185281197018390.mp4,1080,1920,1080,1920,,high_resolution/surprise/surprise_221_1.jpg,high_resolution/surprise/surprise_221_2.jpg,DATASET_final_videos/high_resolution/surprise/surprise_221.mp4,1qT4qIej03bHirsm3QX3rAYHljNjtJBi2
surprise_222.mp4,surprise,high_resolution,tiktok_7683880902220385568.mp4,720,1282,720,1282,,high_resolution/surprise/surprise_222_1.jpg,high_resolution/surprise/surprise_222_2.jpg,DATASET_final_videos/high_resolution/surprise/surprise_222.mp4,1-Df3IJwmWMQTEiwOnGGJvW8UUUW10C5Y
surprise_223.mp4,surprise,high_resolution,tiktok_7683922649478663457.mp4,1080,1920,1080,1920,,high_resolution/surprise/surprise_223_1.jpg,high_resolution/surprise/surprise_223_2.jpg,DATASET_final_videos/high_resolution/surprise/surprise_223.mp4,1NlNyp5vWTT5KESd-sqFTkJquDqSLQkkH
surprise_224.mp4,surprise,high_resolution,tiktok_7684019010412793121.mp4,1080,1920,1080,1920,,high_resolution/surprise/surprise_224_1.jpg,high_resolution/surprise/surprise_224_2.jpg,DATASET_final_videos/high_resolution/surprise/surprise_224.mp4,12Z8lb9jM8Ea1ycvNz11iLH3BT_JTGDXg
surprise_225.mp4,surprise,high_resolution,tiktok_7684733825552895265.mp4,1080,1920,1080,1920,,high_resolution/surprise/surprise_225_1.jpg,high_resolution/surprise/surprise_225_2.jpg,DATASET_final_videos/high_resolution/surprise/surprise_225.mp4,1wUAG9e8HENguCoR9zJ1YgMn1xKPwSJU0
surprise_226.mp4,surprise,high_resolution,youtube_9kaJaTB1B1Q_merged.mp4,1080,1920,1080,1920,,high_resolution/surprise/surprise_226_1.jpg,high_resolution/surprise/surprise_226_2.jpg,DATASET_final_videos/high_resolution/surprise/surprise_226.mp4,1JFBZUfsNE46d0jDsxTF5dOuhQQdU9BqP
surprise_227.mp4,surprise,high_resolution,youtube_LUThEQymCHQ_merged.mp4,720,1280,720,1280,,high_resolution/surprise/surprise_227_1.jpg,high_resolution/surprise/surprise_227_2.jpg,DATASET_final_videos/high_resolution/surprise/surprise_227.mp4,1yY8QT3DMammA3iESze9bcdhXiCE6n5O7
surprise_228.mp4,surprise,high_resolution,youtube_cute dog face closeup_-lc8-ysXALc,1080,1920,1080,1920,,high_resolution/surprise/surprise_228_1.jpg,high_resolution/surprise/surprise_228_2.jpg,DATASET_final_videos/high_resolution/surprise/surprise_228.mp4,1EiWr0FhWy6KOY5nIz8wIWegF8AjO4Yzl
surprise_229.mp4,surprise,high_resolution,youtube_cute dog face closeup_cn1lz_QmaWU,1920,1080,1920,1080,,high_resolution/surprise/surprise_229_1.jpg,high_resolution/surprise/surprise_229_2.jpg,DATASET_final_videos/high_resolution/surprise/surprise_229.mp4,1xeg4eLR65Sj3RlAoD417ooRtplkpUCPW
surprise_230.mp4,surprise,high_resolution,youtube_hKi7i948t6M_merged.mp4,720,1280,720,1280,,high_resolution/surprise/surprise_230_1.jpg,high_resolution/surprise/surprise_230_2.jpg,DATASET_final_videos/high_resolution/surprise/surprise_230.mp4,1aqe4feQZS0CT768r9mJQx9ljQ-VOhqDG
surprise_231.mp4,surprise,high_resolution,youtube_happy dog smiling_PsQ2xNKBgMQ,1280,720,1280,720,,high_resolution/surprise/surprise_231_1.jpg,high_resolution/surprise/surprise_231_2.jpg,DATASET_final_videos/high_resolution/surprise/surprise_231.mp4,1adlsvfQ6JMZrswWu4xKlREa-DUBbH_gs
surprise_232.mp4,surprise,high_resolution,youtube_surprised dog face_J67E6cNVcg8,1920,1080,1920,1080,,high_resolution/surprise/surprise_232_1.jpg,high_resolution/surprise/surprise_232_2.jpg,DATASET_final_videos/high_resolution/surprise/surprise_232.mp4,11qugwXWy2Gh2VcYL6LQyzLICM30otkGA
surprise_233.mp4,surprise,low_resolution,youtube_w84_IE5jqao_merged.mp4,640,1138,640,1138,,low_resolution/surprise/surprise_233_1.jpg,low_resolution/surprise/surprise_233_2.jpg,DATASET_final_videos/low_resolution/surprise/surprise_233.mp4,1LtrW7tajMXZecrAKegAz4sTfXfhx-439
surprise_234.mp4,surprise,high_resolution,youtube_y5VkBuQGkJs_merged.mp4,720,1280,720,1280,,high_resolution/surprise/surprise_234_1.jpg,high_resolution/surprise/surprise_234_2.jpg,DATASET_final_videos/high_resolution/surprise/surprise_234.mp4,14brLYCW7BFAy4hYCdCOG_2uLm4uAzEmN
