emotion,video,fid,drive_link
neutral,5nsFcoiOc3Y_000533,,
neutral,D0ZJr8cAUHg_000324,,
neutral,IMG_8293.MP4,1HNgjBtgkWfuV4WRXCkK9endBaQkOgyGS,https://drive.google.com/uc?id=1HNgjBtgkWfuV4WRXCkK9endBaQkOgyGS
neutral,IMG_8294.MP4,1QswgSAN6y1tNhmFAhhzR2KjqnkLpwYmx,https://drive.google.com/uc?id=1QswgSAN6y1tNhmFAhhzR2KjqnkLpwYmx
neutral,IMG_8295.MP4,1SyWpbTbk9ze_Ow3kh-4DTQLcZ5nzWapt,https://drive.google.com/uc?id=1SyWpbTbk9ze_Ow3kh-4DTQLcZ5nzWapt
neutral,IMG_8296.MP4,1WEO4Hlonx59dKvQ-WhnV5mzLO7dRlEsN,https://drive.google.com/uc?id=1WEO4Hlonx59dKvQ-WhnV5mzLO7dRlEsN
neutral,IMG_8297.MP4,1fIvAv3QOShg6LDIkvy6yBkNyHWm4YgxM,https://drive.google.com/uc?id=1fIvAv3QOShg6LDIkvy6yBkNyHWm4YgxM
neutral,IMG_8298.MP4,1xDltU8D9BjixUifx2qAhLXVlHsv7K9C7,https://drive.google.com/uc?id=1xDltU8D9BjixUifx2qAhLXVlHsv7K9C7
neutral,IMG_8304.MP4,1JazMc9rLrb3qqRkc7Ttt_dFaay_irS5V,https://drive.google.com/uc?id=1JazMc9rLrb3qqRkc7Ttt_dFaay_irS5V
neutral,IMG_8305.MP4,19c9nZODKtq9PIbwqXLqJjsZYJ_pdiCTt,https://drive.google.com/uc?id=19c9nZODKtq9PIbwqXLqJjsZYJ_pdiCTt
neutral,IMG_8306.MP4,1lCKU2T-MMlXrb7UBYyUdVUIsEmd49OOK,https://drive.google.com/uc?id=1lCKU2T-MMlXrb7UBYyUdVUIsEmd49OOK
neutral,IMG_8307.MP4,1UzQ4wEGUN7-5qPdGYDt8kdWxFadiy8ti,https://drive.google.com/uc?id=1UzQ4wEGUN7-5qPdGYDt8kdWxFadiy8ti
neutral,IMG_8324.MP4,1AP_xN-3-jArJpCEbfLClw6vdENTPnRS3,https://drive.google.com/uc?id=1AP_xN-3-jArJpCEbfLClw6vdENTPnRS3
neutral,IMG_8325.MP4,18mL6Pial6aZ9HG06tU3w1wajOL-ACDPD,https://drive.google.com/uc?id=18mL6Pial6aZ9HG06tU3w1wajOL-ACDPD
neutral,IMG_8326.MP4,1srLXvyrtb00hYZ0Ym3y_kLWj-qLrTiMh,https://drive.google.com/uc?id=1srLXvyrtb00hYZ0Ym3y_kLWj-qLrTiMh
neutral,IMG_8327.MP4,1ZDwmvcUDiLfIaU-mNsyXjnJz48aIbhiL,https://drive.google.com/uc?id=1ZDwmvcUDiLfIaU-mNsyXjnJz48aIbhiL
neutral,IMG_8328.MP4,10or7tBz0j98kJH7oqzq6pXRDy5tVI0Qv,https://drive.google.com/uc?id=10or7tBz0j98kJH7oqzq6pXRDy5tVI0Qv
neutral,IMG_8329.MP4,13PKUlh08tZrPChIS6tHLMCLj7cIEPY1k,https://drive.google.com/uc?id=13PKUlh08tZrPChIS6tHLMCLj7cIEPY1k
neutral,IMG_8330.MP4,1UXU7hklykJamMUeH48-GH0Rc1VeziI0u,https://drive.google.com/uc?id=1UXU7hklykJamMUeH48-GH0Rc1VeziI0u
neutral,IMG_8331.MP4,11vTedXU-M0ZurQ6vvTqKm_j4QustlRR2,https://drive.google.com/uc?id=11vTedXU-M0ZurQ6vvTqKm_j4QustlRR2
neutral,IMG_8332.MP4,1WPb5Vgo0eB4QAIaEjxAfA4hkev0-KPnu,https://drive.google.com/uc?id=1WPb5Vgo0eB4QAIaEjxAfA4hkev0-KPnu
neutral,IMG_8333.MP4,11Zts3azMBRJTFl8roBlHVUITSVrH_-6g,https://drive.google.com/uc?id=11Zts3azMBRJTFl8roBlHVUITSVrH_-6g
neutral,IMG_8334.MP4,1m1neqYEvsDxMfAaGgo8Z7T_HUgEX4g2n,https://drive.google.com/uc?id=1m1neqYEvsDxMfAaGgo8Z7T_HUgEX4g2n
neutral,IMG_8335.MP4,1ckwzSo_cf5CYCytNp1lxx04IlkbzJDrL,https://drive.google.com/uc?id=1ckwzSo_cf5CYCytNp1lxx04IlkbzJDrL
neutral,IMG_8336.MP4,1T_tXJ3TSsRSKMhyp-f5qjMDqg6V6X376,https://drive.google.com/uc?id=1T_tXJ3TSsRSKMhyp-f5qjMDqg6V6X376
neutral,IMG_8337.MP4,1QXE_wiNWOw600Lu9fw88k5n3mcr5I6et,https://drive.google.com/uc?id=1QXE_wiNWOw600Lu9fw88k5n3mcr5I6et
neutral,IMG_8338.MP4,1rGa42VB2MDplzZp0AZ-ZDw6XXr-DX2LS,https://drive.google.com/uc?id=1rGa42VB2MDplzZp0AZ-ZDw6XXr-DX2LS
neutral,IMG_8339.MP4,1QkpIufIo6FH-m-Gd5kJ8RQmrRvg5U-1n,https://drive.google.com/uc?id=1QkpIufIo6FH-m-Gd5kJ8RQmrRvg5U-1n
neutral,IMG_8340.MP4,1xH4Tmu_VsQ_VqxOzf1WZWvB_yAudBt71,https://drive.google.com/uc?id=1xH4Tmu_VsQ_VqxOzf1WZWvB_yAudBt71
neutral,IMG_8342.MP4,1bWFSmvCwn4hR72elgkFmPI8xJHZ98AzM,https://drive.google.com/uc?id=1bWFSmvCwn4hR72elgkFmPI8xJHZ98AzM
neutral,IMG_8343.MP4,1DoGfSBlpRgWtcRrRXa3KghSBvaLoddUw,https://drive.google.com/uc?id=1DoGfSBlpRgWtcRrRXa3KghSBvaLoddUw
neutral,IMG_8344.MP4,1WvyBdLxUo7qaAys5TQwQstsbGtaT3rDW,https://drive.google.com/uc?id=1WvyBdLxUo7qaAys5TQwQstsbGtaT3rDW
neutral,IMG_8345.MP4,1DDZ5WAAJBBDs53dpgz65UgzEpQdqjtHU,https://drive.google.com/uc?id=1DDZ5WAAJBBDs53dpgz65UgzEpQdqjtHU
neutral,IMG_8346.MP4,1dIXajVGTGYvBKjufbl-_Cim9UQzakiAX,https://drive.google.com/uc?id=1dIXajVGTGYvBKjufbl-_Cim9UQzakiAX
neutral,IMG_8347.MP4,1Pa7DLViPyXqfYBv2BYMyP_eFv3uaNFzo,https://drive.google.com/uc?id=1Pa7DLViPyXqfYBv2BYMyP_eFv3uaNFzo
neutral,IMG_8348.MP4,1siS8v4Mi_fxWVBWAHtPZokRo0hZCohoS,https://drive.google.com/uc?id=1siS8v4Mi_fxWVBWAHtPZokRo0hZCohoS
neutral,IMG_8349.MP4,1cvA6mrtGchoDn5u3PRWX0nH9KFsDlXu6,https://drive.google.com/uc?id=1cvA6mrtGchoDn5u3PRWX0nH9KFsDlXu6
neutral,IMG_8350.MP4,1ARUO1fUqof9TUjLxJU_r9I6QSIkmeo9N,https://drive.google.com/uc?id=1ARUO1fUqof9TUjLxJU_r9I6QSIkmeo9N
neutral,IMG_8351.MP4,1q1g9SJX8tAKkX6Co7YkFJ8XppexgSFPL,https://drive.google.com/uc?id=1q1g9SJX8tAKkX6Co7YkFJ8XppexgSFPL
neutral,IMG_8352.MP4,1lLTa8qBbFTFc6C0SWnu8u3iLG5fnW0-T,https://drive.google.com/uc?id=1lLTa8qBbFTFc6C0SWnu8u3iLG5fnW0-T
neutral,IMG_8353.MP4,1zt3FlzlyUYKVRlgnVQV2tGDIQmQoGqi8,https://drive.google.com/uc?id=1zt3FlzlyUYKVRlgnVQV2tGDIQmQoGqi8
neutral,IMG_8354.MP4,1_YCFTA579OhAeTRX28xh1Vp_jg7Adswt,https://drive.google.com/uc?id=1_YCFTA579OhAeTRX28xh1Vp_jg7Adswt
neutral,IMG_8355.MP4,1DjNZoLqaYv8cS1RCUIY2TDjAgFdSPJ2H,https://drive.google.com/uc?id=1DjNZoLqaYv8cS1RCUIY2TDjAgFdSPJ2H
neutral,IMG_8356.MP4,1KEY0gkRUiEl5f5P5Zna4HGen6mOuw25R,https://drive.google.com/uc?id=1KEY0gkRUiEl5f5P5Zna4HGen6mOuw25R
neutral,IMG_8357.MP4,1ec7-Ycs0x6rmQbmDMN_tjQUEsyXSg5Q0,https://drive.google.com/uc?id=1ec7-Ycs0x6rmQbmDMN_tjQUEsyXSg5Q0
neutral,IMG_8358.MP4,1aJijmYLLESQ8YNb2LhcLPM5jhRElfiB6,https://drive.google.com/uc?id=1aJijmYLLESQ8YNb2LhcLPM5jhRElfiB6
neutral,IMG_8359.MP4,1hydWHsstK9S1FnebUQu1WB1wbnFJDse4,https://drive.google.com/uc?id=1hydWHsstK9S1FnebUQu1WB1wbnFJDse4
neutral,IMG_8360.MP4,1keCLdS7QcFKAwksrisGMPDy9WSyG8SZ_,https://drive.google.com/uc?id=1keCLdS7QcFKAwksrisGMPDy9WSyG8SZ_
neutral,IMG_8361.MP4,1iKJGUodKDu_6v4NW3I3i-piYSHsJlpGg,https://drive.google.com/uc?id=1iKJGUodKDu_6v4NW3I3i-piYSHsJlpGg
neutral,IMG_8362.MP4,1lRISt0m7dttTNfQfMQ05ERi77qgfTJgF,https://drive.google.com/uc?id=1lRISt0m7dttTNfQfMQ05ERi77qgfTJgF
neutral,IMG_8363.MP4,17P8ZCo6w7nnKZefxdyjo8Vct5y_gycjW,https://drive.google.com/uc?id=17P8ZCo6w7nnKZefxdyjo8Vct5y_gycjW
neutral,IMG_8364.MP4,1m39nfhLLC4d7Y3WqoPmBOr5SikjPLiaj,https://drive.google.com/uc?id=1m39nfhLLC4d7Y3WqoPmBOr5SikjPLiaj
neutral,IMG_8365.MP4,1N4TQ02MG2ScSXp4UNyensE9UUTMY8prH,https://drive.google.com/uc?id=1N4TQ02MG2ScSXp4UNyensE9UUTMY8prH
neutral,IMG_8366.MP4,10c7rj4D4Kqzk-ttTSB7GSSuYJgiYoS7-,https://drive.google.com/uc?id=10c7rj4D4Kqzk-ttTSB7GSSuYJgiYoS7-
neutral,IMG_8367.MP4,1sJZFL3AqtM2vjN352mdMTGfqyh9p3bfk,https://drive.google.com/uc?id=1sJZFL3AqtM2vjN352mdMTGfqyh9p3bfk
neutral,IMG_8368.MP4,1sGAa4gkLiBbdj0Awxd4mFoL62ElOzu0t,https://drive.google.com/uc?id=1sGAa4gkLiBbdj0Awxd4mFoL62ElOzu0t
neutral,IMG_8369.MP4,1jBKhrlWYGWISBSU5PsF_iTGr03UFKQtW,https://drive.google.com/uc?id=1jBKhrlWYGWISBSU5PsF_iTGr03UFKQtW
neutral,IMG_8370.MP4,1O6dkJxY3sUwdzSqGvb_557wKoAQQt1c5,https://drive.google.com/uc?id=1O6dkJxY3sUwdzSqGvb_557wKoAQQt1c5
neutral,IMG_8371.MP4,12rzACYY1i5rSkChJ9XK1GYy7LeilxAcs,https://drive.google.com/uc?id=12rzACYY1i5rSkChJ9XK1GYy7LeilxAcs
neutral,IMG_8372.MP4,1Pl8H7iJbn9pPd1P1ZXsxvTto-Zbvr62a,https://drive.google.com/uc?id=1Pl8H7iJbn9pPd1P1ZXsxvTto-Zbvr62a
neutral,IMG_8373.MP4,13rZUcU69_2IWKO7MCeeLc-ePb60MlVbk,https://drive.google.com/uc?id=13rZUcU69_2IWKO7MCeeLc-ePb60MlVbk
neutral,IMG_8374.MP4,1RWdVRdQotB3ddrqmr5NANvzL58Q3bg-c,https://drive.google.com/uc?id=1RWdVRdQotB3ddrqmr5NANvzL58Q3bg-c
neutral,IMG_8375.MP4,1FvkEz9a0fzvqG55sL4It9b8fVGEAmMgY,https://drive.google.com/uc?id=1FvkEz9a0fzvqG55sL4It9b8fVGEAmMgY
neutral,IMG_8376.MP4,1Vhy_s4CdTviDFXNmZPf7vejNt2WE5Etu,https://drive.google.com/uc?id=1Vhy_s4CdTviDFXNmZPf7vejNt2WE5Etu
neutral,IMG_8377.MP4,1i54XJ-WHAMj8VMYnl1rF2x43xGMu67ZU,https://drive.google.com/uc?id=1i54XJ-WHAMj8VMYnl1rF2x43xGMu67ZU
neutral,IMG_8378.MP4,1aAkarntdgt1G2Ri4Xf0ZR6GfLzCTy3ef,https://drive.google.com/uc?id=1aAkarntdgt1G2Ri4Xf0ZR6GfLzCTy3ef
neutral,IMG_8379.MP4,1hkAFgNYl2A8TK1ldumPozRR-6Lq6j3vy,https://drive.google.com/uc?id=1hkAFgNYl2A8TK1ldumPozRR-6Lq6j3vy
neutral,IMG_8380.MP4,15_JI7GLFaRpfOtDEA-1B9QZMgfxwWF_O,https://drive.google.com/uc?id=15_JI7GLFaRpfOtDEA-1B9QZMgfxwWF_O
neutral,IMG_8381.MP4,1kpzMfXolk0H4GgQnMYPRhTXHGKljiw6_,https://drive.google.com/uc?id=1kpzMfXolk0H4GgQnMYPRhTXHGKljiw6_
neutral,YiLxeDx1ZjU_003444.mp4,1DU-jmfbcrlE0LjiVDr5Nu4LPH4R36zSC,https://drive.google.com/uc?id=1DU-jmfbcrlE0LjiVDr5Nu4LPH4R36zSC
neutral,YiLxeDx1ZjU_003509.mp4,1kk0Sq9GVjiUWQ1iV9jkCCFK5FsQG6_Y8,https://drive.google.com/uc?id=1kk0Sq9GVjiUWQ1iV9jkCCFK5FsQG6_Y8
neutral,cLDrSXhhPO8_000075.mp4,1rNfF9yy_N4uSqALK4BtliiphqR1Dc_GO,https://drive.google.com/uc?id=1rNfF9yy_N4uSqALK4BtliiphqR1Dc_GO
neutral,cLDrSXhhPO8_000169.mp4,1CrES5MaNxAjVt_BMJb6Df1JOtNkOk46R,https://drive.google.com/uc?id=1CrES5MaNxAjVt_BMJb6Df1JOtNkOk46R
neutral,cLDrSXhhPO8_000399.mp4,1jdmH62iyDdktRH0TnSdJu1F-VZCNABdd,https://drive.google.com/uc?id=1jdmH62iyDdktRH0TnSdJu1F-VZCNABdd
neutral,cLDrSXhhPO8_000438.mp4,1DjZfvVzEbPTguTnujYQ0Be6Hg58nEtmX,https://drive.google.com/uc?id=1DjZfvVzEbPTguTnujYQ0Be6Hg58nEtmX
neutral,cLDrSXhhPO8_000587.mp4,1c89vx5OLbK8JW62bnxC1lPQTtdNge2Vj,https://drive.google.com/uc?id=1c89vx5OLbK8JW62bnxC1lPQTtdNge2Vj
neutral,cLDrSXhhPO8_000607.mp4,1o0rhfCtQwakBraFDOh9ieoTGYsgykyMO,https://drive.google.com/uc?id=1o0rhfCtQwakBraFDOh9ieoTGYsgykyMO
neutral,cLDrSXhhPO8_000705.mp4,1wsS-awye7_-funKxF_xu_PPpBT6lgjWG,https://drive.google.com/uc?id=1wsS-awye7_-funKxF_xu_PPpBT6lgjWG
neutral,cLDrSXhhPO8_000914.mp4,1pZLXkQz8sNe8vnNBhFzLMdRGywBshGuL,https://drive.google.com/uc?id=1pZLXkQz8sNe8vnNBhFzLMdRGywBshGuL
neutral,cLDrSXhhPO8_001027.mp4,1pU7btPCG6ImhitxjhXalwxGdxKOdKasp,https://drive.google.com/uc?id=1pU7btPCG6ImhitxjhXalwxGdxKOdKasp
neutral,cLDrSXhhPO8_001331.mp4,1OkMWDBSFS-K9rInKNsor8I1am93VfpZl,https://drive.google.com/uc?id=1OkMWDBSFS-K9rInKNsor8I1am93VfpZl
neutral,cLDrSXhhPO8_001824.mp4,1qI_niqeCukoBiykqpReIQNoDR5dEEwXT,https://drive.google.com/uc?id=1qI_niqeCukoBiykqpReIQNoDR5dEEwXT
neutral,cLDrSXhhPO8_002544.mp4,1Y6fb4C85oDY7ZOvRNkbwyFjQbx8tib9u,https://drive.google.com/uc?id=1Y6fb4C85oDY7ZOvRNkbwyFjQbx8tib9u
neutral,cLDrSXhhPO8_002580.mp4,1Smx0_CT15ykoSH8B67lT7KxDpYzr0v2Q,https://drive.google.com/uc?id=1Smx0_CT15ykoSH8B67lT7KxDpYzr0v2Q
neutral,cLDrSXhhPO8_002586.mp4,1hRFOqbaUaDlgbkEMw2a5jS_2UnDZP29q,https://drive.google.com/uc?id=1hRFOqbaUaDlgbkEMw2a5jS_2UnDZP29q
neutral,cLDrSXhhPO8_002619.mp4,11nmK2lyPKat4ssqIThnO3toDi8IRCGAp,https://drive.google.com/uc?id=11nmK2lyPKat4ssqIThnO3toDi8IRCGAp
neutral,cLDrSXhhPO8_002635.mp4,1R3_rYT_ZNuS-ZmPir3_CAMbp6q12bpN_,https://drive.google.com/uc?id=1R3_rYT_ZNuS-ZmPir3_CAMbp6q12bpN_
neutral,coverr-DcRZ6rUr0I__black-dog-playing-in-a-garden,,
neutral,coverr-PZFNP8rBgr__man-petting-his-dog,,
neutral,coverr-i8bODoUJ03__dog-with-a-red-leash,,
neutral,coverr-lGcj9ahMDK__a-dog-snifiing-and-scratching-its-back-on-the-grass,,
neutral,d1XIJB-GGl4_000257,,
neutral,dog_11490012,,
neutral,dog_12363004,,
neutral,dog_12541423,,
neutral,dog_15295109,,
neutral,dog_19201621,,
neutral,dog_19892886,,
neutral,dog_20173475,,
neutral,dog_28829624,,
neutral,dog_28850338,,
neutral,dog_29604479,,
neutral,dog_30339655,,
neutral,dog_30593056,,
neutral,dog_31572931,,
neutral,dog_34829819,,
neutral,dog_35170846,,
neutral,dog_35235643,,
neutral,dog_35605522,,
neutral,dog_35912440,,
neutral,dog_4013326,,
neutral,dog_5495992,,
neutral,dog_5514509,,
neutral,dog_5730233,,
neutral,dog_5968481,,
neutral,dog_5970478,,
neutral,dog_7165757,,
neutral,dog_7267561,,
neutral,dog_7469861,,
neutral,dog_8473423,,
neutral,dog_8498674,,
neutral,dog_8499351,,
neutral,dog_8499656,,
neutral,dogfacecloseup_7668488913031302431,,
neutral,dogsoftiktok_7495091754136407342,,
neutral,dogsoftiktok_7541148236162043158,,
neutral,magnific-1196771,,
neutral,magnific-2780655,,
neutral,magnific-2784975,,
neutral,magnific-2786507,,
neutral,magnific-2792319,,
neutral,magnific-2822662,,
neutral,magnific-2832602,,
neutral,magnific-479059,,
neutral,magnific-479075,,
neutral,magnific-479076,,
neutral,mixkit-10359__two-dogs-resting-with-their-owners-on-a-park-bench,,
neutral,mixkit-10364__taking-care-of-your-dog-in-the-park,,
neutral,mixkit-1495__dog-and-owner-playing-with-a-ball-in-a-creek,,
neutral,mixkit-1499__person-and-dog-walk-in-a-creek,,
neutral,mixkit-1662__dog-groomer-working-with-a-little-dog,,
neutral,mixkit-19666__dog-lying-on-the-floor-breathing-in-the-sun,,
neutral,mixkit-27021__man-gives-his-dogs-water-to-drink-from-a-bottle,,
neutral,mixkit-32335__sad-dog-in-the-city-park,,
neutral,mixkit-33012__sad-hungry-dog-getting-wet-in-the-rain,,
neutral,mixkit-34639__toy-terrier-taking-a-sunbath-in-the-floor,,
neutral,mixkit-45826__loving-owner-giving-her-white-dog-pats-in-the-snow,,
neutral,mixkit-50663__a-cute-border-collie-on-the-lying-ground-stands-and,,
neutral,mixkit-50664__a-cute-border-collie-canine-drinking-water-from-a-bowl,,
neutral,mixkit-50688__playfull-border-collie-dog-playing-with-a-toy-ball,,
neutral,mixkit-7355__team-of-husky-sled-dogs-running-in-the-snow,,
neutral,o8zoo0FJkUY_82800_0040.mp4,1fj2zjtbkeCnrwLFx6pX9sasobT3LlxaC,https://drive.google.com/uc?id=1fj2zjtbkeCnrwLFx6pX9sasobT3LlxaC
neutral,o8zoo0FJkUY_82800_0041.mp4,16vselEOdnIxJ6Ux_roWoTdEU9ONxXKYq,https://drive.google.com/uc?id=16vselEOdnIxJ6Ux_roWoTdEU9ONxXKYq
neutral,o8zoo0FJkUY_82800_0042.mp4,1bZIJJ6LykoaLyL4zRlopxxVdF95Ce61i,https://drive.google.com/uc?id=1bZIJJ6LykoaLyL4zRlopxxVdF95Ce61i
neutral,o8zoo0FJkUY_82800_0043.mp4,17EA3aKp20iQpXD1uxNGwnaF8IDINOf4z,https://drive.google.com/uc?id=17EA3aKp20iQpXD1uxNGwnaF8IDINOf4z
neutral,o8zoo0FJkUY_82800_0044.mp4,1CfXM1T6XFX0XWFfQwLyx1aORdE07rUKS,https://drive.google.com/uc?id=1CfXM1T6XFX0XWFfQwLyx1aORdE07rUKS
neutral,o8zoo0FJkUY_82800_0046.mp4,18u_0YUfhf2ffU25h0B5tiMqX2yErrJiZ,https://drive.google.com/uc?id=18u_0YUfhf2ffU25h0B5tiMqX2yErrJiZ
neutral,o8zoo0FJkUY_82800_0058.mp4,1M-0m0IMgPLrLbVQ_TUr0znRZp7xESQBB,https://drive.google.com/uc?id=1M-0m0IMgPLrLbVQ_TUr0znRZp7xESQBB
neutral,o8zoo0FJkUY_84600_0000.mp4,11GJwNuPe-0ONbyJlXNBTqQpXcHRAtI0A,https://drive.google.com/uc?id=11GJwNuPe-0ONbyJlXNBTqQpXcHRAtI0A
neutral,o8zoo0FJkUY_84600_0010.mp4,1hCo6qPxPjAjQrG_aqDj4En7_wovYgn0K,https://drive.google.com/uc?id=1hCo6qPxPjAjQrG_aqDj4En7_wovYgn0K
neutral,o8zoo0FJkUY_84600_0018.mp4,1LiC2fIXK-KWKFY-qnOGhPTD1dR7yTVXm,https://drive.google.com/uc?id=1LiC2fIXK-KWKFY-qnOGhPTD1dR7yTVXm
neutral,o8zoo0FJkUY_84600_0027.mp4,1gwyhh5FfaAwKTcxlxhz51XcCHJWRViTp,https://drive.google.com/uc?id=1gwyhh5FfaAwKTcxlxhz51XcCHJWRViTp
neutral,o8zoo0FJkUY_84600_0035.mp4,1nOuFo1dYprJF6-RaKZn_Sm0eFL7wb3v3,https://drive.google.com/uc?id=1nOuFo1dYprJF6-RaKZn_Sm0eFL7wb3v3
neutral,o8zoo0FJkUY_84600_0037.mp4,1lC1O32GmyGYedJSucf45cOkbRxIgTqo2,https://drive.google.com/uc?id=1lC1O32GmyGYedJSucf45cOkbRxIgTqo2
neutral,o8zoo0FJkUY_84600_0040.mp4,1FQXOUzH0nfe1D4Lr4RG2Z8PECUx--aKr,https://drive.google.com/uc?id=1FQXOUzH0nfe1D4Lr4RG2Z8PECUx--aKr
neutral,pexels_11490018.mp4,1UncpIcQZAd3xPBR1Fl-tPlEFdcoMb8XM,https://drive.google.com/uc?id=1UncpIcQZAd3xPBR1Fl-tPlEFdcoMb8XM
neutral,pexels_12319846.mp4,1Z_IX2nUueF2iohI_unjKfqT1nACKEZQo,https://drive.google.com/uc?id=1Z_IX2nUueF2iohI_unjKfqT1nACKEZQo
neutral,pexels_16233109.mp4,1CzPg8WrInJ01EYCdE1e6iy-HmGe6OC9a,https://drive.google.com/uc?id=1CzPg8WrInJ01EYCdE1e6iy-HmGe6OC9a
neutral,pexels_16534371.mp4,1jEzT7qQH9__u5R1om_a9yJbuH1ysfsqW,https://drive.google.com/uc?id=1jEzT7qQH9__u5R1om_a9yJbuH1ysfsqW
neutral,pexels_1851001.mp4,1E7AY6we_flZOd7249Y6c-Ea-4tUwd_eS,https://drive.google.com/uc?id=1E7AY6we_flZOd7249Y6c-Ea-4tUwd_eS
neutral,pexels_18787341.mp4,1emaoj5uyJFdKP2ay1lUO8psdsxuy8Ir3,https://drive.google.com/uc?id=1emaoj5uyJFdKP2ay1lUO8psdsxuy8Ir3
neutral,pexels_19710679.mp4,1XHm5ZwG9zpvioxPwUS58zl0g1lmwulKV,https://drive.google.com/uc?id=1XHm5ZwG9zpvioxPwUS58zl0g1lmwulKV
neutral,pexels_20014576.mp4,18R8nHCzOXSr3EHnmLghF3jNT2rQSd-VV,https://drive.google.com/uc?id=18R8nHCzOXSr3EHnmLghF3jNT2rQSd-VV
neutral,pexels_20322276.mp4,1dZt90wFWCv82V0xoEzN4OhMTLVnt_nDg,https://drive.google.com/uc?id=1dZt90wFWCv82V0xoEzN4OhMTLVnt_nDg
neutral,pexels_20660963.mp4,1rZjVKhjjLC4DOnY9r3952rpi6Skpni5b,https://drive.google.com/uc?id=1rZjVKhjjLC4DOnY9r3952rpi6Skpni5b
neutral,pexels_2431398.mp4,1Ti3LbLsAEc9BPOdSDeq4QKNgPbmb_4Sa,https://drive.google.com/uc?id=1Ti3LbLsAEc9BPOdSDeq4QKNgPbmb_4Sa
neutral,pexels_27134309.mp4,1qJFMng-lqm35DAmHaH_EIR7LnYjcDFot,https://drive.google.com/uc?id=1qJFMng-lqm35DAmHaH_EIR7LnYjcDFot
neutral,pexels_27271087.mp4,1pDjJE-vJ95Y3c43Wa_rvZjwXTED6AVdH,https://drive.google.com/uc?id=1pDjJE-vJ95Y3c43Wa_rvZjwXTED6AVdH
neutral,pexels_28499868.mp4,1VZledCY6qtwFg_HPTOOAgoqrBfc1s7La,https://drive.google.com/uc?id=1VZledCY6qtwFg_HPTOOAgoqrBfc1s7La
neutral,pexels_28587406.mp4,1X_XAdFd0HFVtfISH-MI94Krv4hs_0Kyb,https://drive.google.com/uc?id=1X_XAdFd0HFVtfISH-MI94Krv4hs_0Kyb
neutral,pexels_28638777.mp4,1loAFt_xvzvpAPrtvHtb6zy9lLaIdX0he,https://drive.google.com/uc?id=1loAFt_xvzvpAPrtvHtb6zy9lLaIdX0he
neutral,pexels_30797055.mp4,1D4I3VrGpU4bUYN1Rc_al0qtUf2U86t-w,https://drive.google.com/uc?id=1D4I3VrGpU4bUYN1Rc_al0qtUf2U86t-w
neutral,pexels_31983543.mp4,1O3eYbblf0Bj8HWRd39nIirC6-ziaAw41,https://drive.google.com/uc?id=1O3eYbblf0Bj8HWRd39nIirC6-ziaAw41
neutral,pexels_34346766.mp4,1ajud9mCBFmAZotGHN76IgAPpSU36ODxt,https://drive.google.com/uc?id=1ajud9mCBFmAZotGHN76IgAPpSU36ODxt
neutral,pexels_34576401.mp4,11WhP_JYx-mY0pY96G3o9DVVHsiaK71EC,https://drive.google.com/uc?id=11WhP_JYx-mY0pY96G3o9DVVHsiaK71EC
neutral,pexels_34576405.mp4,1kspD_XH4ZSpm_RlKabqennSQEYwUrb7I,https://drive.google.com/uc?id=1kspD_XH4ZSpm_RlKabqennSQEYwUrb7I
neutral,pexels_34710283.mp4,1QCaLJa2mYYw3V5pN6LHoZYF19zO4RJnV,https://drive.google.com/uc?id=1QCaLJa2mYYw3V5pN6LHoZYF19zO4RJnV
neutral,pexels_35246436.mp4,1CNOpjxqo04wpIQ4EbeP84Ica4d5hZOiI,https://drive.google.com/uc?id=1CNOpjxqo04wpIQ4EbeP84Ica4d5hZOiI
neutral,pexels_35289404.mp4,1_XE9HtAvY53Ho1sfAqn2Py7601xQIlO2,https://drive.google.com/uc?id=1_XE9HtAvY53Ho1sfAqn2Py7601xQIlO2
neutral,pexels_35309768.mp4,1iSL5u-8THmCdNY70miuxM_pXkM7FAU1G,https://drive.google.com/uc?id=1iSL5u-8THmCdNY70miuxM_pXkM7FAU1G
neutral,pexels_35374264.mp4,1cITuR1FLkkev9fQyC3RQDGORkW6dCilS,https://drive.google.com/uc?id=1cITuR1FLkkev9fQyC3RQDGORkW6dCilS
neutral,pexels_35790390.mp4,12S7WyujiIcsyEiqBzbUF0YmIeMkNd4cp,https://drive.google.com/uc?id=12S7WyujiIcsyEiqBzbUF0YmIeMkNd4cp
neutral,pexels_36040955.mp4,1zN-_Fgk0tGB_AJH4iDaxxFlSAh0RBKew,https://drive.google.com/uc?id=1zN-_Fgk0tGB_AJH4iDaxxFlSAh0RBKew
neutral,pexels_36266506.mp4,1gpd6elbuMC38jINRU-aR7JVV2CDMp7G7,https://drive.google.com/uc?id=1gpd6elbuMC38jINRU-aR7JVV2CDMp7G7
neutral,pexels_36304736.mp4,1h4QDFhUnYgJcgjF3MITAsrrQBwfX3_ZD,https://drive.google.com/uc?id=1h4QDFhUnYgJcgjF3MITAsrrQBwfX3_ZD
neutral,pexels_36609983.mp4,1g1p8XUE79Hc4n7MUsNECOlQWXxYDEU18,https://drive.google.com/uc?id=1g1p8XUE79Hc4n7MUsNECOlQWXxYDEU18
neutral,pexels_37205946.mp4,1w-52Itbmh-P9DaVWTyOWlhP1ZE4iGg20,https://drive.google.com/uc?id=1w-52Itbmh-P9DaVWTyOWlhP1ZE4iGg20
neutral,pexels_37215875.mp4,1BJvjUKlSUIKtSuB1w-hzDPcOQsG7TKT5,https://drive.google.com/uc?id=1BJvjUKlSUIKtSuB1w-hzDPcOQsG7TKT5
neutral,pexels_37563828.mp4,10aCHjU-tep4bIZV3fUt0dx1WIj6_q7rb,https://drive.google.com/uc?id=10aCHjU-tep4bIZV3fUt0dx1WIj6_q7rb
neutral,pexels_37644120.mp4,1ICEIMtktk0pPk48L3eO947Lcz0eGP98m,https://drive.google.com/uc?id=1ICEIMtktk0pPk48L3eO947Lcz0eGP98m
neutral,pexels_37644121.mp4,1gIoNFWVi3SdEvK9Kf6xafeM1ob9lmMYL,https://drive.google.com/uc?id=1gIoNFWVi3SdEvK9Kf6xafeM1ob9lmMYL
neutral,pexels_38118752.mp4,1OfdqHpSn4vYJmKjTRtG59T-I-0YxRhtQ,https://drive.google.com/uc?id=1OfdqHpSn4vYJmKjTRtG59T-I-0YxRhtQ
neutral,pexels_38235687.mp4,1OYeTceYKddTju0ItEDXZ7OtyGptXC1oh,https://drive.google.com/uc?id=1OYeTceYKddTju0ItEDXZ7OtyGptXC1oh
neutral,pexels_38837938.mp4,121dzY7E8jzTFhVUZRLO0MX9r-Zlw6BWr,https://drive.google.com/uc?id=121dzY7E8jzTFhVUZRLO0MX9r-Zlw6BWr
neutral,pexels_4057153.mp4,1tE0VyDPBhWbofNCi116qjD0JHJywKSWJ,https://drive.google.com/uc?id=1tE0VyDPBhWbofNCi116qjD0JHJywKSWJ
neutral,pexels_4057316.mp4,1HNNWzDFFi5_44J_3DGXlKgI4YbFHi2mJ,https://drive.google.com/uc?id=1HNNWzDFFi5_44J_3DGXlKgI4YbFHi2mJ
neutral,pexels_4126218.mp4,1pEjwDhuv8KXjEjVj7o6Z8rBT6BxxW0L5,https://drive.google.com/uc?id=1pEjwDhuv8KXjEjVj7o6Z8rBT6BxxW0L5
neutral,pexels_4210977.mp4,1iJ-fdcSyuW83xX0pzTm4zJ6MAhcxTb_f,https://drive.google.com/uc?id=1iJ-fdcSyuW83xX0pzTm4zJ6MAhcxTb_f
neutral,pexels_4725808.mp4,1RGfNo0SLY2U-hB4P677I6Kz_VX2YeiYI,https://drive.google.com/uc?id=1RGfNo0SLY2U-hB4P677I6Kz_VX2YeiYI
neutral,pexels_4836402.mp4,1KvQIvZPbCSkQHSB76lSKSLYSMXgFxD3W,https://drive.google.com/uc?id=1KvQIvZPbCSkQHSB76lSKSLYSMXgFxD3W
neutral,pexels_5001192.mp4,1_60WK5VRoGjFDC-tWyvRzcGJJO_7o0jW,https://drive.google.com/uc?id=1_60WK5VRoGjFDC-tWyvRzcGJJO_7o0jW
neutral,pexels_5190115.mp4,1r3raTNZQaWsrhDYbgW0aO0S_3DoONrm9,https://drive.google.com/uc?id=1r3raTNZQaWsrhDYbgW0aO0S_3DoONrm9
neutral,pexels_5279818.mp4,1svqilIYBOjmQ2FvmJOgOOO591EtYV0OW,https://drive.google.com/uc?id=1svqilIYBOjmQ2FvmJOgOOO591EtYV0OW
neutral,pexels_5384947.mp4,1ikwUm6dua0CQ3T2z_gQXGUYayJQVEsem,https://drive.google.com/uc?id=1ikwUm6dua0CQ3T2z_gQXGUYayJQVEsem
neutral,pexels_5473834.mp4,17nrh6fQFDRPcxqGdW9WSB-q-v0Emc8g5,https://drive.google.com/uc?id=17nrh6fQFDRPcxqGdW9WSB-q-v0Emc8g5
neutral,pexels_5481925.mp4,1mQpP0bHUeT5mJSS8zSbWx8bHzcFkM7A2,https://drive.google.com/uc?id=1mQpP0bHUeT5mJSS8zSbWx8bHzcFkM7A2
neutral,pexels_5495995.mp4,1js7jEzNuHzz5Vw0TLzRLrW2AJ_k-gvrK,https://drive.google.com/uc?id=1js7jEzNuHzz5Vw0TLzRLrW2AJ_k-gvrK
neutral,pexels_5740699.mp4,1aTZisJ3Jh9D9ABUZcL6aD5azdIUB6Sh-,https://drive.google.com/uc?id=1aTZisJ3Jh9D9ABUZcL6aD5azdIUB6Sh-
neutral,pexels_6157245.mp4,1Gb4fNfXtbRkkRJU4b-W1gfC1o17E4Z5W,https://drive.google.com/uc?id=1Gb4fNfXtbRkkRJU4b-W1gfC1o17E4Z5W
neutral,pexels_6271455.mp4,17X_fhmgPZbRU5jVmop8kFcbqYFCfLowS,https://drive.google.com/uc?id=17X_fhmgPZbRU5jVmop8kFcbqYFCfLowS
neutral,pexels_6271559.mp4,1eNW61bFSxOBUqsqIPgln5lMVpUbjgrxl,https://drive.google.com/uc?id=1eNW61bFSxOBUqsqIPgln5lMVpUbjgrxl
neutral,pexels_6298713.mp4,14xEw1UEvOcf6NeTf__0RZ_YUajZq4p5n,https://drive.google.com/uc?id=14xEw1UEvOcf6NeTf__0RZ_YUajZq4p5n
neutral,pexels_6825843.mp4,1MGMFjIRq90YO_dqGUUzabI_6xJD68U21,https://drive.google.com/uc?id=1MGMFjIRq90YO_dqGUUzabI_6xJD68U21
neutral,pexels_8402603.mp4,1qPQfeA9v1wi3AM5s8EqRfa8QS_MRxKIW,https://drive.google.com/uc?id=1qPQfeA9v1wi3AM5s8EqRfa8QS_MRxKIW
neutral,pexels_8473398.mp4,1i_fMWu2dUjMAXrP7pYKjUNkQAKzTpizr,https://drive.google.com/uc?id=1i_fMWu2dUjMAXrP7pYKjUNkQAKzTpizr
neutral,pexels_8731194.mp4,1ZJU5L9tPz7tZZDPfpOF19YvSiW2QhuOr,https://drive.google.com/uc?id=1ZJU5L9tPz7tZZDPfpOF19YvSiW2QhuOr
neutral,pexels_8746681.mp4,1v3a4DcjV3o15q9HJW742UiqfPRsRQmWM,https://drive.google.com/uc?id=1v3a4DcjV3o15q9HJW742UiqfPRsRQmWM
neutral,pexels_9314166.mp4,1juHvZac-Qyq-5kl2YJsF1gfLEan4OSUU,https://drive.google.com/uc?id=1juHvZac-Qyq-5kl2YJsF1gfLEan4OSUU
neutral,pixabay_23686,,
neutral,pixabay_57181,,
neutral,pixabay_63205,,
neutral,pixabay_65299,,
neutral,pzpCfz5p7HE_000388,,
neutral,pzpCfz5p7HE_000624,,
neutral,segment_long_16496654_20,,
neutral,segment_long_19887568_21,,
neutral,segment_long_31290563_32,,
neutral,segment_long_33131112_35,,
neutral,segment_long_35174438_42,,
neutral,segment_long_35176722_43,,
neutral,segment_long_35176722_44,,
neutral,segment_long_36221724_49,,
neutral,segment_long_36221724_50,,
neutral,segment_long_6496580_100,,
neutral,segment_long_6496580_98,,
neutral,segment_long_6496580_99,,
neutral,segment_long_9507458_169,,
neutral,u892CkbvwKQ_000448,,
neutral,u9fNxbxt__U_000190,,
neutral,youtube_cute dog face closeup_dDkdAGbyOwU,,
neutral,youtube_dog facial expression closeup_E7O3Kmvrg9U,,
neutral,youtube_dog wagging tail happy_Jf5O51-HZj0,,
sad,ACcWtXhq3Z4_000025,,
sad,ACcWtXhq3Z4_000062,,
sad,D0ZJr8cAUHg_000050,,
sad,D0ZJr8cAUHg_000232,,
sad,a145a19233d4f70d0953b09ca6bdca9b,,
sad,cLDrSXhhPO8_001265.mp4,17Fc51lROYtZdygTr-3nlbk7qNc5Q60hW,https://drive.google.com/uc?id=17Fc51lROYtZdygTr-3nlbk7qNc5Q60hW
sad,cLDrSXhhPO8_002594.mp4,11Y7JFG-D5WkqrDxbHCQoEqRVkhpzjDFk,https://drive.google.com/uc?id=11Y7JFG-D5WkqrDxbHCQoEqRVkhpzjDFk
sad,cLDrSXhhPO8_002641.mp4,1NDpv-2MqGth1GVZMaTFhD2aIRshdPse9,https://drive.google.com/uc?id=1NDpv-2MqGth1GVZMaTFhD2aIRshdPse9
sad,cLDrSXhhPO8_003024.mp4,19oFVk3yCHVpQr8bW6U2TtXuRZoOYZP18,https://drive.google.com/uc?id=19oFVk3yCHVpQr8bW6U2TtXuRZoOYZP18
sad,coverr-cymU5AKro0__girl-touches-a-dog-s-nose,,
sad,coverr-rXDihJwr9V__dog-trying-to-catch-a-fly,,
sad,dog-resting-its-head-on-white-surface-2025-12-17-16-49-12-utc (1).mov,1wtp0aLFXmCZ5lrT5rMzm-nw3sk-cyIhV,https://drive.google.com/uc?id=1wtp0aLFXmCZ5lrT5rMzm-nw3sk-cyIhV
sad,dog_10659283,,
sad,dog_11487567,,
sad,dog_11534028,,
sad,dog_12768750,,
sad,dog_13260897,,
sad,dog_16622159,,
sad,dog_16622183,,
sad,dog_19887574,,
sad,dog_20485426,,
sad,dog_2795682,,
sad,dog_28949969,,
sad,dog_29576542,,
sad,dog_31983537,,
sad,dog_32107781,,
sad,dog_35419111,,
sad,dog_35605516,,
sad,dog_35605530,,
sad,dog_36014853,,
sad,dog_36413850,,
sad,dog_5479940,,
sad,dog_5751625,,
sad,dog_7677288,,
sad,dog_7678713,,
sad,dog_7678725,,
sad,dogfacecloseup_7011875889168370949,,
sad,dogfaces_7513760661390839070,,
sad,dogsadeyes_7120377381059087662,,
sad,dogsadeyes_7467278279003606302,,
sad,envato_01c1c457-5a50-4150-afca-cb3e8e94f6af.mov,1xAEeJtZ9Z1C41ZjkvYuJlhPSSrvjV9G4,https://drive.google.com/uc?id=1xAEeJtZ9Z1C41ZjkvYuJlhPSSrvjV9G4
sad,envato_01c2d4d9-8aca-4437-a0e2-4d722104ace7.mov,1_J7AJqsULONlzEnKkw2mtUeDo7-1jZSJ,https://drive.google.com/uc?id=1_J7AJqsULONlzEnKkw2mtUeDo7-1jZSJ
sad,envato_0752129b-3a90-4bba-a3df-2de72db3cfd9.mov,1JTKai8FekcqhNN11tRDFhXHi-2LVbcHb,https://drive.google.com/uc?id=1JTKai8FekcqhNN11tRDFhXHi-2LVbcHb
sad,envato_0cc64f97-5ce8-4350-8c14-4bdb2878bccb.mov,1OuAsXj8fvwoFyz20031tISsatzFscUY7,https://drive.google.com/uc?id=1OuAsXj8fvwoFyz20031tISsatzFscUY7
sad,envato_0fb1b254-55d9-48d2-86c8-81c7e9cc9e8e.mov,1i2DG-ZCVhAMZSAz9NI77jZ-PXH9TIPjs,https://drive.google.com/uc?id=1i2DG-ZCVhAMZSAz9NI77jZ-PXH9TIPjs
sad,envato_0fcb9b74-ceee-4dd2-a56c-5879c512efbb.mov,1whp2y0KDPJ27NvQUVJ_apcJ38xFLi57A,https://drive.google.com/uc?id=1whp2y0KDPJ27NvQUVJ_apcJ38xFLi57A
sad,envato_10b73747-a2a2-485c-a475-e31f05c79166.mov,1C0pHr80uUnq7b0p-oGmPsoEjO7fynBCI,https://drive.google.com/uc?id=1C0pHr80uUnq7b0p-oGmPsoEjO7fynBCI
sad,envato_12607569-d6c7-49e6-920d-5ab5ebb4f775.mov,1Gn10DkjH_8TtYLE4dlPMi1-d1erFcJDm,https://drive.google.com/uc?id=1Gn10DkjH_8TtYLE4dlPMi1-d1erFcJDm
sad,envato_1280307e-7b3b-4515-85d4-157e7f397db0.mov,1mGkvLOHHdTPKPFD9NFxs8zkw5Z_b6rap,https://drive.google.com/uc?id=1mGkvLOHHdTPKPFD9NFxs8zkw5Z_b6rap
sad,envato_13bbbd4c-d90d-43db-b530-a6ec97ad87bc.mov,1YYAKqkOD2KuD6JmQyqwBtuqIiuyRcz_k,https://drive.google.com/uc?id=1YYAKqkOD2KuD6JmQyqwBtuqIiuyRcz_k
sad,envato_14c7c696-563c-47ef-b6fe-7eb24884b648.mov,1jje1L-Ch5NlV-843CGAfJ6JRFDUM1y9Y,https://drive.google.com/uc?id=1jje1L-Ch5NlV-843CGAfJ6JRFDUM1y9Y
sad,envato_16427310-f4c3-48fe-927e-916a00c00a1d.mov,1ejWCQ321ohXxt--jHt7W0HfpQkE3OnXU,https://drive.google.com/uc?id=1ejWCQ321ohXxt--jHt7W0HfpQkE3OnXU
sad,envato_18d90258-fd28-46df-b347-ffa7b1a7597f.mov,1ZOs9n9a9tYHJYhDLRC1UrqqW3gUS2UhH,https://drive.google.com/uc?id=1ZOs9n9a9tYHJYhDLRC1UrqqW3gUS2UhH
sad,envato_1abc3d25-2d61-4aeb-9018-db91981c47ce.mov,1BMqB647nBfPFdj-1KdYAIBnra1gfhHcQ,https://drive.google.com/uc?id=1BMqB647nBfPFdj-1KdYAIBnra1gfhHcQ
sad,envato_1b9ba49b-b5fc-4afc-a4f4-02425d1a53cf.mov,1OOi_od2S7GkzNnWaW9DPTkJv1KXqPngI,https://drive.google.com/uc?id=1OOi_od2S7GkzNnWaW9DPTkJv1KXqPngI
sad,envato_1ce0da72-050d-4ec7-8cc6-c1ea1b996b18.mov,17KT_kkTqYzpVJBqeg8PSRsfRy7YVSurf,https://drive.google.com/uc?id=17KT_kkTqYzpVJBqeg8PSRsfRy7YVSurf
sad,envato_1f4e1739-1062-4550-be40-221b09897606.mov,1Q-nHOLJeHqK2VloUGq61a3zYIifrKYx4,https://drive.google.com/uc?id=1Q-nHOLJeHqK2VloUGq61a3zYIifrKYx4
sad,envato_20e33d45-064a-408c-b8f3-c939e2a99d97.mov,1RH2H9LPmakY-E5ns_quOyNlpHHxn_ejc,https://drive.google.com/uc?id=1RH2H9LPmakY-E5ns_quOyNlpHHxn_ejc
sad,envato_2160b580-2a09-49bd-992c-6ee37882efca.mov,1Q_2UHGduXRFs3Dtz23qya9JU0MmCiQ9X,https://drive.google.com/uc?id=1Q_2UHGduXRFs3Dtz23qya9JU0MmCiQ9X
sad,envato_25faa05f-202f-47f3-b6f8-2cffec83fa78.mov,1ExJklR2OhtGzj9AGHdk_lZFLL1GRkHQM,https://drive.google.com/uc?id=1ExJklR2OhtGzj9AGHdk_lZFLL1GRkHQM
sad,envato_391b8794-116b-4974-8842-e5b33f54753e.mov,1UykvjNIojGBrLgObJdhSUdU1EjKaBkqg,https://drive.google.com/uc?id=1UykvjNIojGBrLgObJdhSUdU1EjKaBkqg
sad,envato_3a0bd452-02f0-4dc0-9015-ecf4621bc38d.mov,1KaL1oUAzWpCt2ujHptyK2Hok8PmkiMXo,https://drive.google.com/uc?id=1KaL1oUAzWpCt2ujHptyK2Hok8PmkiMXo
sad,envato_44f64210-e348-40ad-a519-b87521c445fd.mov,177jl3UcHDTHdo_LbOCHiKldda8dba8Mb,https://drive.google.com/uc?id=177jl3UcHDTHdo_LbOCHiKldda8dba8Mb
sad,envato_452f49a6-e169-4c8a-8117-72602bb41147.mov,1hGj4lxOZO7QXSOJ70bjUtHuRGNHb3yY7,https://drive.google.com/uc?id=1hGj4lxOZO7QXSOJ70bjUtHuRGNHb3yY7
sad,envato_49533fbc-463a-42cc-b246-12230fecf002.mov,1TzeS3wuTd-JJwziOPBbpeXTwqO2aLjOo,https://drive.google.com/uc?id=1TzeS3wuTd-JJwziOPBbpeXTwqO2aLjOo
sad,envato_4ccc32e9-79e4-404d-8fc7-f9bf9aaab709.mov,19fKc7Hn7gZIBY1I0D-P8vcX0OjgR2gcg,https://drive.google.com/uc?id=19fKc7Hn7gZIBY1I0D-P8vcX0OjgR2gcg
sad,envato_4fd229fd-edab-487a-a305-61341df0759a.mov,1YHPwiGVmmWk7DgnAk-683y34niIplfLG,https://drive.google.com/uc?id=1YHPwiGVmmWk7DgnAk-683y34niIplfLG
sad,envato_51c27d5f-9c5c-4af8-a161-c52810f7d76c.mov,1d4Ta-PRJA_td0msPH4ACGXVCY_v0UGIU,https://drive.google.com/uc?id=1d4Ta-PRJA_td0msPH4ACGXVCY_v0UGIU
sad,envato_5dac70c9-bacc-4848-8ea3-33db9862b8de.mov,1ogyl6UWXpIMBJ7fU62Fe9GM5KLERRjT-,https://drive.google.com/uc?id=1ogyl6UWXpIMBJ7fU62Fe9GM5KLERRjT-
sad,envato_5f3b0002-140e-4840-8ad9-c0ce11d971b2.mov,1A4iaHv222G9c5toOUQVazbXI0hobml3K,https://drive.google.com/uc?id=1A4iaHv222G9c5toOUQVazbXI0hobml3K
sad,envato_6225805e-7d21-4f03-913d-9bd252faa297.mov,1FG-OO2TopK62kQ5K6FqzaoZBs1p1pMg0,https://drive.google.com/uc?id=1FG-OO2TopK62kQ5K6FqzaoZBs1p1pMg0
sad,envato_65b10528-295a-4e92-8bdc-b35f0835b36a.mov,1dDu8m8kWMMmW69N387d-dJqWZuE_JYnv,https://drive.google.com/uc?id=1dDu8m8kWMMmW69N387d-dJqWZuE_JYnv
sad,envato_6baa5350-363e-4d82-b75e-03921ca33273.mov,1tMvyg325SQr3Sd1XqSdOedwWRg8FSM7j,https://drive.google.com/uc?id=1tMvyg325SQr3Sd1XqSdOedwWRg8FSM7j
sad,envato_6fa6320e-c8b5-43d0-988b-16396ce9eb7f.mov,1KW6U5dJTmlqp7KVX0a_Bk4JcDkQiWBud,https://drive.google.com/uc?id=1KW6U5dJTmlqp7KVX0a_Bk4JcDkQiWBud
sad,envato_730aef1e-8b01-4f6e-b0d0-ab07347509f5.mov,11-10AqdeYdxcmVOqasPBrn5urBtYfE19,https://drive.google.com/uc?id=11-10AqdeYdxcmVOqasPBrn5urBtYfE19
sad,envato_75f93573-2390-4633-84a7-6f42455f4001.mov,16TLRYwK4iJ96sTJ5MnInGOxwJHmbZ8V0,https://drive.google.com/uc?id=16TLRYwK4iJ96sTJ5MnInGOxwJHmbZ8V0
sad,envato_7902b3cd-ba84-4930-91be-207a6e827bb4.mov,1DtjNRqwsR0p_m1Fq8GRe1A0iAobmhddw,https://drive.google.com/uc?id=1DtjNRqwsR0p_m1Fq8GRe1A0iAobmhddw
sad,envato_7be3aa37-24b0-4ef4-9635-0abb7e914474.mov,1n312JzEBjDkhMzFAfgmAyU7oPHv20yPc,https://drive.google.com/uc?id=1n312JzEBjDkhMzFAfgmAyU7oPHv20yPc
sad,envato_809f683c-2020-465b-a506-ee4837aa20f8.mov,1JTMHyK0fDTuWB4TGOn8D8xhdXrNmbs2s,https://drive.google.com/uc?id=1JTMHyK0fDTuWB4TGOn8D8xhdXrNmbs2s
sad,envato_83ed6478-05d5-4fb7-806b-b8cfb7b54e10.mov,1nVP4CEusO3-kGdIQpS9r7tSv_HNGMl1e,https://drive.google.com/uc?id=1nVP4CEusO3-kGdIQpS9r7tSv_HNGMl1e
sad,envato_8645e180-10ec-42f9-9ecf-1071965ce887.mov,1YKnLs0QWInIAO8X-T6w2w7n7ijBnWzKj,https://drive.google.com/uc?id=1YKnLs0QWInIAO8X-T6w2w7n7ijBnWzKj
sad,envato_8a953586-f74c-4cae-8f25-eb827ab7ade5.mov,15JFrrM6w_wqpAfnBmAwCVwkr70c1aWYG,https://drive.google.com/uc?id=15JFrrM6w_wqpAfnBmAwCVwkr70c1aWYG
sad,envato_996f0a3a-a5d8-43d5-a494-11bd2d6b159b.mov,12Xb0Lin2LaLtesMIbY0wxI-_WvNQAEKi,https://drive.google.com/uc?id=12Xb0Lin2LaLtesMIbY0wxI-_WvNQAEKi
sad,envato_9aea3dda-9209-4b76-b14f-81cc81e05239.mov,1jGmVZhtEZYvgsv_Rynn_boPqJnxD-f5V,https://drive.google.com/uc?id=1jGmVZhtEZYvgsv_Rynn_boPqJnxD-f5V
sad,envato_9c58ada9-de63-4b9f-abdc-9333a44ba85f.mov,1Y5DYd8_J-xL8JIhIKmFxH8BCGqnUehPA,https://drive.google.com/uc?id=1Y5DYd8_J-xL8JIhIKmFxH8BCGqnUehPA
sad,envato_9e231b98-67b0-4d55-8ca0-d29ab4475318.mov,1SzmbvNsIz8oH5817NN0n4YoluIMQ1NAF,https://drive.google.com/uc?id=1SzmbvNsIz8oH5817NN0n4YoluIMQ1NAF
sad,envato_a3dfee01-32ce-4297-a991-ff36093f9c6b.mov,1YyLMJykqGxwlQgqMsAaK_WQX7Y4sXoPW,https://drive.google.com/uc?id=1YyLMJykqGxwlQgqMsAaK_WQX7Y4sXoPW
sad,envato_a679c67f-f620-4f2d-b125-31723b90ba49.mov,1UQKV69yCBcm4KcAADT9w3lJlxfmpUhbn,https://drive.google.com/uc?id=1UQKV69yCBcm4KcAADT9w3lJlxfmpUhbn
sad,envato_a6aec701-de37-4653-bc7c-073304b472d1.mov,1LNKw_3MBWtZYG7OFMKAW6b36orwZU41X,https://drive.google.com/uc?id=1LNKw_3MBWtZYG7OFMKAW6b36orwZU41X
sad,envato_a72ed03e-ac40-4d42-af59-b2f0003627ef.mov,1WXcPvof2BG6iERf2-v2gPj5lZnFTTglA,https://drive.google.com/uc?id=1WXcPvof2BG6iERf2-v2gPj5lZnFTTglA
sad,envato_a9a6cc51-e00e-46b7-8148-e0213267ca1d.mov,1u4jT3TkWgskcbb8Zl_YewTo2_2_vnN9-,https://drive.google.com/uc?id=1u4jT3TkWgskcbb8Zl_YewTo2_2_vnN9-
sad,envato_ab556e92-d85e-4baa-9685-ce0bb6465a25.mov,1-hKZznDse_XbqgEn_Q47H0iqHbNps9Oa,https://drive.google.com/uc?id=1-hKZznDse_XbqgEn_Q47H0iqHbNps9Oa
sad,envato_abf55486-c8cf-4c48-bb5e-7cefa4afa2dd.mov,1048KfvapH4iWEli2cjHQ4ZiURRmUgLnC,https://drive.google.com/uc?id=1048KfvapH4iWEli2cjHQ4ZiURRmUgLnC
sad,envato_ac853fe5-bfed-4c00-9fe5-618c8d9c6ccb.mov,1KA_RvwC2U2JuW19zlW5JT4s_-bwCR2LW,https://drive.google.com/uc?id=1KA_RvwC2U2JuW19zlW5JT4s_-bwCR2LW
sad,envato_ad82e109-a35b-4346-bd2c-4a22fcaedf00.mov,1UNQOGUDaf2X_B4_3XpePNEeAw6iYkIWN,https://drive.google.com/uc?id=1UNQOGUDaf2X_B4_3XpePNEeAw6iYkIWN
sad,envato_adb0f51c-2879-4069-9a9a-179d41d28e32.mov,1IK9Ss-x9FH-BVxMRAlMQoqZ27oaf77o8,https://drive.google.com/uc?id=1IK9Ss-x9FH-BVxMRAlMQoqZ27oaf77o8
sad,envato_adb8fcf5-5871-477a-a6ac-8dd4a46fcd1e.mov,1iMFm_imzBT1F2u4ro1BYu4-hw1IwbwO0,https://drive.google.com/uc?id=1iMFm_imzBT1F2u4ro1BYu4-hw1IwbwO0
sad,envato_b3116463-bebb-406e-ac05-827f3df07426.mov,17N78AfrZHAKFJC7oq2hGFkXh7mKwqQ_j,https://drive.google.com/uc?id=17N78AfrZHAKFJC7oq2hGFkXh7mKwqQ_j
sad,envato_b852d1e9-20f7-4be3-8732-8f2e32ff490e.mov,1ld1wFHqswv59OZg7U3VfbxUIRMTdJd7O,https://drive.google.com/uc?id=1ld1wFHqswv59OZg7U3VfbxUIRMTdJd7O
sad,envato_b88dc948-96e7-492b-a8ef-862879492824.mov,1SH4KFP7qv5ftCqJn_FreVGbeThf0qLFn,https://drive.google.com/uc?id=1SH4KFP7qv5ftCqJn_FreVGbeThf0qLFn
sad,envato_bfc63ffe-3688-4028-a0f0-2af951f30e3d.mov,15PKsptbVNhfRRUzaQtkVsAvs9aMsx1-z,https://drive.google.com/uc?id=15PKsptbVNhfRRUzaQtkVsAvs9aMsx1-z
sad,envato_bffd0190-f724-47b3-97c1-271a25bd043b.mov,1VZ2RV59CcbeHDFvwMdEF7lvhl2-m5ZrI,https://drive.google.com/uc?id=1VZ2RV59CcbeHDFvwMdEF7lvhl2-m5ZrI
sad,envato_c0d51d1d-7f77-4c62-b19a-0b59b130275b.mov,1IxBHjy-VgwjqrolBE3efEjMouFXmtM_M,https://drive.google.com/uc?id=1IxBHjy-VgwjqrolBE3efEjMouFXmtM_M
sad,envato_c0f168ac-c508-4b15-9dba-a7f1b3873fd0.mov,1HIIRhskAdx60M5b9VEtr6-8fqpgDrRWl,https://drive.google.com/uc?id=1HIIRhskAdx60M5b9VEtr6-8fqpgDrRWl
sad,envato_c3350d98-e608-449b-be93-5ce2d8e0c64b.mov,1aKPHEowCYfZm9FThyaaTBZsfoyNnauv0,https://drive.google.com/uc?id=1aKPHEowCYfZm9FThyaaTBZsfoyNnauv0
sad,envato_c50a39c9-3934-425e-8ea3-92347a9704af.mov,10XtYcU6j6PRfWUoEE1Mj81w8uB_B48i7,https://drive.google.com/uc?id=10XtYcU6j6PRfWUoEE1Mj81w8uB_B48i7
sad,envato_cbb4266d-aea1-4807-acce-ffd63b67051b.mov,1ABW-cjz6Zyvlh_m89_6DE_DxOIFu5Cab,https://drive.google.com/uc?id=1ABW-cjz6Zyvlh_m89_6DE_DxOIFu5Cab
sad,envato_cce379e8-b88f-4601-a3f2-6656b28dad50.mov,1izPMJqcgssu2Zbh49k2tWFYIXS8XIdLe,https://drive.google.com/uc?id=1izPMJqcgssu2Zbh49k2tWFYIXS8XIdLe
sad,envato_d0e3bc44-50de-446a-8985-9dac74b441d3.mov,1bGMHMGsBYobHwDhAPKRbLYFHiiVtzDbZ,https://drive.google.com/uc?id=1bGMHMGsBYobHwDhAPKRbLYFHiiVtzDbZ
sad,envato_d61779e7-d4a4-40b8-8c2d-778b139dc6c1.mov,12Zn6K8KUOx4ZxooZ7nPOBqVbsgEfstXE,https://drive.google.com/uc?id=12Zn6K8KUOx4ZxooZ7nPOBqVbsgEfstXE
sad,envato_d6c137c7-42d0-45cb-9777-44a108e4eab4.mov,18Zr2VBzh0ZegIU7ALUzHQNHQXeiXnLio,https://drive.google.com/uc?id=18Zr2VBzh0ZegIU7ALUzHQNHQXeiXnLio
sad,envato_de27e6e1-8ae3-4afd-a47a-47124d7cde80.mov,1TncgHbbgb3Q8gs8-nK5GoqMn_8_ya3Er,https://drive.google.com/uc?id=1TncgHbbgb3Q8gs8-nK5GoqMn_8_ya3Er
sad,envato_e0869fd5-b1ac-4c05-8f52-2c157d77eea2.mov,16qq_piiNodk6h72cJ7jzh_bGoo28MVBI,https://drive.google.com/uc?id=16qq_piiNodk6h72cJ7jzh_bGoo28MVBI
sad,envato_e4098066-4ed3-4f37-95b6-f67617132c3d.mov,1AkiHv19V3bXQ7a5eW9OJ7xr13hxkMPcf,https://drive.google.com/uc?id=1AkiHv19V3bXQ7a5eW9OJ7xr13hxkMPcf
sad,envato_e43089b3-4e15-400f-b30a-43449f6cca5d.mov,143vN3W8tygkCdy3ZYdKGgXqSbxWp3OGg,https://drive.google.com/uc?id=143vN3W8tygkCdy3ZYdKGgXqSbxWp3OGg
sad,envato_e6978676-d6ba-4150-a88c-bc5b8e4f26ab.mov,1W9h1Rft_82SSOTuDzLS0z-7D7qR6l368,https://drive.google.com/uc?id=1W9h1Rft_82SSOTuDzLS0z-7D7qR6l368
sad,envato_ea33cf93-9fdb-47aa-8b90-adfa3e303c27.mov,16KEhdhMTeqSK9gGSbiPPCbAcVZWQSMm3,https://drive.google.com/uc?id=16KEhdhMTeqSK9gGSbiPPCbAcVZWQSMm3
sad,envato_ee93d174-0b4a-49c9-8604-2248d09f3e23.mov,1O0U8m4fJ8DQCu87FowEwqSQj0pYID06g,https://drive.google.com/uc?id=1O0U8m4fJ8DQCu87FowEwqSQj0pYID06g
sad,envato_f426bb96-9229-404a-a6f6-63e4cd869b7f.mov,11iS0nV4nRqwNvf5Q1GBXE0Gcj_f-UMIW,https://drive.google.com/uc?id=11iS0nV4nRqwNvf5Q1GBXE0Gcj_f-UMIW
sad,envato_f4886689-4710-459a-998e-0286445df2a1.mov,1mli-fmyvUuhHkVfEdsHWN_3jX36m-0iH,https://drive.google.com/uc?id=1mli-fmyvUuhHkVfEdsHWN_3jX36m-0iH
sad,envato_f919f36c-9c18-4598-82dd-18140be4b539.mov,1nsaXuziRRDmaoKCwcE9zU7qT1KljeXj-,https://drive.google.com/uc?id=1nsaXuziRRDmaoKCwcE9zU7qT1KljeXj-
sad,envato_f9381599-4512-47d4-b18e-38f065d8a62f.mov,1O6E58t7HamssCFnGVNAOLZKTs_TyumNb,https://drive.google.com/uc?id=1O6E58t7HamssCFnGVNAOLZKTs_TyumNb
sad,envato_f9d80545-99b8-4af5-adb3-c3150470b0be.mov,1zIWUet00zxAawlq7hO-fZ-RQ1bxGto-B,https://drive.google.com/uc?id=1zIWUet00zxAawlq7hO-fZ-RQ1bxGto-B
sad,envato_fab7f185-0a0c-4829-a037-8b256dd3a449.mov,1A7VJ0_Ileg9eTcckey7NmdPANI_EGCb0,https://drive.google.com/uc?id=1A7VJ0_Ileg9eTcckey7NmdPANI_EGCb0
sad,envato_fc2bf9c5-bc37-41b0-b75d-2b0e93e32c20.mov,1qaDSki6ss3lzaKNrGfGL8rrBMssNaX1X,https://drive.google.com/uc?id=1qaDSki6ss3lzaKNrGfGL8rrBMssNaX1X
sad,envato_fd0a51d6-0d46-4377-b8d2-17aec0fa8555.mov,1cZ5ldoI1Q4aG2I7YlfwACd5R51LUkZh3,https://drive.google.com/uc?id=1cZ5ldoI1Q4aG2I7YlfwACd5R51LUkZh3
sad,envato_fd9192da-cd81-4323-887e-a2a1fe678f02.mov,1r3POpis66zQSOhiajxoOyAnPYoQ1A2W7,https://drive.google.com/uc?id=1r3POpis66zQSOhiajxoOyAnPYoQ1A2W7
sad,f22d385593fdebaffeee13dd4295f901,,
sad,magnific-2866211,,
sad,magnific-2866402,,
sad,magnific-479083,,
sad,mixkit-24978__petting-a-labrador,,
sad,mixkit-33018__sad-and-hungry-dog-lost-under-rain,,
sad,mixkit-33163__little-white-puppy-bull-terrier,,
sad,mixkit-47444__dog-behind-bar-gate-howling,,
sad,mixkit-50657__a-blue-eyed-border-collie-licks-his-muzzle,,
sad,mixkit-50665__a-young-pitbull-canine-sitting-on-the-ground-patiently-listens,,
sad,mixkit-50666__a-brown-pitbull-canine-panting,,
sad,mixkit-6400__woman-taking-a-selfie-with-her-dog,,
sad,o8zoo0FJkUY_82800_0051.mp4,1qiOGLxHKjhTQLKL1SsQdxwdS2oanSLED,https://drive.google.com/uc?id=1qiOGLxHKjhTQLKL1SsQdxwdS2oanSLED
sad,o8zoo0FJkUY_82800_0057.mp4,1ubH18Xy9wUnFFjjj5Qt5GOJBy6N46rih,https://drive.google.com/uc?id=1ubH18Xy9wUnFFjjj5Qt5GOJBy6N46rih
sad,o8zoo0FJkUY_82800_0067.mp4,1rgUeTS0ni_7VOwWj18G8U1MqVhI0OYWG,https://drive.google.com/uc?id=1rgUeTS0ni_7VOwWj18G8U1MqVhI0OYWG
sad,o8zoo0FJkUY_84600_0005.mp4,1q8GyWaswyoJr3RYECiP6MxZ6cyybP4U4,https://drive.google.com/uc?id=1q8GyWaswyoJr3RYECiP6MxZ6cyybP4U4
sad,o8zoo0FJkUY_84600_0024.mp4,1OlNK5t4yiFiZcZmgsnV_nJ10NXy-hD5P,https://drive.google.com/uc?id=1OlNK5t4yiFiZcZmgsnV_nJ10NXy-hD5P
sad,pexels_11487568.mp4,1jhWfeX5Slm8GZe4gPvLBcaRroTLTc56N,https://drive.google.com/uc?id=1jhWfeX5Slm8GZe4gPvLBcaRroTLTc56N
sad,pexels_12269635.mp4,1E19Fj-Ms_KwTbQDWxwAR1JcMVlgVDeyN,https://drive.google.com/uc?id=1E19Fj-Ms_KwTbQDWxwAR1JcMVlgVDeyN
sad,pexels_14045303.mp4,1ARFHSLjoYhStAciWvaXBbnyGHhFss4hD,https://drive.google.com/uc?id=1ARFHSLjoYhStAciWvaXBbnyGHhFss4hD
sad,pexels_15387173.mp4,1MA9pkVRhfufe8QMgk3r5qY3Jshk_jyff,https://drive.google.com/uc?id=1MA9pkVRhfufe8QMgk3r5qY3Jshk_jyff
sad,pexels_16967292.mp4,1kW4mTmcrGqr7OIOpSMav8rLRby2zHv2t,https://drive.google.com/uc?id=1kW4mTmcrGqr7OIOpSMav8rLRby2zHv2t
sad,pexels_17120604.mp4,1ZdTvaloidH2YM9t9YUo9dLvCkExh2FBh,https://drive.google.com/uc?id=1ZdTvaloidH2YM9t9YUo9dLvCkExh2FBh
sad,pexels_17898552.mp4,1sA8OGyjdE6gi4sxF1RJxsSu0D8ikTHG6,https://drive.google.com/uc?id=1sA8OGyjdE6gi4sxF1RJxsSu0D8ikTHG6
sad,pexels_17992189.mp4,1mihP_yGihqRk2dIs0LLDSsuLrLMHPGhN,https://drive.google.com/uc?id=1mihP_yGihqRk2dIs0LLDSsuLrLMHPGhN
sad,pexels_18238489.mp4,1KDfbtqsmwJlvT1Q_MV7y_Z0W6vluFuNl,https://drive.google.com/uc?id=1KDfbtqsmwJlvT1Q_MV7y_Z0W6vluFuNl
sad,pexels_18492963.mp4,1vkAzCTrQEmdrUagJsSYze41gyFRkcM6l,https://drive.google.com/uc?id=1vkAzCTrQEmdrUagJsSYze41gyFRkcM6l
sad,pexels_1851002.mp4,12VezxSnrvoGDejX5d-orsZ72SHheuUUX,https://drive.google.com/uc?id=12VezxSnrvoGDejX5d-orsZ72SHheuUUX
sad,pexels_19782939.mp4,1WZ2Q0_N3QDeEp1IOCk1uJHc-FstskXe9,https://drive.google.com/uc?id=1WZ2Q0_N3QDeEp1IOCk1uJHc-FstskXe9
sad,pexels_26871287.mp4,1OiIcuKNjiUwOB6FLtDcFxRXFCAB5BLKr,https://drive.google.com/uc?id=1OiIcuKNjiUwOB6FLtDcFxRXFCAB5BLKr
sad,pexels_27730129.mp4,1y4CTkOTBMU9-peOrYgyRPjUVM3v4h4aD,https://drive.google.com/uc?id=1y4CTkOTBMU9-peOrYgyRPjUVM3v4h4aD
sad,pexels_27937597.mp4,1jvLEs4J6SWBmphanHjehOcyu-56fAAoM,https://drive.google.com/uc?id=1jvLEs4J6SWBmphanHjehOcyu-56fAAoM
sad,pexels_27948696.mp4,1IyJgB5dBUJ76G_AWS2_hJBdaNSN2VNz-,https://drive.google.com/uc?id=1IyJgB5dBUJ76G_AWS2_hJBdaNSN2VNz-
sad,pexels_28283812.mp4,1ziHGXwJIMRyTjB7CAozmdho0OPLfpREj,https://drive.google.com/uc?id=1ziHGXwJIMRyTjB7CAozmdho0OPLfpREj
sad,pexels_28638676.mp4,1SVk3qyeiZNkuDHBbktTVf6bYl_RRz_Al,https://drive.google.com/uc?id=1SVk3qyeiZNkuDHBbktTVf6bYl_RRz_Al
sad,pexels_28913553.mp4,13oGDJAc5Lb2hO-HGREVqHr_imC8FBPOb,https://drive.google.com/uc?id=13oGDJAc5Lb2hO-HGREVqHr_imC8FBPOb
sad,pexels_29085785.mp4,1mis9u42eS-qk1jOGFpvzWWa8-ix5s6kn,https://drive.google.com/uc?id=1mis9u42eS-qk1jOGFpvzWWa8-ix5s6kn
sad,pexels_30797057.mp4,14SwJjSJSu8tJ4L22o_l8EIdeSs7HyN4m,https://drive.google.com/uc?id=14SwJjSJSu8tJ4L22o_l8EIdeSs7HyN4m
sad,pexels_30797059.mp4,1_ohCTbVCTkmHS4Ai4EZhQadfCLaLo6WM,https://drive.google.com/uc?id=1_ohCTbVCTkmHS4Ai4EZhQadfCLaLo6WM
sad,pexels_31440792.mp4,1nksSkThgrT8VqwUDtYUgA83LeMm7UL8A,https://drive.google.com/uc?id=1nksSkThgrT8VqwUDtYUgA83LeMm7UL8A
sad,pexels_31916188.mp4,1mfUP37FL3Sk5EhIQxgFs_gHOwwb8-6u4,https://drive.google.com/uc?id=1mfUP37FL3Sk5EhIQxgFs_gHOwwb8-6u4
sad,pexels_31916200.mp4,1ZRKJNSWgGLho3viOMf9L0fBoi2O6aL0K,https://drive.google.com/uc?id=1ZRKJNSWgGLho3viOMf9L0fBoi2O6aL0K
sad,pexels_32072820.mp4,1xfSUzxM0wCqP9SG6q_U409AhNfj_FL1H,https://drive.google.com/uc?id=1xfSUzxM0wCqP9SG6q_U409AhNfj_FL1H
sad,pexels_32908860.mp4,1Xd98Gw1TJRHXbSx6U790d3dPir-qemY2,https://drive.google.com/uc?id=1Xd98Gw1TJRHXbSx6U790d3dPir-qemY2
sad,pexels_33070924.mp4,1Wat-6rsn97N4mAVbUvbnnhbWtKjx77pB,https://drive.google.com/uc?id=1Wat-6rsn97N4mAVbUvbnnhbWtKjx77pB
sad,pexels_33131112.mp4,1tzNA27VKs0Uf1TFf-DQmSXeYQKUVhap2,https://drive.google.com/uc?id=1tzNA27VKs0Uf1TFf-DQmSXeYQKUVhap2
sad,pexels_34310223.mp4,1kptlNsuSrapCnbUamnGe8eUsTlYwEhN7,https://drive.google.com/uc?id=1kptlNsuSrapCnbUamnGe8eUsTlYwEhN7
sad,pexels_34478393.mp4,1qfZRpOS6b6j_uBSK2YoFaPgm7ts_T-MU,https://drive.google.com/uc?id=1qfZRpOS6b6j_uBSK2YoFaPgm7ts_T-MU
sad,pexels_34576579.mp4,1DdsOOj3XwicSzCBR_OO5Kh2UvCl6p1EG,https://drive.google.com/uc?id=1DdsOOj3XwicSzCBR_OO5Kh2UvCl6p1EG
sad,pexels_34610920.mp4,1eBUdmvjcfY7_g5j3_Qz0Ugpz_EIoSEtX,https://drive.google.com/uc?id=1eBUdmvjcfY7_g5j3_Qz0Ugpz_EIoSEtX
sad,pexels_34889374.mp4,1C_R8BsR-U-UcRVLpMLFFxgy4bJ5CJMNP,https://drive.google.com/uc?id=1C_R8BsR-U-UcRVLpMLFFxgy4bJ5CJMNP
sad,pexels_34958838.mp4,1OIlbNv8M0LcCRK7rC4AynbdPEpHjoDRx,https://drive.google.com/uc?id=1OIlbNv8M0LcCRK7rC4AynbdPEpHjoDRx
sad,pexels_34989180.mp4,1ce2rRp-83RHjcobu9xXGpTHDiTNpfyhq,https://drive.google.com/uc?id=1ce2rRp-83RHjcobu9xXGpTHDiTNpfyhq
sad,pexels_35170845.mp4,1f-s86d-vqtgU-bLHzgkiI1GtBtro58XQ,https://drive.google.com/uc?id=1f-s86d-vqtgU-bLHzgkiI1GtBtro58XQ
sad,pexels_35289394.mp4,1K1clehUzGpQL1QFw85UiBsk2qm3gmrSY,https://drive.google.com/uc?id=1K1clehUzGpQL1QFw85UiBsk2qm3gmrSY
sad,pexels_35309122.mp4,1i6np-478EzmB79t7hOcb0oGhEbnAc81D,https://drive.google.com/uc?id=1i6np-478EzmB79t7hOcb0oGhEbnAc81D
sad,pexels_35374347.mp4,1ONYQyOkKUtPhr79LH32TvA2jRNN_k6sT,https://drive.google.com/uc?id=1ONYQyOkKUtPhr79LH32TvA2jRNN_k6sT
sad,pexels_35605512.mp4,1OBa1zAVDGLNFn9_ja_2wh_w6dkeKBjXi,https://drive.google.com/uc?id=1OBa1zAVDGLNFn9_ja_2wh_w6dkeKBjXi
sad,pexels_35605517.mp4,1x0T51ATKdQ31WlSTZcnoc1D5opNrUAq1,https://drive.google.com/uc?id=1x0T51ATKdQ31WlSTZcnoc1D5opNrUAq1
sad,pexels_35605521.mp4,1MrGrWlmZdwm01-GlO0h9nR6hPaTCHAtR,https://drive.google.com/uc?id=1MrGrWlmZdwm01-GlO0h9nR6hPaTCHAtR
sad,pexels_35605523.mp4,1Sw2jUH4po8qBPALwHWTq7xXOB7Bp-2qe,https://drive.google.com/uc?id=1Sw2jUH4po8qBPALwHWTq7xXOB7Bp-2qe
sad,pexels_35605524.mp4,1n0iG82wDSFFCH3Ia_XnhR7Gr71VvFb0d,https://drive.google.com/uc?id=1n0iG82wDSFFCH3Ia_XnhR7Gr71VvFb0d
sad,pexels_35605527.mp4,159iO6xL5ownOkWR9UuwCUCWfI87i_rFY,https://drive.google.com/uc?id=159iO6xL5ownOkWR9UuwCUCWfI87i_rFY
sad,pexels_35605536.mp4,1m54lngITNH0GBb3_Pa2b0BYgSG_Y4Bju,https://drive.google.com/uc?id=1m54lngITNH0GBb3_Pa2b0BYgSG_Y4Bju
sad,pexels_35672639.mp4,1_hb5nLpICulfOpT56p357EQpVwbnS7ls,https://drive.google.com/uc?id=1_hb5nLpICulfOpT56p357EQpVwbnS7ls
sad,pexels_35721740.mp4,1hptTZ_898RUaZmN_q7CiQHFO24PH1KkZ,https://drive.google.com/uc?id=1hptTZ_898RUaZmN_q7CiQHFO24PH1KkZ
sad,pexels_36040924.mp4,1yYH8aGu1qJg5myajWUNHr5rq4DacBWPN,https://drive.google.com/uc?id=1yYH8aGu1qJg5myajWUNHr5rq4DacBWPN
sad,pexels_36040927.mp4,1No6cDT0DGPbL7Tj_PpFlz6SRk58DySOn,https://drive.google.com/uc?id=1No6cDT0DGPbL7Tj_PpFlz6SRk58DySOn
sad,pexels_36040937.mp4,1dSjQ_H5KY8EwVF4lOZDvf-4KD35dgRPW,https://drive.google.com/uc?id=1dSjQ_H5KY8EwVF4lOZDvf-4KD35dgRPW
sad,pexels_36040947.mp4,10EKMcVoH1dW236GUmZZfdXFvErzrlSZM,https://drive.google.com/uc?id=10EKMcVoH1dW236GUmZZfdXFvErzrlSZM
sad,pexels_36040948.mp4,1ugKFZfR7Iq6DBTR-IEVfwdVwQzE_lr6b,https://drive.google.com/uc?id=1ugKFZfR7Iq6DBTR-IEVfwdVwQzE_lr6b
sad,pexels_36040949.mp4,1H3h7YvaTK9z-KbSCVqekNdvD2ApNgNh_,https://drive.google.com/uc?id=1H3h7YvaTK9z-KbSCVqekNdvD2ApNgNh_
sad,pexels_36040956.mp4,1hRGO5gpqp5oMXatAtsG9UhYYD1f3fXEd,https://drive.google.com/uc?id=1hRGO5gpqp5oMXatAtsG9UhYYD1f3fXEd
sad,pexels_36330646.mp4,18V0ayjK19v4VVcpGur7X3TgrwRoCBtxe,https://drive.google.com/uc?id=18V0ayjK19v4VVcpGur7X3TgrwRoCBtxe
sad,pexels_36330649.mp4,1Pk6NSYApjX7Sh4jiqn8NDmSqUGUkgLkN,https://drive.google.com/uc?id=1Pk6NSYApjX7Sh4jiqn8NDmSqUGUkgLkN
sad,pexels_37166342.mp4,1e0yvXgmv7JSnJhOdALbzSPgWSgX4mraw,https://drive.google.com/uc?id=1e0yvXgmv7JSnJhOdALbzSPgWSgX4mraw
sad,pexels_37215876.mp4,1I-ofPB06FTUi_skEuC3JZ4HF8LGd-CGX,https://drive.google.com/uc?id=1I-ofPB06FTUi_skEuC3JZ4HF8LGd-CGX
sad,pexels_37225670.mp4,1So0UKNxBLOm_B7iyx_r5Kmi4Nz92RVFQ,https://drive.google.com/uc?id=1So0UKNxBLOm_B7iyx_r5Kmi4Nz92RVFQ
sad,pexels_38501314.mp4,1lZPkfX4HvZjY3SIXoLopI8MPNYOCzD2_,https://drive.google.com/uc?id=1lZPkfX4HvZjY3SIXoLopI8MPNYOCzD2_
sad,pexels_38610367.mp4,19IprC3o5_Y33pYZd2ttCpkP-Omz91gc6,https://drive.google.com/uc?id=19IprC3o5_Y33pYZd2ttCpkP-Omz91gc6
sad,pexels_39021968.mp4,1eEckTHE6-t2IN0NRTWoQpBbg-YFDnieP,https://drive.google.com/uc?id=1eEckTHE6-t2IN0NRTWoQpBbg-YFDnieP
sad,pexels_4083065.mp4,1wOH7e42LkRu9reWE_G-N1dRBdu8w246M,https://drive.google.com/uc?id=1wOH7e42LkRu9reWE_G-N1dRBdu8w246M
sad,pexels_4114412.mp4,1JYQ2hFEES8FiFPViNCR5cRNkx9nop8HW,https://drive.google.com/uc?id=1JYQ2hFEES8FiFPViNCR5cRNkx9nop8HW
sad,pexels_4582453.mp4,15fvF8tlqqs5kbTV-UBcDyfMZeHlgcCpM,https://drive.google.com/uc?id=15fvF8tlqqs5kbTV-UBcDyfMZeHlgcCpM
sad,pexels_4870186.mp4,1xREHU8P-0RnIeVJWBjDYfhrsD1acNx5o,https://drive.google.com/uc?id=1xREHU8P-0RnIeVJWBjDYfhrsD1acNx5o
sad,pexels_4979849.mp4,1ZhkrBdvHNw_vVd85Q9O_YaadAZwLNnJh,https://drive.google.com/uc?id=1ZhkrBdvHNw_vVd85Q9O_YaadAZwLNnJh
sad,pexels_5109700.mp4,1fIQfhPsW0inIXKmQMHlBG7LTD3Oqzz3z,https://drive.google.com/uc?id=1fIQfhPsW0inIXKmQMHlBG7LTD3Oqzz3z
sad,pexels_5359586.mp4,147whxbn8saBVEIL96kZXYdfPa5bD6GqU,https://drive.google.com/uc?id=147whxbn8saBVEIL96kZXYdfPa5bD6GqU
sad,pexels_5720952.mp4,1UDFfuqBUvz9YfEEiU3R80I-hp9wmglVx,https://drive.google.com/uc?id=1UDFfuqBUvz9YfEEiU3R80I-hp9wmglVx
sad,pexels_5751503.mp4,1GDx-2pWTPhXcYWKjK-eCKyMPQjm5IXSy,https://drive.google.com/uc?id=1GDx-2pWTPhXcYWKjK-eCKyMPQjm5IXSy
sad,pexels_6399899.mp4,1M8-p09KAM8n6xS00DklKcMKUTgtNPpVo,https://drive.google.com/uc?id=1M8-p09KAM8n6xS00DklKcMKUTgtNPpVo
sad,pexels_6498485.mp4,1sOI0S3CISadwJiHwq6o6bNGSlWJaL8Zs,https://drive.google.com/uc?id=1sOI0S3CISadwJiHwq6o6bNGSlWJaL8Zs
sad,pexels_6568506.mp4,1HcuEHNkhpgdOw1x1Rfvyr3oPe1BIv4ea,https://drive.google.com/uc?id=1HcuEHNkhpgdOw1x1Rfvyr3oPe1BIv4ea
sad,pexels_6568968.mp4,1fZix_5yjvIS4FSOz_qnEDBydh5sMnG5S,https://drive.google.com/uc?id=1fZix_5yjvIS4FSOz_qnEDBydh5sMnG5S
sad,pexels_6651491.mp4,1CHhk5V43Kbd4v1gBQInkL1UFSkjIbm8P,https://drive.google.com/uc?id=1CHhk5V43Kbd4v1gBQInkL1UFSkjIbm8P
sad,pexels_6651497.mp4,101bTtNWyxmtmxGjkYhpf2EQuUg2DmWWv,https://drive.google.com/uc?id=101bTtNWyxmtmxGjkYhpf2EQuUg2DmWWv
sad,pexels_6651618.mp4,11UekfzeQEyt2NLc0l952uJGHlBDJGZd7,https://drive.google.com/uc?id=11UekfzeQEyt2NLc0l952uJGHlBDJGZd7
sad,pexels_7189586.mp4,1YFUfRzR4Qn4xHf2Vx9nFMAMv2CpN_XN8,https://drive.google.com/uc?id=1YFUfRzR4Qn4xHf2Vx9nFMAMv2CpN_XN8
sad,pexels_7279139.mp4,14V03OiDyCFSI7QQdB-uyahB0AyE3w2O0,https://drive.google.com/uc?id=14V03OiDyCFSI7QQdB-uyahB0AyE3w2O0
sad,pexels_7437718.mp4,1LZxOyuBTPGJjWqBBwAiiWuEKD6iFleKA,https://drive.google.com/uc?id=1LZxOyuBTPGJjWqBBwAiiWuEKD6iFleKA
sad,pexels_7682538.mp4,1USA6Y6R6IldIJlQJa_CHq9ase5tyRof9,https://drive.google.com/uc?id=1USA6Y6R6IldIJlQJa_CHq9ase5tyRof9
sad,pexels_7682691.mp4,12kUeoQtsX418KgidY8oaIgOFrTpuvXcj,https://drive.google.com/uc?id=12kUeoQtsX418KgidY8oaIgOFrTpuvXcj
sad,pexels_7682692.mp4,1yMalo17wN3Y2iH_7yOQg53W-uWjWeE0X,https://drive.google.com/uc?id=1yMalo17wN3Y2iH_7yOQg53W-uWjWeE0X
sad,pexels_7682694.mp4,1VMGr5b0FGI3s8AKJ6L_fs4-ZaYqbNmbs,https://drive.google.com/uc?id=1VMGr5b0FGI3s8AKJ6L_fs4-ZaYqbNmbs
sad,pexels_7682698.mp4,1mzN6E1i1X21uUyG_ALkeedxvvDHwJ2pU,https://drive.google.com/uc?id=1mzN6E1i1X21uUyG_ALkeedxvvDHwJ2pU
sad,pexels_8499344.mp4,1GFfcuc-cr2wyvlfTBBSqdmqkzg8yN70m,https://drive.google.com/uc?id=1GFfcuc-cr2wyvlfTBBSqdmqkzg8yN70m
sad,pexels_8731064.mp4,1n5I-Ov3VZPV0SX6S4QcMbiM-NQT5VP6q,https://drive.google.com/uc?id=1n5I-Ov3VZPV0SX6S4QcMbiM-NQT5VP6q
sad,pexels_9421549.mp4,1mb7uWdmkTZxs-gQt8AkF4lR_BrQGFFM3,https://drive.google.com/uc?id=1mb7uWdmkTZxs-gQt8AkF4lR_BrQGFFM3
sad,pixabay_109613,,
sad,pixabay_251873,,
sad,pixabay_351277,,
sad,pixabay_87875,,
sad,pixabay_98824,,
sad,pzpCfz5p7HE_000567,,
sad,rgLZxdHaOcE_000504,,
sad,segment_long_34689720_38,,
sad,segment_long_35174438_41,,
sad,segment_long_37348445_55,,
sad,segment_long_5596932_77,,
sad,small-tan-dog-sitting-outside-on-dirt-2025-12-17-23-44-51-utc.mov,1BktwYbKG7UmwmE9OBtX7HL8Qmhh4jzA9,https://drive.google.com/uc?id=1BktwYbKG7UmwmE9OBtX7HL8Qmhh4jzA9
sad,uTOFdVDXrsU_000127,,
sad,youtube_dog emotions compilation_sls3BBxtLQI,,
sad,youtube_dog wagging tail happy_xWFwrV-qOo8,,
sad,youtube_sad dog face_OiUnRpUmjnM,,
happy,0624e56ea6b21e97f8add5e791faf2ed.mp4,183w_1TQOP8Rx-vUx-Br4hlCZVPm31k7q,https://drive.google.com/uc?id=183w_1TQOP8Rx-vUx-Br4hlCZVPm31k7q
happy,062b5463177ed0f313a18faacd6c28f5,,
happy,062b5463177ed0f313a18faacd6c28f5.mp4,157KKOMXkCHJM0xQCOjXYwvbTjo-115WO,https://drive.google.com/uc?id=157KKOMXkCHJM0xQCOjXYwvbTjo-115WO
happy,062cfe5246128b85e5e7720ca583ef0d.mp4,11Ca2unpmXhNS4wof-kDnSjh2DAfru9wI,https://drive.google.com/uc?id=11Ca2unpmXhNS4wof-kDnSjh2DAfru9wI
happy,06d4b78acfe62e45cc395ed7612c143e.mp4,1EMVCpJpyzUixlGtn5mTIknvi7W2fO5rV,https://drive.google.com/uc?id=1EMVCpJpyzUixlGtn5mTIknvi7W2fO5rV
happy,119057d4e978e7d4179e39e5b4ec783e.mp4,1V27T9dzXk7_mRZdELoFEVMGW-UeC9c2q,https://drive.google.com/uc?id=1V27T9dzXk7_mRZdELoFEVMGW-UeC9c2q
happy,2000d2027672c191bd667b8e05f66ba8.mp4,1XnVFDwOI7CuJL6vHseDZtr-Cxfm_0lLc,https://drive.google.com/uc?id=1XnVFDwOI7CuJL6vHseDZtr-Cxfm_0lLc
happy,2156e5322b6fc467778d43fe6819d718.mp4,16kdOLsCL24O_R-CU-Dk-1CTnr0l-s9aT,https://drive.google.com/uc?id=16kdOLsCL24O_R-CU-Dk-1CTnr0l-s9aT
happy,26e56713feac4fa96a94073821f9d8b7.mp4,1hpDyniNHTbKCGV2Gd0643AbvD-oMmzkl,https://drive.google.com/uc?id=1hpDyniNHTbKCGV2Gd0643AbvD-oMmzkl
happy,27ed2230b7e96b0c0695844d555592e1.mp4,110w3PmtRl11Vw7eApPiWBj1QvIjHZP1a,https://drive.google.com/uc?id=110w3PmtRl11Vw7eApPiWBj1QvIjHZP1a
happy,360e2cf331b1b13210fc5cc8c3476011.mp4,1zJaYIsDZN53pK74XBF98JSNznRT230Ia,https://drive.google.com/uc?id=1zJaYIsDZN53pK74XBF98JSNznRT230Ia
happy,3d979479f13f9e55fc231f0e7aef7bdc.mp4,1_sSYR2sCne1gpivctdaAkjWylvummeys,https://drive.google.com/uc?id=1_sSYR2sCne1gpivctdaAkjWylvummeys
happy,3e9101dc533a541bb3bae18a2a999d17.mp4,14No7eO3iwwMoiQ5OzIff-j0NzKlYx7vW,https://drive.google.com/uc?id=14No7eO3iwwMoiQ5OzIff-j0NzKlYx7vW
happy,4a9f752c429dd086765efbb0354187bf,,
happy,4af1e8f295e043119d8d14a9b016d197.mp4,1aUXgNlRgoruEYYXCDa3i9FkBLkTHFVTS,https://drive.google.com/uc?id=1aUXgNlRgoruEYYXCDa3i9FkBLkTHFVTS
happy,5341c9d0fb8811bdddee635fe4c8f77f.mp4,1kshsmVGL6g9cJGyvtkXQz1Eyr5FTK2yC,https://drive.google.com/uc?id=1kshsmVGL6g9cJGyvtkXQz1Eyr5FTK2yC
happy,5cec1f5ddc4d9252e809308fc4719351,,
happy,5zCvEu2S10E_000469,,
happy,601745faf63ebfe2e5ba6d92d00a7806.mp4,1q5ngc8U5owocWvAk634EbXmPfkRuF1gg,https://drive.google.com/uc?id=1q5ngc8U5owocWvAk634EbXmPfkRuF1gg
happy,66d5955d905ddeef5d6e3a332ab1dc1f.mp4,1hj75Tqe8TRtVin4E1s37LitiWtXfv_AZ,https://drive.google.com/uc?id=1hj75Tqe8TRtVin4E1s37LitiWtXfv_AZ
happy,68d228a94e658e2269a8794e850d7a22.mp4,177kIBs-9N5tEPPzzGhOSubz7z9jNe5wR,https://drive.google.com/uc?id=177kIBs-9N5tEPPzzGhOSubz7z9jNe5wR
happy,7602a2d013ef006558002656da7765a4.mp4,1HZfcSNZwGBNsXcRJMKALvBhhe87It6Wd,https://drive.google.com/uc?id=1HZfcSNZwGBNsXcRJMKALvBhhe87It6Wd
happy,771b9e1d8ab8536be7c8575c9149479b.mp4,11L4l4nl5HsuCAczzmpyxyQZ5jNuPc2EV,https://drive.google.com/uc?id=11L4l4nl5HsuCAczzmpyxyQZ5jNuPc2EV
happy,7dc4b24006761b1079df95fb8a48317f.mp4,194tJEUvaMlKWZO04gCKcxwD0E46TeIce,https://drive.google.com/uc?id=194tJEUvaMlKWZO04gCKcxwD0E46TeIce
happy,7vMLhRtWJNs_000101,,
happy,8a1adf34449df030100761186707bdcd.mp4,15GOyJ4ccc_5XNWv2TJTYvyAVL5t03yRq,https://drive.google.com/uc?id=15GOyJ4ccc_5XNWv2TJTYvyAVL5t03yRq
happy,DV7Hk3NU4To_000429,,
happy,VID_20260914215210.mp4,1OMD9dklklL2Kxc3wIM7yyFPnfOriw_x3,https://drive.google.com/uc?id=1OMD9dklklL2Kxc3wIM7yyFPnfOriw_x3
happy,VID_20260914215325.mp4,1AaJQnAYzGgwI9jJEVbha7ufGkyDRLcIG,https://drive.google.com/uc?id=1AaJQnAYzGgwI9jJEVbha7ufGkyDRLcIG
happy,VID_20260914215407.mp4,1-FdF69eLuyNALyw-tXtUIjoAZKzWQlgG,https://drive.google.com/uc?id=1-FdF69eLuyNALyw-tXtUIjoAZKzWQlgG
happy,VID_20260914215507.mp4,1zKlNKYtCgNaouRWChNK7mgoyJYCgQhwa,https://drive.google.com/uc?id=1zKlNKYtCgNaouRWChNK7mgoyJYCgQhwa
happy,VID_20260914215607.mp4,12L0Yd4x2LH1OscBi_IQM8Sgwhkv0QMCs,https://drive.google.com/uc?id=12L0Yd4x2LH1OscBi_IQM8Sgwhkv0QMCs
happy,VID_20260914215653.mp4,1X_lTbwsS-qRmP2jwr7G-5HkWvcDVPhGs,https://drive.google.com/uc?id=1X_lTbwsS-qRmP2jwr7G-5HkWvcDVPhGs
happy,a4f7473a241bce129212b82980c56703.mp4,16OP9DEBAM2r8aIw3NTKUEdAZ4jZib5-l,https://drive.google.com/uc?id=16OP9DEBAM2r8aIw3NTKUEdAZ4jZib5-l
happy,ab74d118b8bcd0e6b944685e2d9865f4,,
happy,afe754ca7aa6bbd90ec441d6190f4d12.mp4,1xmxBO-lGmWjV8KkaQHlLMepcRVegAmUd,https://drive.google.com/uc?id=1xmxBO-lGmWjV8KkaQHlLMepcRVegAmUd
happy,c10f2881fd429c15977396778391f9d0.mp4,1pVvXqy0vlfw25ulQ0O2vTnO-ioE4u6rB,https://drive.google.com/uc?id=1pVvXqy0vlfw25ulQ0O2vTnO-ioE4u6rB
happy,cLDrSXhhPO8_000366.mp4,1pN6r8lElb3moGGbJDTYaKjtLaGajOIvx,https://drive.google.com/uc?id=1pN6r8lElb3moGGbJDTYaKjtLaGajOIvx
happy,ce94b07d8c84e34ea3b131ca3c5366c7.mp4,1Y_9NVPoDtyCTxTzUdIZRQDdxR4iHpe-7,https://drive.google.com/uc?id=1Y_9NVPoDtyCTxTzUdIZRQDdxR4iHpe-7
happy,coverr-AUa1ztYMhd__girl-smiling-and-petting-dogs,,
happy,coverr-Yiq8ac7zdL__dog-being-stroked,,
happy,coverr-gnHRh4j0F7__golden-retriever-on-a-mountain-top,,
happy,coverr-xVN2kcB8Mf__cuddling-a-black-dog,,
happy,d0fb5f9d4ae4489c841f3f9e711f7fe5.mp4,16uNOZ9PkPz7Yn5IYCOjOGfV7zFcJmE2a,https://drive.google.com/uc?id=16uNOZ9PkPz7Yn5IYCOjOGfV7zFcJmE2a
happy,dae8392f2598e6cf8f38aa15ab868add.mp4,1QWtr6hQr5lQ93O9pLnfkc9OoA0pzPDdZ,https://drive.google.com/uc?id=1QWtr6hQr5lQ93O9pLnfkc9OoA0pzPDdZ
happy,dog_10841170,,
happy,dog_11958197,,
happy,dog_16346905,,
happy,dog_17966195,,
happy,dog_19201624,,
happy,dog_20698945,,
happy,dog_29541240,,
happy,dog_31365634,,
happy,dog_3189187,,
happy,dog_33191813,,
happy,dog_4107673,,
happy,dog_4772987,,
happy,dog_5226985,,
happy,dog_5226990,,
happy,dog_5229582,,
happy,dog_5229792,,
happy,dog_5384954,,
happy,dog_5794740,,
happy,dog_5962130,,
happy,dog_6712079,,
happy,dog_7294968,,
happy,dog_7516667,,
happy,dog_7516712,,
happy,dog_7684005,,
happy,dog_8730840,,
happy,dog_8746927,,
happy,dog_9085855,,
happy,dog_9141107,,
happy,dogfacecloseup_6866165413739285765,,
happy,dogfacecloseup_7584826741009435935,,
happy,doglife_7567079740130250015,,
happy,e1322334d4fad2fbae3c47d311c38642.mp4,1l3itU95hLnZqtHxK_jLn6jxtkKujDFnq,https://drive.google.com/uc?id=1l3itU95hLnZqtHxK_jLn6jxtkKujDFnq
happy,ec8d9c6e785bae16569049c870390204.mp4,1rwOKPi88lpE8f6Dr7G3R8VW8dO4WqIaT,https://drive.google.com/uc?id=1rwOKPi88lpE8f6Dr7G3R8VW8dO4WqIaT
happy,envato_0f95f63c-8451-455a-b3da-779682e77fa7.mov,1uzN_kSo_grgHH8bmKQ6DvV2jntRu988y,https://drive.google.com/uc?id=1uzN_kSo_grgHH8bmKQ6DvV2jntRu988y
happy,envato_1122ff7d-1c31-4964-b1fb-882fd9fc0b68.mov,12oghQvxHNcWYp0vBrVJdJDYzZbDgASPp,https://drive.google.com/uc?id=12oghQvxHNcWYp0vBrVJdJDYzZbDgASPp
happy,envato_13586805-741f-409f-b9af-1f7ee0a711f3.mov,1rtV11_UTlmYF_xBxAkRhq58bbm9qZS5Q,https://drive.google.com/uc?id=1rtV11_UTlmYF_xBxAkRhq58bbm9qZS5Q
happy,envato_14144bc0-237b-4edf-9f91-1884582c49a9.mov,1xURnrMob5mlrfhfkCQM_MdjnM9QRHdRD,https://drive.google.com/uc?id=1xURnrMob5mlrfhfkCQM_MdjnM9QRHdRD
happy,envato_17ec85ff-0908-4104-93a2-c9c246e5df42.mov,1x_DkC3TbuEvr0jbMNMhflXbtRyJjSOTl,https://drive.google.com/uc?id=1x_DkC3TbuEvr0jbMNMhflXbtRyJjSOTl
happy,envato_19bbd0ce-e22d-43d1-a5a2-58cfad6e8be9.mov,1VHEP9WOspemkXXdcz8kUGKGK3F7HJDR-,https://drive.google.com/uc?id=1VHEP9WOspemkXXdcz8kUGKGK3F7HJDR-
happy,envato_22b85d9b-e489-4fb0-a0d7-bc294ff31e3f.mov,1oOAtBeUfhPpRZtqTCcigxTmI91LMhF0f,https://drive.google.com/uc?id=1oOAtBeUfhPpRZtqTCcigxTmI91LMhF0f
happy,envato_2378371b-d34d-4c05-9db7-8406b41d01c4.mov,1_-Il1Be8XJYxX0irt97gWDP4IIzMhDA0,https://drive.google.com/uc?id=1_-Il1Be8XJYxX0irt97gWDP4IIzMhDA0
happy,envato_26448c4c-26b5-4148-90ac-18fd6759f61f.mov,13CKZGScG5lOzSyO9EgWdl6881TtnbP1i,https://drive.google.com/uc?id=13CKZGScG5lOzSyO9EgWdl6881TtnbP1i
happy,envato_271173e5-d74b-464a-ab3b-bf37b1c3e4f9.mov,1w5F28K7vCPigVQgFdSCV3r5O_9IY6UNL,https://drive.google.com/uc?id=1w5F28K7vCPigVQgFdSCV3r5O_9IY6UNL
happy,envato_2b6a37b7-c507-45dd-82fa-9851b8791e8f.mov,1f6vW2aeNi0M5IZHvHx5pDFIXFML8o-jS,https://drive.google.com/uc?id=1f6vW2aeNi0M5IZHvHx5pDFIXFML8o-jS
happy,envato_326b318a-d144-4693-be6c-348972ef4fd3.mov,1OYb2qsjH-T9ShSnd9pUv1cT6Oigt_4A-,https://drive.google.com/uc?id=1OYb2qsjH-T9ShSnd9pUv1cT6Oigt_4A-
happy,envato_3e277546-4ce0-4ec8-a6ef-8a81ed7b89b8.mov,1gsinYJvRJyTfcbHhV7vKoBZNmG_2r0Cl,https://drive.google.com/uc?id=1gsinYJvRJyTfcbHhV7vKoBZNmG_2r0Cl
happy,envato_3fcdbe91-dfde-4943-b17a-2c6ca63eb96f.mov,1RgluL-1jjFj-KyalLDK2VzYyT5o2CH8n,https://drive.google.com/uc?id=1RgluL-1jjFj-KyalLDK2VzYyT5o2CH8n
happy,envato_4247346e-c0bd-4ff7-92cc-e50fa2fdc8df.mov,1b9Yhbr93PyaOUmtFWkq5J4Utp3GZdrp3,https://drive.google.com/uc?id=1b9Yhbr93PyaOUmtFWkq5J4Utp3GZdrp3
happy,envato_42c3ed26-088f-496c-9817-3b2d42a5957d.mov,12yWLGyxUIbceyejWltsYjiX-EyEJs3du,https://drive.google.com/uc?id=12yWLGyxUIbceyejWltsYjiX-EyEJs3du
happy,envato_4551d1d3-dc76-4a48-8466-364635036762.mov,18MQPurH8hv0IpG1zOE69GbTGQps_YulJ,https://drive.google.com/uc?id=18MQPurH8hv0IpG1zOE69GbTGQps_YulJ
happy,envato_4d0a4ba4-c92c-48d2-9887-ba104caea844.mov,1sqTH_N9p-xQmUv85pBHlB_b_3NnHTQhp,https://drive.google.com/uc?id=1sqTH_N9p-xQmUv85pBHlB_b_3NnHTQhp
happy,envato_4d21933f-88de-484a-9557-afe21887aba3.mov,1-w01eO6xi8YG2a1KrcLj5IbYyYlp0GFc,https://drive.google.com/uc?id=1-w01eO6xi8YG2a1KrcLj5IbYyYlp0GFc
happy,envato_4e800269-4241-4b55-8b8d-f38984347e42.mov,1HrNwMsZuO4QHqPoSOhGzKj0VEdFZ32yX,https://drive.google.com/uc?id=1HrNwMsZuO4QHqPoSOhGzKj0VEdFZ32yX
happy,envato_4fd27b0f-3dde-413c-a6ca-73bcb7304d3a.mov,1mOSvqjLc6QtAUCTjphomhe-0wbu_QglX,https://drive.google.com/uc?id=1mOSvqjLc6QtAUCTjphomhe-0wbu_QglX
happy,envato_56bfc164-f2fa-425a-9989-7356a5a0a01f.mov,1-6hwfrJXQWBdQiGOeyytL13zQay4keOj,https://drive.google.com/uc?id=1-6hwfrJXQWBdQiGOeyytL13zQay4keOj
happy,envato_596aa4c6-56b0-45d0-b585-e6975f9daebb.mov,1RVUHYAnLirsov9xHetBtkK_5iEIDEYwT,https://drive.google.com/uc?id=1RVUHYAnLirsov9xHetBtkK_5iEIDEYwT
happy,envato_61c63077-e73c-4c07-a3e6-004dc18ff6d2.mov,10iJZ9RfvK0_syAwhVYEHH7HcwXzHmIjm,https://drive.google.com/uc?id=10iJZ9RfvK0_syAwhVYEHH7HcwXzHmIjm
happy,envato_6926d647-f2a8-443e-ab3c-fe9d5abee5d1.mov,1qMqsbs7bR5RM5Mjgu-rDG57m1Mws9dyg,https://drive.google.com/uc?id=1qMqsbs7bR5RM5Mjgu-rDG57m1Mws9dyg
happy,envato_72ba0247-bbce-484e-88d7-0941d47ac426.mov,1OwzbIEgkzJ3Ao6fGJ4AitPGyjiRkOwby,https://drive.google.com/uc?id=1OwzbIEgkzJ3Ao6fGJ4AitPGyjiRkOwby
happy,envato_7429eb4d-053c-4ed8-a28f-95ee2ed33c3b.mov,1EraKDvxsg1kjTuyppi4VtVJlitRwACo4,https://drive.google.com/uc?id=1EraKDvxsg1kjTuyppi4VtVJlitRwACo4
happy,envato_7d1d3d08-2352-46c9-9468-47c6ebfbb631.mov,1pOgNMQCADYHBy7R9tld7kSbtNL1s8fWp,https://drive.google.com/uc?id=1pOgNMQCADYHBy7R9tld7kSbtNL1s8fWp
happy,envato_83341692-5843-4cd5-b278-0347c7edbdc9.mov,18of-iKYNbwAPMFqEj0EZLYUAStteVFg6,https://drive.google.com/uc?id=18of-iKYNbwAPMFqEj0EZLYUAStteVFg6
happy,envato_84d233eb-b79a-4801-8d32-6d064f9d58cf.mov,1Zfnl_ugoUGXFSGphD-Abmwh0SxjFpKSf,https://drive.google.com/uc?id=1Zfnl_ugoUGXFSGphD-Abmwh0SxjFpKSf
happy,envato_88556153-1ebc-400a-afc3-c45e40f0e95e.mov,1p5czmOqSOHitj_8jrND84vDB1rHs3ar4,https://drive.google.com/uc?id=1p5czmOqSOHitj_8jrND84vDB1rHs3ar4
happy,envato_88afeb11-0cf4-4881-9135-0c4301d1ac79.mov,1XvU5F4S-yIZyor6REgXV5fzyfGaFg_g8,https://drive.google.com/uc?id=1XvU5F4S-yIZyor6REgXV5fzyfGaFg_g8
happy,envato_9074c997-1bc4-4830-b0c7-9ea9bda61941.mov,1vb4ZFcw-IF4nnzv0EUSixsZB9eRq61My,https://drive.google.com/uc?id=1vb4ZFcw-IF4nnzv0EUSixsZB9eRq61My
happy,envato_91437015-44c5-4791-bad5-f08aaddcf5d6.mov,1DUl6DzXfmoEKsSpEdoquAJIYXuWrBSLO,https://drive.google.com/uc?id=1DUl6DzXfmoEKsSpEdoquAJIYXuWrBSLO
happy,envato_91b4663c-8be4-4d0c-8dad-de88d176f393.mov,1eHK3l8hHpfddFMbeov3mw14I1Jtrua-l,https://drive.google.com/uc?id=1eHK3l8hHpfddFMbeov3mw14I1Jtrua-l
happy,envato_9507be66-dbbd-4a7b-b972-e36558c22cf5.mov,1D4WX0YmAfL4XONBZv4SLcbtFZlvA1NzE,https://drive.google.com/uc?id=1D4WX0YmAfL4XONBZv4SLcbtFZlvA1NzE
happy,envato_994a83ce-38a0-4ca3-a084-527e99bb662d.mov,12mWAt3bhJDm0boaGkhoSz24TmqelWFtc,https://drive.google.com/uc?id=12mWAt3bhJDm0boaGkhoSz24TmqelWFtc
happy,envato_a197dee2-2702-4b68-b188-ee3fe097521a.mov,1XAPWCuuV0sYCIhH_WnzsUASo2A5gJvmZ,https://drive.google.com/uc?id=1XAPWCuuV0sYCIhH_WnzsUASo2A5gJvmZ
happy,envato_a4442b87-94a2-4296-a9ed-f1939ef1b714.mov,1gYPnOkBS-A9iQiZr6KsFiE9TW7mFSdIY,https://drive.google.com/uc?id=1gYPnOkBS-A9iQiZr6KsFiE9TW7mFSdIY
happy,envato_a8ba18ac-4888-446f-af9e-e848b2929d66.mov,1x9PpraBt3O8wzd-DGcM6aUzbGK8-bCPc,https://drive.google.com/uc?id=1x9PpraBt3O8wzd-DGcM6aUzbGK8-bCPc
happy,envato_a8c3a692-f76a-4520-b0f1-4a93c3b275a8.mov,1thcBI_OaKAoSzIxzqtzG9gkDvg0ClXp7,https://drive.google.com/uc?id=1thcBI_OaKAoSzIxzqtzG9gkDvg0ClXp7
happy,envato_a8ea6d87-f668-4574-a8e4-aafe1e2b3782.mov,1HezU9Eiv-KuJIXzeWsy6jShdRM_PBmY5,https://drive.google.com/uc?id=1HezU9Eiv-KuJIXzeWsy6jShdRM_PBmY5
happy,envato_aed765eb-1980-48a0-990f-033db7184249.mov,1mPWhH5a9qDlWJzNKyNra-cjeWObD1xe7,https://drive.google.com/uc?id=1mPWhH5a9qDlWJzNKyNra-cjeWObD1xe7
happy,envato_b3a2e965-3c3a-4f24-8ed1-fc732dfebedb.mov,16HzxTu1BNPLXuGj6rUq8ZAhiQyh7AxHR,https://drive.google.com/uc?id=16HzxTu1BNPLXuGj6rUq8ZAhiQyh7AxHR
happy,envato_ba7217f3-93aa-4af1-80ec-60b190689ec5.mov,1lUOZp3UqVcmHU5t7Q9dZLH4736jd-i1J,https://drive.google.com/uc?id=1lUOZp3UqVcmHU5t7Q9dZLH4736jd-i1J
happy,envato_ba93b916-dade-4151-9c0a-1b6463efa203.mov,1oM1UWLRx-hgbjbmnsW-S7qIiLFShds0j,https://drive.google.com/uc?id=1oM1UWLRx-hgbjbmnsW-S7qIiLFShds0j
happy,envato_bb4b2fdd-91d3-4b5f-a177-6cc1ebbf05e7.mov,1yMhG4INOOCA6NsDzfMMUDL5Brg6k2oPS,https://drive.google.com/uc?id=1yMhG4INOOCA6NsDzfMMUDL5Brg6k2oPS
happy,envato_bc5d5221-c9d5-418b-92b5-7bfeb238b6bd.mov,1FqyjQQNkzBxw2B8XFltIxq_FAoyUrzHs,https://drive.google.com/uc?id=1FqyjQQNkzBxw2B8XFltIxq_FAoyUrzHs
happy,envato_bedc843c-4729-452a-9b76-a154daea015c.mov,1lPt54RK_mx5QuHExoINaakTTDi9Ueov8,https://drive.google.com/uc?id=1lPt54RK_mx5QuHExoINaakTTDi9Ueov8
happy,envato_c2a483f7-ddb1-47db-b26b-4bc464d657f3.mov,1XhOdla1dElK150nJuvRDBWUQhTq4F4MY,https://drive.google.com/uc?id=1XhOdla1dElK150nJuvRDBWUQhTq4F4MY
happy,envato_c84cae95-1989-42bb-9614-708e82fc10df.mov,10R29zckoPl6Bda7hUgb1Y4MvU-6YoTv6,https://drive.google.com/uc?id=10R29zckoPl6Bda7hUgb1Y4MvU-6YoTv6
happy,envato_cf85022d-a5ab-4a63-96e4-3e52abb853d8.mov,1LFfJG8vYS1wIAYaD6WrDnTHT7njEsyVd,https://drive.google.com/uc?id=1LFfJG8vYS1wIAYaD6WrDnTHT7njEsyVd
happy,envato_d0b1d4e2-1e19-4e94-b715-505999094332.mov,1tBp5pnpCqMtK21KDKDvuPEP8q2e4q278,https://drive.google.com/uc?id=1tBp5pnpCqMtK21KDKDvuPEP8q2e4q278
happy,envato_d68c0a22-ae97-4c02-9141-68d57b1b02a5.mov,1D_aZctJNGYnWHZ6hZCvREJGwH4yn4War,https://drive.google.com/uc?id=1D_aZctJNGYnWHZ6hZCvREJGwH4yn4War
happy,envato_dfd7475c-7a57-48ab-909c-3fdc4947746e.mov,14V94j3YXSSJ-8hl4nCb_8BAIuKTQVeOo,https://drive.google.com/uc?id=14V94j3YXSSJ-8hl4nCb_8BAIuKTQVeOo
happy,envato_e65f434e-e68b-4339-8592-dabe9b769f73.mov,1LsVWek0V5WMdMd7Ki3bG-aX_NNWHsON2,https://drive.google.com/uc?id=1LsVWek0V5WMdMd7Ki3bG-aX_NNWHsON2
happy,envato_f2e59a35-4f04-4fe4-b8a5-865ee9ba5099.mov,1cQVfVaSDUrdlYMh9IvUoI1Gv4MWB-x0m,https://drive.google.com/uc?id=1cQVfVaSDUrdlYMh9IvUoI1Gv4MWB-x0m
happy,f11b1a1dd083030d930e9f06a449c48b.mp4,1JTbbgD22sdg4cFp7vfzQ_6o6TftYMR0_,https://drive.google.com/uc?id=1JTbbgD22sdg4cFp7vfzQ_6o6TftYMR0_
happy,fa81db640db5d42a61314e3f88907ea2.mp4,1ldvQB1gToxvx7CQyd-K0VSfUWRRGiB4U,https://drive.google.com/uc?id=1ldvQB1gToxvx7CQyd-K0VSfUWRRGiB4U
happy,magnific-171814,,
happy,magnific-2563041,,
happy,magnific-2826668,,
happy,magnific-2845760,,
happy,magnific-2870062,,
happy,mixkit-101226__girl-cuddling-dog-on-couch,,
happy,mixkit-101229__close-up-of-dog,,
happy,mixkit-101230__girl-doing-tricks-with-dog,,
happy,mixkit-101238__dog-playing-with-little-owner,,
happy,mixkit-101245__pov-shot-of-happy-dog-playing,,
happy,mixkit-10350__couple-with-dogs-resting-on-park-bench,,
happy,mixkit-10360__girl-in-a-park-carrying-and-petting-her-cocker-spaniel,,
happy,mixkit-1481__a-man-petting-a-dog-in-the-grass,,
happy,mixkit-1659__small-cute-dog-combed-by-its-owner,,
happy,mixkit-25022__a-woman-and-her-dog-enjoying-the-park,,
happy,mixkit-25174__corgi-dog-enjoying-the-beach,,
happy,mixkit-33170__woman-caresses-her-dog-in-the-garden,,
happy,mixkit-45834__husky-with-its-tongue-out-panting-at-the-camera,,
happy,mixkit-45869__corgi-running-next-to-its-owner-at-the-park,,
happy,mixkit-45871__cute-corgi-running-through-the-grass,,
happy,mixkit-45873__corgi-puppy-playing-with-a-toy-with-its-owner,,
happy,mixkit-50652__a-cute-border-collie-dog-panting-patiently,,
happy,mixkit-50655__an-intelligent-border-collie-gives-the-paw-to-a-hand,,
happy,mixkit-50656__a-canine-border-collie-hi-five-the-human-hand,,
happy,mixkit-50660__a-cute-border-collie-dog-panting-patiently-on-the-ground,,
happy,mixkit-50678__a-black-and-white-border-collie-canine-patiently-panting,,
happy,mixkit-50680__black-and-white-border-collie-standing-on-its-hind-legs,,
happy,mixkit-6355__woman-and-her-dog-taking-a-selfie,,
happy,mixkit-6664__woman-with-her-pet-dog,,
happy,o8zoo0FJkUY_82800_0059.mp4,1T32VnqAeSAeBBzoAQLHG8BI664UzKkNe,https://drive.google.com/uc?id=1T32VnqAeSAeBBzoAQLHG8BI664UzKkNe
happy,o8zoo0FJkUY_82800_0060.mp4,104WdLmNuPV4EkWDFjeGu5I0VAcwXNctd,https://drive.google.com/uc?id=104WdLmNuPV4EkWDFjeGu5I0VAcwXNctd
happy,o8zoo0FJkUY_84600_0001.mp4,1h9mZ1d8qOD1aAOnkepVnpqO7liCdbYnW,https://drive.google.com/uc?id=1h9mZ1d8qOD1aAOnkepVnpqO7liCdbYnW
happy,o8zoo0FJkUY_84600_0002.mp4,1PZMHTBnlNbToJbOYZoWBpPA9SIqqWiz-,https://drive.google.com/uc?id=1PZMHTBnlNbToJbOYZoWBpPA9SIqqWiz-
happy,o8zoo0FJkUY_84600_0009.mp4,1Ldzdyp19t77L_VTYXuk25Ihg4kO_01Up,https://drive.google.com/uc?id=1Ldzdyp19t77L_VTYXuk25Ihg4kO_01Up
happy,o8zoo0FJkUY_84600_0011.mp4,1HCGxOkRnEeG4iZvrMHcNhMYVlgd7qPKJ,https://drive.google.com/uc?id=1HCGxOkRnEeG4iZvrMHcNhMYVlgd7qPKJ
happy,o8zoo0FJkUY_84600_0012.mp4,1cQ89gbRaIaNm1kgX6X26y2tnfZkkvVj5,https://drive.google.com/uc?id=1cQ89gbRaIaNm1kgX6X26y2tnfZkkvVj5
happy,o8zoo0FJkUY_84600_0015.mp4,1l2XYY920USUrGiL5u7YL8XRu8583TyAR,https://drive.google.com/uc?id=1l2XYY920USUrGiL5u7YL8XRu8583TyAR
happy,o8zoo0FJkUY_84600_0017.mp4,1Qi9dBGaVJNL9rMwFigBOdF9tu-m51buk,https://drive.google.com/uc?id=1Qi9dBGaVJNL9rMwFigBOdF9tu-m51buk
happy,pexels_12130333.mp4,1TsL7fY6cmA0B-wuxaE77hEouBPAb6vOn,https://drive.google.com/uc?id=1TsL7fY6cmA0B-wuxaE77hEouBPAb6vOn
happy,pexels_16404081.mp4,1aGq0UrxEqHH5pNPngCSKc0pukFcdSU0g,https://drive.google.com/uc?id=1aGq0UrxEqHH5pNPngCSKc0pukFcdSU0g
happy,pexels_17029773.mp4,1J8NXC4QaN3vYq_aivKzZq0um1wJ4UBpk,https://drive.google.com/uc?id=1J8NXC4QaN3vYq_aivKzZq0um1wJ4UBpk
happy,pexels_17224914.mp4,1_1CoUWsgiIoCRupjtnTsQ2-yqSMj7rc5,https://drive.google.com/uc?id=1_1CoUWsgiIoCRupjtnTsQ2-yqSMj7rc5
happy,pexels_17662319.mp4,1K3Na2JbRv4tZRa0WXms2c7un0qO_njD_,https://drive.google.com/uc?id=1K3Na2JbRv4tZRa0WXms2c7un0qO_njD_
happy,pexels_19201621.mp4,1EE9OyfjlrxultxoSX6gqVQTVEK8pHx7N,https://drive.google.com/uc?id=1EE9OyfjlrxultxoSX6gqVQTVEK8pHx7N
happy,pexels_19201624.mp4,1ixWliUGreC50TaiW0_Rflo6VWbIU0RKj,https://drive.google.com/uc?id=1ixWliUGreC50TaiW0_Rflo6VWbIU0RKj
happy,pexels_19699718.mp4,12inDB27fRfWBSB4NsUU3Dn94Kt4Pn3El,https://drive.google.com/uc?id=12inDB27fRfWBSB4NsUU3Dn94Kt4Pn3El
happy,pexels_19923956.mp4,1pjFQlm6bVUa0LPObkk4tSpJYM5hQRtir,https://drive.google.com/uc?id=1pjFQlm6bVUa0LPObkk4tSpJYM5hQRtir
happy,pexels_27375570.mp4,1MgeP7t-bR3-SBvtWeh2iIT3fcvxr31Hb,https://drive.google.com/uc?id=1MgeP7t-bR3-SBvtWeh2iIT3fcvxr31Hb
happy,pexels_28729840.mp4,1Ce5lqisElva3HkJUjUtqNdB21xTDmpS1,https://drive.google.com/uc?id=1Ce5lqisElva3HkJUjUtqNdB21xTDmpS1
happy,pexels_29477854.mp4,1myNqiVq10vRtIOo234CykmHU_yX5lvv2,https://drive.google.com/uc?id=1myNqiVq10vRtIOo234CykmHU_yX5lvv2
happy,pexels_30189212.mp4,1j_ms5noV8w5wk1tQJyEQG55E1V5qOJnQ,https://drive.google.com/uc?id=1j_ms5noV8w5wk1tQJyEQG55E1V5qOJnQ
happy,pexels_30637739.mp4,1kc1YTZTgNif4pAQadxyCqqdtbIVhmAhZ,https://drive.google.com/uc?id=1kc1YTZTgNif4pAQadxyCqqdtbIVhmAhZ
happy,pexels_31846902.mp4,13EC7xQ59nVPRlBI_hV1Ot3MNrg4bBwdb,https://drive.google.com/uc?id=13EC7xQ59nVPRlBI_hV1Ot3MNrg4bBwdb
happy,pexels_31952416.mp4,1b_ZsVQqAUsDQDTPiDEU_NL24eOISLWGe,https://drive.google.com/uc?id=1b_ZsVQqAUsDQDTPiDEU_NL24eOISLWGe
happy,pexels_32488151.mp4,1fGoTMknXRkj5o3EVBouveMhMN-MT4tDf,https://drive.google.com/uc?id=1fGoTMknXRkj5o3EVBouveMhMN-MT4tDf
happy,pexels_32720010.mp4,1rIFjcOcIcTIUgxD6K6BuqggIisSu3rrl,https://drive.google.com/uc?id=1rIFjcOcIcTIUgxD6K6BuqggIisSu3rrl
happy,pexels_33191813.mp4,1XX-iU9gjNAOu2urzvRBK49AfzUJix5PC,https://drive.google.com/uc?id=1XX-iU9gjNAOu2urzvRBK49AfzUJix5PC
happy,pexels_33434337.mp4,1thrnXjLbSOVdkhKdqCLR9WR0sBoNIcMW,https://drive.google.com/uc?id=1thrnXjLbSOVdkhKdqCLR9WR0sBoNIcMW
happy,pexels_34688820.mp4,1aK_3epcSzQkt58thZw9CiOc37LRpByUy,https://drive.google.com/uc?id=1aK_3epcSzQkt58thZw9CiOc37LRpByUy
happy,pexels_34689720.mp4,1dqWj_7EAMSuw45fENirwrhpsKu7eEYsj,https://drive.google.com/uc?id=1dqWj_7EAMSuw45fENirwrhpsKu7eEYsj
happy,pexels_34759846.mp4,1VsNq5lgl0OGMHadd8pesgV0LYSsiw-Xe,https://drive.google.com/uc?id=1VsNq5lgl0OGMHadd8pesgV0LYSsiw-Xe
happy,pexels_35199740.mp4,1QC4hQgfIdVeORHLsTC6-SbvLX2z_mpJL,https://drive.google.com/uc?id=1QC4hQgfIdVeORHLsTC6-SbvLX2z_mpJL
happy,pexels_35235643.mp4,1Z0XlOgISj2vqL_19V8ICKNt1io2g2fku,https://drive.google.com/uc?id=1Z0XlOgISj2vqL_19V8ICKNt1io2g2fku
happy,pexels_35290086.mp4,1Arx3NVy6iRqhPornEG1-ovSrK3pTBPsg,https://drive.google.com/uc?id=1Arx3NVy6iRqhPornEG1-ovSrK3pTBPsg
happy,pexels_35290088.mp4,1z6ZPzbiawWdFy6A8ANBSPDSniPR4qNhi,https://drive.google.com/uc?id=1z6ZPzbiawWdFy6A8ANBSPDSniPR4qNhi
happy,pexels_35290089.mp4,1ac-BKIN-RFnl0v2lwCQ50zGWmM7bojRP,https://drive.google.com/uc?id=1ac-BKIN-RFnl0v2lwCQ50zGWmM7bojRP
happy,pexels_35346867.mp4,1qwybGmDSUboInWjGf_ElCK75THae0BTs,https://drive.google.com/uc?id=1qwybGmDSUboInWjGf_ElCK75THae0BTs
happy,pexels_35454572.mp4,1NaZsX5OBXh0Ri2QiTnZ7w2DQdLSQKoY2,https://drive.google.com/uc?id=1NaZsX5OBXh0Ri2QiTnZ7w2DQdLSQKoY2
happy,pexels_36121834.mp4,1avk9iY8jUx-bexdi9pu6vaqZd3KLwKPz,https://drive.google.com/uc?id=1avk9iY8jUx-bexdi9pu6vaqZd3KLwKPz
happy,pexels_37328326.mp4,19DeO7X0kL0b0HK-cHC7SDo2Tk765KL-p,https://drive.google.com/uc?id=19DeO7X0kL0b0HK-cHC7SDo2Tk765KL-p
happy,pexels_37366631.mp4,1kZ_nj4_b7-rvYLgMW41PFdhCDRbdIDbW,https://drive.google.com/uc?id=1kZ_nj4_b7-rvYLgMW41PFdhCDRbdIDbW
happy,pexels_38395126.mp4,1Y3KN9xeExZ6jkj8vP_FVx9ARmWusYIJ4,https://drive.google.com/uc?id=1Y3KN9xeExZ6jkj8vP_FVx9ARmWusYIJ4
happy,pexels_38978557.mp4,1677k9N2w4Gl6L3He-pzgDfTSIdohXUll,https://drive.google.com/uc?id=1677k9N2w4Gl6L3He-pzgDfTSIdohXUll
happy,pexels_39086745.mp4,1T0lHvwNPQziQf6wKzIzAobZTNu5sRKQq,https://drive.google.com/uc?id=1T0lHvwNPQziQf6wKzIzAobZTNu5sRKQq
happy,pexels_39465653.mp4,1kq5G9sjxdkQJXZPqAYv0zZCXdXmVlzo0,https://drive.google.com/uc?id=1kq5G9sjxdkQJXZPqAYv0zZCXdXmVlzo0
happy,pexels_4267753.mp4,1ppxXaoaln-6R4Upb_S7gEfmgkSNZqrr9,https://drive.google.com/uc?id=1ppxXaoaln-6R4Upb_S7gEfmgkSNZqrr9
happy,pexels_4503695.mp4,1EAg5KtsJwntKB1OFZiMKbPjUUnBVyyhL,https://drive.google.com/uc?id=1EAg5KtsJwntKB1OFZiMKbPjUUnBVyyhL
happy,pexels_4503918.mp4,1iuthdoyqTFmcxKsJt5BcZKiewWbK8ou2,https://drive.google.com/uc?id=1iuthdoyqTFmcxKsJt5BcZKiewWbK8ou2
happy,pexels_4685829.mp4,1OvwJ0phM7iggb4uG5twE8WlOwi2jNiaF,https://drive.google.com/uc?id=1OvwJ0phM7iggb4uG5twE8WlOwi2jNiaF
happy,pexels_4686284.mp4,12Psa8C9m8TJRFzOWZlDLqIDYG6abO6Jw,https://drive.google.com/uc?id=12Psa8C9m8TJRFzOWZlDLqIDYG6abO6Jw
happy,pexels_5260138.mp4,1FMEkWGHo1cjjFZ4acD6eiBQef5vxRZch,https://drive.google.com/uc?id=1FMEkWGHo1cjjFZ4acD6eiBQef5vxRZch
happy,pexels_5500759.mp4,1qdWbx6NsI72IrA3NT-mip2hXc3_7TaCJ,https://drive.google.com/uc?id=1qdWbx6NsI72IrA3NT-mip2hXc3_7TaCJ
happy,pexels_6568503.mp4,1dNWfKFUq30ZEiQAVRunQcDVb3-kikTel,https://drive.google.com/uc?id=1dNWfKFUq30ZEiQAVRunQcDVb3-kikTel
happy,pexels_6568513.mp4,1obks581kt5fVfLeJYu93R9naeSPlOIzA,https://drive.google.com/uc?id=1obks581kt5fVfLeJYu93R9naeSPlOIzA
happy,pexels_6568960.mp4,13bu-vF57T5k8M2jRP-0yAAeLfhmqtD67,https://drive.google.com/uc?id=13bu-vF57T5k8M2jRP-0yAAeLfhmqtD67
happy,pexels_7197730.mp4,1TDCGMl-4jn9nZ4_DE3dE3nh-sK-s3LtS,https://drive.google.com/uc?id=1TDCGMl-4jn9nZ4_DE3dE3nh-sK-s3LtS
happy,pexels_7294902.mp4,15BYuDyRL-9lng7iC0l9mr6ohVZp7SbYt,https://drive.google.com/uc?id=15BYuDyRL-9lng7iC0l9mr6ohVZp7SbYt
happy,pexels_7297314.mp4,19JT7eF0v4oWCWogZhgbeJ5NhXhxJpqVD,https://drive.google.com/uc?id=19JT7eF0v4oWCWogZhgbeJ5NhXhxJpqVD
happy,pexels_7515920.mp4,1Rd8XoKpsie-hVNRWnV11DXdgrgWYRdh4,https://drive.google.com/uc?id=1Rd8XoKpsie-hVNRWnV11DXdgrgWYRdh4
happy,pexels_7678720.mp4,15S5T-cD_nCbM7lRFtfgD9eMPLuPHEmJY,https://drive.google.com/uc?id=15S5T-cD_nCbM7lRFtfgD9eMPLuPHEmJY
happy,pexels_7678721.mp4,1Iy0C0TAO_vkxRo1GOvouFq2lik5rYTZK,https://drive.google.com/uc?id=1Iy0C0TAO_vkxRo1GOvouFq2lik5rYTZK
happy,pexels_7683646.mp4,1EhBq7kCOVwQPy_9XWKJwEVzyXT8kGW7u,https://drive.google.com/uc?id=1EhBq7kCOVwQPy_9XWKJwEVzyXT8kGW7u
happy,pexels_7684013.mp4,1zxgrUp7AeyEY5AzFREFKrGmvw8_veMma,https://drive.google.com/uc?id=1zxgrUp7AeyEY5AzFREFKrGmvw8_veMma
happy,pexels_7684127.mp4,1v4zZOggc6BzEAk8MyeVvPne3povnE9CO,https://drive.google.com/uc?id=1v4zZOggc6BzEAk8MyeVvPne3povnE9CO
happy,pexels_8730830.mp4,1ZOQRrAuGQRBKgwtIFxeY8o_e-xBSLlwn,https://drive.google.com/uc?id=1ZOQRrAuGQRBKgwtIFxeY8o_e-xBSLlwn
happy,pexels_8731189.mp4,1LfLsa8RcgbxRbTzYmQV9f19BGkow3pqP,https://drive.google.com/uc?id=1LfLsa8RcgbxRbTzYmQV9f19BGkow3pqP
happy,pexels_8746825.mp4,1RoC3BPEQDX3Ro0q-_sdFdHE3fY19yaK-,https://drive.google.com/uc?id=1RoC3BPEQDX3Ro0q-_sdFdHE3fY19yaK-
happy,pexels_9363082.mp4,1tjb8h9dwHLMCzqS_K5RI0kqfSgC4XzMX,https://drive.google.com/uc?id=1tjb8h9dwHLMCzqS_K5RI0kqfSgC4XzMX
happy,pexels_9661817.mp4,11I0BSOQVV--ipxEY65Y0r8FZYalh1v5J,https://drive.google.com/uc?id=11I0BSOQVV--ipxEY65Y0r8FZYalh1v5J
happy,pexels_9986179.mp4,1FnKvS6DdGOPv4bnbQ3Agg5WUcu7WqCuz,https://drive.google.com/uc?id=1FnKvS6DdGOPv4bnbQ3Agg5WUcu7WqCuz
happy,pixabay_109614,,
happy,pixabay_120522,,
happy,pixabay_123246,,
happy,pixabay_170811,,
happy,pixabay_37130,,
happy,pixabay_77509,,
happy,pixabay_77511,,
happy,segment_long_27611809_28,,
happy,segment_long_6498485_102,,
happy,segment_long_6561423_111,,
happy,segment_long_6561423_113,,
happy,segment_long_7093612_127,,
happy,segment_long_7683651_154,,
happy,собачки_7654741412855942430,,
surprise,11607681-uhd_3840_2160_24fps.mp4,1SQQDcqcAQ0Na_nB0oRwu7MfwL-foMEqz,https://drive.google.com/uc?id=1SQQDcqcAQ0Na_nB0oRwu7MfwL-foMEqz
surprise,13308604_2160_3840_24fps.mp4,1mOv2M0g7S4gBVtCIgteXZLOd80Yfpg0S,https://drive.google.com/uc?id=1mOv2M0g7S4gBVtCIgteXZLOd80Yfpg0S
surprise,13372728-hd_1920_1080_60fps.mp4,1C_f0jPm8NQgZNEZo3jo57h1pwWiEjKH0,https://drive.google.com/uc?id=1C_f0jPm8NQgZNEZo3jo57h1pwWiEjKH0
surprise,13948804_3840_2160_30fps.mp4,1mg96Ah3Jxa4k1RLnBOpK8dEC3Bm7qUgy,https://drive.google.com/uc?id=1mg96Ah3Jxa4k1RLnBOpK8dEC3Bm7qUgy
surprise,13F3FFpKs5s_000386,,
surprise,14173028_1920_1080_24fps.mp4,1Aa03SfZmBUlnWyL8nTqvDLw2w7JfPKa5,https://drive.google.com/uc?id=1Aa03SfZmBUlnWyL8nTqvDLw2w7JfPKa5
surprise,15826375_2160_3840_30fps.mp4,1j2r_BARjLoJ3sYBs7taM_7eL06A3C7QQ,https://drive.google.com/uc?id=1j2r_BARjLoJ3sYBs7taM_7eL06A3C7QQ
surprise,16622185-hd_1080_1920_24fps.mp4,1zGp8hdWGn7iWD5iCkZQIBhU8jiIRLr3s,https://drive.google.com/uc?id=1zGp8hdWGn7iWD5iCkZQIBhU8jiIRLr3s
surprise,20006116-hd_1080_1920_30fps.mp4,1LgeGyALs2PfrS1PELNmYW9T2JObSxGDE,https://drive.google.com/uc?id=1LgeGyALs2PfrS1PELNmYW9T2JObSxGDE
surprise,20336151-hd_1920_1080_30fps.mp4,1-Ef3q_pmlOlKfUI2qBwINk9dlPZ3zO18,https://drive.google.com/uc?id=1-Ef3q_pmlOlKfUI2qBwINk9dlPZ3zO18
surprise,20fba7ac4f60698970d4a043282f8c3c,,
surprise,2eb8da604080aa0ae0b46eecf23dc5be,,
surprise,5728460-uhd_2160_3840_24fps.mp4,1WV6xw4GUjr_IOLjmR4pEnsEW-KZ6qqpR,https://drive.google.com/uc?id=1WV6xw4GUjr_IOLjmR4pEnsEW-KZ6qqpR
surprise,6L2wvfZL1X8_000291,,
surprise,7199277-uhd_2160_3840_25fps.mp4,1kvMvuICbOVbqE4MS_oo3BASG1Dlshq2A,https://drive.google.com/uc?id=1kvMvuICbOVbqE4MS_oo3BASG1Dlshq2A
surprise,7a583f514eebeea0986c76ce103f0553,,
surprise,8730838-uhd_3840_2160_25fps.mp4,1fa5cSW1dX-CAx6u2nKpMn6L6rPM2kEiB,https://drive.google.com/uc?id=1fa5cSW1dX-CAx6u2nKpMn6L6rPM2kEiB
surprise,87eb250e509b7e3cb9139ea61ecedd5e,,
surprise,Anu7grUAFiQ_000328,,
surprise,C8OINrp8DMU_000083,,
surprise,IMG_8162.MP4,1TkP2ANe4lyBNbiuUyUGA2TKGOIL8i4ct,https://drive.google.com/uc?id=1TkP2ANe4lyBNbiuUyUGA2TKGOIL8i4ct
surprise,IMG_8163.MP4,1tyemed9MT9-V2pJTVXhjD8KFa0uRDXFA,https://drive.google.com/uc?id=1tyemed9MT9-V2pJTVXhjD8KFa0uRDXFA
surprise,IMG_8164.MP4,1zGJN2Ba5o-4DPWPiB5-sW0iKSTEhuvmK,https://drive.google.com/uc?id=1zGJN2Ba5o-4DPWPiB5-sW0iKSTEhuvmK
surprise,IMG_8165.MP4,1A_TjAX5dZVQfuepgo8K_1H156KbpVaZ0,https://drive.google.com/uc?id=1A_TjAX5dZVQfuepgo8K_1H156KbpVaZ0
surprise,IMG_8166.MP4,1w6zZJCnrsDE-QtJLuj7kPAGzBHm0q_hQ,https://drive.google.com/uc?id=1w6zZJCnrsDE-QtJLuj7kPAGzBHm0q_hQ
surprise,IMG_8169.MP4,1kdGoLLFKXrV7eVdMUT9ehirhgxStUc3D,https://drive.google.com/uc?id=1kdGoLLFKXrV7eVdMUT9ehirhgxStUc3D
surprise,IMG_8173.MP4,1PHTq2SR999y6i5inUOTNhXlPBSLZ-5Gs,https://drive.google.com/uc?id=1PHTq2SR999y6i5inUOTNhXlPBSLZ-5Gs
surprise,IMG_8174.MP4,19fJwxyphCuEuKbASt0UxMJR_Da7xMdKj,https://drive.google.com/uc?id=19fJwxyphCuEuKbASt0UxMJR_Da7xMdKj
surprise,IMG_8175.MP4,178wrnv8i9NW8SrM_wlGKyY4Eaaa0uAQg,https://drive.google.com/uc?id=178wrnv8i9NW8SrM_wlGKyY4Eaaa0uAQg
surprise,IMG_8176.MP4,11mJOuDd54t2Y9uLHi5tXgN90qfE78xoG,https://drive.google.com/uc?id=11mJOuDd54t2Y9uLHi5tXgN90qfE78xoG
surprise,IMG_8178.MP4,16tX0rHxh8GBDcgzfTB1LBUURgN1QWw5P,https://drive.google.com/uc?id=16tX0rHxh8GBDcgzfTB1LBUURgN1QWw5P
surprise,IMG_8179.MP4,1xQ74uA4B0L5e4z9pEPFx1tf4sHeaPMAf,https://drive.google.com/uc?id=1xQ74uA4B0L5e4z9pEPFx1tf4sHeaPMAf
surprise,IMG_8180.MP4,1nskrKmSxG03aDFY7dqEb1eqOnP5gLwuA,https://drive.google.com/uc?id=1nskrKmSxG03aDFY7dqEb1eqOnP5gLwuA
surprise,IMG_8181.MP4,15zgecXE5XXWd_5d2-dL1f4OPg_GYHdGe,https://drive.google.com/uc?id=15zgecXE5XXWd_5d2-dL1f4OPg_GYHdGe
surprise,IMG_8182.MP4,1drI-Md4oxeIeSBuReVRzSmnbutKxNONe,https://drive.google.com/uc?id=1drI-Md4oxeIeSBuReVRzSmnbutKxNONe
surprise,IMG_8183.MP4,1e4sehL9prfxWAZ86n0cvNtpImKBg1ytU,https://drive.google.com/uc?id=1e4sehL9prfxWAZ86n0cvNtpImKBg1ytU
surprise,IMG_8184.MP4,1Ratz3qIc4s8zOL2I8gWywzaNzRlrcM10,https://drive.google.com/uc?id=1Ratz3qIc4s8zOL2I8gWywzaNzRlrcM10
surprise,IMG_8185.MP4,1Yb4ZZr0RzejMzA3ax5grSoeJwMFziWIo,https://drive.google.com/uc?id=1Yb4ZZr0RzejMzA3ax5grSoeJwMFziWIo
surprise,LkK37dcb04o_000103,,
surprise,Q70PLBcX74E_000346,,
surprise,abbf4cc21e69071715d63eeecf986fe4,,
surprise,b18aca6059731f7f7858d021f3103290,,
surprise,cLDrSXhhPO8_000169,,
surprise,cLDrSXhhPO8_000450,,
surprise,cLDrSXhhPO8_000975,,
surprise,cLDrSXhhPO8_000975.mp4,13PxXXHVOvtAc8gzjMAhdBMQ5KRACJyQ2,https://drive.google.com/uc?id=13PxXXHVOvtAc8gzjMAhdBMQ5KRACJyQ2
surprise,cLDrSXhhPO8_001265,,
surprise,cLDrSXhhPO8_001431,,
surprise,cLDrSXhhPO8_002068.mp4,19AlEnq2nLLuFnYCt-y65AEZo9JAyu3PW,https://drive.google.com/uc?id=19AlEnq2nLLuFnYCt-y65AEZo9JAyu3PW
surprise,cLDrSXhhPO8_002537.mp4,1t1p4rCqx4MvbWaK7Y4WGf0bk2kHj7A6A,https://drive.google.com/uc?id=1t1p4rCqx4MvbWaK7Y4WGf0bk2kHj7A6A
surprise,cLDrSXhhPO8_002783,,
surprise,cLDrSXhhPO8_002783.mp4,1fKghH0qqxH573SpDlKi1-U02Z0DzdQHt,https://drive.google.com/uc?id=1fKghH0qqxH573SpDlKi1-U02Z0DzdQHt
surprise,cLDrSXhhPO8_002789.mp4,1RJEdgWlHOQsgmL7CHC79GrG0h2P5eku7,https://drive.google.com/uc?id=1RJEdgWlHOQsgmL7CHC79GrG0h2P5eku7
surprise,cLDrSXhhPO8_002997.mp4,1eb-g4hsABcXoEAnXQ5xCiaYN9kfdepWl,https://drive.google.com/uc?id=1eb-g4hsABcXoEAnXQ5xCiaYN9kfdepWl
surprise,coverr-PHHyGtc7L7__woman-with-her-dog,,
surprise,dog_10914656,,
surprise,dog_12170754,,
surprise,dog_15324323,,
surprise,dog_19162668,,
surprise,dog_29576555,,
surprise,dog_32075610,,
surprise,dog_35290089,,
surprise,dog_37130597,,
surprise,dog_37207535,,
surprise,dog_37207536,,
surprise,dog_4107564,,
surprise,dog_4210977,,
surprise,dog_5478926,,
surprise,dog_5881609,,
surprise,dog_5921464,,
surprise,dog_5968168,,
surprise,dog_6131492,,
surprise,dog_6498486,,
surprise,dog_7682708,,
surprise,dog_7683150,,
surprise,dog_8264881,,
surprise,dog_8498885,,
surprise,dog_854383,,
surprise,doglife_7625798973307276574,,
surprise,dogsoftiktok_7639304895287266567,,
surprise,dogsoftiktok_7672829713122970911,,
surprise,dogsoftiktok_7675821301998554390,,
surprise,du1L5um2mJ0_000072,,
surprise,eTMkaiRM1hM_000495,,
surprise,envato_0133ead1-ff64-4e42-bb1a-1b30de293bcf.mov,1CuWoib6gruQ3NIubVe997Fophd6wCB3g,https://drive.google.com/uc?id=1CuWoib6gruQ3NIubVe997Fophd6wCB3g
surprise,envato_0272e140-eaef-46b1-8c98-edea9a8bb0dc.mov,1tDe3y9YoGhscC3-beNge0VKTw6h3l2u1,https://drive.google.com/uc?id=1tDe3y9YoGhscC3-beNge0VKTw6h3l2u1
surprise,envato_036aaf7f-0ee1-4c57-8185-8d8a1b2bae29.mov,1mf3yettsX8AqJwD1-zzIf9iUELZgTqdS,https://drive.google.com/uc?id=1mf3yettsX8AqJwD1-zzIf9iUELZgTqdS
surprise,envato_05feccd9-4b8b-405b-b03a-0b6ee5af701e.mov,1e8jqFgimkNYzjMudNZBgvZBCN7V7HYgO,https://drive.google.com/uc?id=1e8jqFgimkNYzjMudNZBgvZBCN7V7HYgO
surprise,envato_09903ccd-dc74-4b80-8986-866c4a09ad26.mov,1KZlJM8xMcr4qmK37nu4_M4zZPX5cYd9l,https://drive.google.com/uc?id=1KZlJM8xMcr4qmK37nu4_M4zZPX5cYd9l
surprise,envato_0bb04d30-d890-42e6-b194-0c4b27a53574.mov,1o383RlxXa2oZMarka8AFx9e1-x0r8VUa,https://drive.google.com/uc?id=1o383RlxXa2oZMarka8AFx9e1-x0r8VUa
surprise,envato_0e622f0b-2cf7-492a-b34d-fd546c256c80.mov,1QnP9o6zZ1mgaA-mlXeK5YhfjQXo-9dkT,https://drive.google.com/uc?id=1QnP9o6zZ1mgaA-mlXeK5YhfjQXo-9dkT
surprise,envato_1280307e-7b3b-4515-85d4-157e7f397db0.mov,1BHlVWlUHlnRCksTxjaheqGW2s1S_Px_q,https://drive.google.com/uc?id=1BHlVWlUHlnRCksTxjaheqGW2s1S_Px_q
surprise,envato_1f9bf9fd-588d-4b1d-b836-5dca6f68e2a2.mov,1zXD1gqw2QyTSR6slzJeXclFlQK_CQ1Vj,https://drive.google.com/uc?id=1zXD1gqw2QyTSR6slzJeXclFlQK_CQ1Vj
surprise,envato_3188d7b5-09c4-4efe-838a-8fa87adb0a36.mov,1sycznQ2jY0WtJJXe3PAsHmkpXW54o3qb,https://drive.google.com/uc?id=1sycznQ2jY0WtJJXe3PAsHmkpXW54o3qb
surprise,envato_339ec075-820e-4e36-b72a-6ccd58adead6.mov,1g2kiqtum6CsvVFZlrZtJfWuJtxc3EFTd,https://drive.google.com/uc?id=1g2kiqtum6CsvVFZlrZtJfWuJtxc3EFTd
surprise,envato_388dc480-cd81-4527-a980-7611d40835a3.mov,1t1v1tXUR1X1kq8Gx1W7MzzCjlhpxy_th,https://drive.google.com/uc?id=1t1v1tXUR1X1kq8Gx1W7MzzCjlhpxy_th
surprise,envato_4b8f56ef-c86b-4b7d-8674-012e546afecb.mov,1w35KHMTeAyKp58YWB0s20Y7w3vBdf_OD,https://drive.google.com/uc?id=1w35KHMTeAyKp58YWB0s20Y7w3vBdf_OD
surprise,envato_55667d44-ad52-4bfe-adbd-0ab94a03b4da.mov,1l-crhYDQBxv6olv_FAcHZ0Vpb53bn6zi,https://drive.google.com/uc?id=1l-crhYDQBxv6olv_FAcHZ0Vpb53bn6zi
surprise,envato_6e00ea66-dce7-49e9-8f46-3e1b5c341760.mov,14adBOVJgXyoSo3HRnln_BXWfYZdRNskQ,https://drive.google.com/uc?id=14adBOVJgXyoSo3HRnln_BXWfYZdRNskQ
surprise,envato_718bb7d4-8a8d-4cab-8f8d-17d6424ae386.mov,1CUsXbUB0nNa9-Ja-XV7ftjyn7tPCSphT,https://drive.google.com/uc?id=1CUsXbUB0nNa9-Ja-XV7ftjyn7tPCSphT
surprise,envato_74fdf482-a1c3-417b-8784-89a8d6fca4c7.mov,1q3eR0kcAGfsE6iADQggYEHKKVUgnJXL_,https://drive.google.com/uc?id=1q3eR0kcAGfsE6iADQggYEHKKVUgnJXL_
surprise,envato_77851635-e7fa-4156-9746-ba74816fd81d.mov,10PibeXIgOIVpNmDKu5tVHZ7NsWTcBS-X,https://drive.google.com/uc?id=10PibeXIgOIVpNmDKu5tVHZ7NsWTcBS-X
surprise,envato_79a07d43-3c1a-4a78-b871-e2c537e08579.mov,1QDPMftgTt2d8iu1r0rDDwQ13G0rp_63V,https://drive.google.com/uc?id=1QDPMftgTt2d8iu1r0rDDwQ13G0rp_63V
surprise,envato_7c59f5be-3bf7-4407-a425-8cb756ef8690.mov,14XAKyDGx6t1LxJYkzWn4__M4TAJlBuEB,https://drive.google.com/uc?id=14XAKyDGx6t1LxJYkzWn4__M4TAJlBuEB
surprise,envato_7c92d257-1ce6-4df9-9abe-f8697e87e8b7.mov,1zRpiOX5CEuaoD4Q3P8U8a8wiajhdFZ7s,https://drive.google.com/uc?id=1zRpiOX5CEuaoD4Q3P8U8a8wiajhdFZ7s
surprise,envato_7d200502-71e9-4290-9313-8c2bf1c02d43.mov,13Q7reHsA4lPdzC25NY82O2llpz2s5lvO,https://drive.google.com/uc?id=13Q7reHsA4lPdzC25NY82O2llpz2s5lvO
surprise,envato_94d77a93-3c5a-4c19-ad5e-7003e8d82ae0.mov,1aLdgSBE8ixVliMgrYkvTM0w-bujAK4xl,https://drive.google.com/uc?id=1aLdgSBE8ixVliMgrYkvTM0w-bujAK4xl
surprise,envato_95a75086-7a9a-458e-9766-aef33aa53bad.mov,1J8G6E3DJDmIyAb4UnYvV3HCsVxxAj2wd,https://drive.google.com/uc?id=1J8G6E3DJDmIyAb4UnYvV3HCsVxxAj2wd
surprise,envato_9e3ba511-e803-424a-abde-dff2f2d59fc9.mov,1MTUFMHNFHSaeEYQP4EhpeIUgrSH5L3_D,https://drive.google.com/uc?id=1MTUFMHNFHSaeEYQP4EhpeIUgrSH5L3_D
surprise,envato_bdb87192-1368-4266-9dc8-7deaf077c838.mov,1_JEQHbn8XjDm0CDnM0ge8PJ-4AhFCRUD,https://drive.google.com/uc?id=1_JEQHbn8XjDm0CDnM0ge8PJ-4AhFCRUD
surprise,envato_c07b06e8-4063-4aaa-9d2f-ba75e5cf933c.mov,1GOzSNBWKeWnEdJehi_-Vv6_fy-sXCYHy,https://drive.google.com/uc?id=1GOzSNBWKeWnEdJehi_-Vv6_fy-sXCYHy
surprise,envato_c3e63ffd-e0da-4c35-8337-ebbe04af6449.mov,1i3IgZxfbU__s51987NNbG_rx_nS-KZdM,https://drive.google.com/uc?id=1i3IgZxfbU__s51987NNbG_rx_nS-KZdM
surprise,envato_c7afa80f-ddaf-4d38-aefd-05f8420f3a09.mov,1lRaHGGhCg1MniLSS_NEUgShKN9vrhzTV,https://drive.google.com/uc?id=1lRaHGGhCg1MniLSS_NEUgShKN9vrhzTV
surprise,envato_cd8ede2c-55cb-4741-91da-1210e9a7a032.mov,1SFV222ttnsWwMvtrzQsyz3xu6WjPJ5Im,https://drive.google.com/uc?id=1SFV222ttnsWwMvtrzQsyz3xu6WjPJ5Im
surprise,envato_d7f708f3-b83c-4640-b553-3071f1ed1bc2.mov,1cbO_CR56alMHgnNjSNYCPxr7V47yGSbA,https://drive.google.com/uc?id=1cbO_CR56alMHgnNjSNYCPxr7V47yGSbA
surprise,envato_dfdc99de-5d1a-4142-8764-1137c98c33d2.mov,1Fk_e7JO94jaWHtCaWMp8_KHEWVPsRNOA,https://drive.google.com/uc?id=1Fk_e7JO94jaWHtCaWMp8_KHEWVPsRNOA
surprise,envato_f6523aa1-32a4-4e30-8d73-f2a4215e4f77.mov,12gheEc8K6ga5slovacyi_WjZ3DgMZNe9,https://drive.google.com/uc?id=12gheEc8K6ga5slovacyi_WjZ3DgMZNe9
surprise,envato_f6c3f6ce-d455-4b59-8634-15322fda0056.mov,1i0B62iQ3wWFqqk7wG93MnZE-LSbj625U,https://drive.google.com/uc?id=1i0B62iQ3wWFqqk7wG93MnZE-LSbj625U
surprise,envato_f8dec2c1-5309-4122-9d85-659f22dcdb9c.mov,1-AhNyehjKpnF8LbLIRHmbzvsIY7eTsDX,https://drive.google.com/uc?id=1-AhNyehjKpnF8LbLIRHmbzvsIY7eTsDX
surprise,iawKNAvM0VM_001168,,
surprise,iawKNAvM0VM_002047,,
surprise,mixkit-100641__border-collie-resting-on-grass-next-to-a-chair,,
surprise,mixkit-101218__dog-playing-with-toy-on-floor,,
surprise,mixkit-25093__corgi-dog-in-the-grassfield,,
surprise,mixkit-45870__corgi-panting-happily-after-a-run-in-the-park,,
surprise,mixkit-48887__team-of-husky-dogs-pulling-a-sled-through-the-snow,,
surprise,mixkit-50661__a-cute-border-collie-dog-panting-patiently-on-the-ground,,
surprise,mixkit-50670__an-innocent-looking-pitbull-canine-bitting-and-playing-with-a,,
surprise,o8zoo0FJkUY_82800_0069.mp4,1tlUEOOiDyxR-iOFV1fbn5R9uiGHVQtNW,https://drive.google.com/uc?id=1tlUEOOiDyxR-iOFV1fbn5R9uiGHVQtNW
surprise,o8zoo0FJkUY_84600_0007.mp4,1_BR8UIhgUCEez59y2zWvtwRN1rxYIfbX,https://drive.google.com/uc?id=1_BR8UIhgUCEez59y2zWvtwRN1rxYIfbX
surprise,o8zoo0FJkUY_84600_0041.mp4,1HzpyttFPH38-PyLq7ytgkWRGh7Z311kF,https://drive.google.com/uc?id=1HzpyttFPH38-PyLq7ytgkWRGh7Z311kF
surprise,pexels_8730838_person-feeding-a-dog.mp4,10Ix8xKkuyWk_8XrBDu40Nf7-5ZXb7xw5,https://drive.google.com/uc?id=10Ix8xKkuyWk_8XrBDu40Nf7-5ZXb7xw5
surprise,pixabay_109613_dog-puppy.mp4,189MTB5kZYXxnGUx8zz57V1tihkqZw8FI,https://drive.google.com/uc?id=189MTB5kZYXxnGUx8zz57V1tihkqZw8FI
surprise,pixabay_109617_dog-puppy2.mp4,1nRw0MOtFSxuQpEVLTll-aHcBfZOmRW7c,https://drive.google.com/uc?id=1nRw0MOtFSxuQpEVLTll-aHcBfZOmRW7c
surprise,pixabay_109817_dog-animal-pet.mp4,1Em_Mw7NQDVIEQLZ_E2hpLqZv77X4l2ig,https://drive.google.com/uc?id=1Em_Mw7NQDVIEQLZ_E2hpLqZv77X4l2ig
surprise,pixabay_132660_dog-canine-field.mp4,18jBQSmnZVWDBfSVfRRCshdz8nIZGUBiI,https://drive.google.com/uc?id=18jBQSmnZVWDBfSVfRRCshdz8nIZGUBiI
surprise,pixabay_156318_dog-playful.mp4,1asLavDSyC0l3IsIe9lSnBq26lxUVfukl,https://drive.google.com/uc?id=1asLavDSyC0l3IsIe9lSnBq26lxUVfukl
surprise,pixabay_156318_dog-playful.mp4,1NLU9Li-fx43aWRKUgM2l4ItkDh7nF2GA,https://drive.google.com/uc?id=1NLU9Li-fx43aWRKUgM2l4ItkDh7nF2GA
surprise,pixabay_180682_dog-pug2.mp4,1aCoBrOZWmEnqVWSz2aMCn_z03dTI9nlf,https://drive.google.com/uc?id=1aCoBrOZWmEnqVWSz2aMCn_z03dTI9nlf
surprise,pixabay_233673_dog-german-shepherd.mp4,1pYeKrT4NurSImC7YWB1eySxY--fTB6Di,https://drive.google.com/uc?id=1pYeKrT4NurSImC7YWB1eySxY--fTB6Di
surprise,pixabay_25094_animal-dog.mp4,1PrcCmqkYkvneFkOXNvayJFnvNGUropAE,https://drive.google.com/uc?id=1PrcCmqkYkvneFkOXNvayJFnvNGUropAE
surprise,pixabay_304308,,
surprise,pixabay_45588_dog-pug.mp4,1VKzChJjMH_Gq3fpvevSLh31oNx9sYHTF,https://drive.google.com/uc?id=1VKzChJjMH_Gq3fpvevSLh31oNx9sYHTF
surprise,pixabay_47312_dog-sleepy.mp4,1-JYCp0YUDJyxPMbqErun7UkGOtxiC04V,https://drive.google.com/uc?id=1-JYCp0YUDJyxPMbqErun7UkGOtxiC04V
surprise,pixabay_598,,
surprise,pixabay_77624,,
surprise,pixabay_77624_dog-puppy-friend.mp4,1LwBGTjNU-gORNBesKwPSD8QzAB0g9CMz,https://drive.google.com/uc?id=1LwBGTjNU-gORNBesKwPSD8QzAB0g9CMz
surprise,pixabay_77832_dog-snow.mp4,1PzmbKRw4qQWB08l2uHkxU_bj4keenMnc,https://drive.google.com/uc?id=1PzmbKRw4qQWB08l2uHkxU_bj4keenMnc
surprise,segment_long_19887614_26,,
surprise,tiktok_6686378668727471365.mp4,1mxYec9sCVQVU_Fcu2wLzJWuVsMIHQTgC,https://drive.google.com/uc?id=1mxYec9sCVQVU_Fcu2wLzJWuVsMIHQTgC
surprise,tiktok_6759610535098060038.mp4,1MF2etrH8pYV2GF3dknN2zp_t4boOomHN,https://drive.google.com/uc?id=1MF2etrH8pYV2GF3dknN2zp_t4boOomHN
surprise,tiktok_6783706826371337477.mp4,18mpYpaqxvwOJkgU82B_390PLC4tPCYMQ,https://drive.google.com/uc?id=18mpYpaqxvwOJkgU82B_390PLC4tPCYMQ
surprise,tiktok_6834824770094255365.mp4,1SuwJJMZIemvjBQUstQGa0aqoD-nPYrVW,https://drive.google.com/uc?id=1SuwJJMZIemvjBQUstQGa0aqoD-nPYrVW
surprise,tiktok_6841924685303647493.mp4,1id27it432zwBQE-yYOZKSriQ4XUSYQ2s,https://drive.google.com/uc?id=1id27it432zwBQE-yYOZKSriQ4XUSYQ2s
surprise,tiktok_6937830157822610694.mp4,1Yq-KqTGyetgI9bBEzG7zL-IlybR_2nRp,https://drive.google.com/uc?id=1Yq-KqTGyetgI9bBEzG7zL-IlybR_2nRp
surprise,tiktok_7028775404173413678.mp4,1uK4TZIE0rm-1yEzCED7inm94LioUS0IY,https://drive.google.com/uc?id=1uK4TZIE0rm-1yEzCED7inm94LioUS0IY
surprise,tiktok_7133304987907755310.mp4,1DoHnwkQcD7t8y1Rj1R2CcAxw08t2Apsx,https://drive.google.com/uc?id=1DoHnwkQcD7t8y1Rj1R2CcAxw08t2Apsx
surprise,tiktok_7184042245035674886.mp4,1-1m8j4Y2G_A1Az36q3Stiu1vn97Mgp8W,https://drive.google.com/uc?id=1-1m8j4Y2G_A1Az36q3Stiu1vn97Mgp8W
surprise,tiktok_7215637585421421829.mp4,1SY3kZKT7sDoTYdsOk5JRhpp4g_WAdZA6,https://drive.google.com/uc?id=1SY3kZKT7sDoTYdsOk5JRhpp4g_WAdZA6
surprise,tiktok_7219451135017471274.mp4,1yHHCK6lWktXMaNU6KibniyK2u1KYQoPr,https://drive.google.com/uc?id=1yHHCK6lWktXMaNU6KibniyK2u1KYQoPr
surprise,tiktok_7222955173394599214.mp4,1y2Jyf733grSk2fsg6mPyI1T3gpM9M-Gp,https://drive.google.com/uc?id=1y2Jyf733grSk2fsg6mPyI1T3gpM9M-Gp
surprise,tiktok_7235645660547157294.mp4,1t8qUdeVnaauYF89ycAVgL-k8sedpDaM-,https://drive.google.com/uc?id=1t8qUdeVnaauYF89ycAVgL-k8sedpDaM-
surprise,tiktok_7236117888870911274.mp4,1CSCSnem2Kd-XNx0NCbzsIDHYftK-6xGL,https://drive.google.com/uc?id=1CSCSnem2Kd-XNx0NCbzsIDHYftK-6xGL
surprise,tiktok_7273535611703708960.mp4,14c0tclYcnOrcAqcIgkdKhEGYxLRVlAzn,https://drive.google.com/uc?id=14c0tclYcnOrcAqcIgkdKhEGYxLRVlAzn
surprise,tiktok_7274971761416867114.mp4,1qIyrslv35SNELcubn1da4TQPOPKX6mo-,https://drive.google.com/uc?id=1qIyrslv35SNELcubn1da4TQPOPKX6mo-
surprise,tiktok_7361463181438373153.mp4,10Y7ogIBE8h2Lu-GxmvAKnsWwzBV7Yr0s,https://drive.google.com/uc?id=10Y7ogIBE8h2Lu-GxmvAKnsWwzBV7Yr0s
surprise,tiktok_7412535761871834411.mp4,1QH1Cf8WNiAkW-P__e1mLHEGE-VlYyLBr,https://drive.google.com/uc?id=1QH1Cf8WNiAkW-P__e1mLHEGE-VlYyLBr
surprise,tiktok_7435309178622709022.mp4,1VhPBL_Y1VBsffcNuxBcXktepc2Ip1SOw,https://drive.google.com/uc?id=1VhPBL_Y1VBsffcNuxBcXktepc2Ip1SOw
surprise,tiktok_7446074280938310945.mp4,1Wldj6x53KULsldCDTdY4FKLZxGJc6UfR,https://drive.google.com/uc?id=1Wldj6x53KULsldCDTdY4FKLZxGJc6UfR
surprise,tiktok_7453878525679013166.mp4,11K7ACketjh9N-ZsFiqHkU7aR2e8c92ht,https://drive.google.com/uc?id=11K7ACketjh9N-ZsFiqHkU7aR2e8c92ht
surprise,tiktok_7505439759372799278.mp4,1xYHrvP7wjA0gcmq2MiRwbAb3DlpSSuZT,https://drive.google.com/uc?id=1xYHrvP7wjA0gcmq2MiRwbAb3DlpSSuZT
surprise,tiktok_7514379041260965142.mp4,1WRRZEjSFtEsdsHXySHYOJZ0kyt9cUfxx,https://drive.google.com/uc?id=1WRRZEjSFtEsdsHXySHYOJZ0kyt9cUfxx
surprise,tiktok_7515127245292326166.mp4,1S2clG7R8LnEMF_SLZXUqkBq3od9bSW1M,https://drive.google.com/uc?id=1S2clG7R8LnEMF_SLZXUqkBq3od9bSW1M
surprise,tiktok_7519057574419762454.mp4,1lIp5wKlXgkEidseT4rgpDce81RPndyGG,https://drive.google.com/uc?id=1lIp5wKlXgkEidseT4rgpDce81RPndyGG
surprise,tiktok_7520570750151953686.mp4,1pS_rmaiGtDGlnFUB5bwHd-XaZziXrVXp,https://drive.google.com/uc?id=1pS_rmaiGtDGlnFUB5bwHd-XaZziXrVXp
surprise,tiktok_7520654309076372758.mp4,1Yn7stJUR9Avj5khplkozJRw7ly5QoCxt,https://drive.google.com/uc?id=1Yn7stJUR9Avj5khplkozJRw7ly5QoCxt
surprise,tiktok_7524287270455708950.mp4,1TfmNl4ph7HZ1fBy3pPO3JVtYJrSV-2UG,https://drive.google.com/uc?id=1TfmNl4ph7HZ1fBy3pPO3JVtYJrSV-2UG
surprise,tiktok_7528479657549729046.mp4,1f-9M-YdqUfDCgdl8rpYR0bKlUpeCk_kF,https://drive.google.com/uc?id=1f-9M-YdqUfDCgdl8rpYR0bKlUpeCk_kF
surprise,tiktok_7529551822948715793.mp4,1VYy6wyjwa1Ra1DTiJY1MJIdylLCNoEZ8,https://drive.google.com/uc?id=1VYy6wyjwa1Ra1DTiJY1MJIdylLCNoEZ8
surprise,tiktok_7538300392069795102.mp4,1kHVvHG9BVWOgwmuUdcL2CHLOgv0rb7ji,https://drive.google.com/uc?id=1kHVvHG9BVWOgwmuUdcL2CHLOgv0rb7ji
surprise,tiktok_7547019331608136982.mp4,1AN2bPQvJYOq_49GDkWGg9uipRilmtZfn,https://drive.google.com/uc?id=1AN2bPQvJYOq_49GDkWGg9uipRilmtZfn
surprise,tiktok_7548049759248911638.mp4,1ZE0-MHvR4zifSE8zWHhERsPJKPZ6GMvR,https://drive.google.com/uc?id=1ZE0-MHvR4zifSE8zWHhERsPJKPZ6GMvR
surprise,tiktok_7551407238288559415.mp4,1x3j1w_Xef4PQ_raIGXPZf8Xz8f3s1TuO,https://drive.google.com/uc?id=1x3j1w_Xef4PQ_raIGXPZf8Xz8f3s1TuO
surprise,tiktok_7562850340584852758.mp4,1ObBhBk9WmMv2k6w_nYLDDUtrWjQaiXUV,https://drive.google.com/uc?id=1ObBhBk9WmMv2k6w_nYLDDUtrWjQaiXUV
surprise,tiktok_7564524832721816854.mp4,11X_ayL5v4AgymwUQyZ-BZw4ZTODzpoHX,https://drive.google.com/uc?id=11X_ayL5v4AgymwUQyZ-BZw4ZTODzpoHX
surprise,tiktok_7567148168270351647.mp4,1xNba6atzAA7BzcBg6emCK5Qnb0bRaxdD,https://drive.google.com/uc?id=1xNba6atzAA7BzcBg6emCK5Qnb0bRaxdD
surprise,tiktok_7571548733888810262.mp4,1WfQWHyBzuIhy0EubLNiXngzt6iWmu9RE,https://drive.google.com/uc?id=1WfQWHyBzuIhy0EubLNiXngzt6iWmu9RE
surprise,tiktok_7574848607078124823.mp4,1T-CjYdQsf4UfShjtn94hTcb3t8Q1XD0l,https://drive.google.com/uc?id=1T-CjYdQsf4UfShjtn94hTcb3t8Q1XD0l
surprise,tiktok_7577885470630104333.mp4,13BbSoVV4qqsOxCRkv6dxNyCjYCnBDr5M,https://drive.google.com/uc?id=13BbSoVV4qqsOxCRkv6dxNyCjYCnBDr5M
surprise,tiktok_7580694785980337441.mp4,1Uc5m13JY8rXytdFQ8FWVlcpXhYbilXth,https://drive.google.com/uc?id=1Uc5m13JY8rXytdFQ8FWVlcpXhYbilXth
surprise,tiktok_7581844396585307406.mp4,1Uqg6qrfSAvFkdcMZx_s702nYRsh5rn9e,https://drive.google.com/uc?id=1Uqg6qrfSAvFkdcMZx_s702nYRsh5rn9e
surprise,tiktok_7591502291451071775.mp4,1nVdJ0Bkuso55zpHsBv8Yl8kQR0b53mBz,https://drive.google.com/uc?id=1nVdJ0Bkuso55zpHsBv8Yl8kQR0b53mBz
surprise,tiktok_7595338603669097736.mp4,1iUa41lNlqAgxWnqAT0Mq8goodpImeOj1,https://drive.google.com/uc?id=1iUa41lNlqAgxWnqAT0Mq8goodpImeOj1
surprise,tiktok_7599853174089895198.mp4,1ZuhBVO4u88QKsQeOUtQBFK8EToxylG9A,https://drive.google.com/uc?id=1ZuhBVO4u88QKsQeOUtQBFK8EToxylG9A
surprise,tiktok_7601950979755363606.mp4,1oVHLpaonyoP_pxL83ayNHcYI63h6f121,https://drive.google.com/uc?id=1oVHLpaonyoP_pxL83ayNHcYI63h6f121
surprise,tiktok_7603152795356630286.mp4,1kjPTTt-3h4GFaj6ANRf6g1c2eQV70mMM,https://drive.google.com/uc?id=1kjPTTt-3h4GFaj6ANRf6g1c2eQV70mMM
surprise,tiktok_7607049345321405719.mp4,1viNmtiM3sUxNDWW10wkSNJf9Ici67_Ix,https://drive.google.com/uc?id=1viNmtiM3sUxNDWW10wkSNJf9Ici67_Ix
surprise,tiktok_7608760249863916814.mp4,12mLjyx-f-OrKxnQE513pZ8rLRpp1hwYG,https://drive.google.com/uc?id=12mLjyx-f-OrKxnQE513pZ8rLRpp1hwYG
surprise,tiktok_7610872232436403478.mp4,1cehInkfkI3Uws9MsxkWXnJWkXL-ZspKd,https://drive.google.com/uc?id=1cehInkfkI3Uws9MsxkWXnJWkXL-ZspKd
surprise,tiktok_7629779357019557140.mp4,1wMyzcAilsrXzHHjAbRK4twD9fiS8eVIk,https://drive.google.com/uc?id=1wMyzcAilsrXzHHjAbRK4twD9fiS8eVIk
surprise,tiktok_7631249161765031190.mp4,1Gt9vMh9vJGDn_EYPyYOOnlyrMojwn4uT,https://drive.google.com/uc?id=1Gt9vMh9vJGDn_EYPyYOOnlyrMojwn4uT
surprise,tiktok_7633813396655246622.mp4,1Fpm-Z8PC08U6qHK8tYEEuSmBM3rfJnPt,https://drive.google.com/uc?id=1Fpm-Z8PC08U6qHK8tYEEuSmBM3rfJnPt
surprise,tiktok_7641528192343297293.mp4,1tgtcPmVa352gOSIRAfzoelzleqZcBpF_,https://drive.google.com/uc?id=1tgtcPmVa352gOSIRAfzoelzleqZcBpF_
surprise,tiktok_7649054005489929494.mp4,12DrpYGa7NNzrKgQOHF4mCp13C8fpFbQt,https://drive.google.com/uc?id=12DrpYGa7NNzrKgQOHF4mCp13C8fpFbQt
surprise,tiktok_7650466265689001238.mp4,1ukKDpumQvazZDSWSRlyODQt-87_LX-p3,https://drive.google.com/uc?id=1ukKDpumQvazZDSWSRlyODQt-87_LX-p3
surprise,tiktok_7659711558590729486.mp4,1qncptM0NkW_uyyAlIAL1gi0XUgg7baX8,https://drive.google.com/uc?id=1qncptM0NkW_uyyAlIAL1gi0XUgg7baX8
surprise,tiktok_7661857780734758175.mp4,15BB2RSva02Q8aL8Jefi1m_k0AAVmM-QF,https://drive.google.com/uc?id=15BB2RSva02Q8aL8Jefi1m_k0AAVmM-QF
surprise,tiktok_7663161343561829665.mp4,1Hqw3OQ4LzgoaAgxNK_2CpbiZfyZMIsKw,https://drive.google.com/uc?id=1Hqw3OQ4LzgoaAgxNK_2CpbiZfyZMIsKw
surprise,tiktok_7665059319519431958.mp4,15A8xr2BY61PKcaDtJtosnWWYJCranAKj,https://drive.google.com/uc?id=15A8xr2BY61PKcaDtJtosnWWYJCranAKj
surprise,tiktok_7665320886446214414.mp4,1ZXUhL111uThLj86IyVnFevAWRHRVNhzG,https://drive.google.com/uc?id=1ZXUhL111uThLj86IyVnFevAWRHRVNhzG
surprise,tiktok_7666057141823917332.mp4,15KOWbhZB4c3qJSdD7F1HDV8pLBUgnffh,https://drive.google.com/uc?id=15KOWbhZB4c3qJSdD7F1HDV8pLBUgnffh
surprise,tiktok_7666632444812021023.mp4,1Kwfmqf7cUiWBeH_pTTFJgzeMRTIaRGEs,https://drive.google.com/uc?id=1Kwfmqf7cUiWBeH_pTTFJgzeMRTIaRGEs
surprise,tiktok_7670231845228907798.mp4,1NMDq4imjyOM-ywUh4uDUoWY8bdnxUuNb,https://drive.google.com/uc?id=1NMDq4imjyOM-ywUh4uDUoWY8bdnxUuNb
surprise,tiktok_7672114050863762721.mp4,1brhUBerrmfEd8nNFFBsLGJsY958pUPE8,https://drive.google.com/uc?id=1brhUBerrmfEd8nNFFBsLGJsY958pUPE8
surprise,tiktok_7672693848434363661.mp4,1C-KapBdNNFzsuPr_cMCTlWEOvZpOiaIp,https://drive.google.com/uc?id=1C-KapBdNNFzsuPr_cMCTlWEOvZpOiaIp
surprise,tiktok_7673476307149245727.mp4,1y5cLGy_r7mzqQ_BnHirrG5h-w8lZH21o,https://drive.google.com/uc?id=1y5cLGy_r7mzqQ_BnHirrG5h-w8lZH21o
surprise,tiktok_7677412373396786445.mp4,1A244Wkp-TxcUGpLZpfqkCtMx7Qfub76w,https://drive.google.com/uc?id=1A244Wkp-TxcUGpLZpfqkCtMx7Qfub76w
surprise,tiktok_7678455383886744854.mp4,1h4EJeYvym7MKphJW4tTwirCLzkaa99Jl,https://drive.google.com/uc?id=1h4EJeYvym7MKphJW4tTwirCLzkaa99Jl
surprise,tiktok_7678756454894931222.mp4,1pdaaWufDGnqY3Gt_GwjBx2Z7aCvK2efk,https://drive.google.com/uc?id=1pdaaWufDGnqY3Gt_GwjBx2Z7aCvK2efk
surprise,tiktok_7678761498801442071.mp4,1UCpBIZn6vUUUz_-dD6gBiKxHGUnFHmt1,https://drive.google.com/uc?id=1UCpBIZn6vUUUz_-dD6gBiKxHGUnFHmt1
surprise,tiktok_7680569405763374358.mp4,1hqxNXzw68BpQr5YJIMB5hd3WaW8emzkm,https://drive.google.com/uc?id=1hqxNXzw68BpQr5YJIMB5hd3WaW8emzkm
surprise,tiktok_7681700821813169440.mp4,1WOJu6HljRafBcwwZXY2Uc45EKvTj7UyL,https://drive.google.com/uc?id=1WOJu6HljRafBcwwZXY2Uc45EKvTj7UyL
surprise,tiktok_7682135569073212694.mp4,19X8cr2G5MYzeUrBiecriFItyA9kDwzZC,https://drive.google.com/uc?id=19X8cr2G5MYzeUrBiecriFItyA9kDwzZC
surprise,tiktok_7682326567854378262.mp4,1QaCOY2yiWJvYkRi9LtgVuBNRSpzrHFcS,https://drive.google.com/uc?id=1QaCOY2yiWJvYkRi9LtgVuBNRSpzrHFcS
surprise,tiktok_7683185281197018390.mp4,1SVES4wCXAYTf4dqxxSH5MXR9BDz1unF2,https://drive.google.com/uc?id=1SVES4wCXAYTf4dqxxSH5MXR9BDz1unF2
surprise,tiktok_7683880902220385568.mp4,1b331RCZw32u9IPuZUHk01W5dF1G0VEnr,https://drive.google.com/uc?id=1b331RCZw32u9IPuZUHk01W5dF1G0VEnr
surprise,tiktok_7683922649478663457.mp4,1h3iewe0vtGEVTDjKUDkeNk6kH1GnILlC,https://drive.google.com/uc?id=1h3iewe0vtGEVTDjKUDkeNk6kH1GnILlC
surprise,tiktok_7684019010412793121.mp4,10pw8JC3L81FcHI1xaOSTAaU5h3H6FCmn,https://drive.google.com/uc?id=10pw8JC3L81FcHI1xaOSTAaU5h3H6FCmn
surprise,tiktok_7684733825552895265.mp4,1ppezvsvUDh86tqKeQ9esIFzxXpV4ZT55,https://drive.google.com/uc?id=1ppezvsvUDh86tqKeQ9esIFzxXpV4ZT55
surprise,youtube_9kaJaTB1B1Q_merged.mp4,1g_Dxj9FCSknRluKLC8siDnZEWAHLA1Hj,https://drive.google.com/uc?id=1g_Dxj9FCSknRluKLC8siDnZEWAHLA1Hj
surprise,youtube_LUThEQymCHQ_merged.mp4,1NLG2IbQ2QIopIT0sj2VDyzgK0g4gGGcd,https://drive.google.com/uc?id=1NLG2IbQ2QIopIT0sj2VDyzgK0g4gGGcd
surprise,youtube_cute dog face closeup_-lc8-ysXALc,,
surprise,youtube_cute dog face closeup_cn1lz_QmaWU,,
surprise,youtube_hKi7i948t6M_merged.mp4,15kNaSOI2m9f5xgnmreXSSITkivndWqtE,https://drive.google.com/uc?id=15kNaSOI2m9f5xgnmreXSSITkivndWqtE
surprise,youtube_happy dog smiling_PsQ2xNKBgMQ,,
surprise,youtube_surprised dog face_J67E6cNVcg8,,
surprise,youtube_w84_IE5jqao_merged.mp4,1LdQEtfAeoIZEqpIulpy-DyGg0PM4IN3K,https://drive.google.com/uc?id=1LdQEtfAeoIZEqpIulpy-DyGg0PM4IN3K
surprise,youtube_y5VkBuQGkJs_merged.mp4,1A7BqhvtxutvynG9B9HxQ1ITWcglAyAMs,https://drive.google.com/uc?id=1A7BqhvtxutvynG9B9HxQ1ITWcglAyAMs
angry,11607681-uhd_3840_2160_24fps.mp4,1IxqsqSiIbRyuKJY_VRWwCCkPa9R27U7j,https://drive.google.com/uc?id=1IxqsqSiIbRyuKJY_VRWwCCkPa9R27U7j
angry,12774662_2560_1440_50fps.mp4,16_zp1tNsnwR7UlT6bSZqe8GyYdY4rF5U,https://drive.google.com/uc?id=16_zp1tNsnwR7UlT6bSZqe8GyYdY4rF5U
angry,14173020_1920_1080_24fps.mp4,1Hv4vrS15OiNE0XSFN6XhVHghIKag2Qv9,https://drive.google.com/uc?id=1Hv4vrS15OiNE0XSFN6XhVHghIKag2Qv9
angry,142_RG9nc18wNF9IRA.mov,1JYjPpKB18S0qY7Oe7LUu5f8UCjHYIl6z,https://drive.google.com/uc?id=1JYjPpKB18S0qY7Oe7LUu5f8UCjHYIl6z
angry,15355190_1080_1920_25fps.mp4,1g12qHiGvUxMncSB7jIGBNQeYcJTZ9x3V,https://drive.google.com/uc?id=1g12qHiGvUxMncSB7jIGBNQeYcJTZ9x3V
angry,15659456_2160_3840_24fps.mp4,1VSbWd_HwUC95zLBj9UHDMuFjE50ZBxWp,https://drive.google.com/uc?id=1VSbWd_HwUC95zLBj9UHDMuFjE50ZBxWp
angry,16257945-hd_1080_1920_60fps.mp4,1fPdpVM9buZxQK66NUxcMX5PiogoX7BM5,https://drive.google.com/uc?id=1fPdpVM9buZxQK66NUxcMX5PiogoX7BM5
angry,368fb53ab6d45f963abeadb226527691,,
angry,37d9031d59fa3ca54fc5db141f602507,,
angry,4763071-hd_1920_1080_25fps.mp4,1KvKa2_TPOvkuHuKXhOCgyjCRaMzExAbK,https://drive.google.com/uc?id=1KvKa2_TPOvkuHuKXhOCgyjCRaMzExAbK
angry,4MTnLmOIJVA_000418,,
angry,5479435-uhd_3840_2160_25fps.mp4,16XQxq9zA112jVZNI3drAQohtn_L1R-ks,https://drive.google.com/uc?id=16XQxq9zA112jVZNI3drAQohtn_L1R-ks
angry,5496003-uhd_3840_2160_24fps.mp4,1ftxW6MvjCJDtiYLS5dHCkhYvKRJXsdIS,https://drive.google.com/uc?id=1ftxW6MvjCJDtiYLS5dHCkhYvKRJXsdIS
angry,5nsFcoiOc3Y_000006,,
angry,62c61aa6ec774b9680a0d9018d9d5c3e,,
angry,6_c29iYWthIHRyeWFwa2EgMg.mov,1mC6pD5VljgjtIDojP6hB_NEaDzuDyhJj,https://drive.google.com/uc?id=1mC6pD5VljgjtIDojP6hB_NEaDzuDyhJj
angry,7187c65be27a9eb784de0c797e3ab93c,,
angry,7a719ddbb15ada42733afe2d847d2152,,
angry,7b80a68911c0bafb014bf4d4cc1cd61b,,
angry,83e5492067d3b299b7f41ab9085f3176,,
angry,8e367540966b31b19e080859a45c7464,,
angry,9cd1fd9fa559fe7bc1fabeb08e689cda,,
angry,9f66c75da00cc8f18c07a8ba92a0b6fa,,
angry,IMG_8093.MP4,15WhMmlyUZyAuz4ZD6N3EqqTtwR_88pqt,https://drive.google.com/uc?id=15WhMmlyUZyAuz4ZD6N3EqqTtwR_88pqt
angry,IMG_8094.MP4,1QcszwXdY7X35y1LzCKX-QgFA1orC0C9W,https://drive.google.com/uc?id=1QcszwXdY7X35y1LzCKX-QgFA1orC0C9W
angry,IMG_8095.MP4,1GuH6Hvbz5ieHz_NGt2GuE3ylyk2RT1Xl,https://drive.google.com/uc?id=1GuH6Hvbz5ieHz_NGt2GuE3ylyk2RT1Xl
angry,IMG_8096.MP4,1q5gV_VI1fWqlmWMoSgpJ46jGNMl-qRLV,https://drive.google.com/uc?id=1q5gV_VI1fWqlmWMoSgpJ46jGNMl-qRLV
angry,IMG_8097.MP4,10WF1OCfnGCxIW9Kf8fRd6rRavi50v0_z,https://drive.google.com/uc?id=10WF1OCfnGCxIW9Kf8fRd6rRavi50v0_z
angry,IMG_8099.MP4,136x939B_wFzpTOIvWFqByqlzfx70Sp8G,https://drive.google.com/uc?id=136x939B_wFzpTOIvWFqByqlzfx70Sp8G
angry,IMG_8100.MP4,17yopG8EQM_rOp6TR1dlxCjhvolK6pMJy,https://drive.google.com/uc?id=17yopG8EQM_rOp6TR1dlxCjhvolK6pMJy
angry,IMG_8101.MP4,1GcGueYk8wNwVZt0qAWkOnG358kqmrRRu,https://drive.google.com/uc?id=1GcGueYk8wNwVZt0qAWkOnG358kqmrRRu
angry,IMG_8102.MP4,1g1UVQvTsMYOLonSrYWJCwMIyxAY0QPIx,https://drive.google.com/uc?id=1g1UVQvTsMYOLonSrYWJCwMIyxAY0QPIx
angry,IMG_8103.MP4,15sBD7wXhq76ED97OFakohejvUPHtr37e,https://drive.google.com/uc?id=15sBD7wXhq76ED97OFakohejvUPHtr37e
angry,IMG_8104.MP4,1lqsnv0SIAsaRC1JfEPj5F09j-cgPRF9V,https://drive.google.com/uc?id=1lqsnv0SIAsaRC1JfEPj5F09j-cgPRF9V
angry,IMG_8105.MP4,1odcwAQTPX5WGzc3KdL5zaynDUqqIdyJ1,https://drive.google.com/uc?id=1odcwAQTPX5WGzc3KdL5zaynDUqqIdyJ1
angry,IMG_8106.MP4,17Btp_uHlnqCkWy-HdF3kev0RQsjkJMkN,https://drive.google.com/uc?id=17Btp_uHlnqCkWy-HdF3kev0RQsjkJMkN
angry,IMG_8107.MP4,1jlAzpkr3m0mantCHq39cpBpQZY-k2mrR,https://drive.google.com/uc?id=1jlAzpkr3m0mantCHq39cpBpQZY-k2mrR
angry,IMG_8108.MP4,1JNklxlbqsgVFvC9NrMl3mO_VUWYgHw0H,https://drive.google.com/uc?id=1JNklxlbqsgVFvC9NrMl3mO_VUWYgHw0H
angry,IMG_8109.MP4,1LkxcFmX7BQmw1QOxmvfBXfuvlO9QOYRk,https://drive.google.com/uc?id=1LkxcFmX7BQmw1QOxmvfBXfuvlO9QOYRk
angry,IMG_8110.MP4,1-tgXQsNuQpI4mw9gF6aiG4f9Eup4MYMn,https://drive.google.com/uc?id=1-tgXQsNuQpI4mw9gF6aiG4f9Eup4MYMn
angry,IMG_8111.MP4,1vxBqmPUXSx_GCYiKuXnIh81UHLgV3g85,https://drive.google.com/uc?id=1vxBqmPUXSx_GCYiKuXnIh81UHLgV3g85
angry,IMG_8112.MP4,1QUYKbwp2KxkBjAJf3LAx3m10lD8UFvb4,https://drive.google.com/uc?id=1QUYKbwp2KxkBjAJf3LAx3m10lD8UFvb4
angry,IMG_8113.MP4,1jv25B2g5a31GZqmQ9Q1hYrbgYlmE_bCg,https://drive.google.com/uc?id=1jv25B2g5a31GZqmQ9Q1hYrbgYlmE_bCg
angry,IMG_8114.MP4,1bkQQtSzgkHrcdX2pvvlQPI2KUXAqCFqx,https://drive.google.com/uc?id=1bkQQtSzgkHrcdX2pvvlQPI2KUXAqCFqx
angry,IMG_8115.MP4,16jjrgsID9lg39dOZdm4h2h65n31TaEhT,https://drive.google.com/uc?id=16jjrgsID9lg39dOZdm4h2h65n31TaEhT
angry,IMG_8116.MOV,1mydMcT_fAwC7wBEZOQ1t6j7mSOLXKrvF,https://drive.google.com/uc?id=1mydMcT_fAwC7wBEZOQ1t6j7mSOLXKrvF
angry,IMG_8117.MP4,1u1UrX2TqqALrRus-mQyhYJH02ZUMr4ly,https://drive.google.com/uc?id=1u1UrX2TqqALrRus-mQyhYJH02ZUMr4ly
angry,IMG_8117.MP4,1O9QlkIOk8qBycUnmWTVpZ2PJyDSXnDfk,https://drive.google.com/uc?id=1O9QlkIOk8qBycUnmWTVpZ2PJyDSXnDfk
angry,IMG_8118.MP4,1_jinLhTR0xPVZld4VnB2b2u0i6jMHpti,https://drive.google.com/uc?id=1_jinLhTR0xPVZld4VnB2b2u0i6jMHpti
angry,IMG_8119.MP4,15FxrVzKE-EwiE-psU2t9O-GtBmeZV7Dp,https://drive.google.com/uc?id=15FxrVzKE-EwiE-psU2t9O-GtBmeZV7Dp
angry,IMG_8120.MP4,19U1EqJepru-Tu5Gf4OHlN1s9X0WNKjMY,https://drive.google.com/uc?id=19U1EqJepru-Tu5Gf4OHlN1s9X0WNKjMY
angry,IMG_8122.MP4,1ZuLgjmDy8qsGJ2f70LsMmjbOsn9HmTLU,https://drive.google.com/uc?id=1ZuLgjmDy8qsGJ2f70LsMmjbOsn9HmTLU
angry,IMG_8123.MP4,1ph1rUzLLPXkI2WEGsrPVsqBEGdTJOvy5,https://drive.google.com/uc?id=1ph1rUzLLPXkI2WEGsrPVsqBEGdTJOvy5
angry,IMG_8124.MP4,1DPqrq2xxeCWIRz_7VOvJvpxZd4svkU5h,https://drive.google.com/uc?id=1DPqrq2xxeCWIRz_7VOvJvpxZd4svkU5h
angry,IMG_8125.MP4,1XX1RuAMPTn4NRD5fRie4IqeVaBIIrEvz,https://drive.google.com/uc?id=1XX1RuAMPTn4NRD5fRie4IqeVaBIIrEvz
angry,IMG_8126.MP4,1oAB1KhzRciSqxyXx-8ljrr-N1cvronyf,https://drive.google.com/uc?id=1oAB1KhzRciSqxyXx-8ljrr-N1cvronyf
angry,IMG_8127.MP4,1WY3rgBcDzx-vjDwwG8H-znvF26iRouFI,https://drive.google.com/uc?id=1WY3rgBcDzx-vjDwwG8H-znvF26iRouFI
angry,IMG_8128.MP4,1LUE7vyevRtm1CJmMk0H-Wi9iYCdGlB-7,https://drive.google.com/uc?id=1LUE7vyevRtm1CJmMk0H-Wi9iYCdGlB-7
angry,IMG_8129.MP4,13Vlkc8E8wnz3AJn-zt6v91qzjLC6KT0s,https://drive.google.com/uc?id=13Vlkc8E8wnz3AJn-zt6v91qzjLC6KT0s
angry,IMG_8130.MP4,1I_PV1JyyVsS3WzdCSN4vaXwbubaDmRUD,https://drive.google.com/uc?id=1I_PV1JyyVsS3WzdCSN4vaXwbubaDmRUD
angry,IMG_8130.MP4,1l3fXlwalO7Z5HCNJbs2uxwz-2Md3cgiG,https://drive.google.com/uc?id=1l3fXlwalO7Z5HCNJbs2uxwz-2Md3cgiG
angry,IMG_8131.MP4,1HSPxFnnLb5Ng-BDHGjZu5poIZ5NtJcxh,https://drive.google.com/uc?id=1HSPxFnnLb5Ng-BDHGjZu5poIZ5NtJcxh
angry,IMG_8132.MP4,1QJHZ6GeLAdVl5hZI8ZO88R8SmEq7W6LC,https://drive.google.com/uc?id=1QJHZ6GeLAdVl5hZI8ZO88R8SmEq7W6LC
angry,IMG_8133.MP4,1rPqCu4gXTxlGqu0CQQW_NpvR4NQV0omy,https://drive.google.com/uc?id=1rPqCu4gXTxlGqu0CQQW_NpvR4NQV0omy
angry,IMG_8134.MP4,1sZOnZVe8lqt1QTowtfaoZh76XEL02qqO,https://drive.google.com/uc?id=1sZOnZVe8lqt1QTowtfaoZh76XEL02qqO
angry,IMG_8135.MP4,1k3iuUztadacJZ_5TvD9sQ6OTvpyECyaU,https://drive.google.com/uc?id=1k3iuUztadacJZ_5TvD9sQ6OTvpyECyaU
angry,IMG_8136.MP4,1zgCOGXxMjyXM7JDE9YkNYujyAk50lnNo,https://drive.google.com/uc?id=1zgCOGXxMjyXM7JDE9YkNYujyAk50lnNo
angry,IMG_8137.MP4,1jhfx-YjFFexkrQMzbtcK97Qed4-t41nh,https://drive.google.com/uc?id=1jhfx-YjFFexkrQMzbtcK97Qed4-t41nh
angry,IMG_8139.MP4,1wTq8xzFSAkBylxab1sqDyuPwpmOch_2r,https://drive.google.com/uc?id=1wTq8xzFSAkBylxab1sqDyuPwpmOch_2r
angry,IMG_8140.MP4,1OQUoU0qEnpK0Hr4y_5AchnVvtOcGvRjN,https://drive.google.com/uc?id=1OQUoU0qEnpK0Hr4y_5AchnVvtOcGvRjN
angry,IMG_8141.MP4,1tvdK5ddLVEJQEWuRm8foxRpdSYh9vJNA,https://drive.google.com/uc?id=1tvdK5ddLVEJQEWuRm8foxRpdSYh9vJNA
angry,IMG_8142.MP4,1YSO8jm47eEkJsRGqTwL-Rmnw8GvM1mdc,https://drive.google.com/uc?id=1YSO8jm47eEkJsRGqTwL-Rmnw8GvM1mdc
angry,IMG_8143.MP4,1kRA-PIUcKTWloILW9gy3PVNnHhdlq96x,https://drive.google.com/uc?id=1kRA-PIUcKTWloILW9gy3PVNnHhdlq96x
angry,IMG_8144.MP4,1mYK1E_Hbz_iLYLoNxDiB9CvudWjAOawz,https://drive.google.com/uc?id=1mYK1E_Hbz_iLYLoNxDiB9CvudWjAOawz
angry,IMG_8187.MP4,1ehB-Esjvweq9_QC-fE6aQcGA9g7uaKhf,https://drive.google.com/uc?id=1ehB-Esjvweq9_QC-fE6aQcGA9g7uaKhf
angry,IMG_8188.MP4,1e6YEWqlcEqlmBEr2r5xM346bh34XHq_4,https://drive.google.com/uc?id=1e6YEWqlcEqlmBEr2r5xM346bh34XHq_4
angry,IMG_8189.MP4,1_p8mXJrpElNrBQmYrKUprNj3uwb6kEIU,https://drive.google.com/uc?id=1_p8mXJrpElNrBQmYrKUprNj3uwb6kEIU
angry,IMG_8190.MP4,18TIUUFBRBtFp41i6ALBHYUMT9gmkFwrH,https://drive.google.com/uc?id=18TIUUFBRBtFp41i6ALBHYUMT9gmkFwrH
angry,IMG_8191.MP4,1BSaURF7lcHVPT3Q5pFvC5RvSqbKvicct,https://drive.google.com/uc?id=1BSaURF7lcHVPT3Q5pFvC5RvSqbKvicct
angry,IMG_8192.MP4,1NgLtnMxzR6fHfSQKO-js6bgsPgrUPFLw,https://drive.google.com/uc?id=1NgLtnMxzR6fHfSQKO-js6bgsPgrUPFLw
angry,IMG_8193.MP4,1Juk6-BiNvJ0FARKH8Shiiu1xrAYsm5Is,https://drive.google.com/uc?id=1Juk6-BiNvJ0FARKH8Shiiu1xrAYsm5Is
angry,IMG_8194.MP4,1cZ2_gJQl1XnY3y7H_L4NG3BNrGRyVzok,https://drive.google.com/uc?id=1cZ2_gJQl1XnY3y7H_L4NG3BNrGRyVzok
angry,IMG_8195.MP4,1cUggp6bNKao_MEIDCsF1kBSlCoM9fggM,https://drive.google.com/uc?id=1cUggp6bNKao_MEIDCsF1kBSlCoM9fggM
angry,IMG_8196.MP4,1LQ31PajO1QQx5P_zXBWOtZybzetZTZPr,https://drive.google.com/uc?id=1LQ31PajO1QQx5P_zXBWOtZybzetZTZPr
angry,IMG_8197.MP4,15AfjYIabnDM9uKMlfuLZrNJZKIFAznGs,https://drive.google.com/uc?id=15AfjYIabnDM9uKMlfuLZrNJZKIFAznGs
angry,IMG_8198.MP4,1u2y9slKKCJbB86nOuvq2vH64ymZ009Vv,https://drive.google.com/uc?id=1u2y9slKKCJbB86nOuvq2vH64ymZ009Vv
angry,IMG_8199.MP4,1QlAssHzvIP6W1so_byLLaAWXvUcOuK6d,https://drive.google.com/uc?id=1QlAssHzvIP6W1so_byLLaAWXvUcOuK6d
angry,IMG_8200.MP4,13yNE31eyO2i_CuhWLkkNXACtlUeHLVlP,https://drive.google.com/uc?id=13yNE31eyO2i_CuhWLkkNXACtlUeHLVlP
angry,IMG_8202.MP4,1RD-aEcFjTg31AmSi4M9M_y6_Aya42x2f,https://drive.google.com/uc?id=1RD-aEcFjTg31AmSi4M9M_y6_Aya42x2f
angry,IMG_8203.MP4,1mWPugB1TMy7wSG4Wvx1K7A7f5mtMqnl4,https://drive.google.com/uc?id=1mWPugB1TMy7wSG4Wvx1K7A7f5mtMqnl4
angry,IMG_8204.MP4,1zkvllZogI34_xC03xjWocaKesOC1dXEE,https://drive.google.com/uc?id=1zkvllZogI34_xC03xjWocaKesOC1dXEE
angry,IMG_8205.MP4,1Ejvr5d_f5sWiJF2dBkm7Mz68vvMq7MD_,https://drive.google.com/uc?id=1Ejvr5d_f5sWiJF2dBkm7Mz68vvMq7MD_
angry,IMG_8206.MP4,1WwNkYPi8J5mOAt123Bh6kylHuCiToOTm,https://drive.google.com/uc?id=1WwNkYPi8J5mOAt123Bh6kylHuCiToOTm
angry,IMG_8207.MP4,1bLbsUfsIHwDLUphI-CtBMeYJWz4Ejs84,https://drive.google.com/uc?id=1bLbsUfsIHwDLUphI-CtBMeYJWz4Ejs84
angry,IMG_8208.MP4,1XiaSm4bpj4ErGxiMXg8h0NIHrUaa5RV0,https://drive.google.com/uc?id=1XiaSm4bpj4ErGxiMXg8h0NIHrUaa5RV0
angry,IMG_8209.MP4,1EQGDhqB7l2m7KzNyY0hU6wvrGkPPXUPh,https://drive.google.com/uc?id=1EQGDhqB7l2m7KzNyY0hU6wvrGkPPXUPh
angry,IMG_8210.MP4,1DpXL1AkInjYwtaLN5i8-ELEm_XfGl0pI,https://drive.google.com/uc?id=1DpXL1AkInjYwtaLN5i8-ELEm_XfGl0pI
angry,IMG_8211.MP4,18oppVzhihuvWZQqGiLIByd5zsiY45MA4,https://drive.google.com/uc?id=18oppVzhihuvWZQqGiLIByd5zsiY45MA4
angry,IMG_8212.MP4,1tFTJmZRmZCKT-7mjKlpsW0gQu8viLrz9,https://drive.google.com/uc?id=1tFTJmZRmZCKT-7mjKlpsW0gQu8viLrz9
angry,IMG_8213.MP4,1DOGi_uB2Rx3WMPggkf74GadONn-QzbxX,https://drive.google.com/uc?id=1DOGi_uB2Rx3WMPggkf74GadONn-QzbxX
angry,IMG_8214.MP4,1_Q4tqOOovvBttDumJ1B8CIqi41oQTND1,https://drive.google.com/uc?id=1_Q4tqOOovvBttDumJ1B8CIqi41oQTND1
angry,IMG_8215.MP4,1Wvxjcm-u6TyaT0hJ--7kI7ydZBCfODJP,https://drive.google.com/uc?id=1Wvxjcm-u6TyaT0hJ--7kI7ydZBCfODJP
angry,IMG_8216.MP4,1bSSq_G8q4nBtaWo9HmJsBnY8-bvIrk0F,https://drive.google.com/uc?id=1bSSq_G8q4nBtaWo9HmJsBnY8-bvIrk0F
angry,IMG_8217.MP4,19Wboa6VNW-sLQcJ7na_RTwQMZFQUgBky,https://drive.google.com/uc?id=19Wboa6VNW-sLQcJ7na_RTwQMZFQUgBky
angry,IMG_8218.MP4,1XnqxhE8tYLHLZ3CR_7_E4n5tfdc_bRqk,https://drive.google.com/uc?id=1XnqxhE8tYLHLZ3CR_7_E4n5tfdc_bRqk
angry,IMG_8219.MP4,1zLngdIcNie4Eke2j7d6rGtdqq7rIvsrl,https://drive.google.com/uc?id=1zLngdIcNie4Eke2j7d6rGtdqq7rIvsrl
angry,IMG_8220.MP4,1Q8ZZuBH9JfLOr7Ack1crBLw5yN4DHeL2,https://drive.google.com/uc?id=1Q8ZZuBH9JfLOr7Ack1crBLw5yN4DHeL2
angry,IMG_8221.MP4,1jlh60SqW0o6Q5gxD73xDRhNDh2xpooyb,https://drive.google.com/uc?id=1jlh60SqW0o6Q5gxD73xDRhNDh2xpooyb
angry,IMG_8229.MP4,1z8C2KTzhktEFVWNIPTLH22p0rZGV8TrQ,https://drive.google.com/uc?id=1z8C2KTzhktEFVWNIPTLH22p0rZGV8TrQ
angry,IMG_8230.MP4,1rrnWWV6qaUJhus9I8ZwmHxXPflOdze1p,https://drive.google.com/uc?id=1rrnWWV6qaUJhus9I8ZwmHxXPflOdze1p
angry,IMG_8231.MP4,1GLxW7JwzfGyi4NRe9QHZgBlCZLax1fGP,https://drive.google.com/uc?id=1GLxW7JwzfGyi4NRe9QHZgBlCZLax1fGP
angry,IMG_8232.MP4,1qzUTmntLRB_5eoEsEsetv_r6ZYuuMMZ8,https://drive.google.com/uc?id=1qzUTmntLRB_5eoEsEsetv_r6ZYuuMMZ8
angry,IMG_8233.MP4,1LZ-T4jBllReF3c41iuTuHmAZnbeKHDke,https://drive.google.com/uc?id=1LZ-T4jBllReF3c41iuTuHmAZnbeKHDke
angry,IMG_8234.MP4,1pXiYikk5FMEf2BgBwYw4EKWWVenZYM2r,https://drive.google.com/uc?id=1pXiYikk5FMEf2BgBwYw4EKWWVenZYM2r
angry,IMG_8235.MP4,171cRFZM_Da1CeTTJKIo_gcoNeQjMGPAH,https://drive.google.com/uc?id=171cRFZM_Da1CeTTJKIo_gcoNeQjMGPAH
angry,IMG_8238.MP4,1pwz6xbfQxqRw41uxrqELePTDMNQivpr2,https://drive.google.com/uc?id=1pwz6xbfQxqRw41uxrqELePTDMNQivpr2
angry,IMG_8239.MP4,1m_2Lu8oJ2onHlRrMOlzgPd2CIgE63iKN,https://drive.google.com/uc?id=1m_2Lu8oJ2onHlRrMOlzgPd2CIgE63iKN
angry,IMG_8299.MP4,1p3n5hkzvFP8SHBd4mrFSbak_K2kDBFC5,https://drive.google.com/uc?id=1p3n5hkzvFP8SHBd4mrFSbak_K2kDBFC5
angry,IMG_8300.MP4,1SYyXoTBXtGcMEpkBRhcSXDjrV4sFvVre,https://drive.google.com/uc?id=1SYyXoTBXtGcMEpkBRhcSXDjrV4sFvVre
angry,IMG_8301.MP4,18ajDeNAJoIu8o6ROPGcZVqfdGXYxM67B,https://drive.google.com/uc?id=18ajDeNAJoIu8o6ROPGcZVqfdGXYxM67B
angry,IMG_8302.MP4,1IhO2f8A66VmQ639gWgo7Ho2bkYBskcNf,https://drive.google.com/uc?id=1IhO2f8A66VmQ639gWgo7Ho2bkYBskcNf
angry,IMG_8303.MP4,1epzipjCtWFILsJqOux0ekBUd2vQZL7Yi,https://drive.google.com/uc?id=1epzipjCtWFILsJqOux0ekBUd2vQZL7Yi
angry,IMG_8308.MP4,18RKYDNgW-1mmPq1EAwiG8-N8zqFvi2r2,https://drive.google.com/uc?id=18RKYDNgW-1mmPq1EAwiG8-N8zqFvi2r2
angry,IMG_8309.MP4,1pDfhzpijTrqKDZ8uL-BctT5ImcH4ZODK,https://drive.google.com/uc?id=1pDfhzpijTrqKDZ8uL-BctT5ImcH4ZODK
angry,IMG_8310.MP4,1Gqrut9ZWAkVD6H9pTKWqK6YDEvTl1r_Y,https://drive.google.com/uc?id=1Gqrut9ZWAkVD6H9pTKWqK6YDEvTl1r_Y
angry,IMG_8311.MP4,1N1UlXwrKVkahAVvJCwgydzM7-ROS0MDk,https://drive.google.com/uc?id=1N1UlXwrKVkahAVvJCwgydzM7-ROS0MDk
angry,IMG_8312.MP4,1hVG1AeZei7MAbKb0-8cp0oyM5KTBZwx-,https://drive.google.com/uc?id=1hVG1AeZei7MAbKb0-8cp0oyM5KTBZwx-
angry,IMG_8313.MP4,1nJRVhsvzbrO8Ly7-txtuEK-IgVsaSMJv,https://drive.google.com/uc?id=1nJRVhsvzbrO8Ly7-txtuEK-IgVsaSMJv
angry,IMG_8314.MP4,1hAuN41b52tm0gYb1Ehw8aOmTYCm6j4zO,https://drive.google.com/uc?id=1hAuN41b52tm0gYb1Ehw8aOmTYCm6j4zO
angry,IMG_8315.MP4,12aRfUJSe9Pt0I8GOzDP-3uC_r5OeQpw1,https://drive.google.com/uc?id=12aRfUJSe9Pt0I8GOzDP-3uC_r5OeQpw1
angry,IMG_8316.MP4,14f3CNeZITzfA45zZf8TfLFyFurVUipLm,https://drive.google.com/uc?id=14f3CNeZITzfA45zZf8TfLFyFurVUipLm
angry,IMG_8317.MP4,1HQmTvFABlL-EcQsEWf35Yk7oFm6npwKN,https://drive.google.com/uc?id=1HQmTvFABlL-EcQsEWf35Yk7oFm6npwKN
angry,IMG_8318.MP4,1Umm_WMH9JqKiFGobHFz6ezRo32VHAJ1r,https://drive.google.com/uc?id=1Umm_WMH9JqKiFGobHFz6ezRo32VHAJ1r
angry,IMG_8319.MP4,1UJpX_9EPYiAQ0Yxlxs2LvXPwpI9viDLP,https://drive.google.com/uc?id=1UJpX_9EPYiAQ0Yxlxs2LvXPwpI9viDLP
angry,IMG_8320.MP4,16Lm97lX5yJ-vZLYo9Rk-Qq6EKZM6aRAW,https://drive.google.com/uc?id=16Lm97lX5yJ-vZLYo9Rk-Qq6EKZM6aRAW
angry,IMG_8321.MP4,1YXXpQm-1-8QGo5jmIJO2afiD8NVc4Jjb,https://drive.google.com/uc?id=1YXXpQm-1-8QGo5jmIJO2afiD8NVc4Jjb
angry,IMG_8322.MP4,1jTLnlDpSCP46UWt-qiGpgrsVKTmnpFb-,https://drive.google.com/uc?id=1jTLnlDpSCP46UWt-qiGpgrsVKTmnpFb-
angry,IMG_8323.MP4,12xYCw6xsdRMA9KJEaLptEfJGcMCPXWaa,https://drive.google.com/uc?id=12xYCw6xsdRMA9KJEaLptEfJGcMCPXWaa
angry,Old dog bares his teeth.mov,1ptnSLod-PzOXQwzfclgDJcwsRfKY9Mz5,https://drive.google.com/uc?id=1ptnSLod-PzOXQwzfclgDJcwsRfKY9Mz5
angry,YiLxeDx1ZjU_003199.mp4,1CjbzRIEiac10s_cP9gKkEoh74FEC7qC0,https://drive.google.com/uc?id=1CjbzRIEiac10s_cP9gKkEoh74FEC7qC0
angry,aggressive-dog-growling-and-baring-teeth-in-snow-2026-04-15-20-09-53-utc.mov,1HSzu6YK8BDWftigmYPCitUdeUqNm9Zny,https://drive.google.com/uc?id=1HSzu6YK8BDWftigmYPCitUdeUqNm9Zny
angry,aggressive-dog-growling-and-barking-in-snow-2026-01-08-15-37-16-utc.mov,1lkmncF2fgnktmbxxqJ_gbnQ8fhIyEZ4O,https://drive.google.com/uc?id=1lkmncF2fgnktmbxxqJ_gbnQ8fhIyEZ4O
angry,aggressive-dog-growls-outdoors-in-winter-snow-2026-09-16-16-40-34-utc.mov,1cal8DuEWWHV9d6oaJKitgQmzIxYIcB_9,https://drive.google.com/uc?id=1cal8DuEWWHV9d6oaJKitgQmzIxYIcB_9
angry,aggressive-dog-snarling-and-baring-teeth-in-winter-2026-09-16-17-37-44-utc.mov,1rOHQ2ifWMQST4MM3KxtYEuh2rqCEndgV,https://drive.google.com/uc?id=1rOHQ2ifWMQST4MM3KxtYEuh2rqCEndgV
angry,aggressive-small-dog-snarling-showing-teeth-2026-09-15-01-04-22-utc.mov,1pwrJEX855YwbqJIbdUzD1DulA4oBwf_1,https://drive.google.com/uc?id=1pwrJEX855YwbqJIbdUzD1DulA4oBwf_1
angry,alert-boxer-dog-standing-in-grassy-yard-2025-12-17-12-20-44-utc.mp4,1IxSXroUmxWwmdRjkrApdnZMzcl1loCQf,https://drive.google.com/uc?id=1IxSXroUmxWwmdRjkrApdnZMzcl1loCQf
angry,angry-dog-growling-and-baring-its-teeth-2026-09-16-17-33-44-utc.mov,1D9XmlNYI5AUsTt5AmFgjkJRFNdXHDNiZ,https://drive.google.com/uc?id=1D9XmlNYI5AUsTt5AmFgjkJRFNdXHDNiZ
angry,angry-fluffy-dog-lying-on-couch-2025-12-17-11-02-46-utc.mov,1d_RQtsjyR5C3U30JYJKX8aNPaT6QHhWM,https://drive.google.com/uc?id=1d_RQtsjyR5C3U30JYJKX8aNPaT6QHhWM
angry,barking-doberman-pinscher-with-leash-aggressively-2025-12-18-01-48-13-utc.mp4,1OSDWDEqJznDDWwc68r3q9TgyysEdsywR,https://drive.google.com/uc?id=1OSDWDEqJznDDWwc68r3q9TgyysEdsywR
angry,barking-dog-in-rural-setting-2026-09-16-05-56-53-utc.mov,1DLNheN60WNQSEIlyNhVWcuIz5EEP31us,https://drive.google.com/uc?id=1DLNheN60WNQSEIlyNhVWcuIz5EEP31us
angry,black-and-tan-dog-barks-in-close-up-2025-12-17-12-55-11-utc.mov,1ZjrYkr5K4yrsrmDxORbYoB0srhFrDJzy,https://drive.google.com/uc?id=1ZjrYkr5K4yrsrmDxORbYoB0srhFrDJzy
angry,black-and-white-dog-lying-on-a-couch-2026-01-22-13-05-19-utc.mp4,1O3NVWjkZSqehZ0l-nalB4VnPxft1Hmio,https://drive.google.com/uc?id=1O3NVWjkZSqehZ0l-nalB4VnPxft1Hmio
angry,c6a08ace098eb25af45cec6e2bb4e632,,
angry,cLDrSXhhPO8_000064.mp4,1VsIIoLb5wl86BUhApYAdZDRQcWYiHoc1,https://drive.google.com/uc?id=1VsIIoLb5wl86BUhApYAdZDRQcWYiHoc1
angry,cLDrSXhhPO8_000528.mp4,1hBarcuR9bFsoX8jpV_dhvA4vcmeSmIqv,https://drive.google.com/uc?id=1hBarcuR9bFsoX8jpV_dhvA4vcmeSmIqv
angry,cLDrSXhhPO8_000535,,
angry,cLDrSXhhPO8_001053,,
angry,cLDrSXhhPO8_002053.mp4,1af9uFtqlU_8EK49zmIeKqnmaHvJqtxiy,https://drive.google.com/uc?id=1af9uFtqlU_8EK49zmIeKqnmaHvJqtxiy
angry,cbdf1ca81d78018280d7d3f28b88ec84,,
angry,cf87ba31035d72922f61da7b3a6208d0,,
angry,close-up-of-a-black-and-brown-dog-howling-2026-09-16-03-49-23-utc.mov,1ANg3eNT1JfJ67BZpAM2JnvFhAAZDOC3h,https://drive.google.com/uc?id=1ANg3eNT1JfJ67BZpAM2JnvFhAAZDOC3h
angry,close-up-of-black-and-white-dog-s-face-2025-12-17-15-32-21-utc.mov,14nUoepZnK6FjigjcXCIk8-g-XGKs_EDW,https://drive.google.com/uc?id=14nUoepZnK6FjigjcXCIk8-g-XGKs_EDW
angry,close-up-of-dog-barking-aggressively-outdoors-2025-12-17-22-48-27-utc.mov,1HpiCQuWxEba5wqGrhk8UX1Qm40aeDBoU,https://drive.google.com/uc?id=1HpiCQuWxEba5wqGrhk8UX1Qm40aeDBoU
angry,close-up-of-dog-howling-outside-brick-wall-2026-02-03-16-29-23-utc.mp4,1UwwyyqlusQrz051xcMJH7g2mj4qhz6Cd,https://drive.google.com/uc?id=1UwwyyqlusQrz051xcMJH7g2mj4qhz6Cd
angry,close-up-of-golden-retriever-barking-2025-12-17-14-28-12-utc.mov,1cnlRKz0HnsQW2tAm7ZVN_A70VHS_bN63,https://drive.google.com/uc?id=1cnlRKz0HnsQW2tAm7ZVN_A70VHS_bN63
angry,close-up-of-white-dog-baring-teeth-2025-12-17-10-53-06-utc.mov,1IiRrnYqNvNmXdsz3DDMaa_x0LUzdWszB,https://drive.google.com/uc?id=1IiRrnYqNvNmXdsz3DDMaa_x0LUzdWszB
angry,db70a377c23cc354cc5e70ee392a56ae,,
angry,dog-bares-teeth-in-winter-2025-12-17-19-29-55-utc.mov,1PYOF3MYdCxyRe_-lhpYp1J-XflL-e_vl,https://drive.google.com/uc?id=1PYOF3MYdCxyRe_-lhpYp1J-XflL-e_vl
angry,dog-barking-behind-chain-link-fence-2025-12-18-00-01-26-utc.mov,1vO4lBGjjQnU1_4BIthG-znUuD9iR9j9E,https://drive.google.com/uc?id=1vO4lBGjjQnU1_4BIthG-znUuD9iR9j9E
angry,dog-barking-behind-wire-fence-in-rural-setting-2026-09-16-17-40-46-utc.mov,1g8MzxvSJ6-0eqA3TDRi3YQlFB-mcdrOR,https://drive.google.com/uc?id=1g8MzxvSJ6-0eqA3TDRi3YQlFB-mcdrOR
angry,dog-barking-close-up-on-white-background-2025-12-17-12-06-21-utc.mov,1EsFWXWCmpj-2-F7X_F1R2dM8mWdCsKSH,https://drive.google.com/uc?id=1EsFWXWCmpj-2-F7X_F1R2dM8mWdCsKSH
angry,dog-barking-outdoors-in-a-wooded-area-2026-09-16-08-44-08-utc.mov,1j7DTwwiatNBN0Goz8yPI7HqhN3L7LS_z,https://drive.google.com/uc?id=1j7DTwwiatNBN0Goz8yPI7HqhN3L7LS_z
angry,dog-barking-outdoors-in-rural-environment-2025-12-17-10-50-01-utc.mov,1ahrnBTOIqP1iCtdrmyTDASn2M42IvXSQ,https://drive.google.com/uc?id=1ahrnBTOIqP1iCtdrmyTDASn2M42IvXSQ
angry,dog-barks-and-runs-on-grassy-hillside-2026-09-16-09-15-43-utc.mov,1Ws9ZB0ljUChgdXFZsk72cBQ9VqiI7jy9,https://drive.google.com/uc?id=1Ws9ZB0ljUChgdXFZsk72cBQ9VqiI7jy9
angry,dog-barks-from-behind-suburban-fence-2026-09-16-15-05-16-utc.mov,1jib7EqkctwTTQpPh28Ildbgk9dCjIMuF,https://drive.google.com/uc?id=1jib7EqkctwTTQpPh28Ildbgk9dCjIMuF
angry,dog-barks-in-close-up-shot-2025-12-17-14-16-48-utc.mov,1kQYy96XPhXY2xu4IqwKb89tks9hyvBZV,https://drive.google.com/uc?id=1kQYy96XPhXY2xu4IqwKb89tks9hyvBZV
angry,dog-barks-on-rug-wearing-pet-clothing-2025-12-17-17-23-55-utc.mp4,1WUzPExNbwHzKGMi0n3mB-fOCrIkTr14r,https://drive.google.com/uc?id=1WUzPExNbwHzKGMi0n3mB-fOCrIkTr14r
angry,dog-close-up-barks-in-the-forest-2026-01-22-02-38-37-utc.mp4,1TY3oEJGDDmwhyU4182b0lyJHFgdtWdio,https://drive.google.com/uc?id=1TY3oEJGDDmwhyU4182b0lyJHFgdtWdio
angry,dog-eating-and-snarling-in-a-rural-setting-2025-12-17-11-26-54-utc.mov,1PuGMZIrFFWGbTGcqBeHCmi15lkjL_tFx,https://drive.google.com/uc?id=1PuGMZIrFFWGbTGcqBeHCmi15lkjL_tFx
angry,dog-growling-on-leash-outdoors-during-the-day-2026-09-16-13-24-11-utc.mp4,1FqXYU-orb7ptOkmQnvcoGNDpd7w-jNE1,https://drive.google.com/uc?id=1FqXYU-orb7ptOkmQnvcoGNDpd7w-jNE1
angry,dog-growls-aggressively-outdoors-in-daytime-2026-09-16-17-51-23-utc.mp4,1JB2gIriHPaaf_ylvTt3CA4a9WAnUcoSS,https://drive.google.com/uc?id=1JB2gIriHPaaf_ylvTt3CA4a9WAnUcoSS
angry,dog-lying-on-grass-panting-and-barking-2025-12-17-23-04-00-utc.mov,1yu5MMepvPJrnrSEz3UjuLqA9H088vEGt,https://drive.google.com/uc?id=1yu5MMepvPJrnrSEz3UjuLqA9H088vEGt
angry,dog-sits-on-director-s-chair-with-megaphone-2025-12-17-12-43-28-utc.mov,120Jeo7D3s0n1k85oqJaBGNNIQCqWvBYK,https://drive.google.com/uc?id=120Jeo7D3s0n1k85oqJaBGNNIQCqWvBYK
angry,dog-sitting-in-open-car-trunk-barking-2025-12-17-23-31-21-utc.mov,1P7QqRvPkvRcLKRiDqbTynA7mioCHHGo2,https://drive.google.com/uc?id=1P7QqRvPkvRcLKRiDqbTynA7mioCHHGo2
angry,dog-sitting-on-a-couch-howling-2026-09-16-02-39-24-utc.mp4,1HYGk2Q6LJfZuXWLcOM6c-9JiqRXBXrL1,https://drive.google.com/uc?id=1HYGk2Q6LJfZuXWLcOM6c-9JiqRXBXrL1
angry,dog-stands-in-yard-and-howls-2026-09-16-12-25-20-utc.mov,1jk8t2yU_kSdfJq6ZDLYT_z5wIMQ6dk-F,https://drive.google.com/uc?id=1jk8t2yU_kSdfJq6ZDLYT_z5wIMQ6dk-F
angry,dog-tilts-head-back-and-opens-mouth-2025-12-17-14-31-50-utc.mov,1XFr7-JFdO5Qjq-ACB8yU7-Puv_Hlt-QQ,https://drive.google.com/uc?id=1XFr7-JFdO5Qjq-ACB8yU7-Puv_Hlt-QQ
angry,dog_31572934,,
angry,dog_34606039,,
angry,dog_34850881,,
angry,dog_35290091,,
angry,dog_37689691,,
angry,dog_4070325,,
angry,dog_5496003,,
angry,dog_5496004,,
angry,dog_7684012,,
angry,dog_9421543,,
angry,dogexpressions_7626775846874860830,,
angry,doglife_7612523317215448350,,
angry,dogmood_7658441915523747085,,
angry,e11290ee485a88ea8e8e871b03abed0f,,
angry,energetic-dog-runs-through-snowy-winter-forest-2025-12-17-18-00-53-utc.mov,1CA3QskjvtIvZnazdLS5HNyU6TGAOs87Y,https://drive.google.com/uc?id=1CA3QskjvtIvZnazdLS5HNyU6TGAOs87Y
angry,excited-dog-panting-in-autumn-leaves-2026-01-21-05-35-42-utc.mp4,1h2ytJxco5AweieVPq0z3rztECbVbPU8C,https://drive.google.com/uc?id=1h2ytJxco5AweieVPq0z3rztECbVbPU8C
angry,excited-dog-running-in-the-snow-2025-12-17-14-00-11-utc.mov,12VmQlEFLxIMJTZIfp0yXAQSLRk7d5a_C,https://drive.google.com/uc?id=12VmQlEFLxIMJTZIfp0yXAQSLRk7d5a_C
angry,f13a6c9b62b40309da15dfd933bd908d,,
angry,fluffy-white-dog-relaxing-on-cream-couch-2025-12-17-11-26-39-utc.mov,10L_OaOKVNpwE4vEGrfqR9l_jBSxOOdCN,https://drive.google.com/uc?id=10L_OaOKVNpwE4vEGrfqR9l_jBSxOOdCN
angry,german-shepherd-dog-baring-teeth-on-leash-2025-12-17-21-40-14-utc.mov,1rPh-Jid0O40SqS2jmGidHk9khnZuM0WG,https://drive.google.com/uc?id=1rPh-Jid0O40SqS2jmGidHk9khnZuM0WG
angry,german-shepherd-dog-barking-on-green-lawn-2026-09-16-13-39-28-utc.mov,1dsCqcm3SJAJjVmBezsnpoLLac3LEq-fL,https://drive.google.com/uc?id=1dsCqcm3SJAJjVmBezsnpoLLac3LEq-fL
angry,golden-labrador-dog-standing-on-green-lawn-2025-12-17-14-06-16-utc.mov,1NA5QcTYU_zZD5aGIzjtpjbP92yTrVx-H,https://drive.google.com/uc?id=1NA5QcTYU_zZD5aGIzjtpjbP92yTrVx-H
angry,golden-labrador-retriever-barks-outside-2025-12-17-14-06-16-utc.mov,17Mg1lwB7kBzgTjZnrgG68NWb2wbebLmr,https://drive.google.com/uc?id=17Mg1lwB7kBzgTjZnrgG68NWb2wbebLmr
angry,gray-dog-howling-in-studio-close-up-2025-12-17-11-50-11-utc.mp4,10LSGV_GeuEPZB0h6xt4JfXqluwCXXyIK,https://drive.google.com/uc?id=10LSGV_GeuEPZB0h6xt4JfXqluwCXXyIK
angry,guard-dog-barking-with-another-dog-watching-2026-09-16-09-11-19-utc.mp4,1F8VtOCuSYLCP27IZVhi-vipEUbblbeP_,https://drive.google.com/uc?id=1F8VtOCuSYLCP27IZVhi-vipEUbblbeP_
angry,iawKNAvM0VM_000360,,
angry,jack-russell-terrier-barking-in-the-park-2026-09-16-09-53-43-utc.mov,1WpR_jDHp5hroB0IJCeOGTy2zrzOsQG6s,https://drive.google.com/uc?id=1WpR_jDHp5hroB0IJCeOGTy2zrzOsQG6s
angry,jack-russell-terrier-barking-on-leash-in-fall-park-2026-09-16-05-57-17-utc.mov,1M3wIaEuByDmgz0DqjfU9wNyOGEqIZJfm,https://drive.google.com/uc?id=1M3wIaEuByDmgz0DqjfU9wNyOGEqIZJfm
angry,jeuzkkFI_bs_000104,,
angry,large-dog-on-leash-in-a-grassy-field-2026-09-16-03-50-19-utc.mp4,1ENFJ9J8DTbYTJN88RY4vQarfGdN-Kv0N,https://drive.google.com/uc?id=1ENFJ9J8DTbYTJN88RY4vQarfGdN-Kv0N
angry,magnific-2866278,,
angry,mixkit-101224__girl-loving-her-dog,,
angry,mixkit-14702__dog-playing-with-wooden-stick,,
angry,mixkit-1657__person-carrying-a-little-dog,,
angry,mixkit-32330__dog-barking-behind-a-wire-fence,,
angry,mixkit-45827__dog-playing-with-a-stick-with-his-owner-in-the,,
angry,mixkit-48727__small-dog-barking-and-wagging-its-tail-in-excitement,,
angry,mixkit-48947__angry-german-shepherd-barking-aggressively,,
angry,mixkit-48948__angry-dog-barking-aggressively-next-to-a-break-wall,,
angry,o8zoo0FJkUY_84600_0013.mp4,1AEpkPnCaoY311lCAize7-S73ltCyqPpp,https://drive.google.com/uc?id=1AEpkPnCaoY311lCAize7-S73ltCyqPpp
angry,pixabay_109611,,
angry,reddish-brown-dog-close-up-staring-off-to-side-2026-03-12-19-43-54-utc.mov,1J3SO1fXRZBM7lsLC3j6WpbfIRDIKRTYt,https://drive.google.com/uc?id=1J3SO1fXRZBM7lsLC3j6WpbfIRDIKRTYt
angry,segment_long_16404081_12,,
angry,segment_long_9507458_168,,
angry,small-white-dog-growling-in-studio-setting-2026-09-16-01-20-16-utc.mov,1vdiIBIqiMy6hC-KTLQJb32P2tKAxMZOw,https://drive.google.com/uc?id=1vdiIBIqiMy6hC-KTLQJb32P2tKAxMZOw
angry,small-white-dog-sitting-on-chair-showing-teeth-2026-09-16-10-07-05-utc.mov,1GEsuf-zLnjCKy21XT5IBYmViLw_6wEfb,https://drive.google.com/uc?id=1GEsuf-zLnjCKy21XT5IBYmViLw_6wEfb
angry,snarling-dog-bares-its-teeth-2025-12-17-16-25-36-utc.mov,1-8bpn1uqhITz5VDdrQmu0c5-EsAkMyTN,https://drive.google.com/uc?id=1-8bpn1uqhITz5VDdrQmu0c5-EsAkMyTN
angry,two-alert-dogs-barking-outdoors-in-daytime-2025-12-18-01-58-58-utc.mov,1X4A1wJD3_QQqrFkDk0M2BxqRqJjpUGdL,https://drive.google.com/uc?id=1X4A1wJD3_QQqrFkDk0M2BxqRqJjpUGdL
angry,two-dogs-barking-and-standing-in-nature-2025-12-17-13-02-12-utc.mov,11_kQ0UX9LI0dFzKq6cNxtMy4SgIvSi3v,https://drive.google.com/uc?id=11_kQ0UX9LI0dFzKq6cNxtMy4SgIvSi3v
angry,wet-light-brown-dog-barks-in-grassy-field-2025-12-17-14-06-17-utc.mov,1Aq9rLoJY4w-wPeXKrUH4DQucyK1Fl6Fd,https://drive.google.com/uc?id=1Aq9rLoJY4w-wPeXKrUH4DQucyK1Fl6Fd
angry,white-and-brown-stray-dog-barking-on-the-streets-o-2025-12-17-14-19-25-utc.mov,1sb9MVPJoooTnvDifCTeLyUYvwMMkOZ92,https://drive.google.com/uc?id=1sb9MVPJoooTnvDifCTeLyUYvwMMkOZ92
angry,white-and-brown-stray-dog-barking-on-the-streets-o-2025-12-17-14-47-20-utc.mov,1Z_8F62ZbOZDE2D8eY98BL-7F590j8kWs,https://drive.google.com/uc?id=1Z_8F62ZbOZDE2D8eY98BL-7F590j8kWs
angry,woman-holds-dog-s-paw-on-gray-couch-2025-12-17-20-22-03-utc.mov,1WlYPnzKxh7fvX6Po173WzSu8aE1Bex0K,https://drive.google.com/uc?id=1WlYPnzKxh7fvX6Po173WzSu8aE1Bex0K
angry,youtube_angry dog growling_Ff2VrM7C3Xs,,
angry,youtube_angry dog growling_G-g2cmDBiIU,,
angry,youtube_angry dog growling_H9i80YtrfgI,,
angry,youtube_angry dog growling_IXZF1Gb0Qw8,,
angry,youtube_angry dog growling_RFLmxKd2xoQ,,
angry,youtube_angry dog growling_ewZVPFpNPCU,,
angry,youtube_angry dog growling_zkqRL5YoFZE,,
angry,youtube_cute dog face closeup_ZKGD8VBMl50,,
angry,youtube_happy dog smiling_3uszZBMuxlE,,
angry,youtube_happy dog smiling_g2F2vLKZqfM,,
fearful,13F3FFpKs5s_000021,,
fearful,288b92d215dfc03182eca1af3267dc84,,
fearful,5F6ULZBf0g8_000720,,
fearful,702e56b36b4c30dfa048a7d65afb2775,,
fearful,7ca8b2458e2b9c9e4ff6525d7f564eff,,
fearful,906dfa2b396057b5834a81e322e3dd1b,,
fearful,K6w9kd1kPfU_000339,,
fearful,Mste1BpEu2c_000405,,
fearful,anxiousdog_7649975667571936542,,
fearful,anxiousdog_7654249005198609695,,
fearful,cLDrSXhhPO8_000691,,
fearful,cLDrSXhhPO8_002544,,
fearful,cLDrSXhhPO8_003214,,
fearful,coverr-lyxyyjHe7v__dog-in-a-shelter,,
fearful,dog_10839447,,
fearful,dog_13588050,,
fearful,dog_17413645,,
fearful,dog_18336413,,
fearful,dog_31145252,,
fearful,dog_34906779,,
fearful,dog_35390210,,
fearful,dog_36040939,,
fearful,dog_36405398,,
fearful,dog_37132254,,
fearful,dog_5495995,,
fearful,dog_7117652,,
fearful,dog_7469779,,
fearful,dog_7682699,,
fearful,dogexpressions_7671002018269465887,,
fearful,dogexpressions_7673326487801433365,,
fearful,dogfacecloseup_6792496758200044806,,
fearful,dogfaces_7545147479126265101,,
fearful,dogfaces_7674132724487032086,,
fearful,ipypJoKZ8yM_000367,,
fearful,magnific-2866293,,
fearful,magnific-479097,,
fearful,mixkit-18198__stroking-a-dog-lying-on-the-grass,,
fearful,mixkit-21029__dalmatian-holding-a-stick,,
fearful,mixkit-25212__girl-with-pet-dog-in-the-playground,,
fearful,mixkit-26029__small-dog-having-a-hair-cut,,
fearful,mixkit-33100__person-bathing-his-dog-in-the-bathtub,,
fearful,mixkit-33101__dog-relaxing-after-a-bath,,
fearful,mixkit-33103__cute-wet-dog-in-the-bathtub-after-a-bath,,
fearful,mixkit-33153__dog-asking-for-petting-behind-a-cage,,
fearful,mixkit-45886__small-pomeranian-being-washed-in-a-tub-by-a-groomer,,
fearful,mixkit-48739__group-of-puppies-sleeping-in-a-pile,,
fearful,pixabay_25094,,
fearful,segment_long_16404188_18,,
fearful,segment_long_37348445_53,,
fearful,u9fNxbxt__U_000499,,
fearful,youtube_angry dog growling_JW4LbPvUcbY,,
fearful,youtube_angry dog growling_Ygwicxd8IOM,,
fearful,youtube_dog reaction funny face_rgcmLSHYoZY,,
fearful,собаки_7043040735473503490,,
